source_study	source_reference	comparison	species_original	species	case_group	control_group	case_samples	control_samples	case_mean	control_mean	log2fc_case_vs_control	p_value	base_mean	stat	source_type	notes	q_value	direction
Goll_2020_FMT_IBS	Goll et al. Gut Microbes 2020; DOI 10.1080/19490976.2020.1794263; local MetaPhlAn4 re-analysis	IBS baseline recipients vs healthy donor stool	s__Bacteroides_congonensis	s__Bacteroides_congonensis	IBS baseline recipient	healthy donor	31	17	0.0	0.1827394092345939	-17.479436165633537	3.310514865861128e-11	0.06472020596265793		local_mannwhitney_metaphlan4	Computed from local Metalog MetaPhlAn4 species profiles; case is baseline IBS recipient and control is donor stool.	6.3782586415591056e-09	down
Goll_2020_FMT_IBS	Goll et al. Gut Microbes 2020; DOI 10.1080/19490976.2020.1794263; local MetaPhlAn4 re-analysis	IBS baseline recipients vs healthy donor stool	s__Bacteroides_mediterraneensis	s__Bacteroides_mediterraneensis	IBS baseline recipient	healthy donor	31	17	0.0	5.722215892637477	-22.44814275136175	3.310514865861128e-11	2.026618242263794		local_mannwhitney_metaphlan4	Computed from local Metalog MetaPhlAn4 species profiles; case is baseline IBS recipient and control is donor stool.	6.3782586415591056e-09	down
Goll_2020_FMT_IBS	Goll et al. Gut Microbes 2020; DOI 10.1080/19490976.2020.1794263; local MetaPhlAn4 re-analysis	IBS baseline recipients vs healthy donor stool	s__Paraprevotella_xylaniphila	s__Paraprevotella_xylaniphila	IBS baseline recipient	healthy donor	31	17	0.0	1.523170595659929	-20.538647049732717	3.310514865861128e-11	0.5394562482833862		local_mannwhitney_metaphlan4	Computed from local Metalog MetaPhlAn4 species profiles; case is baseline IBS recipient and control is donor stool.	6.3782586415591056e-09	down
Goll_2020_FMT_IBS	Goll et al. Gut Microbes 2020; DOI 10.1080/19490976.2020.1794263; local MetaPhlAn4 re-analysis	IBS baseline recipients vs healthy donor stool	s__Phocaeicola_coprocola	s__Phocaeicola_coprocola	IBS baseline recipient	healthy donor	31	17	0.1720141912660291	8.160398209796233	-5.568031845971512	7.392252973184199e-10	3.0012333393096924		local_mannwhitney_metaphlan4	Computed from local Metalog MetaPhlAn4 species profiles; case is baseline IBS recipient and control is donor stool.	1.0681805546251169e-07	down
Goll_2020_FMT_IBS	Goll et al. Gut Microbes 2020; DOI 10.1080/19490976.2020.1794263; local MetaPhlAn4 re-analysis	IBS baseline recipients vs healthy donor stool	s__Oscillospiraceae_unclassified_SGB15253	s__Oscillospiraceae_unclassified_SGB15253	IBS baseline recipient	healthy donor	31	17	0.0035141934790918904	0.5433735371950794	-7.272199052916195	4.6740244194411686e-09	0.19471438229084015		local_mannwhitney_metaphlan4	Computed from local Metalog MetaPhlAn4 species profiles; case is baseline IBS recipient and control is donor stool.	5.403172228873991e-07	down
Goll_2020_FMT_IBS	Goll et al. Gut Microbes 2020; DOI 10.1080/19490976.2020.1794263; local MetaPhlAn4 re-analysis	IBS baseline recipients vs healthy donor stool	s__Colidextribacter_sp_210702_DFI_3_9	s__Colidextribacter_sp_210702_DFI_3_9	IBS baseline recipient	healthy donor	31	17	0.0004232257995153627	0.051254117970957476	-6.916719897040067	1.5796864129482646e-08	0.0184258334338665		local_mannwhitney_metaphlan4	Computed from local Metalog MetaPhlAn4 species profiles; case is baseline IBS recipient and control is donor stool.	1.273305462633164e-06	down
Goll_2020_FMT_IBS	Goll et al. Gut Microbes 2020; DOI 10.1080/19490976.2020.1794263; local MetaPhlAn4 re-analysis	IBS baseline recipients vs healthy donor stool	s__Bacteroides_faecis	s__Bacteroides_faecis	IBS baseline recipient	healthy donor	31	17	0.11925806730024276	1.1288911779137218	-3.2427368348290933	1.762360501914414e-08	0.4768364429473877		local_mannwhitney_metaphlan4	Computed from local Metalog MetaPhlAn4 species profiles; case is baseline IBS recipient and control is donor stool.	1.273305462633164e-06	down
Goll_2020_FMT_IBS	Goll et al. Gut Microbes 2020; DOI 10.1080/19490976.2020.1794263; local MetaPhlAn4 re-analysis	IBS baseline recipients vs healthy donor stool	s__Butyricimonas_faecalis	s__Butyricimonas_faecalis	IBS baseline recipient	healthy donor	31	17	0.02735096744952663	0.23257117981419845	-3.0879620164568187	1.762360501914414e-08	0.10003312677145004		local_mannwhitney_metaphlan4	Computed from local Metalog MetaPhlAn4 species profiles; case is baseline IBS recipient and control is donor stool.	1.273305462633164e-06	down
Goll_2020_FMT_IBS	Goll et al. Gut Microbes 2020; DOI 10.1080/19490976.2020.1794263; local MetaPhlAn4 re-analysis	IBS baseline recipients vs healthy donor stool	s__Phocaeicola_massiliensis	s__Phocaeicola_massiliensis	IBS baseline recipient	healthy donor	31	17	0.3899638673230525	4.236665862448075	-3.4415136313771924	4.151514184077769e-08	1.7523374557495117		local_mannwhitney_metaphlan4	Computed from local Metalog MetaPhlAn4 species profiles; case is baseline IBS recipient and control is donor stool.	2.6661946648855006e-06	down
Goll_2020_FMT_IBS	Goll et al. Gut Microbes 2020; DOI 10.1080/19490976.2020.1794263; local MetaPhlAn4 re-analysis	IBS baseline recipients vs healthy donor stool	s__Bacteroides_nordii	s__Bacteroides_nordii	IBS baseline recipient	healthy donor	31	17	0.023656774327279098	0.33479764367289405	-3.822907423777496	6.796389045383152e-08	0.1338524967432022		local_mannwhitney_metaphlan4	Computed from local Metalog MetaPhlAn4 species profiles; case is baseline IBS recipient and control is donor stool.	3.928312868231462e-06	down
Goll_2020_FMT_IBS	Goll et al. Gut Microbes 2020; DOI 10.1080/19490976.2020.1794263; local MetaPhlAn4 re-analysis	IBS baseline recipients vs healthy donor stool	s__Veillonella_parvula	s__Veillonella_parvula	IBS baseline recipient	healthy donor	31	17	0.008610322703457168	0.07283764699583545	-3.080397365550087	7.735105439378987e-08	0.031357500702142715		local_mannwhitney_metaphlan4	Computed from local Metalog MetaPhlAn4 species profiles; case is baseline IBS recipient and control is donor stool.	4.064446312691867e-06	down
Goll_2020_FMT_IBS	Goll et al. Gut Microbes 2020; DOI 10.1080/19490976.2020.1794263; local MetaPhlAn4 re-analysis	IBS baseline recipients vs healthy donor stool	s__Alistipes_montrealensis	s__Alistipes_montrealensis	IBS baseline recipient	healthy donor	31	17	0.0	0.10656235073967014	-16.70135182625577	6.449614863521471e-07	0.03774083033204079		local_mannwhitney_metaphlan4	Computed from local Metalog MetaPhlAn4 species profiles; case is baseline IBS recipient and control is donor stool.	2.8675979931657004e-05	down
Goll_2020_FMT_IBS	Goll et al. Gut Microbes 2020; DOI 10.1080/19490976.2020.1794263; local MetaPhlAn4 re-analysis	IBS baseline recipients vs healthy donor stool	s__Bacteroides_acidifaciens	s__Bacteroides_acidifaciens	IBS baseline recipient	healthy donor	31	17	0.0	0.03570058825425804	-15.123700636312874	6.449614863521471e-07	0.012643958441913128		local_mannwhitney_metaphlan4	Computed from local Metalog MetaPhlAn4 species profiles; case is baseline IBS recipient and control is donor stool.	2.8675979931657004e-05	down
Goll_2020_FMT_IBS	Goll et al. Gut Microbes 2020; DOI 10.1080/19490976.2020.1794263; local MetaPhlAn4 re-analysis	IBS baseline recipients vs healthy donor stool	s__Veillonella_rogosae	s__Veillonella_rogosae	IBS baseline recipient	healthy donor	31	17	0.0006241935357872037	0.01189000004738131	-4.2494233807324395	1.6078886451564187e-06	0.0046141669154167175		local_mannwhitney_metaphlan4	Computed from local Metalog MetaPhlAn4 species profiles; case is baseline IBS recipient and control is donor stool.	6.333387256385843e-05	down
Goll_2020_FMT_IBS	Goll et al. Gut Microbes 2020; DOI 10.1080/19490976.2020.1794263; local MetaPhlAn4 re-analysis	IBS baseline recipients vs healthy donor stool	s__Bacteroides_ovatus	s__Bacteroides_ovatus	IBS baseline recipient	healthy donor	31	17	1.4159619380990345	6.163440003114588	-2.1219525173967972	1.6436126097887136e-06	3.097360372543335		local_mannwhitney_metaphlan4	Computed from local Metalog MetaPhlAn4 species profiles; case is baseline IBS recipient and control is donor stool.	6.333387256385843e-05	down
Goll_2020_FMT_IBS	Goll et al. Gut Microbes 2020; DOI 10.1080/19490976.2020.1794263; local MetaPhlAn4 re-analysis	IBS baseline recipients vs healthy donor stool	s__GGB9619_SGB15067	s__GGB9619_SGB15067	IBS baseline recipient	healthy donor	31	17	0.004782580627849506	0.05805000024573768	-3.6011581051774786	3.676817412839817e-06	0.023648126050829887		local_mannwhitney_metaphlan4	Computed from local Metalog MetaPhlAn4 species profiles; case is baseline IBS recipient and control is donor stool.	0.00013282502903883838	down
Goll_2020_FMT_IBS	Goll et al. Gut Microbes 2020; DOI 10.1080/19490976.2020.1794263; local MetaPhlAn4 re-analysis	IBS baseline recipients vs healthy donor stool	s__Blautia_faecis	s__Blautia_faecis	IBS baseline recipient	healthy donor	31	17	0.46063676951152666	0.018464117848506087	4.640758332962214	4.535330016066695e-06	0.30403396487236023		local_mannwhitney_metaphlan4	Computed from local Metalog MetaPhlAn4 species profiles; case is baseline IBS recipient and control is donor stool.	0.00014419940567285874	up
Goll_2020_FMT_IBS	Goll et al. Gut Microbes 2020; DOI 10.1080/19490976.2020.1794263; local MetaPhlAn4 re-analysis	IBS baseline recipients vs healthy donor stool	s__Bilophila_wadsworthia	s__Bilophila_wadsworthia	IBS baseline recipient	healthy donor	31	17	0.050092903089769665	0.22743705846369267	-2.1827667591993167	4.82279792121785e-06	0.11290230602025986		local_mannwhitney_metaphlan4	Computed from local Metalog MetaPhlAn4 species profiles; case is baseline IBS recipient and control is donor stool.	0.00014419940567285874	down
Goll_2020_FMT_IBS	Goll et al. Gut Microbes 2020; DOI 10.1080/19490976.2020.1794263; local MetaPhlAn4 re-analysis	IBS baseline recipients vs healthy donor stool	s__GGB9614_SGB15049	s__GGB9614_SGB15049	IBS baseline recipient	healthy donor	31	17	0.011399032405367302	0.06939941214616685	-2.605906305164576	5.462629444112217e-06	0.03194083273410797		local_mannwhitney_metaphlan4	Computed from local Metalog MetaPhlAn4 species profiles; case is baseline IBS recipient and control is donor stool.	0.00014419940567285874	down
Goll_2020_FMT_IBS	Goll et al. Gut Microbes 2020; DOI 10.1080/19490976.2020.1794263; local MetaPhlAn4 re-analysis	IBS baseline recipients vs healthy donor stool	s__Anaerobutyricum_hallii	s__Anaerobutyricum_hallii	IBS baseline recipient	healthy donor	31	17	0.2909490359766829	0.015995882059274557	4.18490878150474	5.618519371182051e-06	0.19356977939605713		local_mannwhitney_metaphlan4	Computed from local Metalog MetaPhlAn4 species profiles; case is baseline IBS recipient and control is donor stool.	0.00014419940567285874	up
Goll_2020_FMT_IBS	Goll et al. Gut Microbes 2020; DOI 10.1080/19490976.2020.1794263; local MetaPhlAn4 re-analysis	IBS baseline recipients vs healthy donor stool	s__Adlercreutzia_equolifaciens	s__Adlercreutzia_equolifaciens	IBS baseline recipient	healthy donor	31	17	0.04673483853243412	0.0	15.512241658473243	5.738038634041091e-06	0.030182918533682823		local_mannwhitney_metaphlan4	Computed from local Metalog MetaPhlAn4 species profiles; case is baseline IBS recipient and control is donor stool.	0.00014419940567285874	up
Goll_2020_FMT_IBS	Goll et al. Gut Microbes 2020; DOI 10.1080/19490976.2020.1794263; local MetaPhlAn4 re-analysis	IBS baseline recipients vs healthy donor stool	s__Akkermansia_muciniphila	s__Akkermansia_muciniphila	IBS baseline recipient	healthy donor	31	17	3.973095457535237	0.0	21.921832388453307	5.738038634041091e-06	2.565957546234131		local_mannwhitney_metaphlan4	Computed from local Metalog MetaPhlAn4 species profiles; case is baseline IBS recipient and control is donor stool.	0.00014419940567285874	up
Goll_2020_FMT_IBS	Goll et al. Gut Microbes 2020; DOI 10.1080/19490976.2020.1794263; local MetaPhlAn4 re-analysis	IBS baseline recipients vs healthy donor stool	s__Alistipes_finegoldii	s__Alistipes_finegoldii	IBS baseline recipient	healthy donor	31	17	0.8051396812980754	0.0	19.618881360121886	5.738038634041091e-06	0.5199860334396362		local_mannwhitney_metaphlan4	Computed from local Metalog MetaPhlAn4 species profiles; case is baseline IBS recipient and control is donor stool.	0.00014419940567285874	up
Goll_2020_FMT_IBS	Goll et al. Gut Microbes 2020; DOI 10.1080/19490976.2020.1794263; local MetaPhlAn4 re-analysis	IBS baseline recipients vs healthy donor stool	s__Parabacteroides_merdae	s__Parabacteroides_merdae	IBS baseline recipient	healthy donor	31	17	0.4208751666930414	1.7723929461310892	-2.074231583805414	6.456592243098703e-06	0.8995377421379089		local_mannwhitney_metaphlan4	Computed from local Metalog MetaPhlAn4 species profiles; case is baseline IBS recipient and control is donor stool.	0.00015549626318796044	down
Goll_2020_FMT_IBS	Goll et al. Gut Microbes 2020; DOI 10.1080/19490976.2020.1794263; local MetaPhlAn4 re-analysis	IBS baseline recipients vs healthy donor stool	s__Coprococcus_catus	s__Coprococcus_catus	IBS baseline recipient	healthy donor	31	17	0.06332870958102567	0.0031870588221970726	4.3121323099274385	7.267886511677186e-06	0.04202854260802269		local_mannwhitney_metaphlan4	Computed from local Metalog MetaPhlAn4 species profiles; case is baseline IBS recipient and control is donor stool.	0.00016803353614997654	up
Goll_2020_FMT_IBS	Goll et al. Gut Microbes 2020; DOI 10.1080/19490976.2020.1794263; local MetaPhlAn4 re-analysis	IBS baseline recipients vs healthy donor stool	s__Blautia_glucerasea	s__Blautia_glucerasea	IBS baseline recipient	healthy donor	31	17	0.21208935742446733	0.001942352919072351	6.769987298044926	7.649203509309958e-06	0.13766230642795563		local_mannwhitney_metaphlan4	Computed from local Metalog MetaPhlAn4 species profiles; case is baseline IBS recipient and control is donor stool.	0.00017004767801465984	up
Goll_2020_FMT_IBS	Goll et al. Gut Microbes 2020; DOI 10.1080/19490976.2020.1794263; local MetaPhlAn4 re-analysis	IBS baseline recipients vs healthy donor stool	s__Eubacterium_sp_AF34_35BH	s__Eubacterium_sp_AF34_35BH	IBS baseline recipient	healthy donor	31	17	0.0059403224938338805	0.0986129403771723	-4.052935599951617	1.2417136298097119e-05	0.03876187279820442		local_mannwhitney_metaphlan4	Computed from local Metalog MetaPhlAn4 species profiles; case is baseline IBS recipient and control is donor stool.	0.00026581869556667167	down
Goll_2020_FMT_IBS	Goll et al. Gut Microbes 2020; DOI 10.1080/19490976.2020.1794263; local MetaPhlAn4 re-analysis	IBS baseline recipients vs healthy donor stool	s__Gemmiger_SGB15295	s__Gemmiger_SGB15295	IBS baseline recipient	healthy donor	31	17	0.03425451536332407	0.5746217694352654	-4.068206965534465	1.3480323752630304e-05	0.22563457489013672		local_mannwhitney_metaphlan4	Computed from local Metalog MetaPhlAn4 species profiles; case is baseline IBS recipient and control is donor stool.	0.0002782723974650113	down
Goll_2020_FMT_IBS	Goll et al. Gut Microbes 2020; DOI 10.1080/19490976.2020.1794263; local MetaPhlAn4 re-analysis	IBS baseline recipients vs healthy donor stool	s__Eubacterium_ventriosum	s__Eubacterium_ventriosum	IBS baseline recipient	healthy donor	31	17	0.09142290333270907	0.47974294117268396	-2.391621265252583	1.792896154276283e-05	0.22895292937755585		local_mannwhitney_metaphlan4	Computed from local Metalog MetaPhlAn4 species profiles; case is baseline IBS recipient and control is donor stool.	0.00035734275074885915	down
Goll_2020_FMT_IBS	Goll et al. Gut Microbes 2020; DOI 10.1080/19490976.2020.1794263; local MetaPhlAn4 re-analysis	IBS baseline recipients vs healthy donor stool	s__GGB51959_SGB72479	s__GGB51959_SGB72479	IBS baseline recipient	healthy donor	31	17	0.0005387096710863613	0.005454117651371395	-3.3373548673287567	2.215583361098734e-05	0.002279583364725113		local_mannwhitney_metaphlan4	Computed from local Metalog MetaPhlAn4 species profiles; case is baseline IBS recipient and control is donor stool.	0.0004130990911984091	down
Goll_2020_FMT_IBS	Goll et al. Gut Microbes 2020; DOI 10.1080/19490976.2020.1794263; local MetaPhlAn4 re-analysis	IBS baseline recipients vs healthy donor stool	s__Haemophilus_parainfluenzae	s__Haemophilus_parainfluenzae	IBS baseline recipient	healthy donor	31	17	0.0012193548158862659	0.012351764633101137	-3.339461388168551	2.215583361098734e-05	0.005162083078175783		local_mannwhitney_metaphlan4	Computed from local Metalog MetaPhlAn4 species profiles; case is baseline IBS recipient and control is donor stool.	0.0004130990911984091	down
Goll_2020_FMT_IBS	Goll et al. Gut Microbes 2020; DOI 10.1080/19490976.2020.1794263; local MetaPhlAn4 re-analysis	IBS baseline recipients vs healthy donor stool	s__Eubacterium_siraeum	s__Eubacterium_siraeum	IBS baseline recipient	healthy donor	31	17	0.6038058117602861	0.0	19.203727506938154	2.318640991223145e-05	0.38995790481567383		local_mannwhitney_metaphlan4	Computed from local Metalog MetaPhlAn4 species profiles; case is baseline IBS recipient and control is donor stool.	0.00041880452903968055	up
Goll_2020_FMT_IBS	Goll et al. Gut Microbes 2020; DOI 10.1080/19490976.2020.1794263; local MetaPhlAn4 re-analysis	IBS baseline recipients vs healthy donor stool	s__Clostridium_sp_AF20_17LB	s__Clostridium_sp_AF20_17LB	IBS baseline recipient	healthy donor	31	17	0.015194516223404677	0.03180588231942452	-1.0656932801469536	2.576505323711055e-05	0.021077707409858704		local_mannwhitney_metaphlan4	Computed from local Metalog MetaPhlAn4 species profiles; case is baseline IBS recipient and control is donor stool.	0.0004512788112439363	down
Goll_2020_FMT_IBS	Goll et al. Gut Microbes 2020; DOI 10.1080/19490976.2020.1794263; local MetaPhlAn4 re-analysis	IBS baseline recipients vs healthy donor stool	s__Coprococcus_comes	s__Coprococcus_comes	IBS baseline recipient	healthy donor	31	17	0.4660896781471468	0.018579411375171998	4.648756310310267	2.793840960135838e-05	0.30759644508361816		local_mannwhitney_metaphlan4	Computed from local Metalog MetaPhlAn4 species profiles; case is baseline IBS recipient and control is donor stool.	0.0004749529632230925	up
Goll_2020_FMT_IBS	Goll et al. Gut Microbes 2020; DOI 10.1080/19490976.2020.1794263; local MetaPhlAn4 re-analysis	IBS baseline recipients vs healthy donor stool	s__GGB3653_SGB4964	s__GGB3653_SGB4964	IBS baseline recipient	healthy donor	31	17	0.5279064534472362	0.0022005882295642923	7.905596563087551	2.995027323059434e-05	0.3417189419269562		local_mannwhitney_metaphlan4	Computed from local Metalog MetaPhlAn4 species profiles; case is baseline IBS recipient and control is donor stool.	0.0004946073693509579	up
Goll_2020_FMT_IBS	Goll et al. Gut Microbes 2020; DOI 10.1080/19490976.2020.1794263; local MetaPhlAn4 re-analysis	IBS baseline recipients vs healthy donor stool	s__GGB3277_SGB4327	s__GGB3277_SGB4327	IBS baseline recipient	healthy donor	31	17	0.9926067468139433	3.204907634898144	-1.6909876099602472	3.525403998952909e-05	1.7761300802230835		local_mannwhitney_metaphlan4	Computed from local Metalog MetaPhlAn4 species profiles; case is baseline IBS recipient and control is donor stool.	0.0005660231976096614	down
Goll_2020_FMT_IBS	Goll et al. Gut Microbes 2020; DOI 10.1080/19490976.2020.1794263; local MetaPhlAn4 re-analysis	IBS baseline recipients vs healthy donor stool	s__Clostridium_sp_AF32_12BH	s__Clostridium_sp_AF32_12BH	IBS baseline recipient	healthy donor	31	17	0.0	0.0017494117586038021	-10.773478619417086	4.111392347008216e-05	0.0006195833557285368		local_mannwhitney_metaphlan4	Computed from local Metalog MetaPhlAn4 species profiles; case is baseline IBS recipient and control is donor stool.	0.0006422661558299321	down
Goll_2020_FMT_IBS	Goll et al. Gut Microbes 2020; DOI 10.1080/19490976.2020.1794263; local MetaPhlAn4 re-analysis	IBS baseline recipients vs healthy donor stool	s__Evtepia_gabavorous	s__Evtepia_gabavorous	IBS baseline recipient	healthy donor	31	17	0.03852096760003347	0.0	15.233393773652791	4.485668454294636e-05	0.02487812377512455		local_mannwhitney_metaphlan4	Computed from local Metalog MetaPhlAn4 species profiles; case is baseline IBS recipient and control is donor stool.	0.0006713481056094433	up
Goll_2020_FMT_IBS	Goll et al. Gut Microbes 2020; DOI 10.1080/19490976.2020.1794263; local MetaPhlAn4 re-analysis	IBS baseline recipients vs healthy donor stool	s__Alistipes_sp_AF17_16	s__Alistipes_sp_AF17_16	IBS baseline recipient	healthy donor	31	17	0.07155806360946547	0.11142764776013792	-0.6389137760506688	4.529857459994513e-05	0.08567854017019272		local_mannwhitney_metaphlan4	Computed from local Metalog MetaPhlAn4 species profiles; case is baseline IBS recipient and control is donor stool.	0.0006713481056094433	down
Goll_2020_FMT_IBS	Goll et al. Gut Microbes 2020; DOI 10.1080/19490976.2020.1794263; local MetaPhlAn4 re-analysis	IBS baseline recipients vs healthy donor stool	s__Alistipes_shahii	s__Alistipes_shahii	IBS baseline recipient	healthy donor	31	17	0.4933367786147902	1.743822941008736	-1.8216067161110492	5.4894175031723436e-05	0.9362173080444336		local_mannwhitney_metaphlan4	Computed from local Metalog MetaPhlAn4 species profiles; case is baseline IBS recipient and control is donor stool.	0.0007752227208828072	down
Goll_2020_FMT_IBS	Goll et al. Gut Microbes 2020; DOI 10.1080/19490976.2020.1794263; local MetaPhlAn4 re-analysis	IBS baseline recipients vs healthy donor stool	s__Dysosmobacter_welbionis	s__Dysosmobacter_welbionis	IBS baseline recipient	healthy donor	31	17	0.06138645160582758	0.20983117687351563	-1.7732202408394155	5.49898469830365e-05	0.1139606237411499		local_mannwhitney_metaphlan4	Computed from local Metalog MetaPhlAn4 species profiles; case is baseline IBS recipient and control is donor stool.	0.0007752227208828072	down
Goll_2020_FMT_IBS	Goll et al. Gut Microbes 2020; DOI 10.1080/19490976.2020.1794263; local MetaPhlAn4 re-analysis	IBS baseline recipients vs healthy donor stool	s__Clostridiaceae_bacterium_CLA_AA_H274	s__Clostridiaceae_bacterium_CLA_AA_H274	IBS baseline recipient	healthy donor	31	17	0.003345806391969804	0.009503529403660008	-1.5058301011341693	7.292814224660357e-05	0.005526666063815355		local_mannwhitney_metaphlan4	Computed from local Metalog MetaPhlAn4 species profiles; case is baseline IBS recipient and control is donor stool.	0.0010036301480604015	down
Goll_2020_FMT_IBS	Goll et al. Gut Microbes 2020; DOI 10.1080/19490976.2020.1794263; local MetaPhlAn4 re-analysis	IBS baseline recipients vs healthy donor stool	s__Veillonella_dispar	s__Veillonella_dispar	IBS baseline recipient	healthy donor	31	17	0.014837096753199734	0.05678941247820416	-1.9363413375142167	8.187119527674661e-05	0.029695207253098488		local_mannwhitney_metaphlan4	Computed from local Metalog MetaPhlAn4 species profiles; case is baseline IBS recipient and control is donor stool.	0.001088012061942956	down
Goll_2020_FMT_IBS	Goll et al. Gut Microbes 2020; DOI 10.1080/19490976.2020.1794263; local MetaPhlAn4 re-analysis	IBS baseline recipients vs healthy donor stool	s__Anaeromassilibacillus_senegalensis	s__Anaeromassilibacillus_senegalensis	IBS baseline recipient	healthy donor	31	17	0.01982354822628681	0.0	14.275000368852117	8.470682143154502e-05	0.012802707962691784		local_mannwhitney_metaphlan4	Computed from local Metalog MetaPhlAn4 species profiles; case is baseline IBS recipient and control is donor stool.	0.001088012061942956	up
Goll_2020_FMT_IBS	Goll et al. Gut Microbes 2020; DOI 10.1080/19490976.2020.1794263; local MetaPhlAn4 re-analysis	IBS baseline recipients vs healthy donor stool	s__GGB9708_SGB15234	s__GGB9708_SGB15234	IBS baseline recipient	healthy donor	31	17	0.0819835482285388	0.0	16.323064407638068	8.470682143154502e-05	0.05294771119952202		local_mannwhitney_metaphlan4	Computed from local Metalog MetaPhlAn4 species profiles; case is baseline IBS recipient and control is donor stool.	0.001088012061942956	up
Goll_2020_FMT_IBS	Goll et al. Gut Microbes 2020; DOI 10.1080/19490976.2020.1794263; local MetaPhlAn4 re-analysis	IBS baseline recipients vs healthy donor stool	s__Lachnospiraceae_bacterium	s__Lachnospiraceae_bacterium	IBS baseline recipient	healthy donor	31	17	0.10390838729724619	0.005695882226812982	4.189009603392903	8.902485135879381e-05	0.06912479549646378		local_mannwhitney_metaphlan4	Computed from local Metalog MetaPhlAn4 species profiles; case is baseline IBS recipient and control is donor stool.	0.0011186166105518005	up
Goll_2020_FMT_IBS	Goll et al. Gut Microbes 2020; DOI 10.1080/19490976.2020.1794263; local MetaPhlAn4 re-analysis	IBS baseline recipients vs healthy donor stool	s__Ruminococcus_lactaris	s__Ruminococcus_lactaris	IBS baseline recipient	healthy donor	31	17	0.0748399986750296	0.2639388270960326	-1.8183083469094634	0.00013323744065117424	0.1418125033378601		local_mannwhitney_metaphlan4	Computed from local Metalog MetaPhlAn4 species profiles; case is baseline IBS recipient and control is donor stool.	0.001638537036093164	down
Goll_2020_FMT_IBS	Goll et al. Gut Microbes 2020; DOI 10.1080/19490976.2020.1794263; local MetaPhlAn4 re-analysis	IBS baseline recipients vs healthy donor stool	s__Bacteroides_fragilis	s__Bacteroides_fragilis	IBS baseline recipient	healthy donor	31	17	0.4465858060265741	0.0	18.768581103203083	0.00015629565816599895	0.2884199917316437		local_mannwhitney_metaphlan4	Computed from local Metalog MetaPhlAn4 species profiles; case is baseline IBS recipient and control is donor stool.	0.001771350792547988	up
Goll_2020_FMT_IBS	Goll et al. Gut Microbes 2020; DOI 10.1080/19490976.2020.1794263; local MetaPhlAn4 re-analysis	IBS baseline recipients vs healthy donor stool	s__Blautia_SGB4815	s__Blautia_SGB4815	IBS baseline recipient	healthy donor	31	17	0.014836129124066042	0.0	13.856924347576161	0.00015629565816599895	0.009581666439771652		local_mannwhitney_metaphlan4	Computed from local Metalog MetaPhlAn4 species profiles; case is baseline IBS recipient and control is donor stool.	0.001771350792547988	up
Goll_2020_FMT_IBS	Goll et al. Gut Microbes 2020; DOI 10.1080/19490976.2020.1794263; local MetaPhlAn4 re-analysis	IBS baseline recipients vs healthy donor stool	s__Faecalibacterium_sp_HTFF	s__Faecalibacterium_sp_HTFF	IBS baseline recipient	healthy donor	31	17	0.11877129077085204	0.0	16.857838773283788	0.00015629565816599895	0.07670646160840988		local_mannwhitney_metaphlan4	Computed from local Metalog MetaPhlAn4 species profiles; case is baseline IBS recipient and control is donor stool.	0.001771350792547988	up
Goll_2020_FMT_IBS	Goll et al. Gut Microbes 2020; DOI 10.1080/19490976.2020.1794263; local MetaPhlAn4 re-analysis	IBS baseline recipients vs healthy donor stool	s__bacterium_210917_DFI_7_65	s__bacterium_210917_DFI_7_65	IBS baseline recipient	healthy donor	31	17	0.008261612916906034	0.0	13.012382367294185	0.00015629565816599895	0.005335625261068344		local_mannwhitney_metaphlan4	Computed from local Metalog MetaPhlAn4 species profiles; case is baseline IBS recipient and control is donor stool.	0.001771350792547988	up
Goll_2020_FMT_IBS	Goll et al. Gut Microbes 2020; DOI 10.1080/19490976.2020.1794263; local MetaPhlAn4 re-analysis	IBS baseline recipients vs healthy donor stool	s__Candidatus_Cibionibacter_quicibialis	s__Candidatus_Cibionibacter_quicibialis	IBS baseline recipient	healthy donor	31	17	1.3422029108530091	0.2672646978787859	2.328257273504968	0.00016137683043475725	0.9614956378936768		local_mannwhitney_metaphlan4	Computed from local Metalog MetaPhlAn4 species profiles; case is baseline IBS recipient and control is donor stool.	0.0017937655382940325	up
Goll_2020_FMT_IBS	Goll et al. Gut Microbes 2020; DOI 10.1080/19490976.2020.1794263; local MetaPhlAn4 re-analysis	IBS baseline recipients vs healthy donor stool	s__Roseburia_sp_AF02_12	s__Roseburia_sp_AF02_12	IBS baseline recipient	healthy donor	31	17	0.21797774383617985	4.64705894153346e-05	12.164865874221555	0.00019010132026780062	0.14079375565052032		local_mannwhitney_metaphlan4	Computed from local Metalog MetaPhlAn4 species profiles; case is baseline IBS recipient and control is donor stool.	0.00207318043612809	up
Goll_2020_FMT_IBS	Goll et al. Gut Microbes 2020; DOI 10.1080/19490976.2020.1794263; local MetaPhlAn4 re-analysis	IBS baseline recipients vs healthy donor stool	s__Slackia_isoflavoniconvertens	s__Slackia_isoflavoniconvertens	IBS baseline recipient	healthy donor	31	17	0.020384838864687952	0.008255294250214802	1.3040010303357434	0.00019510868497752372	0.016088956966996193		local_mannwhitney_metaphlan4	Computed from local Metalog MetaPhlAn4 species profiles; case is baseline IBS recipient and control is donor stool.	0.00208838555401868	up
Goll_2020_FMT_IBS	Goll et al. Gut Microbes 2020; DOI 10.1080/19490976.2020.1794263; local MetaPhlAn4 re-analysis	IBS baseline recipients vs healthy donor stool	s__GGB9534_SGB14937	s__GGB9534_SGB14937	IBS baseline recipient	healthy donor	31	17	0.04612161309435783	3.529411932343946e-05	10.311522726760836	0.00020911410350698975	0.02979937382042408		local_mannwhitney_metaphlan4	Computed from local Metalog MetaPhlAn4 species profiles; case is baseline IBS recipient and control is donor stool.	0.002169237263933554	up
Goll_2020_FMT_IBS	Goll et al. Gut Microbes 2020; DOI 10.1080/19490976.2020.1794263; local MetaPhlAn4 re-analysis	IBS baseline recipients vs healthy donor stool	s__Phocea_massiliensis	s__Phocea_massiliensis	IBS baseline recipient	healthy donor	31	17	0.00351870974015084	0.01351176483063575	-1.9407945288011408	0.0002101683162288564	0.00705791637301445		local_mannwhitney_metaphlan4	Computed from local Metalog MetaPhlAn4 species profiles; case is baseline IBS recipient and control is donor stool.	0.002169237263933554	down
Goll_2020_FMT_IBS	Goll et al. Gut Microbes 2020; DOI 10.1080/19490976.2020.1794263; local MetaPhlAn4 re-analysis	IBS baseline recipients vs healthy donor stool	s__GGB9715_SGB15265	s__GGB9715_SGB15265	IBS baseline recipient	healthy donor	31	17	0.05369580651242887	0.47018117211101684	-3.1303116423062813	0.000214111267433502	0.20120103657245636		local_mannwhitney_metaphlan4	Computed from local Metalog MetaPhlAn4 species profiles; case is baseline IBS recipient and control is donor stool.	0.0021711633785362135	down
Goll_2020_FMT_IBS	Goll et al. Gut Microbes 2020; DOI 10.1080/19490976.2020.1794263; local MetaPhlAn4 re-analysis	IBS baseline recipients vs healthy donor stool	s__Bacteroides_eggerthii	s__Bacteroides_eggerthii	IBS baseline recipient	healthy donor	31	17	0.34029032542340215	7.966989341904135	-4.549192545739502	0.00025572765062482883	3.0414130687713623		local_mannwhitney_metaphlan4	Computed from local Metalog MetaPhlAn4 species profiles; case is baseline IBS recipient and control is donor stool.	0.002529331846468087	down
Goll_2020_FMT_IBS	Goll et al. Gut Microbes 2020; DOI 10.1080/19490976.2020.1794263; local MetaPhlAn4 re-analysis	IBS baseline recipients vs healthy donor stool	s__Fusicatenibacter_saccharivorans	s__Fusicatenibacter_saccharivorans	IBS baseline recipient	healthy donor	31	17	0.7295525769492791	0.1341770608115065	2.4428651320421095	0.0002581843926325556	0.5186904072761536		local_mannwhitney_metaphlan4	Computed from local Metalog MetaPhlAn4 species profiles; case is baseline IBS recipient and control is donor stool.	0.002529331846468087	up
Goll_2020_FMT_IBS	Goll et al. Gut Microbes 2020; DOI 10.1080/19490976.2020.1794263; local MetaPhlAn4 re-analysis	IBS baseline recipients vs healthy donor stool	s__Clostridium_leptum	s__Clostridium_leptum	IBS baseline recipient	healthy donor	31	17	0.09703935496884608	0.001101176453042118	6.460157711866228	0.00028024461090948144	0.06306125223636627		local_mannwhitney_metaphlan4	Computed from local Metalog MetaPhlAn4 species profiles; case is baseline IBS recipient and control is donor stool.	0.002629575978615928	up
Goll_2020_FMT_IBS	Goll et al. Gut Microbes 2020; DOI 10.1080/19490976.2020.1794263; local MetaPhlAn4 re-analysis	IBS baseline recipients vs healthy donor stool	s__GGB45432_SGB63101	s__GGB45432_SGB63101	IBS baseline recipient	healthy donor	31	17	0.024740967704283613	0.0	14.594672620539784	0.0002820652433809473	0.01597854308784008		local_mannwhitney_metaphlan4	Computed from local Metalog MetaPhlAn4 species profiles; case is baseline IBS recipient and control is donor stool.	0.002629575978615928	up
Goll_2020_FMT_IBS	Goll et al. Gut Microbes 2020; DOI 10.1080/19490976.2020.1794263; local MetaPhlAn4 re-analysis	IBS baseline recipients vs healthy donor stool	s__GGB9502_SGB14899	s__GGB9502_SGB14899	IBS baseline recipient	healthy donor	31	17	0.01801129044484227	0.0	14.13669402571933	0.0002820652433809473	0.011632292531430721		local_mannwhitney_metaphlan4	Computed from local Metalog MetaPhlAn4 species profiles; case is baseline IBS recipient and control is donor stool.	0.002629575978615928	up
Goll_2020_FMT_IBS	Goll et al. Gut Microbes 2020; DOI 10.1080/19490976.2020.1794263; local MetaPhlAn4 re-analysis	IBS baseline recipients vs healthy donor stool	s__Dysosmobacter_SGB15077	s__Dysosmobacter_SGB15077	IBS baseline recipient	healthy donor	31	17	0.00028032256980828433	0.04934529439710519	-7.454572639887242	0.0003255204105777158	0.017657499760389328		local_mannwhitney_metaphlan4	Computed from local Metalog MetaPhlAn4 species profiles; case is baseline IBS recipient and control is donor stool.	0.00298652059228444	down
Goll_2020_FMT_IBS	Goll et al. Gut Microbes 2020; DOI 10.1080/19490976.2020.1794263; local MetaPhlAn4 re-analysis	IBS baseline recipients vs healthy donor stool	s__Phocaeicola_vulgatus	s__Phocaeicola_vulgatus	IBS baseline recipient	healthy donor	31	17	3.0048729344721763	9.786910639089697	-1.7035492085082737	0.00034116024800149035	5.4068450927734375		local_mannwhitney_metaphlan4	Computed from local Metalog MetaPhlAn4 species profiles; case is baseline IBS recipient and control is donor stool.	0.00308110348976346	down
Goll_2020_FMT_IBS	Goll et al. Gut Microbes 2020; DOI 10.1080/19490976.2020.1794263; local MetaPhlAn4 re-analysis	IBS baseline recipients vs healthy donor stool	s__Oscillibacter_sp_ER4	s__Oscillibacter_sp_ER4	IBS baseline recipient	healthy donor	31	17	0.8054251565087226	0.1184647048220915	2.7652828579031397	0.00037060795529222766	0.562126636505127		local_mannwhitney_metaphlan4	Computed from local Metalog MetaPhlAn4 species profiles; case is baseline IBS recipient and control is donor stool.	0.003261751072335568	up
Goll_2020_FMT_IBS	Goll et al. Gut Microbes 2020; DOI 10.1080/19490976.2020.1794263; local MetaPhlAn4 re-analysis	IBS baseline recipients vs healthy donor stool	s__Dorea_sp_AF36_15AT	s__Dorea_sp_AF36_15AT	IBS baseline recipient	healthy donor	31	17	0.06152838757148974	0.0007558823426199309	6.345062771961346	0.0003724490843843382	0.04000479355454445		local_mannwhitney_metaphlan4	Computed from local Metalog MetaPhlAn4 species profiles; case is baseline IBS recipient and control is donor stool.	0.003261751072335568	up
Goll_2020_FMT_IBS	Goll et al. Gut Microbes 2020; DOI 10.1080/19490976.2020.1794263; local MetaPhlAn4 re-analysis	IBS baseline recipients vs healthy donor stool	s__GGB9062_SGB13981	s__GGB9062_SGB13981	IBS baseline recipient	healthy donor	31	17	0.003726774231894993	0.009770588201183058	-1.3902785785901262	0.0004391041669193216	0.005867291707545519		local_mannwhitney_metaphlan4	Computed from local Metalog MetaPhlAn4 species profiles; case is baseline IBS recipient and control is donor stool.	0.003788092663871162	down
Goll_2020_FMT_IBS	Goll et al. Gut Microbes 2020; DOI 10.1080/19490976.2020.1794263; local MetaPhlAn4 re-analysis	IBS baseline recipients vs healthy donor stool	s__Anaerotignum_faecicola	s__Anaerotignum_faecicola	IBS baseline recipient	healthy donor	31	17	0.044998387190242926	0.0	15.457617734244709	0.0004983805105540287	0.02906145714223385		local_mannwhitney_metaphlan4	Computed from local Metalog MetaPhlAn4 species profiles; case is baseline IBS recipient and control is donor stool.	0.003892755879732819	up
Goll_2020_FMT_IBS	Goll et al. Gut Microbes 2020; DOI 10.1080/19490976.2020.1794263; local MetaPhlAn4 re-analysis	IBS baseline recipients vs healthy donor stool	s__Coprococcus_eutactus	s__Coprococcus_eutactus	IBS baseline recipient	healthy donor	31	17	0.6033712955672415	0.0	19.202688929679553	0.0004983805105540287	0.3896772861480713		local_mannwhitney_metaphlan4	Computed from local Metalog MetaPhlAn4 species profiles; case is baseline IBS recipient and control is donor stool.	0.003892755879732819	up
Goll_2020_FMT_IBS	Goll et al. Gut Microbes 2020; DOI 10.1080/19490976.2020.1794263; local MetaPhlAn4 re-analysis	IBS baseline recipients vs healthy donor stool	s__GGB2653_SGB3574	s__GGB2653_SGB3574	IBS baseline recipient	healthy donor	31	17	0.006652258150655056	0.0	12.699845296954878	0.0004983805105540287	0.0042962501756846905		local_mannwhitney_metaphlan4	Computed from local Metalog MetaPhlAn4 species profiles; case is baseline IBS recipient and control is donor stool.	0.003892755879732819	up
Goll_2020_FMT_IBS	Goll et al. Gut Microbes 2020; DOI 10.1080/19490976.2020.1794263; local MetaPhlAn4 re-analysis	IBS baseline recipients vs healthy donor stool	s__GGB4566_SGB6305	s__GGB4566_SGB6305	IBS baseline recipient	healthy donor	31	17	0.09317903097854147	0.0	16.507733189632873	0.0004983805105540287	0.06017811968922615		local_mannwhitney_metaphlan4	Computed from local Metalog MetaPhlAn4 species profiles; case is baseline IBS recipient and control is donor stool.	0.003892755879732819	up
Goll_2020_FMT_IBS	Goll et al. Gut Microbes 2020; DOI 10.1080/19490976.2020.1794263; local MetaPhlAn4 re-analysis	IBS baseline recipients vs healthy donor stool	s__GGB9765_SGB15382	s__GGB9765_SGB15382	IBS baseline recipient	healthy donor	31	17	0.05679838722496624	0.0	15.79358774497886	0.0004983805105540287	0.03668229281902313		local_mannwhitney_metaphlan4	Computed from local Metalog MetaPhlAn4 species profiles; case is baseline IBS recipient and control is donor stool.	0.003892755879732819	up
Goll_2020_FMT_IBS	Goll et al. Gut Microbes 2020; DOI 10.1080/19490976.2020.1794263; local MetaPhlAn4 re-analysis	IBS baseline recipients vs healthy donor stool	s__Lawsonibacter_hominis	s__Lawsonibacter_hominis	IBS baseline recipient	healthy donor	31	17	0.022260000110573826	0.0	14.442230789037653	0.0004983805105540287	0.014376250095665455		local_mannwhitney_metaphlan4	Computed from local Metalog MetaPhlAn4 species profiles; case is baseline IBS recipient and control is donor stool.	0.003892755879732819	up
Goll_2020_FMT_IBS	Goll et al. Gut Microbes 2020; DOI 10.1080/19490976.2020.1794263; local MetaPhlAn4 re-analysis	IBS baseline recipients vs healthy donor stool	s__Parasutterella_excrementihominis	s__Parasutterella_excrementihominis	IBS baseline recipient	healthy donor	31	17	0.46520258884336196	0.0	18.827502701055657	0.0004983805105540287	0.3004433214664459		local_mannwhitney_metaphlan4	Computed from local Metalog MetaPhlAn4 species profiles; case is baseline IBS recipient and control is donor stool.	0.003892755879732819	up
Goll_2020_FMT_IBS	Goll et al. Gut Microbes 2020; DOI 10.1080/19490976.2020.1794263; local MetaPhlAn4 re-analysis	IBS baseline recipients vs healthy donor stool	s__Enterocloster_asparagiformis	s__Enterocloster_asparagiformis	IBS baseline recipient	healthy donor	31	17	0.0005232257967544419	0.006810000097817358	-3.6996063984399856	0.0006033328404724828	0.0027497916016727686		local_mannwhitney_metaphlan4	Computed from local Metalog MetaPhlAn4 species profiles; case is baseline IBS recipient and control is donor stool.	0.004632820700196254	down
Goll_2020_FMT_IBS	Goll et al. Gut Microbes 2020; DOI 10.1080/19490976.2020.1794263; local MetaPhlAn4 re-analysis	IBS baseline recipients vs healthy donor stool	s__Coprobacter_fastidiosus	s__Coprobacter_fastidiosus	IBS baseline recipient	healthy donor	31	17	0.06249451572676339	0.09134117678246077	-0.5475284960617398	0.0006091598152507185	0.0727110430598259		local_mannwhitney_metaphlan4	Computed from local Metalog MetaPhlAn4 species profiles; case is baseline IBS recipient and control is donor stool.	0.004632820700196254	down
Goll_2020_FMT_IBS	Goll et al. Gut Microbes 2020; DOI 10.1080/19490976.2020.1794263; local MetaPhlAn4 re-analysis	IBS baseline recipients vs healthy donor stool	s__Anaerofilum_hominis	s__Anaerofilum_hominis	IBS baseline recipient	healthy donor	31	17	0.00017000000333345885	0.004925882371882086	-4.84860676972059	0.0006485444252640553	0.0018543750047683716		local_mannwhitney_metaphlan4	Computed from local Metalog MetaPhlAn4 species profiles; case is baseline IBS recipient and control is donor stool.	0.004868294516917194	down
Goll_2020_FMT_IBS	Goll et al. Gut Microbes 2020; DOI 10.1080/19490976.2020.1794263; local MetaPhlAn4 re-analysis	IBS baseline recipients vs healthy donor stool	s__Anaerostipes_hadrus	s__Anaerostipes_hadrus	IBS baseline recipient	healthy donor	31	17	1.1081093728482243	0.1427158852080431	2.9568736485027287	0.0007710730012957328	0.7661991715431213		local_mannwhitney_metaphlan4	Computed from local Metalog MetaPhlAn4 species profiles; case is baseline IBS recipient and control is donor stool.	0.005691735734224098	up
Goll_2020_FMT_IBS	Goll et al. Gut Microbes 2020; DOI 10.1080/19490976.2020.1794263; local MetaPhlAn4 re-analysis	IBS baseline recipients vs healthy donor stool	s__GGB9184_SGB14123	s__GGB9184_SGB14123	IBS baseline recipient	healthy donor	31	17	0.006302903030788706	0.014792353145928834	-1.230631851049435	0.0007779361989683456	0.009309583343565464		local_mannwhitney_metaphlan4	Computed from local Metalog MetaPhlAn4 species profiles; case is baseline IBS recipient and control is donor stool.	0.005691735734224098	down
Goll_2020_FMT_IBS	Goll et al. Gut Microbes 2020; DOI 10.1080/19490976.2020.1794263; local MetaPhlAn4 re-analysis	IBS baseline recipients vs healthy donor stool	s__Hydrogenoanaerobacterium_saccharovorans	s__Hydrogenoanaerobacterium_saccharovorans	IBS baseline recipient	healthy donor	31	17	0.010588387193086917	0.030769411460770404	-1.53892463235386	0.0008530627613599706	0.017735833302140236		local_mannwhitney_metaphlan4	Computed from local Metalog MetaPhlAn4 species profiles; case is baseline IBS recipient and control is donor stool.	0.005938322737058518	down
Goll_2020_FMT_IBS	Goll et al. Gut Microbes 2020; DOI 10.1080/19490976.2020.1794263; local MetaPhlAn4 re-analysis	IBS baseline recipients vs healthy donor stool	s__Anaerobutyricum_soehngenii	s__Anaerobutyricum_soehngenii	IBS baseline recipient	healthy donor	31	17	0.06973806292714266	0.0	16.089679358527174	0.0008630088406797846	0.04503916576504707		local_mannwhitney_metaphlan4	Computed from local Metalog MetaPhlAn4 species profiles; case is baseline IBS recipient and control is donor stool.	0.005938322737058518	up
Goll_2020_FMT_IBS	Goll et al. Gut Microbes 2020; DOI 10.1080/19490976.2020.1794263; local MetaPhlAn4 re-analysis	IBS baseline recipients vs healthy donor stool	s__Clostridiaceae_bacterium_Marseille_Q4149	s__Clostridiaceae_bacterium_Marseille_Q4149	IBS baseline recipient	healthy donor	31	17	0.1225229021886574	0.0	16.902703694728043	0.0008630088406797846	0.07912936806678772		local_mannwhitney_metaphlan4	Computed from local Metalog MetaPhlAn4 species profiles; case is baseline IBS recipient and control is donor stool.	0.005938322737058518	up
Goll_2020_FMT_IBS	Goll et al. Gut Microbes 2020; DOI 10.1080/19490976.2020.1794263; local MetaPhlAn4 re-analysis	IBS baseline recipients vs healthy donor stool	s__Clostridium_sp_AT4	s__Clostridium_sp_AT4	IBS baseline recipient	healthy donor	31	17	0.007582258072591597	0.017216470376725364	-1.1829834683216591	0.0008630088406797846	0.010994374752044678		local_mannwhitney_metaphlan4	Computed from local Metalog MetaPhlAn4 species profiles; case is baseline IBS recipient and control is donor stool.	0.005938322737058518	down
Goll_2020_FMT_IBS	Goll et al. Gut Microbes 2020; DOI 10.1080/19490976.2020.1794263; local MetaPhlAn4 re-analysis	IBS baseline recipients vs healthy donor stool	s__GGB3537_SGB4727	s__GGB3537_SGB4727	IBS baseline recipient	healthy donor	31	17	0.0088403225301825	0.0	13.11004647611407	0.0008630088406797846	0.005709374789148569		local_mannwhitney_metaphlan4	Computed from local Metalog MetaPhlAn4 species profiles; case is baseline IBS recipient and control is donor stool.	0.005938322737058518	up
Goll_2020_FMT_IBS	Goll et al. Gut Microbes 2020; DOI 10.1080/19490976.2020.1794263; local MetaPhlAn4 re-analysis	IBS baseline recipients vs healthy donor stool	s__GGB13404_SGB14252	s__GGB13404_SGB14252	IBS baseline recipient	healthy donor	31	17	0.01793258062623922	0.0007164705654277521	4.64360011008855	0.0008931483248195713	0.011835209093987942		local_mannwhitney_metaphlan4	Computed from local Metalog MetaPhlAn4 species profiles; case is baseline IBS recipient and control is donor stool.	0.0060734086087730855	up
Goll_2020_FMT_IBS	Goll et al. Gut Microbes 2020; DOI 10.1080/19490976.2020.1794263; local MetaPhlAn4 re-analysis	IBS baseline recipients vs healthy donor stool	s__Blautia_massiliensis	s__Blautia_massiliensis	IBS baseline recipient	healthy donor	31	17	0.4756019362886887	0.029605294002548736	4.005781805920055	0.0013015474828185917	0.31764477491378784		local_mannwhitney_metaphlan4	Computed from local Metalog MetaPhlAn4 species profiles; case is baseline IBS recipient and control is donor stool.	0.008747609826385418	up
Goll_2020_FMT_IBS	Goll et al. Gut Microbes 2020; DOI 10.1080/19490976.2020.1794263; local MetaPhlAn4 re-analysis	IBS baseline recipients vs healthy donor stool	s__Lachnospiraceae_bacterium_CLA_AA_H215	s__Lachnospiraceae_bacterium_CLA_AA_H215	IBS baseline recipient	healthy donor	31	17	0.0277809675242151	0.0	14.761861154423569	0.001465367560469833	0.017941875383257866		local_mannwhitney_metaphlan4	Computed from local Metalog MetaPhlAn4 species profiles; case is baseline IBS recipient and control is donor stool.	0.009014618049774561	up
Goll_2020_FMT_IBS	Goll et al. Gut Microbes 2020; DOI 10.1080/19490976.2020.1794263; local MetaPhlAn4 re-analysis	IBS baseline recipients vs healthy donor stool	s__Clostridium_SGB4909	s__Clostridium_SGB4909	IBS baseline recipient	healthy donor	31	17	0.04387257945528554	0.0	15.421064793946872	0.0014660451499633371	0.028334373608231544		local_mannwhitney_metaphlan4	Computed from local Metalog MetaPhlAn4 species profiles; case is baseline IBS recipient and control is donor stool.	0.009014618049774561	up
Goll_2020_FMT_IBS	Goll et al. Gut Microbes 2020; DOI 10.1080/19490976.2020.1794263; local MetaPhlAn4 re-analysis	IBS baseline recipients vs healthy donor stool	s__GGB2982_SGB3964	s__GGB2982_SGB3964	IBS baseline recipient	healthy donor	31	17	0.019674516057655696	0.0	14.264113855386755	0.0014660451499633371	0.012706458568572998		local_mannwhitney_metaphlan4	Computed from local Metalog MetaPhlAn4 species profiles; case is baseline IBS recipient and control is donor stool.	0.009014618049774561	up
Goll_2020_FMT_IBS	Goll et al. Gut Microbes 2020; DOI 10.1080/19490976.2020.1794263; local MetaPhlAn4 re-analysis	IBS baseline recipients vs healthy donor stool	s__GGB3005_SGB3996	s__GGB3005_SGB3996	IBS baseline recipient	healthy donor	31	17	0.027488064639093805	0.0	14.746570197149715	0.0014660451499633371	0.01775270886719227		local_mannwhitney_metaphlan4	Computed from local Metalog MetaPhlAn4 species profiles; case is baseline IBS recipient and control is donor stool.	0.009014618049774561	up
Goll_2020_FMT_IBS	Goll et al. Gut Microbes 2020; DOI 10.1080/19490976.2020.1794263; local MetaPhlAn4 re-analysis	IBS baseline recipients vs healthy donor stool	s__GGB9345_SGB14311	s__GGB9345_SGB14311	IBS baseline recipient	healthy donor	31	17	0.052577742360412114	0.0	15.682192013858092	0.0014660451499633371	0.03395645692944527		local_mannwhitney_metaphlan4	Computed from local Metalog MetaPhlAn4 species profiles; case is baseline IBS recipient and control is donor stool.	0.009014618049774561	up
Goll_2020_FMT_IBS	Goll et al. Gut Microbes 2020; DOI 10.1080/19490976.2020.1794263; local MetaPhlAn4 re-analysis	IBS baseline recipients vs healthy donor stool	s__Massilioclostridium_coli	s__Massilioclostridium_coli	IBS baseline recipient	healthy donor	31	17	0.0024809677673939376	0.0	11.277268664383833	0.0014660451499633371	0.0016022917116060853		local_mannwhitney_metaphlan4	Computed from local Metalog MetaPhlAn4 species profiles; case is baseline IBS recipient and control is donor stool.	0.009014618049774561	up
Goll_2020_FMT_IBS	Goll et al. Gut Microbes 2020; DOI 10.1080/19490976.2020.1794263; local MetaPhlAn4 re-analysis	IBS baseline recipients vs healthy donor stool	s__Provencibacterium_massiliense	s__Provencibacterium_massiliense	IBS baseline recipient	healthy donor	31	17	0.0038470968157203207	0.0	11.909929381535763	0.0014660451499633371	0.002484583295881748		local_mannwhitney_metaphlan4	Computed from local Metalog MetaPhlAn4 species profiles; case is baseline IBS recipient and control is donor stool.	0.009014618049774561	up
Goll_2020_FMT_IBS	Goll et al. Gut Microbes 2020; DOI 10.1080/19490976.2020.1794263; local MetaPhlAn4 re-analysis	IBS baseline recipients vs healthy donor stool	s__Youxingia_wuxianensis	s__Youxingia_wuxianensis	IBS baseline recipient	healthy donor	31	17	0.0019790322736709287	0.0	10.951308230464717	0.0014660451499633371	0.0012781250989064574		local_mannwhitney_metaphlan4	Computed from local Metalog MetaPhlAn4 species profiles; case is baseline IBS recipient and control is donor stool.	0.009014618049774561	up
Goll_2020_FMT_IBS	Goll et al. Gut Microbes 2020; DOI 10.1080/19490976.2020.1794263; local MetaPhlAn4 re-analysis	IBS baseline recipients vs healthy donor stool	s__Bacteroides_xylanisolvens	s__Bacteroides_xylanisolvens	IBS baseline recipient	healthy donor	31	17	0.12640967532136146	0.00014117647044579773	9.796219862936173	0.001567233962357887	0.08168958872556686		local_mannwhitney_metaphlan4	Computed from local Metalog MetaPhlAn4 species profiles; case is baseline IBS recipient and control is donor stool.	0.00953538137097746	up
Goll_2020_FMT_IBS	Goll et al. Gut Microbes 2020; DOI 10.1080/19490976.2020.1794263; local MetaPhlAn4 re-analysis	IBS baseline recipients vs healthy donor stool	s__Ellagibacter_isourolithinifaciens	s__Ellagibacter_isourolithinifaciens	IBS baseline recipient	healthy donor	31	17	0.148789034014748	0.02265176531064379	2.7155188161930877	0.0016209183347327797	0.10411541908979416		local_mannwhitney_metaphlan4	Computed from local Metalog MetaPhlAn4 species profiles; case is baseline IBS recipient and control is donor stool.	0.009759279140370279	up
Goll_2020_FMT_IBS	Goll et al. Gut Microbes 2020; DOI 10.1080/19490976.2020.1794263; local MetaPhlAn4 re-analysis	IBS baseline recipients vs healthy donor stool	s__Lachnospiraceae_bacterium_CLA_AA_H244	s__Lachnospiraceae_bacterium_CLA_AA_H244	IBS baseline recipient	healthy donor	31	17	0.2213248379468437	0.008911176255958922	4.6342503082511515	0.0016707955416799575	0.14609499275684357		local_mannwhitney_metaphlan4	Computed from local Metalog MetaPhlAn4 species profiles; case is baseline IBS recipient and control is donor stool.	0.00995587446485583	up
Goll_2020_FMT_IBS	Goll et al. Gut Microbes 2020; DOI 10.1080/19490976.2020.1794263; local MetaPhlAn4 re-analysis	IBS baseline recipients vs healthy donor stool	s__GGB33586_SGB53517	s__GGB33586_SGB53517	IBS baseline recipient	healthy donor	31	17	0.01610741957237253	0.001137647092999781	3.822422376212546	0.0018215978276452127	0.010805624537169933		local_mannwhitney_metaphlan4	Computed from local Metalog MetaPhlAn4 species profiles; case is baseline IBS recipient and control is donor stool.	0.010743709636519723	up
Goll_2020_FMT_IBS	Goll et al. Gut Microbes 2020; DOI 10.1080/19490976.2020.1794263; local MetaPhlAn4 re-analysis	IBS baseline recipients vs healthy donor stool	s__Lachnospira_pectinoschiza	s__Lachnospira_pectinoschiza	IBS baseline recipient	healthy donor	31	17	0.1036277413818865	0.42375706021180926	-2.031816620402328	0.001897093493083278	0.2170068770647049		local_mannwhitney_metaphlan4	Computed from local Metalog MetaPhlAn4 species profiles; case is baseline IBS recipient and control is donor stool.	0.011075959989920553	down
Goll_2020_FMT_IBS	Goll et al. Gut Microbes 2020; DOI 10.1080/19490976.2020.1794263; local MetaPhlAn4 re-analysis	IBS baseline recipients vs healthy donor stool	s__Alistipes_ihumii	s__Alistipes_ihumii	IBS baseline recipient	healthy donor	31	17	0.16363096958206547	0.0	17.320095116675127	0.0024456641707200945	0.10567832738161087		local_mannwhitney_metaphlan4	Computed from local Metalog MetaPhlAn4 species profiles; case is baseline IBS recipient and control is donor stool.	0.013580509632891452	up
Goll_2020_FMT_IBS	Goll et al. Gut Microbes 2020; DOI 10.1080/19490976.2020.1794263; local MetaPhlAn4 re-analysis	IBS baseline recipients vs healthy donor stool	s__GGB2970_SGB3952	s__GGB2970_SGB3952	IBS baseline recipient	healthy donor	31	17	0.02785548399532995	0.0	14.765725554121389	0.0024456641707200945	0.017990000545978546		local_mannwhitney_metaphlan4	Computed from local Metalog MetaPhlAn4 species profiles; case is baseline IBS recipient and control is donor stool.	0.013580509632891452	up
Goll_2020_FMT_IBS	Goll et al. Gut Microbes 2020; DOI 10.1080/19490976.2020.1794263; local MetaPhlAn4 re-analysis	IBS baseline recipients vs healthy donor stool	s__GGB9602_SGB15031	s__GGB9602_SGB15031	IBS baseline recipient	healthy donor	31	17	0.031984193445814234	0.0	14.965116588230229	0.0024456641707200945	0.020656459033489227		local_mannwhitney_metaphlan4	Computed from local Metalog MetaPhlAn4 species profiles; case is baseline IBS recipient and control is donor stool.	0.013580509632891452	up
Goll_2020_FMT_IBS	Goll et al. Gut Microbes 2020; DOI 10.1080/19490976.2020.1794263; local MetaPhlAn4 re-analysis	IBS baseline recipients vs healthy donor stool	s__GGB9759_SGB15370	s__GGB9759_SGB15370	IBS baseline recipient	healthy donor	31	17	0.028710645597217786	0.0	14.80934839999036	0.0024456641707200945	0.018542291596531868		local_mannwhitney_metaphlan4	Computed from local Metalog MetaPhlAn4 species profiles; case is baseline IBS recipient and control is donor stool.	0.013580509632891452	up
Goll_2020_FMT_IBS	Goll et al. Gut Microbes 2020; DOI 10.1080/19490976.2020.1794263; local MetaPhlAn4 re-analysis	IBS baseline recipients vs healthy donor stool	s__GGB9770_SGB15390	s__GGB9770_SGB15390	IBS baseline recipient	healthy donor	31	17	0.032086451365161806	0.0	14.969721583663956	0.0024456641707200945	0.02072249911725521		local_mannwhitney_metaphlan4	Computed from local Metalog MetaPhlAn4 species profiles; case is baseline IBS recipient and control is donor stool.	0.013580509632891452	up
Goll_2020_FMT_IBS	Goll et al. Gut Microbes 2020; DOI 10.1080/19490976.2020.1794263; local MetaPhlAn4 re-analysis	IBS baseline recipients vs healthy donor stool	s__Fusicatenibacter_sp_CLA_AA_H277	s__Fusicatenibacter_sp_CLA_AA_H277	IBS baseline recipient	healthy donor	31	17	0.011141935438518562	0.0005170588299412938	4.426869591420185	0.0024670475976705923	0.007378958165645599		local_mannwhitney_metaphlan4	Computed from local Metalog MetaPhlAn4 species profiles; case is baseline IBS recipient and control is donor stool.	0.013580509632891452	up
Goll_2020_FMT_IBS	Goll et al. Gut Microbes 2020; DOI 10.1080/19490976.2020.1794263; local MetaPhlAn4 re-analysis	IBS baseline recipients vs healthy donor stool	s__Oscillospiraceae_bacterium_CLA_AA_H250	s__Oscillospiraceae_bacterium_CLA_AA_H250	IBS baseline recipient	healthy donor	31	17	0.11229580771478434	0.01143764695563518	3.2953286014129337	0.002912196863854128	0.07657521218061447		local_mannwhitney_metaphlan4	Computed from local Metalog MetaPhlAn4 species profiles; case is baseline IBS recipient and control is donor stool.	0.015879714974600813	up
Goll_2020_FMT_IBS	Goll et al. Gut Microbes 2020; DOI 10.1080/19490976.2020.1794263; local MetaPhlAn4 re-analysis	IBS baseline recipients vs healthy donor stool	s__Faecalicatena_fissicatena	s__Faecalicatena_fissicatena	IBS baseline recipient	healthy donor	31	17	0.12542387134125155	0.022930588213699487	2.4514152754280616	0.003022630409493983	0.0891241654753685		local_mannwhitney_metaphlan4	Computed from local Metalog MetaPhlAn4 species profiles; case is baseline IBS recipient and control is donor stool.	0.016327853987733853	up
Goll_2020_FMT_IBS	Goll et al. Gut Microbes 2020; DOI 10.1080/19490976.2020.1794263; local MetaPhlAn4 re-analysis	IBS baseline recipients vs healthy donor stool	s__Odoribacter_splanchnicus	s__Odoribacter_splanchnicus	IBS baseline recipient	healthy donor	31	17	0.3751464504448156	0.8915482356267816	-1.2488567190794457	0.003835556054412599	0.5580387711524963		local_mannwhitney_metaphlan4	Computed from local Metalog MetaPhlAn4 species profiles; case is baseline IBS recipient and control is donor stool.	0.019480162627932736	down
Goll_2020_FMT_IBS	Goll et al. Gut Microbes 2020; DOI 10.1080/19490976.2020.1794263; local MetaPhlAn4 re-analysis	IBS baseline recipients vs healthy donor stool	s__Eubacterium_ramulus	s__Eubacterium_ramulus	IBS baseline recipient	healthy donor	31	17	0.11676064564756328	0.01618705889867509	2.850564541202844	0.003922266417167041	0.08114083111286163		local_mannwhitney_metaphlan4	Computed from local Metalog MetaPhlAn4 species profiles; case is baseline IBS recipient and control is donor stool.	0.019480162627932736	up
Goll_2020_FMT_IBS	Goll et al. Gut Microbes 2020; DOI 10.1080/19490976.2020.1794263; local MetaPhlAn4 re-analysis	IBS baseline recipients vs healthy donor stool	s__Bacteroides_cellulosilyticus	s__Bacteroides_cellulosilyticus	IBS baseline recipient	healthy donor	31	17	1.3400525796797969	0.0	20.3538592547781	0.004010621717515563	0.8654506206512451		local_mannwhitney_metaphlan4	Computed from local Metalog MetaPhlAn4 species profiles; case is baseline IBS recipient and control is donor stool.	0.019480162627932736	up
Goll_2020_FMT_IBS	Goll et al. Gut Microbes 2020; DOI 10.1080/19490976.2020.1794263; local MetaPhlAn4 re-analysis	IBS baseline recipients vs healthy donor stool	s__GGB4552_SGB6276	s__GGB4552_SGB6276	IBS baseline recipient	healthy donor	31	17	0.04738870940561737	0.0	15.532286193920257	0.004010621717515563	0.03060520626604557		local_mannwhitney_metaphlan4	Computed from local Metalog MetaPhlAn4 species profiles; case is baseline IBS recipient and control is donor stool.	0.019480162627932736	up
Goll_2020_FMT_IBS	Goll et al. Gut Microbes 2020; DOI 10.1080/19490976.2020.1794263; local MetaPhlAn4 re-analysis	IBS baseline recipients vs healthy donor stool	s__GGB9342_SGB14306	s__GGB9342_SGB14306	IBS baseline recipient	healthy donor	31	17	0.08047387066612681	0.0	16.29625073265051	0.004010621717515563	0.051972705870866776		local_mannwhitney_metaphlan4	Computed from local Metalog MetaPhlAn4 species profiles; case is baseline IBS recipient and control is donor stool.	0.019480162627932736	up
Goll_2020_FMT_IBS	Goll et al. Gut Microbes 2020; DOI 10.1080/19490976.2020.1794263; local MetaPhlAn4 re-analysis	IBS baseline recipients vs healthy donor stool	s__GGB9412_SGB14770	s__GGB9412_SGB14770	IBS baseline recipient	healthy donor	31	17	0.05885096774586747	0.0	15.844803032871706	0.004010621717515563	0.038007915019989014		local_mannwhitney_metaphlan4	Computed from local Metalog MetaPhlAn4 species profiles; case is baseline IBS recipient and control is donor stool.	0.019480162627932736	up
Goll_2020_FMT_IBS	Goll et al. Gut Microbes 2020; DOI 10.1080/19490976.2020.1794263; local MetaPhlAn4 re-analysis	IBS baseline recipients vs healthy donor stool	s__GGB9491_SGB14888	s__GGB9491_SGB14888	IBS baseline recipient	healthy donor	31	17	0.011160645168274641	0.0	13.446262068112935	0.004010621717515563	0.007207916583865881		local_mannwhitney_metaphlan4	Computed from local Metalog MetaPhlAn4 species profiles; case is baseline IBS recipient and control is donor stool.	0.019480162627932736	up
Goll_2020_FMT_IBS	Goll et al. Gut Microbes 2020; DOI 10.1080/19490976.2020.1794263; local MetaPhlAn4 re-analysis	IBS baseline recipients vs healthy donor stool	s__GGB9522_SGB14921	s__GGB9522_SGB14921	IBS baseline recipient	healthy donor	31	17	0.007155483926556284	0.0	12.805035231419906	0.004010621717515563	0.0046212500892579556		local_mannwhitney_metaphlan4	Computed from local Metalog MetaPhlAn4 species profiles; case is baseline IBS recipient and control is donor stool.	0.019480162627932736	up
Goll_2020_FMT_IBS	Goll et al. Gut Microbes 2020; DOI 10.1080/19490976.2020.1794263; local MetaPhlAn4 re-analysis	IBS baseline recipients vs healthy donor stool	s__GGB9635_SGB15106	s__GGB9635_SGB15106	IBS baseline recipient	healthy donor	31	17	0.5826416171846851	0.0	19.15225170518447	0.004010621717515563	0.37628936767578125		local_mannwhitney_metaphlan4	Computed from local Metalog MetaPhlAn4 species profiles; case is baseline IBS recipient and control is donor stool.	0.019480162627932736	up
Goll_2020_FMT_IBS	Goll et al. Gut Microbes 2020; DOI 10.1080/19490976.2020.1794263; local MetaPhlAn4 re-analysis	IBS baseline recipients vs healthy donor stool	s__GGB9708_SGB15233	s__GGB9708_SGB15233	IBS baseline recipient	healthy donor	31	17	0.14389096318383612	0.0	17.134626489735194	0.004010621717515563	0.09292957931756973		local_mannwhitney_metaphlan4	Computed from local Metalog MetaPhlAn4 species profiles; case is baseline IBS recipient and control is donor stool.	0.019480162627932736	up
Goll_2020_FMT_IBS	Goll et al. Gut Microbes 2020; DOI 10.1080/19490976.2020.1794263; local MetaPhlAn4 re-analysis	IBS baseline recipients vs healthy donor stool	s__Methanobrevibacter_smithii	s__Methanobrevibacter_smithii	IBS baseline recipient	healthy donor	31	17	0.8036603121267211	0.0	19.61622810735686	0.004010621717515563	0.5190306305885315		local_mannwhitney_metaphlan4	Computed from local Metalog MetaPhlAn4 species profiles; case is baseline IBS recipient and control is donor stool.	0.019480162627932736	up
Goll_2020_FMT_IBS	Goll et al. Gut Microbes 2020; DOI 10.1080/19490976.2020.1794263; local MetaPhlAn4 re-analysis	IBS baseline recipients vs healthy donor stool	s__Monoglobus_pectinilyticus	s__Monoglobus_pectinilyticus	IBS baseline recipient	healthy donor	31	17	0.08652419511288885	0.0	16.400832669197378	0.004010621717515563	0.05588020756840706		local_mannwhitney_metaphlan4	Computed from local Metalog MetaPhlAn4 species profiles; case is baseline IBS recipient and control is donor stool.	0.019480162627932736	up
Goll_2020_FMT_IBS	Goll et al. Gut Microbes 2020; DOI 10.1080/19490976.2020.1794263; local MetaPhlAn4 re-analysis	IBS baseline recipients vs healthy donor stool	s__Clostridiales_bacterium	s__Clostridiales_bacterium	IBS baseline recipient	healthy donor	31	17	0.012330967393110416	0.044052940683768076	-1.8368680959736208	0.004175069905497872	0.023565834388136864		local_mannwhitney_metaphlan4	Computed from local Metalog MetaPhlAn4 species profiles; case is baseline IBS recipient and control is donor stool.	0.020109920044814752	down
Goll_2020_FMT_IBS	Goll et al. Gut Microbes 2020; DOI 10.1080/19490976.2020.1794263; local MetaPhlAn4 re-analysis	IBS baseline recipients vs healthy donor stool	s__GGB33469_SGB15237	s__GGB33469_SGB15237	IBS baseline recipient	healthy donor	31	17	0.006546774218159337	0.005758823552990661	0.1849799586503221	0.004707272021367814	0.006267709191888571		local_mannwhitney_metaphlan4	Computed from local Metalog MetaPhlAn4 species profiles; case is baseline IBS recipient and control is donor stool.	0.02248597709380658	up
Goll_2020_FMT_IBS	Goll et al. Gut Microbes 2020; DOI 10.1080/19490976.2020.1794263; local MetaPhlAn4 re-analysis	IBS baseline recipients vs healthy donor stool	s__Dorea_longicatena	s__Dorea_longicatena	IBS baseline recipient	healthy donor	31	17	0.8734754752968589	0.22670294292380705	1.945959365400388	0.005603168582633476	0.6444101929664612		local_mannwhitney_metaphlan4	Computed from local Metalog MetaPhlAn4 species profiles; case is baseline IBS recipient and control is donor stool.	0.026546159350509416	up
Goll_2020_FMT_IBS	Goll et al. Gut Microbes 2020; DOI 10.1080/19490976.2020.1794263; local MetaPhlAn4 re-analysis	IBS baseline recipients vs healthy donor stool	s__GGB3828_SGB5197	s__GGB3828_SGB5197	IBS baseline recipient	healthy donor	31	17	0.0	0.0014452941181576427	-10.498145253036478	0.005682976404560104	0.000511875026859343		local_mannwhitney_metaphlan4	Computed from local Metalog MetaPhlAn4 species profiles; case is baseline IBS recipient and control is donor stool.	0.026705368795412524	down
Goll_2020_FMT_IBS	Goll et al. Gut Microbes 2020; DOI 10.1080/19490976.2020.1794263; local MetaPhlAn4 re-analysis	IBS baseline recipients vs healthy donor stool	s__GGB13489_SGB15224	s__GGB13489_SGB15224	IBS baseline recipient	healthy donor	31	17	0.016878064841993393	0.0	14.04294735556187	0.006472241592050447	0.010900418274104595		local_mannwhitney_metaphlan4	Computed from local Metalog MetaPhlAn4 species profiles; case is baseline IBS recipient and control is donor stool.	0.029927645121641266	up
Goll_2020_FMT_IBS	Goll et al. Gut Microbes 2020; DOI 10.1080/19490976.2020.1794263; local MetaPhlAn4 re-analysis	IBS baseline recipients vs healthy donor stool	s__GGB9302_SGB14263	s__GGB9302_SGB14263	IBS baseline recipient	healthy donor	31	17	0.25822064866341893	0.0	17.978250432131084	0.006472241592050447	0.16676749289035797		local_mannwhitney_metaphlan4	Computed from local Metalog MetaPhlAn4 species profiles; case is baseline IBS recipient and control is donor stool.	0.029927645121641266	up
Goll_2020_FMT_IBS	Goll et al. Gut Microbes 2020; DOI 10.1080/19490976.2020.1794263; local MetaPhlAn4 re-analysis	IBS baseline recipients vs healthy donor stool	s__Faecalibacillus_intestinalis	s__Faecalibacillus_intestinalis	IBS baseline recipient	healthy donor	31	17	0.4199687072917098	0.023734117615009275	4.145190165135819	0.007222809710787567	0.27963563799858093		local_mannwhitney_metaphlan4	Computed from local Metalog MetaPhlAn4 species profiles; case is baseline IBS recipient and control is donor stool.	0.03313320645107312	up
Goll_2020_FMT_IBS	Goll et al. Gut Microbes 2020; DOI 10.1080/19490976.2020.1794263; local MetaPhlAn4 re-analysis	IBS baseline recipients vs healthy donor stool	s__GGB3267_SGB4317	s__GGB3267_SGB4317	IBS baseline recipient	healthy donor	31	17	0.7240058068306215	0.6513417597640964	0.1525863202847856	0.008131769036396744	0.6982706189155579		local_mannwhitney_metaphlan4	Computed from local Metalog MetaPhlAn4 species profiles; case is baseline IBS recipient and control is donor stool.	0.03700915356722298	up
Goll_2020_FMT_IBS	Goll et al. Gut Microbes 2020; DOI 10.1080/19490976.2020.1794263; local MetaPhlAn4 re-analysis	IBS baseline recipients vs healthy donor stool	s__Sutterella_wadsworthensis	s__Sutterella_wadsworthensis	IBS baseline recipient	healthy donor	31	17	0.136557420640583	0.12761706031639786	0.09768576657093606	0.008689244890715314	0.13339103758335114		local_mannwhitney_metaphlan4	Computed from local Metalog MetaPhlAn4 species profiles; case is baseline IBS recipient and control is donor stool.	0.03923737145963634	up
Goll_2020_FMT_IBS	Goll et al. Gut Microbes 2020; DOI 10.1080/19490976.2020.1794263; local MetaPhlAn4 re-analysis	IBS baseline recipients vs healthy donor stool	s__Mediterraneibacter_faecis	s__Mediterraneibacter_faecis	IBS baseline recipient	healthy donor	31	17	0.2964470973839202	0.017385294092545175	4.091757178969281	0.008991848771650414	0.1976127028465271		local_mannwhitney_metaphlan4	Computed from local Metalog MetaPhlAn4 species profiles; case is baseline IBS recipient and control is donor stool.	0.04028905883731736	up
Goll_2020_FMT_IBS	Goll et al. Gut Microbes 2020; DOI 10.1080/19490976.2020.1794263; local MetaPhlAn4 re-analysis	IBS baseline recipients vs healthy donor stool	s__Enterocloster_aldenensis	s__Enterocloster_aldenensis	IBS baseline recipient	healthy donor	31	17	0.011998064125016812	0.0038264705902239416	1.6484586888599038	0.009398906628854262	0.009103958494961262		local_mannwhitney_metaphlan4	Computed from local Metalog MetaPhlAn4 species profiles; case is baseline IBS recipient and control is donor stool.	0.04178898485752126	up
Goll_2020_FMT_IBS	Goll et al. Gut Microbes 2020; DOI 10.1080/19490976.2020.1794263; local MetaPhlAn4 re-analysis	IBS baseline recipients vs healthy donor stool	s__Butyricimonas_virosa	s__Butyricimonas_virosa	IBS baseline recipient	healthy donor	31	17	0.07484258122501834	0.0	16.19159097195982	0.010289926158656077	0.048335835337638855		local_mannwhitney_metaphlan4	Computed from local Metalog MetaPhlAn4 species profiles; case is baseline IBS recipient and control is donor stool.	0.041884347321853616	up
Goll_2020_FMT_IBS	Goll et al. Gut Microbes 2020; DOI 10.1080/19490976.2020.1794263; local MetaPhlAn4 re-analysis	IBS baseline recipients vs healthy donor stool	s__GGB3061_SGB4063	s__GGB3061_SGB4063	IBS baseline recipient	healthy donor	31	17	0.014355806558723412	0.0	13.809447260030069	0.010289926158656077	0.009271458722651005		local_mannwhitney_metaphlan4	Computed from local Metalog MetaPhlAn4 species profiles; case is baseline IBS recipient and control is donor stool.	0.041884347321853616	up
Goll_2020_FMT_IBS	Goll et al. Gut Microbes 2020; DOI 10.1080/19490976.2020.1794263; local MetaPhlAn4 re-analysis	IBS baseline recipients vs healthy donor stool	s__GGB47687_SGB2286	s__GGB47687_SGB2286	IBS baseline recipient	healthy donor	31	17	0.5462264441133987	0.0	19.059142275708883	0.010289926158656077	0.35277125239372253		local_mannwhitney_metaphlan4	Computed from local Metalog MetaPhlAn4 species profiles; case is baseline IBS recipient and control is donor stool.	0.041884347321853616	up
Goll_2020_FMT_IBS	Goll et al. Gut Microbes 2020; DOI 10.1080/19490976.2020.1794263; local MetaPhlAn4 re-analysis	IBS baseline recipients vs healthy donor stool	s__GGB9301_SGB14262	s__GGB9301_SGB14262	IBS baseline recipient	healthy donor	31	17	0.004263225811413459	0.0	12.058068122473173	0.010289926158656077	0.0027533334214240313		local_mannwhitney_metaphlan4	Computed from local Metalog MetaPhlAn4 species profiles; case is baseline IBS recipient and control is donor stool.	0.041884347321853616	up
Goll_2020_FMT_IBS	Goll et al. Gut Microbes 2020; DOI 10.1080/19490976.2020.1794263; local MetaPhlAn4 re-analysis	IBS baseline recipients vs healthy donor stool	s__GGB9760_SGB15374	s__GGB9760_SGB15374	IBS baseline recipient	healthy donor	31	17	0.0633893544455209	0.0	15.951975714357873	0.010289926158656077	0.040938958525657654		local_mannwhitney_metaphlan4	Computed from local Metalog MetaPhlAn4 species profiles; case is baseline IBS recipient and control is donor stool.	0.041884347321853616	up
Goll_2020_FMT_IBS	Goll et al. Gut Microbes 2020; DOI 10.1080/19490976.2020.1794263; local MetaPhlAn4 re-analysis	IBS baseline recipients vs healthy donor stool	s__GGB9762_SGB15377	s__GGB9762_SGB15377	IBS baseline recipient	healthy donor	31	17	0.2673183917518585	0.0	18.028204971088105	0.010289926158656077	0.17264311015605927		local_mannwhitney_metaphlan4	Computed from local Metalog MetaPhlAn4 species profiles; case is baseline IBS recipient and control is donor stool.	0.041884347321853616	up
Goll_2020_FMT_IBS	Goll et al. Gut Microbes 2020; DOI 10.1080/19490976.2020.1794263; local MetaPhlAn4 re-analysis	IBS baseline recipients vs healthy donor stool	s__GGB9767_SGB15385	s__GGB9767_SGB15385	IBS baseline recipient	healthy donor	31	17	0.01747387108175204	0.0	14.092994191922518	0.010289926158656077	0.0112852081656456		local_mannwhitney_metaphlan4	Computed from local Metalog MetaPhlAn4 species profiles; case is baseline IBS recipient and control is donor stool.	0.041884347321853616	up
Goll_2020_FMT_IBS	Goll et al. Gut Microbes 2020; DOI 10.1080/19490976.2020.1794263; local MetaPhlAn4 re-analysis	IBS baseline recipients vs healthy donor stool	s__GGB9818_SGB15459	s__GGB9818_SGB15459	IBS baseline recipient	healthy donor	31	17	0.011487741819432667	0.0	13.487933190566121	0.010289926158656077	0.007419166620820761		local_mannwhitney_metaphlan4	Computed from local Metalog MetaPhlAn4 species profiles; case is baseline IBS recipient and control is donor stool.	0.041884347321853616	up
Goll_2020_FMT_IBS	Goll et al. Gut Microbes 2020; DOI 10.1080/19490976.2020.1794263; local MetaPhlAn4 re-analysis	IBS baseline recipients vs healthy donor stool	s__Intestinimonas_massiliensis	s__Intestinimonas_massiliensis	IBS baseline recipient	healthy donor	31	17	0.006279999918807598	0.0	12.6167785353509	0.010289926158656077	0.0040558334439992905		local_mannwhitney_metaphlan4	Computed from local Metalog MetaPhlAn4 species profiles; case is baseline IBS recipient and control is donor stool.	0.041884347321853616	up
Goll_2020_FMT_IBS	Goll et al. Gut Microbes 2020; DOI 10.1080/19490976.2020.1794263; local MetaPhlAn4 re-analysis	IBS baseline recipients vs healthy donor stool	s__Lachnospiraceae_bacterium_OM04_12BH	s__Lachnospiraceae_bacterium_OM04_12BH	IBS baseline recipient	healthy donor	31	17	0.02645967702471441	0.0	14.69156235453348	0.010289926158656077	0.017088541761040688		local_mannwhitney_metaphlan4	Computed from local Metalog MetaPhlAn4 species profiles; case is baseline IBS recipient and control is donor stool.	0.041884347321853616	up
Goll_2020_FMT_IBS	Goll et al. Gut Microbes 2020; DOI 10.1080/19490976.2020.1794263; local MetaPhlAn4 re-analysis	IBS baseline recipients vs healthy donor stool	s__Ralstonia_pickettii	s__Ralstonia_pickettii	IBS baseline recipient	healthy donor	31	17	0.0037922581163471595	0.0	11.889221829377318	0.010289926158656077	0.002449166728183627		local_mannwhitney_metaphlan4	Computed from local Metalog MetaPhlAn4 species profiles; case is baseline IBS recipient and control is donor stool.	0.041884347321853616	up
Goll_2020_FMT_IBS	Goll et al. Gut Microbes 2020; DOI 10.1080/19490976.2020.1794263; local MetaPhlAn4 re-analysis	IBS baseline recipients vs healthy donor stool	s__Wujia_chipingensis	s__Wujia_chipingensis	IBS baseline recipient	healthy donor	31	17	0.23675000018650486	0.0	17.853010995002965	0.010289926158656077	0.1529010385274887		local_mannwhitney_metaphlan4	Computed from local Metalog MetaPhlAn4 species profiles; case is baseline IBS recipient and control is donor stool.	0.041884347321853616	up
Goll_2020_FMT_IBS	Goll et al. Gut Microbes 2020; DOI 10.1080/19490976.2020.1794263; local MetaPhlAn4 re-analysis	IBS baseline recipients vs healthy donor stool	s__GGB9712_SGB15244	s__GGB9712_SGB15244	IBS baseline recipient	healthy donor	31	17	0.08198000115883206	0.16435176417615047	-1.003434207164229	0.010411592309630851	0.11115333437919617		local_mannwhitney_metaphlan4	Computed from local Metalog MetaPhlAn4 species profiles; case is baseline IBS recipient and control is donor stool.	0.042083219265500925	down
Goll_2020_FMT_IBS	Goll et al. Gut Microbes 2020; DOI 10.1080/19490976.2020.1794263; local MetaPhlAn4 re-analysis	IBS baseline recipients vs healthy donor stool	s__Simiaoa_sunii	s__Simiaoa_sunii	IBS baseline recipient	healthy donor	31	17	0.5350406502163217	2.057680600350175	-1.9432966537574081	0.010652518170066924	1.07430899143219		local_mannwhitney_metaphlan4	Computed from local Metalog MetaPhlAn4 species profiles; case is baseline IBS recipient and control is donor stool.	0.04275802432151862	down
Goll_2020_FMT_IBS	Goll et al. Gut Microbes 2020; DOI 10.1080/19490976.2020.1794263; local MetaPhlAn4 re-analysis	IBS baseline recipients vs healthy donor stool	s__Anaerotignum_sp_MSJ_24	s__Anaerotignum_sp_MSJ_24	IBS baseline recipient	healthy donor	31	17	0.02792903264954446	0.04333529516246498	-0.6337585620212536	0.011666176574426864	0.03338541463017464		local_mannwhitney_metaphlan4	Computed from local Metalog MetaPhlAn4 species profiles; case is baseline IBS recipient and control is donor stool.	0.04650379351737053	down
Goll_2020_FMT_IBS	Goll et al. Gut Microbes 2020; DOI 10.1080/19490976.2020.1794263; local MetaPhlAn4 re-analysis	IBS baseline recipients vs healthy donor stool	s__Bacteroides_uniformis	s__Bacteroides_uniformis	IBS baseline recipient	healthy donor	31	17	4.248770994855271	7.853117620243745	-0.8862197637036012	0.013163382209735102	5.525310516357422		local_mannwhitney_metaphlan4	Computed from local Metalog MetaPhlAn4 species profiles; case is baseline IBS recipient and control is donor stool.	0.05211256792621157	down
Goll_2020_FMT_IBS	Goll et al. Gut Microbes 2020; DOI 10.1080/19490976.2020.1794263; local MetaPhlAn4 re-analysis	IBS baseline recipients vs healthy donor stool	s__Bifidobacterium_adolescentis	s__Bifidobacterium_adolescentis	IBS baseline recipient	healthy donor	31	17	1.4363580581491753	0.02762588272419046	5.700199841003212	0.013399364386767228	0.937432050704956		local_mannwhitney_metaphlan4	Computed from local Metalog MetaPhlAn4 species profiles; case is baseline IBS recipient and control is donor stool.	0.052685936160214	up
Goll_2020_FMT_IBS	Goll et al. Gut Microbes 2020; DOI 10.1080/19490976.2020.1794263; local MetaPhlAn4 re-analysis	IBS baseline recipients vs healthy donor stool	s__Enterocloster_bolteae	s__Enterocloster_bolteae	IBS baseline recipient	healthy donor	31	17	0.00601064509265275	0.011171764464747599	-0.8941544494192724	0.013677457049775332	0.007838541641831398		local_mannwhitney_metaphlan4	Computed from local Metalog MetaPhlAn4 species profiles; case is baseline IBS recipient and control is donor stool.	0.05341601469439285	down
Goll_2020_FMT_IBS	Goll et al. Gut Microbes 2020; DOI 10.1080/19490976.2020.1794263; local MetaPhlAn4 re-analysis	IBS baseline recipients vs healthy donor stool	s__Wansuia_hejianensis	s__Wansuia_hejianensis	IBS baseline recipient	healthy donor	31	17	0.004040322601917245	0.0002399999922251	4.067722515417232	0.015351134964294189	0.0026943751145154238		local_mannwhitney_metaphlan4	Computed from local Metalog MetaPhlAn4 species profiles; case is baseline IBS recipient and control is donor stool.	0.056526432370055314	up
Goll_2020_FMT_IBS	Goll et al. Gut Microbes 2020; DOI 10.1080/19490976.2020.1794263; local MetaPhlAn4 re-analysis	IBS baseline recipients vs healthy donor stool	s__Clostridium_symbiosum	s__Clostridium_symbiosum	IBS baseline recipient	healthy donor	31	17	0.005958709653632175	0.0023752941051498055	1.3265286426549432	0.015360896623178799	0.0046895830892026424		local_mannwhitney_metaphlan4	Computed from local Metalog MetaPhlAn4 species profiles; case is baseline IBS recipient and control is donor stool.	0.056526432370055314	up
Goll_2020_FMT_IBS	Goll et al. Gut Microbes 2020; DOI 10.1080/19490976.2020.1794263; local MetaPhlAn4 re-analysis	IBS baseline recipients vs healthy donor stool	s__Blautia_obeum	s__Blautia_obeum	IBS baseline recipient	healthy donor	31	17	0.1574309681647367	0.03959353017853573	1.9913554777188305	0.015992009803682917	0.11569688469171524		local_mannwhitney_metaphlan4	Computed from local Metalog MetaPhlAn4 species profiles; case is baseline IBS recipient and control is donor stool.	0.056526432370055314	up
Goll_2020_FMT_IBS	Goll et al. Gut Microbes 2020; DOI 10.1080/19490976.2020.1794263; local MetaPhlAn4 re-analysis	IBS baseline recipients vs healthy donor stool	s__Bacteroides_stercoris	s__Bacteroides_stercoris	IBS baseline recipient	healthy donor	31	17	0.49030258362331697	0.0	18.90331578074059	0.01613643830633067	0.3166537582874298		local_mannwhitney_metaphlan4	Computed from local Metalog MetaPhlAn4 species profiles; case is baseline IBS recipient and control is donor stool.	0.056526432370055314	up
Goll_2020_FMT_IBS	Goll et al. Gut Microbes 2020; DOI 10.1080/19490976.2020.1794263; local MetaPhlAn4 re-analysis	IBS baseline recipients vs healthy donor stool	s__Candidatus_Gastranaerophilales_bacterium	s__Candidatus_Gastranaerophilales_bacterium	IBS baseline recipient	healthy donor	31	17	0.10216612742102195	0.0	16.64057155392722	0.01613643830633067	0.06598228961229324		local_mannwhitney_metaphlan4	Computed from local Metalog MetaPhlAn4 species profiles; case is baseline IBS recipient and control is donor stool.	0.056526432370055314	up
Goll_2020_FMT_IBS	Goll et al. Gut Microbes 2020; DOI 10.1080/19490976.2020.1794263; local MetaPhlAn4 re-analysis	IBS baseline recipients vs healthy donor stool	s__GGB2998_SGB3989	s__GGB2998_SGB3989	IBS baseline recipient	healthy donor	31	17	0.009379354996546622	0.0	13.195426806770127	0.01613643830633067	0.006057500373572111		local_mannwhitney_metaphlan4	Computed from local Metalog MetaPhlAn4 species profiles; case is baseline IBS recipient and control is donor stool.	0.056526432370055314	up
Goll_2020_FMT_IBS	Goll et al. Gut Microbes 2020; DOI 10.1080/19490976.2020.1794263; local MetaPhlAn4 re-analysis	IBS baseline recipients vs healthy donor stool	s__GGB3345_SGB4425	s__GGB3345_SGB4425	IBS baseline recipient	healthy donor	31	17	0.07420580695954061	0.0	16.179263910281644	0.01613643830633067	0.04792458191514015		local_mannwhitney_metaphlan4	Computed from local Metalog MetaPhlAn4 species profiles; case is baseline IBS recipient and control is donor stool.	0.056526432370055314	up
Goll_2020_FMT_IBS	Goll et al. Gut Microbes 2020; DOI 10.1080/19490976.2020.1794263; local MetaPhlAn4 re-analysis	IBS baseline recipients vs healthy donor stool	s__GGB4571_SGB6317	s__GGB4571_SGB6317	IBS baseline recipient	healthy donor	31	17	0.2553935480874873	0.0	17.962368202566342	0.01613643830633067	0.164941668510437		local_mannwhitney_metaphlan4	Computed from local Metalog MetaPhlAn4 species profiles; case is baseline IBS recipient and control is donor stool.	0.056526432370055314	up
Goll_2020_FMT_IBS	Goll et al. Gut Microbes 2020; DOI 10.1080/19490976.2020.1794263; local MetaPhlAn4 re-analysis	IBS baseline recipients vs healthy donor stool	s__GGB4768_SGB6601	s__GGB4768_SGB6601	IBS baseline recipient	healthy donor	31	17	0.18003193258998856	0.0	17.457901310649813	0.01613643830633067	0.11627063155174255		local_mannwhitney_metaphlan4	Computed from local Metalog MetaPhlAn4 species profiles; case is baseline IBS recipient and control is donor stool.	0.056526432370055314	up
Goll_2020_FMT_IBS	Goll et al. Gut Microbes 2020; DOI 10.1080/19490976.2020.1794263; local MetaPhlAn4 re-analysis	IBS baseline recipients vs healthy donor stool	s__GGB9347_SGB14313	s__GGB9347_SGB14313	IBS baseline recipient	healthy donor	31	17	0.04288806453827889	0.0	15.388322228964189	0.01613643830633067	0.027698541060090065		local_mannwhitney_metaphlan4	Computed from local Metalog MetaPhlAn4 species profiles; case is baseline IBS recipient and control is donor stool.	0.056526432370055314	up
Goll_2020_FMT_IBS	Goll et al. Gut Microbes 2020; DOI 10.1080/19490976.2020.1794263; local MetaPhlAn4 re-analysis	IBS baseline recipients vs healthy donor stool	s__GGB9365_SGB14341	s__GGB9365_SGB14341	IBS baseline recipient	healthy donor	31	17	0.02907903183011278	0.0	14.827741227937656	0.01613643830633067	0.018780209124088287		local_mannwhitney_metaphlan4	Computed from local Metalog MetaPhlAn4 species profiles; case is baseline IBS recipient and control is donor stool.	0.056526432370055314	up
Goll_2020_FMT_IBS	Goll et al. Gut Microbes 2020; DOI 10.1080/19490976.2020.1794263; local MetaPhlAn4 re-analysis	IBS baseline recipients vs healthy donor stool	s__GGB9545_SGB14951	s__GGB9545_SGB14951	IBS baseline recipient	healthy donor	31	17	0.005605483810687738	0.0	12.452880531558812	0.01613643830633067	0.003620208241045475		local_mannwhitney_metaphlan4	Computed from local Metalog MetaPhlAn4 species profiles; case is baseline IBS recipient and control is donor stool.	0.056526432370055314	up
Goll_2020_FMT_IBS	Goll et al. Gut Microbes 2020; DOI 10.1080/19490976.2020.1794263; local MetaPhlAn4 re-analysis	IBS baseline recipients vs healthy donor stool	s__GGB9608_SGB15041	s__GGB9608_SGB15041	IBS baseline recipient	healthy donor	31	17	0.0016641935160864264	0.0	10.70147413071252	0.01613643830633067	0.0010747916530817747		local_mannwhitney_metaphlan4	Computed from local Metalog MetaPhlAn4 species profiles; case is baseline IBS recipient and control is donor stool.	0.056526432370055314	up
Goll_2020_FMT_IBS	Goll et al. Gut Microbes 2020; DOI 10.1080/19490976.2020.1794263; local MetaPhlAn4 re-analysis	IBS baseline recipients vs healthy donor stool	s__GGB9640_SGB15115	s__GGB9640_SGB15115	IBS baseline recipient	healthy donor	31	17	0.006201935415681932	0.0	12.598735388459314	0.01613643830633067	0.004005416762083769		local_mannwhitney_metaphlan4	Computed from local Metalog MetaPhlAn4 species profiles; case is baseline IBS recipient and control is donor stool.	0.056526432370055314	up
Goll_2020_FMT_IBS	Goll et al. Gut Microbes 2020; DOI 10.1080/19490976.2020.1794263; local MetaPhlAn4 re-analysis	IBS baseline recipients vs healthy donor stool	s__GGB9715_SGB15267	s__GGB9715_SGB15267	IBS baseline recipient	healthy donor	31	17	0.0759887091379853	0.0	16.21351643519983	0.01613643830633067	0.04907603934407234		local_mannwhitney_metaphlan4	Computed from local Metalog MetaPhlAn4 species profiles; case is baseline IBS recipient and control is donor stool.	0.056526432370055314	up
Goll_2020_FMT_IBS	Goll et al. Gut Microbes 2020; DOI 10.1080/19490976.2020.1794263; local MetaPhlAn4 re-analysis	IBS baseline recipients vs healthy donor stool	s__GGB9719_SGB15273	s__GGB9719_SGB15273	IBS baseline recipient	healthy donor	31	17	0.010154516053115648	0.0	13.309975931675329	0.01613643830633067	0.006558125372976065		local_mannwhitney_metaphlan4	Computed from local Metalog MetaPhlAn4 species profiles; case is baseline IBS recipient and control is donor stool.	0.056526432370055314	up
Goll_2020_FMT_IBS	Goll et al. Gut Microbes 2020; DOI 10.1080/19490976.2020.1794263; local MetaPhlAn4 re-analysis	IBS baseline recipients vs healthy donor stool	s__Paraprevotella_clara	s__Paraprevotella_clara	IBS baseline recipient	healthy donor	31	17	0.1497448366736212	0.0	17.192156367308524	0.01613643830633067	0.096710205078125		local_mannwhitney_metaphlan4	Computed from local Metalog MetaPhlAn4 species profiles; case is baseline IBS recipient and control is donor stool.	0.056526432370055314	up
Goll_2020_FMT_IBS	Goll et al. Gut Microbes 2020; DOI 10.1080/19490976.2020.1794263; local MetaPhlAn4 re-analysis	IBS baseline recipients vs healthy donor stool	s__Phocaeicola_dorei	s__Phocaeicola_dorei	IBS baseline recipient	healthy donor	31	17	0.8507280597282995	0.9681370679069968	-0.18651307209243093	0.017242960088863092	0.8923104405403137		local_mannwhitney_metaphlan4	Computed from local Metalog MetaPhlAn4 species profiles; case is baseline IBS recipient and control is donor stool.	0.060038740550378715	down
Goll_2020_FMT_IBS	Goll et al. Gut Microbes 2020; DOI 10.1080/19490976.2020.1794263; local MetaPhlAn4 re-analysis	IBS baseline recipients vs healthy donor stool	s__GGB3740_SGB5076	s__GGB3740_SGB5076	IBS baseline recipient	healthy donor	31	17	0.0036641935547513348	0.01310294126982198	-1.8380395035458292	0.017857879669277404	0.007007083389908075		local_mannwhitney_metaphlan4	Computed from local Metalog MetaPhlAn4 species profiles; case is baseline IBS recipient and control is donor stool.	0.0615026912241524	down
Goll_2020_FMT_IBS	Goll et al. Gut Microbes 2020; DOI 10.1080/19490976.2020.1794263; local MetaPhlAn4 re-analysis	IBS baseline recipients vs healthy donor stool	s__Streptococcus_thermophilus	s__Streptococcus_thermophilus	IBS baseline recipient	healthy donor	31	17	0.061124515561987794	0.006334117750692017	3.270331388431412	0.017876214750272672	0.04171958565711975		local_mannwhitney_metaphlan4	Computed from local Metalog MetaPhlAn4 species profiles; case is baseline IBS recipient and control is donor stool.	0.0615026912241524	up
Goll_2020_FMT_IBS	Goll et al. Gut Microbes 2020; DOI 10.1080/19490976.2020.1794263; local MetaPhlAn4 re-analysis	IBS baseline recipients vs healthy donor stool	s__Roseburia_inulinivorans	s__Roseburia_inulinivorans	IBS baseline recipient	healthy donor	31	17	0.18013774373778893	0.5294917687458698	-1.5555024761074685	0.018723852564141046	0.30386731028556824		local_mannwhitney_metaphlan4	Computed from local Metalog MetaPhlAn4 species profiles; case is baseline IBS recipient and control is donor stool.	0.06403779160990251	down
Goll_2020_FMT_IBS	Goll et al. Gut Microbes 2020; DOI 10.1080/19490976.2020.1794263; local MetaPhlAn4 re-analysis	IBS baseline recipients vs healthy donor stool	s__Turicibacter_bilis	s__Turicibacter_bilis	IBS baseline recipient	healthy donor	31	17	0.001816451579572693	0.01615411744398229	-3.1520024051203674	0.02072514884295356	0.00689437473192811		local_mannwhitney_metaphlan4	Computed from local Metalog MetaPhlAn4 species profiles; case is baseline IBS recipient and control is donor stool.	0.07046550606604211	down
Goll_2020_FMT_IBS	Goll et al. Gut Microbes 2020; DOI 10.1080/19490976.2020.1794263; local MetaPhlAn4 re-analysis	IBS baseline recipients vs healthy donor stool	s__Blautia_wexlerae	s__Blautia_wexlerae	IBS baseline recipient	healthy donor	31	17	1.097806469417147	0.2469976498361896	2.1520499997013878	0.021077495439479038	0.7964783310890198		local_mannwhitney_metaphlan4	Computed from local Metalog MetaPhlAn4 species profiles; case is baseline IBS recipient and control is donor stool.	0.07124439978958412	up
Goll_2020_FMT_IBS	Goll et al. Gut Microbes 2020; DOI 10.1080/19490976.2020.1794263; local MetaPhlAn4 re-analysis	IBS baseline recipients vs healthy donor stool	s__Flavonifractor_plautii	s__Flavonifractor_plautii	IBS baseline recipient	healthy donor	31	17	0.04238677490502596	0.06748999957926571	-0.67104688515642	0.02449598755974135	0.05127749964594841		local_mannwhitney_metaphlan4	Computed from local Metalog MetaPhlAn4 species profiles; case is baseline IBS recipient and control is donor stool.	0.0748501112134375	down
Goll_2020_FMT_IBS	Goll et al. Gut Microbes 2020; DOI 10.1080/19490976.2020.1794263; local MetaPhlAn4 re-analysis	IBS baseline recipients vs healthy donor stool	s__Clostridium_sp_AM22_11AC	s__Clostridium_sp_AM22_11AC	IBS baseline recipient	healthy donor	31	17	0.10682580740221086	0.15170235241598942	-0.5059792411528351	0.024746470369908218	0.12271958589553833		local_mannwhitney_metaphlan4	Computed from local Metalog MetaPhlAn4 species profiles; case is baseline IBS recipient and control is donor stool.	0.0748501112134375	down
Goll_2020_FMT_IBS	Goll et al. Gut Microbes 2020; DOI 10.1080/19490976.2020.1794263; local MetaPhlAn4 re-analysis	IBS baseline recipients vs healthy donor stool	s__Clostridiaceae_bacterium_Marseille_Q4145	s__Clostridiaceae_bacterium_Marseille_Q4145	IBS baseline recipient	healthy donor	31	17	0.0013658064455094358	0.0	10.416593240938578	0.02498386399243541	0.0008820833172649145		local_mannwhitney_metaphlan4	Computed from local Metalog MetaPhlAn4 species profiles; case is baseline IBS recipient and control is donor stool.	0.0748501112134375	up
Goll_2020_FMT_IBS	Goll et al. Gut Microbes 2020; DOI 10.1080/19490976.2020.1794263; local MetaPhlAn4 re-analysis	IBS baseline recipients vs healthy donor stool	s__Anaerotruncus_massiliensis	s__Anaerotruncus_massiliensis	IBS baseline recipient	healthy donor	31	17	0.004964516211569595	0.0	12.277727991773048	0.024993203225248162	0.003206250024959445		local_mannwhitney_metaphlan4	Computed from local Metalog MetaPhlAn4 species profiles; case is baseline IBS recipient and control is donor stool.	0.0748501112134375	up
Goll_2020_FMT_IBS	Goll et al. Gut Microbes 2020; DOI 10.1080/19490976.2020.1794263; local MetaPhlAn4 re-analysis	IBS baseline recipients vs healthy donor stool	s__Clostridium_spiroforme	s__Clostridium_spiroforme	IBS baseline recipient	healthy donor	31	17	0.010416129160852682	0.0	13.346670122035645	0.024993203225248162	0.006727083120495081		local_mannwhitney_metaphlan4	Computed from local Metalog MetaPhlAn4 species profiles; case is baseline IBS recipient and control is donor stool.	0.0748501112134375	up
Goll_2020_FMT_IBS	Goll et al. Gut Microbes 2020; DOI 10.1080/19490976.2020.1794263; local MetaPhlAn4 re-analysis	IBS baseline recipients vs healthy donor stool	s__GGB2958_SGB3940	s__GGB2958_SGB3940	IBS baseline recipient	healthy donor	31	17	0.00659064513315717	0.0	12.686422860554714	0.024993203225248162	0.0042564584873616695		local_mannwhitney_metaphlan4	Computed from local Metalog MetaPhlAn4 species profiles; case is baseline IBS recipient and control is donor stool.	0.0748501112134375	up
Goll_2020_FMT_IBS	Goll et al. Gut Microbes 2020; DOI 10.1080/19490976.2020.1794263; local MetaPhlAn4 re-analysis	IBS baseline recipients vs healthy donor stool	s__GGB2980_SGB3962	s__GGB2980_SGB3962	IBS baseline recipient	healthy donor	31	17	0.004917096752192705	0.0	12.263884401567536	0.024993203225248162	0.003175624879077077		local_mannwhitney_metaphlan4	Computed from local Metalog MetaPhlAn4 species profiles; case is baseline IBS recipient and control is donor stool.	0.0748501112134375	up
Goll_2020_FMT_IBS	Goll et al. Gut Microbes 2020; DOI 10.1080/19490976.2020.1794263; local MetaPhlAn4 re-analysis	IBS baseline recipients vs healthy donor stool	s__GGB2998_SGB3988	s__GGB2998_SGB3988	IBS baseline recipient	healthy donor	31	17	0.006390645228807003	0.0	12.641971617701897	0.024993203225248162	0.0041272914968431		local_mannwhitney_metaphlan4	Computed from local Metalog MetaPhlAn4 species profiles; case is baseline IBS recipient and control is donor stool.	0.0748501112134375	up
Goll_2020_FMT_IBS	Goll et al. Gut Microbes 2020; DOI 10.1080/19490976.2020.1794263; local MetaPhlAn4 re-analysis	IBS baseline recipients vs healthy donor stool	s__GGB3142_SGB4155	s__GGB3142_SGB4155	IBS baseline recipient	healthy donor	31	17	0.004840967669752577	0.0	12.241377731028399	0.024993203225248162	0.003126458264887333		local_mannwhitney_metaphlan4	Computed from local Metalog MetaPhlAn4 species profiles; case is baseline IBS recipient and control is donor stool.	0.0748501112134375	up
Goll_2020_FMT_IBS	Goll et al. Gut Microbes 2020; DOI 10.1080/19490976.2020.1794263; local MetaPhlAn4 re-analysis	IBS baseline recipients vs healthy donor stool	s__GGB4585_SGB6340	s__GGB4585_SGB6340	IBS baseline recipient	healthy donor	31	17	0.06165999841065176	0.0	15.912070629202688	0.024993203225248162	0.039822082966566086		local_mannwhitney_metaphlan4	Computed from local Metalog MetaPhlAn4 species profiles; case is baseline IBS recipient and control is donor stool.	0.0748501112134375	up
Goll_2020_FMT_IBS	Goll et al. Gut Microbes 2020; DOI 10.1080/19490976.2020.1794263; local MetaPhlAn4 re-analysis	IBS baseline recipients vs healthy donor stool	s__GGB4745_SGB6571	s__GGB4745_SGB6571	IBS baseline recipient	healthy donor	31	17	0.025652257823235085	0.0	14.646854431384613	0.024993203225248162	0.016567083075642586		local_mannwhitney_metaphlan4	Computed from local Metalog MetaPhlAn4 species profiles; case is baseline IBS recipient and control is donor stool.	0.0748501112134375	up
Goll_2020_FMT_IBS	Goll et al. Gut Microbes 2020; DOI 10.1080/19490976.2020.1794263; local MetaPhlAn4 re-analysis	IBS baseline recipients vs healthy donor stool	s__GGB5980_SGB8599	s__GGB5980_SGB8599	IBS baseline recipient	healthy donor	31	17	0.016613225482644572	0.0	14.020131418989717	0.024993203225248162	0.010729375295341015		local_mannwhitney_metaphlan4	Computed from local Metalog MetaPhlAn4 species profiles; case is baseline IBS recipient and control is donor stool.	0.0748501112134375	up
Goll_2020_FMT_IBS	Goll et al. Gut Microbes 2020; DOI 10.1080/19490976.2020.1794263; local MetaPhlAn4 re-analysis	IBS baseline recipients vs healthy donor stool	s__GGB6612_SGB9346	s__GGB6612_SGB9346	IBS baseline recipient	healthy donor	31	17	0.16404290232927568	0.0	17.323722442917887	0.024993203225248162	0.10594437271356583		local_mannwhitney_metaphlan4	Computed from local Metalog MetaPhlAn4 species profiles; case is baseline IBS recipient and control is donor stool.	0.0748501112134375	up
Goll_2020_FMT_IBS	Goll et al. Gut Microbes 2020; DOI 10.1080/19490976.2020.1794263; local MetaPhlAn4 re-analysis	IBS baseline recipients vs healthy donor stool	s__GGB6649_SGB9391	s__GGB6649_SGB9391	IBS baseline recipient	healthy donor	31	17	0.010514193349668095	0.0	13.360187757630815	0.024993203225248162	0.006790416780859232		local_mannwhitney_metaphlan4	Computed from local Metalog MetaPhlAn4 species profiles; case is baseline IBS recipient and control is donor stool.	0.0748501112134375	up
Goll_2020_FMT_IBS	Goll et al. Gut Microbes 2020; DOI 10.1080/19490976.2020.1794263; local MetaPhlAn4 re-analysis	IBS baseline recipients vs healthy donor stool	s__GGB87445_SGB15180	s__GGB87445_SGB15180	IBS baseline recipient	healthy donor	31	17	0.02853161245847361	0.0	14.800324226305548	0.024993203225248162	0.018426666036248207		local_mannwhitney_metaphlan4	Computed from local Metalog MetaPhlAn4 species profiles; case is baseline IBS recipient and control is donor stool.	0.0748501112134375	up
Goll_2020_FMT_IBS	Goll et al. Gut Microbes 2020; DOI 10.1080/19490976.2020.1794263; local MetaPhlAn4 re-analysis	IBS baseline recipients vs healthy donor stool	s__GGB9512_SGB14909	s__GGB9512_SGB14909	IBS baseline recipient	healthy donor	31	17	0.01626290320869415	0.0	13.989385913964723	0.024993203225248162	0.010503125376999378		local_mannwhitney_metaphlan4	Computed from local Metalog MetaPhlAn4 species profiles; case is baseline IBS recipient and control is donor stool.	0.0748501112134375	up
Goll_2020_FMT_IBS	Goll et al. Gut Microbes 2020; DOI 10.1080/19490976.2020.1794263; local MetaPhlAn4 re-analysis	IBS baseline recipients vs healthy donor stool	s__GGB9559_SGB14969	s__GGB9559_SGB14969	IBS baseline recipient	healthy donor	31	17	0.002717096758480634	0.0	11.408381098565602	0.024993203225248162	0.0017547915922477841		local_mannwhitney_metaphlan4	Computed from local Metalog MetaPhlAn4 species profiles; case is baseline IBS recipient and control is donor stool.	0.0748501112134375	up
Goll_2020_FMT_IBS	Goll et al. Gut Microbes 2020; DOI 10.1080/19490976.2020.1794263; local MetaPhlAn4 re-analysis	IBS baseline recipients vs healthy donor stool	s__GGB9636_SGB15107	s__GGB9636_SGB15107	IBS baseline recipient	healthy donor	31	17	0.0218322578547222	0.0	14.414239798021608	0.024993203225248162	0.014100000262260437		local_mannwhitney_metaphlan4	Computed from local Metalog MetaPhlAn4 species profiles; case is baseline IBS recipient and control is donor stool.	0.0748501112134375	up
Goll_2020_FMT_IBS	Goll et al. Gut Microbes 2020; DOI 10.1080/19490976.2020.1794263; local MetaPhlAn4 re-analysis	IBS baseline recipients vs healthy donor stool	s__GGB9766_SGB15383	s__GGB9766_SGB15383	IBS baseline recipient	healthy donor	31	17	0.0202619357395076	0.0	14.306555589720025	0.024993203225248162	0.013085833750665188		local_mannwhitney_metaphlan4	Computed from local Metalog MetaPhlAn4 species profiles; case is baseline IBS recipient and control is donor stool.	0.0748501112134375	up
Goll_2020_FMT_IBS	Goll et al. Gut Microbes 2020; DOI 10.1080/19490976.2020.1794263; local MetaPhlAn4 re-analysis	IBS baseline recipients vs healthy donor stool	s__GGB9782_SGB15403	s__GGB9782_SGB15403	IBS baseline recipient	healthy donor	31	17	0.010036774362707812	0.0	13.293151801046301	0.024993203225248162	0.006482083350419998		local_mannwhitney_metaphlan4	Computed from local Metalog MetaPhlAn4 species profiles; case is baseline IBS recipient and control is donor stool.	0.0748501112134375	up
Goll_2020_FMT_IBS	Goll et al. Gut Microbes 2020; DOI 10.1080/19490976.2020.1794263; local MetaPhlAn4 re-analysis	IBS baseline recipients vs healthy donor stool	s__Jingyaoa_shaoxingensis	s__Jingyaoa_shaoxingensis	IBS baseline recipient	healthy donor	31	17	0.012950968019844543	0.0	13.660883708098378	0.024993203225248162	0.008364166133105755		local_mannwhitney_metaphlan4	Computed from local Metalog MetaPhlAn4 species profiles; case is baseline IBS recipient and control is donor stool.	0.0748501112134375	up
Goll_2020_FMT_IBS	Goll et al. Gut Microbes 2020; DOI 10.1080/19490976.2020.1794263; local MetaPhlAn4 re-analysis	IBS baseline recipients vs healthy donor stool	s__Parabacteroides_goldsteinii	s__Parabacteroides_goldsteinii	IBS baseline recipient	healthy donor	31	17	0.0240416131282766	0.0	14.553306086843374	0.024993203225248162	0.015526875853538513		local_mannwhitney_metaphlan4	Computed from local Metalog MetaPhlAn4 species profiles; case is baseline IBS recipient and control is donor stool.	0.0748501112134375	up
Goll_2020_FMT_IBS	Goll et al. Gut Microbes 2020; DOI 10.1080/19490976.2020.1794263; local MetaPhlAn4 re-analysis	IBS baseline recipients vs healthy donor stool	s__Alistipes_communis	s__Alistipes_communis	IBS baseline recipient	healthy donor	31	17	0.2810987094642534	0.5996017566717723	-1.0929250534917179	0.02550004055518652	0.39390185475349426		local_mannwhitney_metaphlan4	Computed from local Metalog MetaPhlAn4 species profiles; case is baseline IBS recipient and control is donor stool.	0.07597434763349385	down
Goll_2020_FMT_IBS	Goll et al. Gut Microbes 2020; DOI 10.1080/19490976.2020.1794263; local MetaPhlAn4 re-analysis	IBS baseline recipients vs healthy donor stool	s__Faecalicatena_contorta	s__Faecalicatena_contorta	IBS baseline recipient	healthy donor	31	17	0.002195161295070824	0.0028505882478117093	-0.3767816646746112	0.02703731931954352	0.0024272918235510588		local_mannwhitney_metaphlan4	Computed from local Metalog MetaPhlAn4 species profiles; case is baseline IBS recipient and control is donor stool.	0.08014138752151874	down
Goll_2020_FMT_IBS	Goll et al. Gut Microbes 2020; DOI 10.1080/19490976.2020.1794263; local MetaPhlAn4 re-analysis	IBS baseline recipients vs healthy donor stool	s__Clostridium_sp_AF27_2AA	s__Clostridium_sp_AF27_2AA	IBS baseline recipient	healthy donor	31	17	0.00449548389447192	0.011802941245739074	-1.3923994384963474	0.030056995163677148	0.007083541247993708		local_mannwhitney_metaphlan4	Computed from local Metalog MetaPhlAn4 species profiles; case is baseline IBS recipient and control is donor stool.	0.08863746532961934	down
Goll_2020_FMT_IBS	Goll et al. Gut Microbes 2020; DOI 10.1080/19490976.2020.1794263; local MetaPhlAn4 re-analysis	IBS baseline recipients vs healthy donor stool	s__Faecalibacterium_SGB15346	s__Faecalibacterium_SGB15346	IBS baseline recipient	healthy donor	31	17	0.6764354850916613	0.7451746907660409	-0.1396261344505522	0.030859346591654013	0.7007806897163391		local_mannwhitney_metaphlan4	Computed from local Metalog MetaPhlAn4 species profiles; case is baseline IBS recipient and control is donor stool.	0.09054163619277168	down
Goll_2020_FMT_IBS	Goll et al. Gut Microbes 2020; DOI 10.1080/19490976.2020.1794263; local MetaPhlAn4 re-analysis	IBS baseline recipients vs healthy donor stool	s__GGB9253_SGB14198	s__GGB9253_SGB14198	IBS baseline recipient	healthy donor	31	17	0.016105484097234665	0.09094235202407136	-2.4973265795875346	0.03219953483251961	0.04261020943522453		local_mannwhitney_metaphlan4	Computed from local Metalog MetaPhlAn4 species profiles; case is baseline IBS recipient and control is donor stool.	0.09399662188482998	down
Goll_2020_FMT_IBS	Goll et al. Gut Microbes 2020; DOI 10.1080/19490976.2020.1794263; local MetaPhlAn4 re-analysis	IBS baseline recipients vs healthy donor stool	s__GGB3478_SGB4643	s__GGB3478_SGB4643	IBS baseline recipient	healthy donor	31	17	0.021377418939899202	0.0004811764639966628	5.470450119164286	0.032574660769716185	0.013976666145026684		local_mannwhitney_metaphlan4	Computed from local Metalog MetaPhlAn4 species profiles; case is baseline IBS recipient and control is donor stool.	0.09461383881857263	up
Goll_2020_FMT_IBS	Goll et al. Gut Microbes 2020; DOI 10.1080/19490976.2020.1794263; local MetaPhlAn4 re-analysis	IBS baseline recipients vs healthy donor stool	s__GGB9707_SGB15229	s__GGB9707_SGB15229	IBS baseline recipient	healthy donor	31	17	0.06539774104772557	0.0028711765155415327	4.509046542723845	0.03642878604949155	0.04325291886925697		local_mannwhitney_metaphlan4	Computed from local Metalog MetaPhlAn4 species profiles; case is baseline IBS recipient and control is donor stool.	0.09623357655123523	up
Goll_2020_FMT_IBS	Goll et al. Gut Microbes 2020; DOI 10.1080/19490976.2020.1794263; local MetaPhlAn4 re-analysis	IBS baseline recipients vs healthy donor stool	s__Dialister_invisus	s__Dialister_invisus	IBS baseline recipient	healthy donor	31	17	1.7246877767385975	1.7207076415686648	0.003333214215288157	0.03735716725721885	1.7232780456542969		local_mannwhitney_metaphlan4	Computed from local Metalog MetaPhlAn4 species profiles; case is baseline IBS recipient and control is donor stool.	0.09623357655123523	up
Goll_2020_FMT_IBS	Goll et al. Gut Microbes 2020; DOI 10.1080/19490976.2020.1794263; local MetaPhlAn4 re-analysis	IBS baseline recipients vs healthy donor stool	s__GGB9620_SGB15070	s__GGB9620_SGB15070	IBS baseline recipient	healthy donor	31	17	0.0009158064400957476	0.0028058824280057758	-1.6142795514554154	0.038134429718844905	0.0015852083452045918		local_mannwhitney_metaphlan4	Computed from local Metalog MetaPhlAn4 species profiles; case is baseline IBS recipient and control is donor stool.	0.09623357655123523	down
Goll_2020_FMT_IBS	Goll et al. Gut Microbes 2020; DOI 10.1080/19490976.2020.1794263; local MetaPhlAn4 re-analysis	IBS baseline recipients vs healthy donor stool	s__Anaerotruncus_rubiinfantis	s__Anaerotruncus_rubiinfantis	IBS baseline recipient	healthy donor	31	17	0.0002416129047501712	0.0	7.922512480232839	0.03827971816987913	0.00015604165673721582		local_mannwhitney_metaphlan4	Computed from local Metalog MetaPhlAn4 species profiles; case is baseline IBS recipient and control is donor stool.	0.09623357655123523	up
Goll_2020_FMT_IBS	Goll et al. Gut Microbes 2020; DOI 10.1080/19490976.2020.1794263; local MetaPhlAn4 re-analysis	IBS baseline recipients vs healthy donor stool	s__GGB9537_SGB14940	s__GGB9537_SGB14940	IBS baseline recipient	healthy donor	31	17	0.004809677337987288	0.0	12.23202432280673	0.03827971816987913	0.0031062497291713953		local_mannwhitney_metaphlan4	Computed from local Metalog MetaPhlAn4 species profiles; case is baseline IBS recipient and control is donor stool.	0.09623357655123523	up
Goll_2020_FMT_IBS	Goll et al. Gut Microbes 2020; DOI 10.1080/19490976.2020.1794263; local MetaPhlAn4 re-analysis	IBS baseline recipients vs healthy donor stool	s__Bacteroides_intestinalis	s__Bacteroides_intestinalis	IBS baseline recipient	healthy donor	31	17	0.5505403160688377	0.0	19.070491311161867	0.03829363772800017	0.35555729269981384		local_mannwhitney_metaphlan4	Computed from local Metalog MetaPhlAn4 species profiles; case is baseline IBS recipient and control is donor stool.	0.09623357655123523	up
Goll_2020_FMT_IBS	Goll et al. Gut Microbes 2020; DOI 10.1080/19490976.2020.1794263; local MetaPhlAn4 re-analysis	IBS baseline recipients vs healthy donor stool	s__Candidatus_Borkfalkia_ceftriaxoniphila	s__Candidatus_Borkfalkia_ceftriaxoniphila	IBS baseline recipient	healthy donor	31	17	0.015165806560206318	0.0	13.888629731136449	0.03829363772800017	0.009794583544135094		local_mannwhitney_metaphlan4	Computed from local Metalog MetaPhlAn4 species profiles; case is baseline IBS recipient and control is donor stool.	0.09623357655123523	up
Goll_2020_FMT_IBS	Goll et al. Gut Microbes 2020; DOI 10.1080/19490976.2020.1794263; local MetaPhlAn4 re-analysis	IBS baseline recipients vs healthy donor stool	s__Clostridiaceae_unclassified_SGB15090	s__Clostridiaceae_unclassified_SGB15090	IBS baseline recipient	healthy donor	31	17	0.018140000293046358	0.0	14.146966387677736	0.03829363772800017	0.011715416796505451		local_mannwhitney_metaphlan4	Computed from local Metalog MetaPhlAn4 species profiles; case is baseline IBS recipient and control is donor stool.	0.09623357655123523	up
Goll_2020_FMT_IBS	Goll et al. Gut Microbes 2020; DOI 10.1080/19490976.2020.1794263; local MetaPhlAn4 re-analysis	IBS baseline recipients vs healthy donor stool	s__Clostridium_scindens	s__Clostridium_scindens	IBS baseline recipient	healthy donor	31	17	0.019955806614410494	0.0	14.284593266049537	0.03829363772800017	0.012888125143945217		local_mannwhitney_metaphlan4	Computed from local Metalog MetaPhlAn4 species profiles; case is baseline IBS recipient and control is donor stool.	0.09623357655123523	up
Goll_2020_FMT_IBS	Goll et al. Gut Microbes 2020; DOI 10.1080/19490976.2020.1794263; local MetaPhlAn4 re-analysis	IBS baseline recipients vs healthy donor stool	s__Eisenbergiella_massiliensis	s__Eisenbergiella_massiliensis	IBS baseline recipient	healthy donor	31	17	0.005100967734301042	0.0	12.316838059786113	0.03829363772800017	0.00329437549225986		local_mannwhitney_metaphlan4	Computed from local Metalog MetaPhlAn4 species profiles; case is baseline IBS recipient and control is donor stool.	0.09623357655123523	up
Goll_2020_FMT_IBS	Goll et al. Gut Microbes 2020; DOI 10.1080/19490976.2020.1794263; local MetaPhlAn4 re-analysis	IBS baseline recipients vs healthy donor stool	s__Feifania_hominis	s__Feifania_hominis	IBS baseline recipient	healthy donor	31	17	0.00037451613916932876	0.0	8.5527311039036	0.03829363772800017	0.0002418750082142651		local_mannwhitney_metaphlan4	Computed from local Metalog MetaPhlAn4 species profiles; case is baseline IBS recipient and control is donor stool.	0.09623357655123523	up
Goll_2020_FMT_IBS	Goll et al. Gut Microbes 2020; DOI 10.1080/19490976.2020.1794263; local MetaPhlAn4 re-analysis	IBS baseline recipients vs healthy donor stool	s__GGB2848_SGB3813	s__GGB2848_SGB3813	IBS baseline recipient	healthy donor	31	17	0.002359677421590013	0.0	11.20498520040595	0.03829363772800017	0.001523958402685821		local_mannwhitney_metaphlan4	Computed from local Metalog MetaPhlAn4 species profiles; case is baseline IBS recipient and control is donor stool.	0.09623357655123523	up
Goll_2020_FMT_IBS	Goll et al. Gut Microbes 2020; DOI 10.1080/19490976.2020.1794263; local MetaPhlAn4 re-analysis	IBS baseline recipients vs healthy donor stool	s__GGB3034_SGB4030	s__GGB3034_SGB4030	IBS baseline recipient	healthy donor	31	17	0.0029587096744968047	0.0	11.531239949804784	0.03829363772800017	0.0019108332926407456		local_mannwhitney_metaphlan4	Computed from local Metalog MetaPhlAn4 species profiles; case is baseline IBS recipient and control is donor stool.	0.09623357655123523	up
Goll_2020_FMT_IBS	Goll et al. Gut Microbes 2020; DOI 10.1080/19490976.2020.1794263; local MetaPhlAn4 re-analysis	IBS baseline recipients vs healthy donor stool	s__GGB34900_SGB14891	s__GGB34900_SGB14891	IBS baseline recipient	healthy donor	31	17	0.0010141935537479098	0.0	9.987539098191874	0.03829363772800017	0.0006550000398419797		local_mannwhitney_metaphlan4	Computed from local Metalog MetaPhlAn4 species profiles; case is baseline IBS recipient and control is donor stool.	0.09623357655123523	up
Goll_2020_FMT_IBS	Goll et al. Gut Microbes 2020; DOI 10.1080/19490976.2020.1794263; local MetaPhlAn4 re-analysis	IBS baseline recipients vs healthy donor stool	s__GGB51647_SGB4348	s__GGB51647_SGB4348	IBS baseline recipient	healthy donor	31	17	2.1900435224656136	0.0	21.062528768688267	0.03829363772800017	1.4144030809402466		local_mannwhitney_metaphlan4	Computed from local Metalog MetaPhlAn4 species profiles; case is baseline IBS recipient and control is donor stool.	0.09623357655123523	up
Goll_2020_FMT_IBS	Goll et al. Gut Microbes 2020; DOI 10.1080/19490976.2020.1794263; local MetaPhlAn4 re-analysis	IBS baseline recipients vs healthy donor stool	s__GGB52106_SGB72838	s__GGB52106_SGB72838	IBS baseline recipient	healthy donor	31	17	0.002974193513153061	0.0	11.538767792204286	0.03829363772800017	0.0019208332523703575		local_mannwhitney_metaphlan4	Computed from local Metalog MetaPhlAn4 species profiles; case is baseline IBS recipient and control is donor stool.	0.09623357655123523	up
Goll_2020_FMT_IBS	Goll et al. Gut Microbes 2020; DOI 10.1080/19490976.2020.1794263; local MetaPhlAn4 re-analysis	IBS baseline recipients vs healthy donor stool	s__GGB58158_SGB79798	s__GGB58158_SGB79798	IBS baseline recipient	healthy donor	31	17	0.000454838702646685	0.0	8.832379610529783	0.03829363772800017	0.0002937499957624823		local_mannwhitney_metaphlan4	Computed from local Metalog MetaPhlAn4 species profiles; case is baseline IBS recipient and control is donor stool.	0.09623357655123523	up
Goll_2020_FMT_IBS	Goll et al. Gut Microbes 2020; DOI 10.1080/19490976.2020.1794263; local MetaPhlAn4 re-analysis	IBS baseline recipients vs healthy donor stool	s__GGB9547_SGB14954	s__GGB9547_SGB14954	IBS baseline recipient	healthy donor	31	17	0.022444193641985615	0.0	14.454118922455937	0.03829363772800017	0.014495208859443665		local_mannwhitney_metaphlan4	Computed from local Metalog MetaPhlAn4 species profiles; case is baseline IBS recipient and control is donor stool.	0.09623357655123523	up
Goll_2020_FMT_IBS	Goll et al. Gut Microbes 2020; DOI 10.1080/19490976.2020.1794263; local MetaPhlAn4 re-analysis	IBS baseline recipients vs healthy donor stool	s__GGB9602_SGB15028	s__GGB9602_SGB15028	IBS baseline recipient	healthy donor	31	17	0.014123548489278033	0.0	13.785917130072622	0.03829363772800017	0.009121458046138287		local_mannwhitney_metaphlan4	Computed from local Metalog MetaPhlAn4 species profiles; case is baseline IBS recipient and control is donor stool.	0.09623357655123523	up
Goll_2020_FMT_IBS	Goll et al. Gut Microbes 2020; DOI 10.1080/19490976.2020.1794263; local MetaPhlAn4 re-analysis	IBS baseline recipients vs healthy donor stool	s__GGB9719_SGB15272	s__GGB9719_SGB15272	IBS baseline recipient	healthy donor	31	17	0.003392258029986894	0.0	11.728455424238975	0.03829363772800017	0.002190833445638418		local_mannwhitney_metaphlan4	Computed from local Metalog MetaPhlAn4 species profiles; case is baseline IBS recipient and control is donor stool.	0.09623357655123523	up
Goll_2020_FMT_IBS	Goll et al. Gut Microbes 2020; DOI 10.1080/19490976.2020.1794263; local MetaPhlAn4 re-analysis	IBS baseline recipients vs healthy donor stool	s__GGB9747_SGB15356	s__GGB9747_SGB15356	IBS baseline recipient	healthy donor	31	17	0.15625709691835987	0.0	17.25357142313191	0.03829363772800017	0.10091603547334671		local_mannwhitney_metaphlan4	Computed from local Metalog MetaPhlAn4 species profiles; case is baseline IBS recipient and control is donor stool.	0.09623357655123523	up
Goll_2020_FMT_IBS	Goll et al. Gut Microbes 2020; DOI 10.1080/19490976.2020.1794263; local MetaPhlAn4 re-analysis	IBS baseline recipients vs healthy donor stool	s__GGB9781_SGB15402	s__GGB9781_SGB15402	IBS baseline recipient	healthy donor	31	17	0.0017551613010225757	0.0	10.77820964519485	0.03829363772800017	0.0011335416929796338		local_mannwhitney_metaphlan4	Computed from local Metalog MetaPhlAn4 species profiles; case is baseline IBS recipient and control is donor stool.	0.09623357655123523	up
Goll_2020_FMT_IBS	Goll et al. Gut Microbes 2020; DOI 10.1080/19490976.2020.1794263; local MetaPhlAn4 re-analysis	IBS baseline recipients vs healthy donor stool	s__GGB9781_SGB66170	s__GGB9781_SGB66170	IBS baseline recipient	healthy donor	31	17	0.0030880645593448033	0.0	11.592954307286202	0.03829363772800017	0.0019943751394748688		local_mannwhitney_metaphlan4	Computed from local Metalog MetaPhlAn4 species profiles; case is baseline IBS recipient and control is donor stool.	0.09623357655123523	up
Goll_2020_FMT_IBS	Goll et al. Gut Microbes 2020; DOI 10.1080/19490976.2020.1794263; local MetaPhlAn4 re-analysis	IBS baseline recipients vs healthy donor stool	s__Gordonibacter_pamelaeae	s__Gordonibacter_pamelaeae	IBS baseline recipient	healthy donor	31	17	0.00859580650144527	0.0	13.06958511887681	0.03829363772800017	0.005551458802074194		local_mannwhitney_metaphlan4	Computed from local Metalog MetaPhlAn4 species profiles; case is baseline IBS recipient and control is donor stool.	0.09623357655123523	up
Goll_2020_FMT_IBS	Goll et al. Gut Microbes 2020; DOI 10.1080/19490976.2020.1794263; local MetaPhlAn4 re-analysis	IBS baseline recipients vs healthy donor stool	s__Lawsonibacter_SGB15145	s__Lawsonibacter_SGB15145	IBS baseline recipient	healthy donor	31	17	0.004612580704082164	0.0	12.171671178230278	0.03829363772800017	0.0029789581894874573		local_mannwhitney_metaphlan4	Computed from local Metalog MetaPhlAn4 species profiles; case is baseline IBS recipient and control is donor stool.	0.09623357655123523	up
Goll_2020_FMT_IBS	Goll et al. Gut Microbes 2020; DOI 10.1080/19490976.2020.1794263; local MetaPhlAn4 re-analysis	IBS baseline recipients vs healthy donor stool	s__Phascolarctobacterium_faecium	s__Phascolarctobacterium_faecium	IBS baseline recipient	healthy donor	31	17	0.18543516231640692	0.0	17.50056308898929	0.03829363772800017	0.11976020783185959		local_mannwhitney_metaphlan4	Computed from local Metalog MetaPhlAn4 species profiles; case is baseline IBS recipient and control is donor stool.	0.09623357655123523	up
Goll_2020_FMT_IBS	Goll et al. Gut Microbes 2020; DOI 10.1080/19490976.2020.1794263; local MetaPhlAn4 re-analysis	IBS baseline recipients vs healthy donor stool	s__Ruminococcus_sp_AF41_9	s__Ruminococcus_sp_AF41_9	IBS baseline recipient	healthy donor	31	17	0.010847419605500275	0.0	13.405197266147667	0.03829363772800017	0.0070056249387562275		local_mannwhitney_metaphlan4	Computed from local Metalog MetaPhlAn4 species profiles; case is baseline IBS recipient and control is donor stool.	0.09623357655123523	up
Goll_2020_FMT_IBS	Goll et al. Gut Microbes 2020; DOI 10.1080/19490976.2020.1794263; local MetaPhlAn4 re-analysis	IBS baseline recipients vs healthy donor stool	s__Streptococcus_gordonii	s__Streptococcus_gordonii	IBS baseline recipient	healthy donor	31	17	0.00262741936885211	0.0	11.359979763174145	0.03829363772800017	0.001696874969638884		local_mannwhitney_metaphlan4	Computed from local Metalog MetaPhlAn4 species profiles; case is baseline IBS recipient and control is donor stool.	0.09623357655123523	up
Goll_2020_FMT_IBS	Goll et al. Gut Microbes 2020; DOI 10.1080/19490976.2020.1794263; local MetaPhlAn4 re-analysis	IBS baseline recipients vs healthy donor stool	s__Vescimonas_fastidiosa	s__Vescimonas_fastidiosa	IBS baseline recipient	healthy donor	31	17	0.005873225802074998	0.0	12.520183007810832	0.03829363772800017	0.003793124807998538		local_mannwhitney_metaphlan4	Computed from local Metalog MetaPhlAn4 species profiles; case is baseline IBS recipient and control is donor stool.	0.09623357655123523	up
Goll_2020_FMT_IBS	Goll et al. Gut Microbes 2020; DOI 10.1080/19490976.2020.1794263; local MetaPhlAn4 re-analysis	IBS baseline recipients vs healthy donor stool	s__Yanshouia_hominis	s__Yanshouia_hominis	IBS baseline recipient	healthy donor	31	17	0.004881935509582681	0.0	12.253533008650232	0.03829363772800017	0.003152916906401515		local_mannwhitney_metaphlan4	Computed from local Metalog MetaPhlAn4 species profiles; case is baseline IBS recipient and control is donor stool.	0.09623357655123523	up
Goll_2020_FMT_IBS	Goll et al. Gut Microbes 2020; DOI 10.1080/19490976.2020.1794263; local MetaPhlAn4 re-analysis	IBS baseline recipients vs healthy donor stool	s__Zhenpiania_hominis	s__Zhenpiania_hominis	IBS baseline recipient	healthy donor	31	17	0.0024254839086244183	0.0	11.244651577476034	0.03829363772800017	0.0015664584934711456		local_mannwhitney_metaphlan4	Computed from local Metalog MetaPhlAn4 species profiles; case is baseline IBS recipient and control is donor stool.	0.09623357655123523	up
Goll_2020_FMT_IBS	Goll et al. Gut Microbes 2020; DOI 10.1080/19490976.2020.1794263; local MetaPhlAn4 re-analysis	IBS baseline recipients vs healthy donor stool	s__Eubacterium_rectale	s__Eubacterium_rectale	IBS baseline recipient	healthy donor	31	17	2.4487599797787203	0.9850141309639987	1.313834169972605	0.038481224526321814	1.9303499460220337		local_mannwhitney_metaphlan4	Computed from local Metalog MetaPhlAn4 species profiles; case is baseline IBS recipient and control is donor stool.	0.09628635400958445	up
Goll_2020_FMT_IBS	Goll et al. Gut Microbes 2020; DOI 10.1080/19490976.2020.1794263; local MetaPhlAn4 re-analysis	IBS baseline recipients vs healthy donor stool	s__GGB9627_SGB15081	s__GGB9627_SGB15081	IBS baseline recipient	healthy donor	31	17	0.027345806135863605	0.004068823514150127	2.7483342096699803	0.03865994998866184	0.01910187490284443		local_mannwhitney_metaphlan4	Computed from local Metalog MetaPhlAn4 species profiles; case is baseline IBS recipient and control is donor stool.	0.09631659954071785	up
Goll_2020_FMT_IBS	Goll et al. Gut Microbes 2020; DOI 10.1080/19490976.2020.1794263; local MetaPhlAn4 re-analysis	IBS baseline recipients vs healthy donor stool	s__Bacteroides_caccae	s__Bacteroides_caccae	IBS baseline recipient	healthy donor	31	17	0.5494435511289104	0.7745723531526678	-0.49542797611756834	0.04462295261556464	0.629176676273346		local_mannwhitney_metaphlan4	Computed from local Metalog MetaPhlAn4 species profiles; case is baseline IBS recipient and control is donor stool.	0.11069556485749511	down
Goll_2020_FMT_IBS	Goll et al. Gut Microbes 2020; DOI 10.1080/19490976.2020.1794263; local MetaPhlAn4 re-analysis	IBS baseline recipients vs healthy donor stool	s__Clostridiales_bacterium_KLE1615	s__Clostridiales_bacterium_KLE1615	IBS baseline recipient	healthy donor	31	17	0.09064838725082096	0.024035294153316712	1.915082785408094	0.0466207297099343	0.06705624610185623		local_mannwhitney_metaphlan4	Computed from local Metalog MetaPhlAn4 species profiles; case is baseline IBS recipient and control is donor stool.	0.1151571870612907	up
Goll_2020_FMT_IBS	Goll et al. Gut Microbes 2020; DOI 10.1080/19490976.2020.1794263; local MetaPhlAn4 re-analysis	IBS baseline recipients vs healthy donor stool	s__Clostridium_fessum	s__Clostridium_fessum	IBS baseline recipient	healthy donor	31	17	0.07602516175698369	0.0283723526278182	1.4219593260886452	0.047551710408795286	0.05914812162518501		local_mannwhitney_metaphlan4	Computed from local Metalog MetaPhlAn4 species profiles; case is baseline IBS recipient and control is donor stool.	0.11695697283524968	up
Goll_2020_FMT_IBS	Goll et al. Gut Microbes 2020; DOI 10.1080/19490976.2020.1794263; local MetaPhlAn4 re-analysis	IBS baseline recipients vs healthy donor stool	s__Acidaminococcus_intestini	s__Acidaminococcus_intestini	IBS baseline recipient	healthy donor	31	17	0.18357387377369788	0.0	17.48600908241111	0.058148784104628204	0.1185581311583519		local_mannwhitney_metaphlan4	Computed from local Metalog MetaPhlAn4 species profiles; case is baseline IBS recipient and control is donor stool.	0.1282824321086836	up
Goll_2020_FMT_IBS	Goll et al. Gut Microbes 2020; DOI 10.1080/19490976.2020.1794263; local MetaPhlAn4 re-analysis	IBS baseline recipients vs healthy donor stool	s__Bifidobacterium_animalis	s__Bifidobacterium_animalis	IBS baseline recipient	healthy donor	31	17	0.008856451709664637	0.0	13.112675979533787	0.058148784104628204	0.0057197920978069305		local_mannwhitney_metaphlan4	Computed from local Metalog MetaPhlAn4 species profiles; case is baseline IBS recipient and control is donor stool.	0.1282824321086836	up
Goll_2020_FMT_IBS	Goll et al. Gut Microbes 2020; DOI 10.1080/19490976.2020.1794263; local MetaPhlAn4 re-analysis	IBS baseline recipients vs healthy donor stool	s__Bifidobacterium_bifidum	s__Bifidobacterium_bifidum	IBS baseline recipient	healthy donor	31	17	0.38773839082568884	0.0	18.56472778177797	0.058148784104628204	0.2504144012928009		local_mannwhitney_metaphlan4	Computed from local Metalog MetaPhlAn4 species profiles; case is baseline IBS recipient and control is donor stool.	0.1282824321086836	up
Goll_2020_FMT_IBS	Goll et al. Gut Microbes 2020; DOI 10.1080/19490976.2020.1794263; local MetaPhlAn4 re-analysis	IBS baseline recipients vs healthy donor stool	s__Cutibacterium_acnes	s__Cutibacterium_acnes	IBS baseline recipient	healthy donor	31	17	0.003354193545096824	0.0	11.712180275676994	0.058148784104628204	0.0021662497892975807		local_mannwhitney_metaphlan4	Computed from local Metalog MetaPhlAn4 species profiles; case is baseline IBS recipient and control is donor stool.	0.1282824321086836	up
Goll_2020_FMT_IBS	Goll et al. Gut Microbes 2020; DOI 10.1080/19490976.2020.1794263; local MetaPhlAn4 re-analysis	IBS baseline recipients vs healthy donor stool	s__Diplocloster_agilis	s__Diplocloster_agilis	IBS baseline recipient	healthy donor	31	17	0.00044483871146615956	0.0	8.800378078726698	0.058148784104628204	0.00028729168116115034		local_mannwhitney_metaphlan4	Computed from local Metalog MetaPhlAn4 species profiles; case is baseline IBS recipient and control is donor stool.	0.1282824321086836	up
Goll_2020_FMT_IBS	Goll et al. Gut Microbes 2020; DOI 10.1080/19490976.2020.1794263; local MetaPhlAn4 re-analysis	IBS baseline recipients vs healthy donor stool	s__GGB13493_SGB15238	s__GGB13493_SGB15238	IBS baseline recipient	healthy donor	31	17	0.00613451627413592	0.0	12.582969029495334	0.058148784104628204	0.003961875103414059		local_mannwhitney_metaphlan4	Computed from local Metalog MetaPhlAn4 species profiles; case is baseline IBS recipient and control is donor stool.	0.1282824321086836	up
Goll_2020_FMT_IBS	Goll et al. Gut Microbes 2020; DOI 10.1080/19490976.2020.1794263; local MetaPhlAn4 re-analysis	IBS baseline recipients vs healthy donor stool	s__GGB1420_SGB1957	s__GGB1420_SGB1957	IBS baseline recipient	healthy donor	31	17	0.04298870926422457	0.0	15.391703733078858	0.058148784104628204	0.02776353992521763		local_mannwhitney_metaphlan4	Computed from local Metalog MetaPhlAn4 species profiles; case is baseline IBS recipient and control is donor stool.	0.1282824321086836	up
Goll_2020_FMT_IBS	Goll et al. Gut Microbes 2020; DOI 10.1080/19490976.2020.1794263; local MetaPhlAn4 re-analysis	IBS baseline recipients vs healthy donor stool	s__GGB3033_SGB4029	s__GGB3033_SGB4029	IBS baseline recipient	healthy donor	31	17	0.0032387095984191664	0.0	11.661648783050563	0.058148784104628204	0.002091666916385293		local_mannwhitney_metaphlan4	Computed from local Metalog MetaPhlAn4 species profiles; case is baseline IBS recipient and control is donor stool.	0.1282824321086836	up
Goll_2020_FMT_IBS	Goll et al. Gut Microbes 2020; DOI 10.1080/19490976.2020.1794263; local MetaPhlAn4 re-analysis	IBS baseline recipients vs healthy donor stool	s__GGB3256_SGB4303	s__GGB3256_SGB4303	IBS baseline recipient	healthy donor	31	17	0.6162464503319033	0.0	19.233150246919443	0.058148784104628204	0.3979925215244293		local_mannwhitney_metaphlan4	Computed from local Metalog MetaPhlAn4 species profiles; case is baseline IBS recipient and control is donor stool.	0.1282824321086836	up
Goll_2020_FMT_IBS	Goll et al. Gut Microbes 2020; DOI 10.1080/19490976.2020.1794263; local MetaPhlAn4 re-analysis	IBS baseline recipients vs healthy donor stool	s__GGB3363_SGB4448	s__GGB3363_SGB4448	IBS baseline recipient	healthy donor	31	17	0.010652903279650116	0.0	13.379094468264123	0.058148784104628204	0.00687999976798892		local_mannwhitney_metaphlan4	Computed from local Metalog MetaPhlAn4 species profiles; case is baseline IBS recipient and control is donor stool.	0.1282824321086836	up
Goll_2020_FMT_IBS	Goll et al. Gut Microbes 2020; DOI 10.1080/19490976.2020.1794263; local MetaPhlAn4 re-analysis	IBS baseline recipients vs healthy donor stool	s__GGB3510_SGB4687	s__GGB3510_SGB4687	IBS baseline recipient	healthy donor	31	17	0.0050912901699062315	0.0	12.314098914183639	0.058148784104628204	0.0032881249208003283		local_mannwhitney_metaphlan4	Computed from local Metalog MetaPhlAn4 species profiles; case is baseline IBS recipient and control is donor stool.	0.1282824321086836	up
Goll_2020_FMT_IBS	Goll et al. Gut Microbes 2020; DOI 10.1080/19490976.2020.1794263; local MetaPhlAn4 re-analysis	IBS baseline recipients vs healthy donor stool	s__GGB42639_SGB59836	s__GGB42639_SGB59836	IBS baseline recipient	healthy donor	31	17	0.021187741634240673	0.0	14.371010290433315	0.058148784104628204	0.013683750294148922		local_mannwhitney_metaphlan4	Computed from local Metalog MetaPhlAn4 species profiles; case is baseline IBS recipient and control is donor stool.	0.1282824321086836	up
Goll_2020_FMT_IBS	Goll et al. Gut Microbes 2020; DOI 10.1080/19490976.2020.1794263; local MetaPhlAn4 re-analysis	IBS baseline recipients vs healthy donor stool	s__GGB4605_SGB6376	s__GGB4605_SGB6376	IBS baseline recipient	healthy donor	31	17	0.019009354644485058	0.0	14.21449782574251	0.058148784104628204	0.012276875786483288		local_mannwhitney_metaphlan4	Computed from local Metalog MetaPhlAn4 species profiles; case is baseline IBS recipient and control is donor stool.	0.1282824321086836	up
Goll_2020_FMT_IBS	Goll et al. Gut Microbes 2020; DOI 10.1080/19490976.2020.1794263; local MetaPhlAn4 re-analysis	IBS baseline recipients vs healthy donor stool	s__GGB51441_SGB71759	s__GGB51441_SGB71759	IBS baseline recipient	healthy donor	31	17	0.003332903180571814	0.0	11.702996492484584	0.058148784104628204	0.0021524999756366014		local_mannwhitney_metaphlan4	Computed from local Metalog MetaPhlAn4 species profiles; case is baseline IBS recipient and control is donor stool.	0.1282824321086836	up
Goll_2020_FMT_IBS	Goll et al. Gut Microbes 2020; DOI 10.1080/19490976.2020.1794263; local MetaPhlAn4 re-analysis	IBS baseline recipients vs healthy donor stool	s__GGB74463_SGB54347	s__GGB74463_SGB54347	IBS baseline recipient	healthy donor	31	17	0.0030558064369665037	0.0	11.577809485473903	0.058148784104628204	0.001973541686311364		local_mannwhitney_metaphlan4	Computed from local Metalog MetaPhlAn4 species profiles; case is baseline IBS recipient and control is donor stool.	0.1282824321086836	up
Goll_2020_FMT_IBS	Goll et al. Gut Microbes 2020; DOI 10.1080/19490976.2020.1794263; local MetaPhlAn4 re-analysis	IBS baseline recipients vs healthy donor stool	s__GGB9064_SGB13983	s__GGB9064_SGB13983	IBS baseline recipient	healthy donor	31	17	0.009810967806486352	0.0	13.260326785017174	0.058148784104628204	0.006336249876767397		local_mannwhitney_metaphlan4	Computed from local Metalog MetaPhlAn4 species profiles; case is baseline IBS recipient and control is donor stool.	0.1282824321086836	up
Goll_2020_FMT_IBS	Goll et al. Gut Microbes 2020; DOI 10.1080/19490976.2020.1794263; local MetaPhlAn4 re-analysis	IBS baseline recipients vs healthy donor stool	s__GGB9176_SGB14114	s__GGB9176_SGB14114	IBS baseline recipient	healthy donor	31	17	0.07155386887250408	0.0	16.126762316441724	0.058148784104628204	0.04621187224984169		local_mannwhitney_metaphlan4	Computed from local Metalog MetaPhlAn4 species profiles; case is baseline IBS recipient and control is donor stool.	0.1282824321086836	up
Goll_2020_FMT_IBS	Goll et al. Gut Microbes 2020; DOI 10.1080/19490976.2020.1794263; local MetaPhlAn4 re-analysis	IBS baseline recipients vs healthy donor stool	s__GGB9296_SGB14253	s__GGB9296_SGB14253	IBS baseline recipient	healthy donor	31	17	0.0062819354972171206	0.0	12.61722305361724	0.058148784104628204	0.0040570832788944244		local_mannwhitney_metaphlan4	Computed from local Metalog MetaPhlAn4 species profiles; case is baseline IBS recipient and control is donor stool.	0.1282824321086836	up
Goll_2020_FMT_IBS	Goll et al. Gut Microbes 2020; DOI 10.1080/19490976.2020.1794263; local MetaPhlAn4 re-analysis	IBS baseline recipients vs healthy donor stool	s__GGB9453_SGB14844	s__GGB9453_SGB14844	IBS baseline recipient	healthy donor	31	17	0.0024406451341365616	0.0	11.253637820604263	0.058148784104628204	0.0015762499533593655		local_mannwhitney_metaphlan4	Computed from local Metalog MetaPhlAn4 species profiles; case is baseline IBS recipient and control is donor stool.	0.1282824321086836	up
Goll_2020_FMT_IBS	Goll et al. Gut Microbes 2020; DOI 10.1080/19490976.2020.1794263; local MetaPhlAn4 re-analysis	IBS baseline recipients vs healthy donor stool	s__GGB9619_SGB15066	s__GGB9619_SGB15066	IBS baseline recipient	healthy donor	31	17	0.0029848387667668922	0.0	11.543920547701147	0.058148784104628204	0.001927708275616169		local_mannwhitney_metaphlan4	Computed from local Metalog MetaPhlAn4 species profiles; case is baseline IBS recipient and control is donor stool.	0.1282824321086836	up
Goll_2020_FMT_IBS	Goll et al. Gut Microbes 2020; DOI 10.1080/19490976.2020.1794263; local MetaPhlAn4 re-analysis	IBS baseline recipients vs healthy donor stool	s__GGB9715_SGB15260	s__GGB9715_SGB15260	IBS baseline recipient	healthy donor	31	17	0.02529096743091941	0.0	14.626391646381757	0.058148784104628204	0.016333749517798424		local_mannwhitney_metaphlan4	Computed from local Metalog MetaPhlAn4 species profiles; case is baseline IBS recipient and control is donor stool.	0.1282824321086836	up
Goll_2020_FMT_IBS	Goll et al. Gut Microbes 2020; DOI 10.1080/19490976.2020.1794263; local MetaPhlAn4 re-analysis	IBS baseline recipients vs healthy donor stool	s__GGB9775_SGB15395	s__GGB9775_SGB15395	IBS baseline recipient	healthy donor	31	17	0.01217903265158736	0.0	13.572230380299443	0.058148784104628204	0.00786562543362379		local_mannwhitney_metaphlan4	Computed from local Metalog MetaPhlAn4 species profiles; case is baseline IBS recipient and control is donor stool.	0.1282824321086836	up
Goll_2020_FMT_IBS	Goll et al. Gut Microbes 2020; DOI 10.1080/19490976.2020.1794263; local MetaPhlAn4 re-analysis	IBS baseline recipients vs healthy donor stool	s__GGB9787_SGB15410	s__GGB9787_SGB15410	IBS baseline recipient	healthy donor	31	17	0.0014687096700072289	0.0	10.521315474411384	0.058148784104628204	0.0009485416230745614		local_mannwhitney_metaphlan4	Computed from local Metalog MetaPhlAn4 species profiles; case is baseline IBS recipient and control is donor stool.	0.1282824321086836	up
Goll_2020_FMT_IBS	Goll et al. Gut Microbes 2020; DOI 10.1080/19490976.2020.1794263; local MetaPhlAn4 re-analysis	IBS baseline recipients vs healthy donor stool	s__Holdemania_sp_1001095H_141210_F2	s__Holdemania_sp_1001095H_141210_F2	IBS baseline recipient	healthy donor	31	17	0.005385161197233585	0.0	12.395041692178882	0.058148784104628204	0.00347791681997478		local_mannwhitney_metaphlan4	Computed from local Metalog MetaPhlAn4 species profiles; case is baseline IBS recipient and control is donor stool.	0.1282824321086836	up
Goll_2020_FMT_IBS	Goll et al. Gut Microbes 2020; DOI 10.1080/19490976.2020.1794263; local MetaPhlAn4 re-analysis	IBS baseline recipients vs healthy donor stool	s__Ligaoa_zhengdingensis	s__Ligaoa_zhengdingensis	IBS baseline recipient	healthy donor	31	17	0.0014148387389497892	0.0	10.467441239513699	0.058148784104628204	0.0009137499728240073		local_mannwhitney_metaphlan4	Computed from local Metalog MetaPhlAn4 species profiles; case is baseline IBS recipient and control is donor stool.	0.1282824321086836	up
Goll_2020_FMT_IBS	Goll et al. Gut Microbes 2020; DOI 10.1080/19490976.2020.1794263; local MetaPhlAn4 re-analysis	IBS baseline recipients vs healthy donor stool	s__Mediterraneibacter_sp_NSJ_151	s__Mediterraneibacter_sp_NSJ_151	IBS baseline recipient	healthy donor	31	17	0.004416129016692961	0.0	12.108893256280544	0.058148784104628204	0.0028520834166556597		local_mannwhitney_metaphlan4	Computed from local Metalog MetaPhlAn4 species profiles; case is baseline IBS recipient and control is donor stool.	0.1282824321086836	up
Goll_2020_FMT_IBS	Goll et al. Gut Microbes 2020; DOI 10.1080/19490976.2020.1794263; local MetaPhlAn4 re-analysis	IBS baseline recipients vs healthy donor stool	s__Victivallis_lenta	s__Victivallis_lenta	IBS baseline recipient	healthy donor	31	17	0.003665161195151027	0.0	11.840054504891327	0.058148784104628204	0.00236708321608603		local_mannwhitney_metaphlan4	Computed from local Metalog MetaPhlAn4 species profiles; case is baseline IBS recipient and control is donor stool.	0.1282824321086836	up
Goll_2020_FMT_IBS	Goll et al. Gut Microbes 2020; DOI 10.1080/19490976.2020.1794263; local MetaPhlAn4 re-analysis	IBS baseline recipients vs healthy donor stool	s__Holdemania_filiformis	s__Holdemania_filiformis	IBS baseline recipient	healthy donor	31	17	0.01156548408588635	0.0006099999882280827	4.242634226369911	0.06105716886863775	0.007685416843742132		local_mannwhitney_metaphlan4	Computed from local Metalog MetaPhlAn4 species profiles; case is baseline IBS recipient and control is donor stool.	0.13418647758962973	up
Goll_2020_FMT_IBS	Goll et al. Gut Microbes 2020; DOI 10.1080/19490976.2020.1794263; local MetaPhlAn4 re-analysis	IBS baseline recipients vs healthy donor stool	s__Clostridiaceae_bacterium	s__Clostridiaceae_bacterium	IBS baseline recipient	healthy donor	31	17	0.8722403140197839	0.3674958817222539	1.24699531732951	0.06375382085532415	0.693476676940918		local_mannwhitney_metaphlan4	Computed from local Metalog MetaPhlAn4 species profiles; case is baseline IBS recipient and control is donor stool.	0.1395822289938536	up
Goll_2020_FMT_IBS	Goll et al. Gut Microbes 2020; DOI 10.1080/19490976.2020.1794263; local MetaPhlAn4 re-analysis	IBS baseline recipients vs healthy donor stool	s__Coprobacter_secundus	s__Coprobacter_secundus	IBS baseline recipient	healthy donor	31	17	0.006182258220149144	0.007009411662104814	-0.18113190848348137	0.06963555953299651	0.006475208792835474		local_mannwhitney_metaphlan4	Computed from local Metalog MetaPhlAn4 species profiles; case is baseline IBS recipient and control is donor stool.	0.15188435249083768	down
Goll_2020_FMT_IBS	Goll et al. Gut Microbes 2020; DOI 10.1080/19490976.2020.1794263; local MetaPhlAn4 re-analysis	IBS baseline recipients vs healthy donor stool	s__Oscillospiraceae_bacterium_Marseille_Q3528	s__Oscillospiraceae_bacterium_Marseille_Q3528	IBS baseline recipient	healthy donor	31	17	0.022421612802352154	0.011025882264434853	1.023929456795162	0.07001890717025211	0.018385624513030052		local_mannwhitney_metaphlan4	Computed from local Metalog MetaPhlAn4 species profiles; case is baseline IBS recipient and control is donor stool.	0.15214634715942	up
Goll_2020_FMT_IBS	Goll et al. Gut Microbes 2020; DOI 10.1080/19490976.2020.1794263; local MetaPhlAn4 re-analysis	IBS baseline recipients vs healthy donor stool	s__GGB9646_SGB15123	s__GGB9646_SGB15123	IBS baseline recipient	healthy donor	31	17	0.012560000019748845	0.003267647099325105	1.942185796650336	0.07328254811948373	0.009268958121538162		local_mannwhitney_metaphlan4	Computed from local Metalog MetaPhlAn4 species profiles; case is baseline IBS recipient and control is donor stool.	0.15715759804387128	up
Goll_2020_FMT_IBS	Goll et al. Gut Microbes 2020; DOI 10.1080/19490976.2020.1794263; local MetaPhlAn4 re-analysis	IBS baseline recipients vs healthy donor stool	s__Dorea_formicigenerans	s__Dorea_formicigenerans	IBS baseline recipient	healthy donor	31	17	0.23045032566052773	0.07612058883943759	1.5980844872031303	0.07342198691122624	0.17579185962677002		local_mannwhitney_metaphlan4	Computed from local Metalog MetaPhlAn4 species profiles; case is baseline IBS recipient and control is donor stool.	0.15715759804387128	up
Goll_2020_FMT_IBS	Goll et al. Gut Microbes 2020; DOI 10.1080/19490976.2020.1794263; local MetaPhlAn4 re-analysis	IBS baseline recipients vs healthy donor stool	s__GGB3612_SGB4882	s__GGB3612_SGB4882	IBS baseline recipient	healthy donor	31	17	0.04354000059632404	0.00046470589072936596	6.5468116206419635	0.07443493931944134	0.028284167870879173		local_mannwhitney_metaphlan4	Computed from local Metalog MetaPhlAn4 species profiles; case is baseline IBS recipient and control is donor stool.	0.15715759804387128	up
Goll_2020_FMT_IBS	Goll et al. Gut Microbes 2020; DOI 10.1080/19490976.2020.1794263; local MetaPhlAn4 re-analysis	IBS baseline recipients vs healthy donor stool	s__Faecalibacterium_sp_CLA_AA_H233	s__Faecalibacterium_sp_CLA_AA_H233	IBS baseline recipient	healthy donor	31	17	0.26991935060059113	0.060100588618832475	2.1670587224656463	0.0747196484181703	0.19560854136943817		local_mannwhitney_metaphlan4	Computed from local Metalog MetaPhlAn4 species profiles; case is baseline IBS recipient and control is donor stool.	0.15715759804387128	up
Goll_2020_FMT_IBS	Goll et al. Gut Microbes 2020; DOI 10.1080/19490976.2020.1794263; local MetaPhlAn4 re-analysis	IBS baseline recipients vs healthy donor stool	s__Faecalibacillus_faecis	s__Faecalibacillus_faecis	IBS baseline recipient	healthy donor	31	17	0.035968064330518246	6.4705882858320634e-06	12.233247155154082	0.07627748346420646	0.023231664672493935		local_mannwhitney_metaphlan4	Computed from local Metalog MetaPhlAn4 species profiles; case is baseline IBS recipient and control is donor stool.	0.15715759804387128	up
Goll_2020_FMT_IBS	Goll et al. Gut Microbes 2020; DOI 10.1080/19490976.2020.1794263; local MetaPhlAn4 re-analysis	IBS baseline recipients vs healthy donor stool	s__Faecalibacterium_prausnitzii	s__Faecalibacterium_prausnitzii	IBS baseline recipient	healthy donor	31	17	4.434826227205415	5.18113533188315	-0.2243906450521105	0.0771081069166824	4.69914436340332		local_mannwhitney_metaphlan4	Computed from local Metalog MetaPhlAn4 species profiles; case is baseline IBS recipient and control is donor stool.	0.15715759804387128	down
Goll_2020_FMT_IBS	Goll et al. Gut Microbes 2020; DOI 10.1080/19490976.2020.1794263; local MetaPhlAn4 re-analysis	IBS baseline recipients vs healthy donor stool	s__Enterocloster_hominis	s__Enterocloster_hominis	IBS baseline recipient	healthy donor	31	17	0.011363225801277065	0.0012441176154157694	3.1901454698505245	0.08336938355511508	0.007779375184327364		local_mannwhitney_metaphlan4	Computed from local Metalog MetaPhlAn4 species profiles; case is baseline IBS recipient and control is donor stool.	0.15715759804387128	up
Goll_2020_FMT_IBS	Goll et al. Gut Microbes 2020; DOI 10.1080/19490976.2020.1794263; local MetaPhlAn4 re-analysis	IBS baseline recipients vs healthy donor stool	s__Klebsiella_pneumoniae	s__Klebsiella_pneumoniae	IBS baseline recipient	healthy donor	31	17	0.05880258095660998	0.003077647046131246	4.255535630324203	0.08737784396680703	0.03906666859984398		local_mannwhitney_metaphlan4	Computed from local Metalog MetaPhlAn4 species profiles; case is baseline IBS recipient and control is donor stool.	0.15715759804387128	up
Goll_2020_FMT_IBS	Goll et al. Gut Microbes 2020; DOI 10.1080/19490976.2020.1794263; local MetaPhlAn4 re-analysis	IBS baseline recipients vs healthy donor stool	s__Amedibacillus_dolichus	s__Amedibacillus_dolichus	IBS baseline recipient	healthy donor	31	17	0.006159032379547434	0.0	12.588722218973455	0.08772701405635577	0.003977708052843809		local_mannwhitney_metaphlan4	Computed from local Metalog MetaPhlAn4 species profiles; case is baseline IBS recipient and control is donor stool.	0.15715759804387128	up
Goll_2020_FMT_IBS	Goll et al. Gut Microbes 2020; DOI 10.1080/19490976.2020.1794263; local MetaPhlAn4 re-analysis	IBS baseline recipients vs healthy donor stool	s__Bacteroides_finegoldii	s__Bacteroides_finegoldii	IBS baseline recipient	healthy donor	31	17	0.07567870917339478	0.0	16.207618924160858	0.08772701405635577	0.0488758347928524		local_mannwhitney_metaphlan4	Computed from local Metalog MetaPhlAn4 species profiles; case is baseline IBS recipient and control is donor stool.	0.15715759804387128	up
Goll_2020_FMT_IBS	Goll et al. Gut Microbes 2020; DOI 10.1080/19490976.2020.1794263; local MetaPhlAn4 re-analysis	IBS baseline recipients vs healthy donor stool	s__Bacteroides_salyersiae	s__Bacteroides_salyersiae	IBS baseline recipient	healthy donor	31	17	0.07594064437603999	0.0	16.212603617741028	0.08772701405635577	0.04904500022530556		local_mannwhitney_metaphlan4	Computed from local Metalog MetaPhlAn4 species profiles; case is baseline IBS recipient and control is donor stool.	0.15715759804387128	up
Goll_2020_FMT_IBS	Goll et al. Gut Microbes 2020; DOI 10.1080/19490976.2020.1794263; local MetaPhlAn4 re-analysis	IBS baseline recipients vs healthy donor stool	s__Bianquea_SGB71281	s__Bianquea_SGB71281	IBS baseline recipient	healthy donor	31	17	0.00915806479902277	0.0	13.160984581817129	0.08772701405635577	0.005914583336561918		local_mannwhitney_metaphlan4	Computed from local Metalog MetaPhlAn4 species profiles; case is baseline IBS recipient and control is donor stool.	0.15715759804387128	up
Goll_2020_FMT_IBS	Goll et al. Gut Microbes 2020; DOI 10.1080/19490976.2020.1794263; local MetaPhlAn4 re-analysis	IBS baseline recipients vs healthy donor stool	s__Bifidobacterium_pseudocatenulatum	s__Bifidobacterium_pseudocatenulatum	IBS baseline recipient	healthy donor	31	17	0.015636773990286935	0.0	13.932747541700115	0.08772701405635577	0.010098750703036785		local_mannwhitney_metaphlan4	Computed from local Metalog MetaPhlAn4 species profiles; case is baseline IBS recipient and control is donor stool.	0.15715759804387128	up
Goll_2020_FMT_IBS	Goll et al. Gut Microbes 2020; DOI 10.1080/19490976.2020.1794263; local MetaPhlAn4 re-analysis	IBS baseline recipients vs healthy donor stool	s__Blautia_caecimuris	s__Blautia_caecimuris	IBS baseline recipient	healthy donor	31	17	0.02499838685616851	0.0	14.609605090820304	0.08772701405635577	0.01614479161798954		local_mannwhitney_metaphlan4	Computed from local Metalog MetaPhlAn4 species profiles; case is baseline IBS recipient and control is donor stool.	0.15715759804387128	up
Goll_2020_FMT_IBS	Goll et al. Gut Microbes 2020; DOI 10.1080/19490976.2020.1794263; local MetaPhlAn4 re-analysis	IBS baseline recipients vs healthy donor stool	s__Blautia_luti	s__Blautia_luti	IBS baseline recipient	healthy donor	31	17	0.004349032172843093	0.0	12.08681035583714	0.08772701405635577	0.002808749908581376		local_mannwhitney_metaphlan4	Computed from local Metalog MetaPhlAn4 species profiles; case is baseline IBS recipient and control is donor stool.	0.15715759804387128	up
Goll_2020_FMT_IBS	Goll et al. Gut Microbes 2020; DOI 10.1080/19490976.2020.1794263; local MetaPhlAn4 re-analysis	IBS baseline recipients vs healthy donor stool	s__Blautia_sp_OF03_15BH	s__Blautia_sp_OF03_15BH	IBS baseline recipient	healthy donor	31	17	0.001546774196603726	0.0	10.59597929800379	0.08772701405635577	0.000998958363197744		local_mannwhitney_metaphlan4	Computed from local Metalog MetaPhlAn4 species profiles; case is baseline IBS recipient and control is donor stool.	0.15715759804387128	up
Goll_2020_FMT_IBS	Goll et al. Gut Microbes 2020; DOI 10.1080/19490976.2020.1794263; local MetaPhlAn4 re-analysis	IBS baseline recipients vs healthy donor stool	s__Butyricimonas_faecihominis	s__Butyricimonas_faecihominis	IBS baseline recipient	healthy donor	31	17	0.0600667726849356	0.0	15.874303549224178	0.08772701405635577	0.03879312425851822		local_mannwhitney_metaphlan4	Computed from local Metalog MetaPhlAn4 species profiles; case is baseline IBS recipient and control is donor stool.	0.15715759804387128	up
Goll_2020_FMT_IBS	Goll et al. Gut Microbes 2020; DOI 10.1080/19490976.2020.1794263; local MetaPhlAn4 re-analysis	IBS baseline recipients vs healthy donor stool	s__Clostridium_innocuum	s__Clostridium_innocuum	IBS baseline recipient	healthy donor	31	17	0.0040429032242466365	0.0	11.981532756786779	0.08772701405635577	0.0026110417675226927		local_mannwhitney_metaphlan4	Computed from local Metalog MetaPhlAn4 species profiles; case is baseline IBS recipient and control is donor stool.	0.15715759804387128	up
Goll_2020_FMT_IBS	Goll et al. Gut Microbes 2020; DOI 10.1080/19490976.2020.1794263; local MetaPhlAn4 re-analysis	IBS baseline recipients vs healthy donor stool	s__Clostridium_sp_AM29_11AC	s__Clostridium_sp_AM29_11AC	IBS baseline recipient	healthy donor	31	17	0.004386774264276028	0.0	12.099273590670599	0.08772701405635577	0.0028331249486654997		local_mannwhitney_metaphlan4	Computed from local Metalog MetaPhlAn4 species profiles; case is baseline IBS recipient and control is donor stool.	0.15715759804387128	up
Goll_2020_FMT_IBS	Goll et al. Gut Microbes 2020; DOI 10.1080/19490976.2020.1794263; local MetaPhlAn4 re-analysis	IBS baseline recipients vs healthy donor stool	s__Cuneatibacter_sp_NSJ_177	s__Cuneatibacter_sp_NSJ_177	IBS baseline recipient	healthy donor	31	17	0.001161935466957549	0.0	10.183555326371378	0.08772701405635577	0.0007504166569560766		local_mannwhitney_metaphlan4	Computed from local Metalog MetaPhlAn4 species profiles; case is baseline IBS recipient and control is donor stool.	0.15715759804387128	up
Goll_2020_FMT_IBS	Goll et al. Gut Microbes 2020; DOI 10.1080/19490976.2020.1794263; local MetaPhlAn4 re-analysis	IBS baseline recipients vs healthy donor stool	s__Erysipelatoclostridium_ramosum	s__Erysipelatoclostridium_ramosum	IBS baseline recipient	healthy donor	31	17	0.07018386926915075	0.0	16.09887242171481	0.08772701405635577	0.0453270822763443		local_mannwhitney_metaphlan4	Computed from local Metalog MetaPhlAn4 species profiles; case is baseline IBS recipient and control is donor stool.	0.15715759804387128	up
Goll_2020_FMT_IBS	Goll et al. Gut Microbes 2020; DOI 10.1080/19490976.2020.1794263; local MetaPhlAn4 re-analysis	IBS baseline recipients vs healthy donor stool	s__Eubacteriaceae_bacterium_Marseille_Q4139	s__Eubacteriaceae_bacterium_Marseille_Q4139	IBS baseline recipient	healthy donor	31	17	0.0033535482662339364	0.0	11.711902786424941	0.08772701405635577	0.002165833255276084		local_mannwhitney_metaphlan4	Computed from local Metalog MetaPhlAn4 species profiles; case is baseline IBS recipient and control is donor stool.	0.15715759804387128	up
Goll_2020_FMT_IBS	Goll et al. Gut Microbes 2020; DOI 10.1080/19490976.2020.1794263; local MetaPhlAn4 re-analysis	IBS baseline recipients vs healthy donor stool	s__Faecalimonas_umbilicata	s__Faecalimonas_umbilicata	IBS baseline recipient	healthy donor	31	17	0.06606290152957363	0.0	16.01157455279319	0.08772701405635577	0.042665619403123856		local_mannwhitney_metaphlan4	Computed from local Metalog MetaPhlAn4 species profiles; case is baseline IBS recipient and control is donor stool.	0.15715759804387128	up
Goll_2020_FMT_IBS	Goll et al. Gut Microbes 2020; DOI 10.1080/19490976.2020.1794263; local MetaPhlAn4 re-analysis	IBS baseline recipients vs healthy donor stool	s__GGB3304_SGB4367	s__GGB3304_SGB4367	IBS baseline recipient	healthy donor	31	17	0.6395938785806778	0.0	19.28679886122904	0.08772701405635577	0.41307103633880615		local_mannwhitney_metaphlan4	Computed from local Metalog MetaPhlAn4 species profiles; case is baseline IBS recipient and control is donor stool.	0.15715759804387128	up
Goll_2020_FMT_IBS	Goll et al. Gut Microbes 2020; DOI 10.1080/19490976.2020.1794263; local MetaPhlAn4 re-analysis	IBS baseline recipients vs healthy donor stool	s__GGB3321_SGB4394	s__GGB3321_SGB4394	IBS baseline recipient	healthy donor	31	17	0.007489032299828625	0.0	12.870756224801667	0.08772701405635577	0.004836666863411665		local_mannwhitney_metaphlan4	Computed from local Metalog MetaPhlAn4 species profiles; case is baseline IBS recipient and control is donor stool.	0.15715759804387128	up
Goll_2020_FMT_IBS	Goll et al. Gut Microbes 2020; DOI 10.1080/19490976.2020.1794263; local MetaPhlAn4 re-analysis	IBS baseline recipients vs healthy donor stool	s__GGB33512_SGB15203	s__GGB33512_SGB15203	IBS baseline recipient	healthy donor	31	17	0.033616129030574926	0.0	15.036908900369463	0.08772701405635577	0.021710416302084923		local_mannwhitney_metaphlan4	Computed from local Metalog MetaPhlAn4 species profiles; case is baseline IBS recipient and control is donor stool.	0.15715759804387128	up
Goll_2020_FMT_IBS	Goll et al. Gut Microbes 2020; DOI 10.1080/19490976.2020.1794263; local MetaPhlAn4 re-analysis	IBS baseline recipients vs healthy donor stool	s__GGB34540_SGB54300	s__GGB34540_SGB54300	IBS baseline recipient	healthy donor	31	17	0.005712580641791705	0.0	12.480179435705422	0.08772701405635577	0.0036893750075250864		local_mannwhitney_metaphlan4	Computed from local Metalog MetaPhlAn4 species profiles; case is baseline IBS recipient and control is donor stool.	0.15715759804387128	up
Goll_2020_FMT_IBS	Goll et al. Gut Microbes 2020; DOI 10.1080/19490976.2020.1794263; local MetaPhlAn4 re-analysis	IBS baseline recipients vs healthy donor stool	s__GGB3534_SGB4722	s__GGB3534_SGB4722	IBS baseline recipient	healthy donor	31	17	0.008358064411309428	0.0	13.029125762291466	0.08772701405635577	0.005397916305810213		local_mannwhitney_metaphlan4	Computed from local Metalog MetaPhlAn4 species profiles; case is baseline IBS recipient and control is donor stool.	0.15715759804387128	up
Goll_2020_FMT_IBS	Goll et al. Gut Microbes 2020; DOI 10.1080/19490976.2020.1794263; local MetaPhlAn4 re-analysis	IBS baseline recipients vs healthy donor stool	s__GGB3550_SGB4746	s__GGB3550_SGB4746	IBS baseline recipient	healthy donor	31	17	0.013096773936863869	0.0	13.677034015499705	0.08772701405635577	0.0084583330899477		local_mannwhitney_metaphlan4	Computed from local Metalog MetaPhlAn4 species profiles; case is baseline IBS recipient and control is donor stool.	0.15715759804387128	up
Goll_2020_FMT_IBS	Goll et al. Gut Microbes 2020; DOI 10.1080/19490976.2020.1794263; local MetaPhlAn4 re-analysis	IBS baseline recipients vs healthy donor stool	s__GGB3637_SGB4930	s__GGB3637_SGB4930	IBS baseline recipient	healthy donor	31	17	0.04429128970349989	0.0	15.434767959263066	0.08772701405635577	0.028604790568351746		local_mannwhitney_metaphlan4	Computed from local Metalog MetaPhlAn4 species profiles; case is baseline IBS recipient and control is donor stool.	0.15715759804387128	up
Goll_2020_FMT_IBS	Goll et al. Gut Microbes 2020; DOI 10.1080/19490976.2020.1794263; local MetaPhlAn4 re-analysis	IBS baseline recipients vs healthy donor stool	s__GGB3730_SGB5060	s__GGB3730_SGB5060	IBS baseline recipient	healthy donor	31	17	0.03023064485000026	0.0	14.883771855120475	0.08772701405635577	0.01952395774424076		local_mannwhitney_metaphlan4	Computed from local Metalog MetaPhlAn4 species profiles; case is baseline IBS recipient and control is donor stool.	0.15715759804387128	up
Goll_2020_FMT_IBS	Goll et al. Gut Microbes 2020; DOI 10.1080/19490976.2020.1794263; local MetaPhlAn4 re-analysis	IBS baseline recipients vs healthy donor stool	s__GGB4605_SGB6378	s__GGB4605_SGB6378	IBS baseline recipient	healthy donor	31	17	0.03090645120509209	0.0	14.915667066246789	0.08772701405635577	0.019960416480898857		local_mannwhitney_metaphlan4	Computed from local Metalog MetaPhlAn4 species profiles; case is baseline IBS recipient and control is donor stool.	0.15715759804387128	up
Goll_2020_FMT_IBS	Goll et al. Gut Microbes 2020; DOI 10.1080/19490976.2020.1794263; local MetaPhlAn4 re-analysis	IBS baseline recipients vs healthy donor stool	s__GGB51269_SGB5062	s__GGB51269_SGB5062	IBS baseline recipient	healthy donor	31	17	0.02769354748870096	0.0	14.757314345523493	0.08772701405635577	0.017885416746139526		local_mannwhitney_metaphlan4	Computed from local Metalog MetaPhlAn4 species profiles; case is baseline IBS recipient and control is donor stool.	0.15715759804387128	up
Goll_2020_FMT_IBS	Goll et al. Gut Microbes 2020; DOI 10.1080/19490976.2020.1794263; local MetaPhlAn4 re-analysis	IBS baseline recipients vs healthy donor stool	s__GGB51884_SGB49168	s__GGB51884_SGB49168	IBS baseline recipient	healthy donor	31	17	0.002721290351943143	0.0	11.410605233564578	0.08772701405635577	0.0017575001111254096		local_mannwhitney_metaphlan4	Computed from local Metalog MetaPhlAn4 species profiles; case is baseline IBS recipient and control is donor stool.	0.15715759804387128	up
Goll_2020_FMT_IBS	Goll et al. Gut Microbes 2020; DOI 10.1080/19490976.2020.1794263; local MetaPhlAn4 re-analysis	IBS baseline recipients vs healthy donor stool	s__GGB6007_SGB8634	s__GGB6007_SGB8634	IBS baseline recipient	healthy donor	31	17	0.017821290590349707	0.0	14.121395149123515	0.08772701405635577	0.011509583331644535		local_mannwhitney_metaphlan4	Computed from local Metalog MetaPhlAn4 species profiles; case is baseline IBS recipient and control is donor stool.	0.15715759804387128	up
Goll_2020_FMT_IBS	Goll et al. Gut Microbes 2020; DOI 10.1080/19490976.2020.1794263; local MetaPhlAn4 re-analysis	IBS baseline recipients vs healthy donor stool	s__GGB6601_SGB9333	s__GGB6601_SGB9333	IBS baseline recipient	healthy donor	31	17	0.14088516369942697	0.0	17.10417040728811	0.08772701405635577	0.09098833799362183		local_mannwhitney_metaphlan4	Computed from local Metalog MetaPhlAn4 species profiles; case is baseline IBS recipient and control is donor stool.	0.15715759804387128	up
Goll_2020_FMT_IBS	Goll et al. Gut Microbes 2020; DOI 10.1080/19490976.2020.1794263; local MetaPhlAn4 re-analysis	IBS baseline recipients vs healthy donor stool	s__GGB9059_SGB13976	s__GGB9059_SGB13976	IBS baseline recipient	healthy donor	31	17	0.005178064460896196	0.0	12.338475799654603	0.08772701405635577	0.00334416632540524		local_mannwhitney_metaphlan4	Computed from local Metalog MetaPhlAn4 species profiles; case is baseline IBS recipient and control is donor stool.	0.15715759804387128	up
Goll_2020_FMT_IBS	Goll et al. Gut Microbes 2020; DOI 10.1080/19490976.2020.1794263; local MetaPhlAn4 re-analysis	IBS baseline recipients vs healthy donor stool	s__GGB9063_SGB13982	s__GGB9063_SGB13982	IBS baseline recipient	healthy donor	31	17	0.004216451671034578	0.0	12.042155821021227	0.08772701405635577	0.0027231250423938036		local_mannwhitney_metaphlan4	Computed from local Metalog MetaPhlAn4 species profiles; case is baseline IBS recipient and control is donor stool.	0.15715759804387128	up
Goll_2020_FMT_IBS	Goll et al. Gut Microbes 2020; DOI 10.1080/19490976.2020.1794263; local MetaPhlAn4 re-analysis	IBS baseline recipients vs healthy donor stool	s__GGB9240_SGB14182	s__GGB9240_SGB14182	IBS baseline recipient	healthy donor	31	17	0.02551258091003664	0.0	14.638977779414626	0.08772701405635577	0.01647687517106533		local_mannwhitney_metaphlan4	Computed from local Metalog MetaPhlAn4 species profiles; case is baseline IBS recipient and control is donor stool.	0.15715759804387128	up
Goll_2020_FMT_IBS	Goll et al. Gut Microbes 2020; DOI 10.1080/19490976.2020.1794263; local MetaPhlAn4 re-analysis	IBS baseline recipients vs healthy donor stool	s__GGB9293_SGB14250	s__GGB9293_SGB14250	IBS baseline recipient	healthy donor	31	17	0.011899677315546621	0.0	13.538756065013143	0.08772701405635577	0.007685208227485418		local_mannwhitney_metaphlan4	Computed from local Metalog MetaPhlAn4 species profiles; case is baseline IBS recipient and control is donor stool.	0.15715759804387128	up
Goll_2020_FMT_IBS	Goll et al. Gut Microbes 2020; DOI 10.1080/19490976.2020.1794263; local MetaPhlAn4 re-analysis	IBS baseline recipients vs healthy donor stool	s__GGB9453_SGB14845	s__GGB9453_SGB14845	IBS baseline recipient	healthy donor	31	17	0.0008374193407249667	0.0	9.7115281872395	0.08772701405635577	0.0005408332799561322		local_mannwhitney_metaphlan4	Computed from local Metalog MetaPhlAn4 species profiles; case is baseline IBS recipient and control is donor stool.	0.15715759804387128	up
Goll_2020_FMT_IBS	Goll et al. Gut Microbes 2020; DOI 10.1080/19490976.2020.1794263; local MetaPhlAn4 re-analysis	IBS baseline recipients vs healthy donor stool	s__GGB9501_SGB14898	s__GGB9501_SGB14898	IBS baseline recipient	healthy donor	31	17	0.0105964514697271	0.0	13.371429739238579	0.08772701405635577	0.006843541283160448		local_mannwhitney_metaphlan4	Computed from local Metalog MetaPhlAn4 species profiles; case is baseline IBS recipient and control is donor stool.	0.15715759804387128	up
Goll_2020_FMT_IBS	Goll et al. Gut Microbes 2020; DOI 10.1080/19490976.2020.1794263; local MetaPhlAn4 re-analysis	IBS baseline recipients vs healthy donor stool	s__GGB9524_SGB14924	s__GGB9524_SGB14924	IBS baseline recipient	healthy donor	31	17	0.00397064509771524	0.0	11.955520995483521	0.08772701405635577	0.0025643750559538603		local_mannwhitney_metaphlan4	Computed from local Metalog MetaPhlAn4 species profiles; case is baseline IBS recipient and control is donor stool.	0.15715759804387128	up
Goll_2020_FMT_IBS	Goll et al. Gut Microbes 2020; DOI 10.1080/19490976.2020.1794263; local MetaPhlAn4 re-analysis	IBS baseline recipients vs healthy donor stool	s__GGB9532_SGB14933	s__GGB9532_SGB14933	IBS baseline recipient	healthy donor	31	17	0.00027322579896257767	0.0	8.099220494971	0.08772701405635577	0.00017645832849666476		local_mannwhitney_metaphlan4	Computed from local Metalog MetaPhlAn4 species profiles; case is baseline IBS recipient and control is donor stool.	0.15715759804387128	up
Goll_2020_FMT_IBS	Goll et al. Gut Microbes 2020; DOI 10.1080/19490976.2020.1794263; local MetaPhlAn4 re-analysis	IBS baseline recipients vs healthy donor stool	s__GGB9618_SGB15065	s__GGB9618_SGB15065	IBS baseline recipient	healthy donor	31	17	0.015572580749229077	0.0	13.926813073177886	0.08772701405635577	0.010057291947305202		local_mannwhitney_metaphlan4	Computed from local Metalog MetaPhlAn4 species profiles; case is baseline IBS recipient and control is donor stool.	0.15715759804387128	up
Goll_2020_FMT_IBS	Goll et al. Gut Microbes 2020; DOI 10.1080/19490976.2020.1794263; local MetaPhlAn4 re-analysis	IBS baseline recipients vs healthy donor stool	s__GGB9641_SGB15117	s__GGB9641_SGB15117	IBS baseline recipient	healthy donor	31	17	0.002244838660830752	0.0	11.133038574119242	0.08772701405635577	0.0014497917145490646		local_mannwhitney_metaphlan4	Computed from local Metalog MetaPhlAn4 species profiles; case is baseline IBS recipient and control is donor stool.	0.15715759804387128	up
Goll_2020_FMT_IBS	Goll et al. Gut Microbes 2020; DOI 10.1080/19490976.2020.1794263; local MetaPhlAn4 re-analysis	IBS baseline recipients vs healthy donor stool	s__GGB9642_SGB15119	s__GGB9642_SGB15119	IBS baseline recipient	healthy donor	31	17	0.0016777418824213167	0.0	10.713164708160628	0.08772701405635577	0.0010835416615009308		local_mannwhitney_metaphlan4	Computed from local Metalog MetaPhlAn4 species profiles; case is baseline IBS recipient and control is donor stool.	0.15715759804387128	up
Goll_2020_FMT_IBS	Goll et al. Gut Microbes 2020; DOI 10.1080/19490976.2020.1794263; local MetaPhlAn4 re-analysis	IBS baseline recipients vs healthy donor stool	s__GGB9690_SGB15196	s__GGB9690_SGB15196	IBS baseline recipient	healthy donor	31	17	0.0053919355775560104	0.0	12.396855084597044	0.08772701405635577	0.0034822917077690363		local_mannwhitney_metaphlan4	Computed from local Metalog MetaPhlAn4 species profiles; case is baseline IBS recipient and control is donor stool.	0.15715759804387128	up
Goll_2020_FMT_IBS	Goll et al. Gut Microbes 2020; DOI 10.1080/19490976.2020.1794263; local MetaPhlAn4 re-analysis	IBS baseline recipients vs healthy donor stool	s__GGB9691_SGB15198	s__GGB9691_SGB15198	IBS baseline recipient	healthy donor	31	17	0.03335451647158592	0.0	15.025637759491609	0.08772701405635577	0.02154145948588848		local_mannwhitney_metaphlan4	Computed from local Metalog MetaPhlAn4 species profiles; case is baseline IBS recipient and control is donor stool.	0.15715759804387128	up
Goll_2020_FMT_IBS	Goll et al. Gut Microbes 2020; DOI 10.1080/19490976.2020.1794263; local MetaPhlAn4 re-analysis	IBS baseline recipients vs healthy donor stool	s__GGB9774_SGB15394	s__GGB9774_SGB15394	IBS baseline recipient	healthy donor	31	17	0.006497742007336309	0.0	12.66594476043003	0.08772701405635577	0.004196458030492067		local_mannwhitney_metaphlan4	Computed from local Metalog MetaPhlAn4 species profiles; case is baseline IBS recipient and control is donor stool.	0.15715759804387128	up
Goll_2020_FMT_IBS	Goll et al. Gut Microbes 2020; DOI 10.1080/19490976.2020.1794263; local MetaPhlAn4 re-analysis	IBS baseline recipients vs healthy donor stool	s__GGB9790_SGB15413	s__GGB9790_SGB15413	IBS baseline recipient	healthy donor	31	17	0.002710000020376737	0.0	11.404609408681466	0.08772701405635577	0.0017502083210274577		local_mannwhitney_metaphlan4	Computed from local Metalog MetaPhlAn4 species profiles; case is baseline IBS recipient and control is donor stool.	0.15715759804387128	up
Goll_2020_FMT_IBS	Goll et al. Gut Microbes 2020; DOI 10.1080/19490976.2020.1794263; local MetaPhlAn4 re-analysis	IBS baseline recipients vs healthy donor stool	s__Holdemanella_porci	s__Holdemanella_porci	IBS baseline recipient	healthy donor	31	17	0.07499516058352686	0.0	16.1945291185061	0.08772701405635577	0.04843437671661377		local_mannwhitney_metaphlan4	Computed from local Metalog MetaPhlAn4 species profiles; case is baseline IBS recipient and control is donor stool.	0.15715759804387128	up
Goll_2020_FMT_IBS	Goll et al. Gut Microbes 2020; DOI 10.1080/19490976.2020.1794263; local MetaPhlAn4 re-analysis	IBS baseline recipients vs healthy donor stool	s__Lactobacillus_acidophilus	s__Lactobacillus_acidophilus	IBS baseline recipient	healthy donor	31	17	0.21344580050678022	0.0	17.70351701168811	0.08772701405635577	0.13785040378570557		local_mannwhitney_metaphlan4	Computed from local Metalog MetaPhlAn4 species profiles; case is baseline IBS recipient and control is donor stool.	0.15715759804387128	up
Goll_2020_FMT_IBS	Goll et al. Gut Microbes 2020; DOI 10.1080/19490976.2020.1794263; local MetaPhlAn4 re-analysis	IBS baseline recipients vs healthy donor stool	s__Lentihominibacter_SGB71368	s__Lentihominibacter_SGB71368	IBS baseline recipient	healthy donor	31	17	0.00557322598122541	0.0	12.444555775690931	0.08772701405635577	0.0035993752535432577		local_mannwhitney_metaphlan4	Computed from local Metalog MetaPhlAn4 species profiles; case is baseline IBS recipient and control is donor stool.	0.15715759804387128	up
Goll_2020_FMT_IBS	Goll et al. Gut Microbes 2020; DOI 10.1080/19490976.2020.1794263; local MetaPhlAn4 re-analysis	IBS baseline recipients vs healthy donor stool	s__Massilimicrobiota_timonensis	s__Massilimicrobiota_timonensis	IBS baseline recipient	healthy donor	31	17	0.029468387518605713	0.0	14.846929455856202	0.08772701405635577	0.019031668081879616		local_mannwhitney_metaphlan4	Computed from local Metalog MetaPhlAn4 species profiles; case is baseline IBS recipient and control is donor stool.	0.15715759804387128	up
Goll_2020_FMT_IBS	Goll et al. Gut Microbes 2020; DOI 10.1080/19490976.2020.1794263; local MetaPhlAn4 re-analysis	IBS baseline recipients vs healthy donor stool	s__Oscillospiraceae_unclassified_SGB15256	s__Oscillospiraceae_unclassified_SGB15256	IBS baseline recipient	healthy donor	31	17	0.03660612892840178	0.0	15.159837008062633	0.08772701405635577	0.02364145778119564		local_mannwhitney_metaphlan4	Computed from local Metalog MetaPhlAn4 species profiles; case is baseline IBS recipient and control is donor stool.	0.15715759804387128	up
Goll_2020_FMT_IBS	Goll et al. Gut Microbes 2020; DOI 10.1080/19490976.2020.1794263; local MetaPhlAn4 re-analysis	IBS baseline recipients vs healthy donor stool	s__Clostridium_sp_1001270J_160509_D11	s__Clostridium_sp_1001270J_160509_D11	IBS baseline recipient	healthy donor	31	17	0.00024451613576421813	0.002599411685129299	-3.404850292835349	0.0878233636127516	0.001078541623428464		local_mannwhitney_metaphlan4	Computed from local Metalog MetaPhlAn4 species profiles; case is baseline IBS recipient and control is donor stool.	0.15715759804387128	down
Goll_2020_FMT_IBS	Goll et al. Gut Microbes 2020; DOI 10.1080/19490976.2020.1794263; local MetaPhlAn4 re-analysis	IBS baseline recipients vs healthy donor stool	s__GGB6613_SGB9347	s__GGB6613_SGB9347	IBS baseline recipient	healthy donor	31	17	0.653630975693945	0.06899647151722628	3.2438631629506944	0.09290595341802724	0.4465728998184204		local_mannwhitney_metaphlan4	Computed from local Metalog MetaPhlAn4 species profiles; case is baseline IBS recipient and control is donor stool.	0.16573963294944366	up
Goll_2020_FMT_IBS	Goll et al. Gut Microbes 2020; DOI 10.1080/19490976.2020.1794263; local MetaPhlAn4 re-analysis	IBS baseline recipients vs healthy donor stool	s__Veillonella_atypica	s__Veillonella_atypica	IBS baseline recipient	healthy donor	31	17	0.006879677320079458	0.003570000021307565	0.9462224453926021	0.0987251157521805	0.005707500036805868		local_mannwhitney_metaphlan4	Computed from local Metalog MetaPhlAn4 species profiles; case is baseline IBS recipient and control is donor stool.	0.1755788212454164	up
Goll_2020_FMT_IBS	Goll et al. Gut Microbes 2020; DOI 10.1080/19490976.2020.1794263; local MetaPhlAn4 re-analysis	IBS baseline recipients vs healthy donor stool	s__Clostridium_sp_AM49_4BH	s__Clostridium_sp_AM49_4BH	IBS baseline recipient	healthy donor	31	17	0.054196452121100115	0.0873429403094205	-0.6884825856931953	0.0995617643577513	0.06593582779169083		local_mannwhitney_metaphlan4	Computed from local Metalog MetaPhlAn4 species profiles; case is baseline IBS recipient and control is donor stool.	0.17652361901466335	down
Goll_2020_FMT_IBS	Goll et al. Gut Microbes 2020; DOI 10.1080/19490976.2020.1794263; local MetaPhlAn4 re-analysis	IBS baseline recipients vs healthy donor stool	s__Vescimonas_coprocola	s__Vescimonas_coprocola	IBS baseline recipient	healthy donor	31	17	0.3087300050227045	0.4568464781760293	-0.5653622153244138	0.10479003556868813	0.3611879348754883		local_mannwhitney_metaphlan4	Computed from local Metalog MetaPhlAn4 species profiles; case is baseline IBS recipient and control is donor stool.	0.18522520048532642	down
Goll_2020_FMT_IBS	Goll et al. Gut Microbes 2020; DOI 10.1080/19490976.2020.1794263; local MetaPhlAn4 re-analysis	IBS baseline recipients vs healthy donor stool	s__GGB33469_SGB15236	s__GGB33469_SGB15236	IBS baseline recipient	healthy donor	31	17	0.12993193787312315	0.01545529390740044	3.0715008608721535	0.10973317344162185	0.08938813209533691		local_mannwhitney_metaphlan4	Computed from local Metalog MetaPhlAn4 species profiles; case is baseline IBS recipient and control is donor stool.	0.19337126295505314	up
Goll_2020_FMT_IBS	Goll et al. Gut Microbes 2020; DOI 10.1080/19490976.2020.1794263; local MetaPhlAn4 re-analysis	IBS baseline recipients vs healthy donor stool	s__Ruminococcus_bromii	s__Ruminococcus_bromii	IBS baseline recipient	healthy donor	31	17	3.789701270704691	1.3909752855953925	1.4459866868654352	0.114736428268697	2.940152406692505		local_mannwhitney_metaphlan4	Computed from local Metalog MetaPhlAn4 species profiles; case is baseline IBS recipient and control is donor stool.	0.19506705413414124	up
Goll_2020_FMT_IBS	Goll et al. Gut Microbes 2020; DOI 10.1080/19490976.2020.1794263; local MetaPhlAn4 re-analysis	IBS baseline recipients vs healthy donor stool	s__Anaerotruncus_colihominis	s__Anaerotruncus_colihominis	IBS baseline recipient	healthy donor	31	17	0.021749355225174148	0.0011170588241999641	4.281970963631906	0.11794688978925036	0.014442083425819874		local_mannwhitney_metaphlan4	Computed from local Metalog MetaPhlAn4 species profiles; case is baseline IBS recipient and control is donor stool.	0.19506705413414124	up
Goll_2020_FMT_IBS	Goll et al. Gut Microbes 2020; DOI 10.1080/19490976.2020.1794263; local MetaPhlAn4 re-analysis	IBS baseline recipients vs healthy donor stool	s__GGB52130_SGB14966	s__GGB52130_SGB14966	IBS baseline recipient	healthy donor	31	17	0.03190258055204345	0.009237646923044367	1.7879648698432629	0.11885562901721884	0.023875415325164795		local_mannwhitney_metaphlan4	Computed from local Metalog MetaPhlAn4 species profiles; case is baseline IBS recipient and control is donor stool.	0.19506705413414124	up
Goll_2020_FMT_IBS	Goll et al. Gut Microbes 2020; DOI 10.1080/19490976.2020.1794263; local MetaPhlAn4 re-analysis	IBS baseline recipients vs healthy donor stool	s__Agathobaculum_butyriciproducens	s__Agathobaculum_butyriciproducens	IBS baseline recipient	healthy donor	31	17	0.1265370987671157	0.04651470548089813	1.4437820120600386	0.12322831360893687	0.09819582849740982		local_mannwhitney_metaphlan4	Computed from local Metalog MetaPhlAn4 species profiles; case is baseline IBS recipient and control is donor stool.	0.19506705413414124	up
Goll_2020_FMT_IBS	Goll et al. Gut Microbes 2020; DOI 10.1080/19490976.2020.1794263; local MetaPhlAn4 re-analysis	IBS baseline recipients vs healthy donor stool	s__Turicibacter_sanguinis	s__Turicibacter_sanguinis	IBS baseline recipient	healthy donor	31	17	0.005110322467742428	0.0031658823684077055	0.6906333317805781	0.12865899860119515	0.004421666730195284		local_mannwhitney_metaphlan4	Computed from local Metalog MetaPhlAn4 species profiles; case is baseline IBS recipient and control is donor stool.	0.19506705413414124	up
Goll_2020_FMT_IBS	Goll et al. Gut Microbes 2020; DOI 10.1080/19490976.2020.1794263; local MetaPhlAn4 re-analysis	IBS baseline recipients vs healthy donor stool	s__Gordonibacter_urolithinfaciens	s__Gordonibacter_urolithinfaciens	IBS baseline recipient	healthy donor	31	17	0.05460709705573296	0.0014141176258871222	5.270121002372411	0.1304476870299258	0.03576791658997536		local_mannwhitney_metaphlan4	Computed from local Metalog MetaPhlAn4 species profiles; case is baseline IBS recipient and control is donor stool.	0.19506705413414124	up
Goll_2020_FMT_IBS	Goll et al. Gut Microbes 2020; DOI 10.1080/19490976.2020.1794263; local MetaPhlAn4 re-analysis	IBS baseline recipients vs healthy donor stool	s__Bacteroides_clarus	s__Bacteroides_clarus	IBS baseline recipient	healthy donor	31	17	0.03353709760572641	0.0	15.033513236232757	0.1319571248554485	0.021659374237060547		local_mannwhitney_metaphlan4	Computed from local Metalog MetaPhlAn4 species profiles; case is baseline IBS recipient and control is donor stool.	0.19506705413414124	up
Goll_2020_FMT_IBS	Goll et al. Gut Microbes 2020; DOI 10.1080/19490976.2020.1794263; local MetaPhlAn4 re-analysis	IBS baseline recipients vs healthy donor stool	s__Bianquea_renquensis	s__Bianquea_renquensis	IBS baseline recipient	healthy donor	31	17	0.0008958064605511965	0.0	9.808652861062132	0.1319571248554485	0.0005785417160950601		local_mannwhitney_metaphlan4	Computed from local Metalog MetaPhlAn4 species profiles; case is baseline IBS recipient and control is donor stool.	0.19506705413414124	up
Goll_2020_FMT_IBS	Goll et al. Gut Microbes 2020; DOI 10.1080/19490976.2020.1794263; local MetaPhlAn4 re-analysis	IBS baseline recipients vs healthy donor stool	s__Bifidobacterium_catenulatum	s__Bifidobacterium_catenulatum	IBS baseline recipient	healthy donor	31	17	0.035408065045973464	0.0	15.111831130328683	0.1319571248554485	0.022867707535624504		local_mannwhitney_metaphlan4	Computed from local Metalog MetaPhlAn4 species profiles; case is baseline IBS recipient and control is donor stool.	0.19506705413414124	up
Goll_2020_FMT_IBS	Goll et al. Gut Microbes 2020; DOI 10.1080/19490976.2020.1794263; local MetaPhlAn4 re-analysis	IBS baseline recipients vs healthy donor stool	s__Butyricimonas_paravirosa	s__Butyricimonas_paravirosa	IBS baseline recipient	healthy donor	31	17	0.00930064529060356	0.0	13.183270209770322	0.1319571248554485	0.006006666924804449		local_mannwhitney_metaphlan4	Computed from local Metalog MetaPhlAn4 species profiles; case is baseline IBS recipient and control is donor stool.	0.19506705413414124	up
Goll_2020_FMT_IBS	Goll et al. Gut Microbes 2020; DOI 10.1080/19490976.2020.1794263; local MetaPhlAn4 re-analysis	IBS baseline recipients vs healthy donor stool	s__Candidatus_Nanosynsacchari_sp_TM7_ANC_38_39_G1_1	s__Candidatus_Nanosynsacchari_sp_TM7_ANC_38_39_G1_1	IBS baseline recipient	healthy donor	31	17	0.0025599999315736276	0.0	11.322491499050654	0.1319571248554485	0.001653333310969174		local_mannwhitney_metaphlan4	Computed from local Metalog MetaPhlAn4 species profiles; case is baseline IBS recipient and control is donor stool.	0.19506705413414124	up
Goll_2020_FMT_IBS	Goll et al. Gut Microbes 2020; DOI 10.1080/19490976.2020.1794263; local MetaPhlAn4 re-analysis	IBS baseline recipients vs healthy donor stool	s__Christensenella_minuta	s__Christensenella_minuta	IBS baseline recipient	healthy donor	31	17	0.0014435484059034816	0.0	10.496402833173011	0.1319571248554485	0.0009322916157543659		local_mannwhitney_metaphlan4	Computed from local Metalog MetaPhlAn4 species profiles; case is baseline IBS recipient and control is donor stool.	0.19506705413414124	up
Goll_2020_FMT_IBS	Goll et al. Gut Microbes 2020; DOI 10.1080/19490976.2020.1794263; local MetaPhlAn4 re-analysis	IBS baseline recipients vs healthy donor stool	s__Christensenellaceae_bacterium	s__Christensenellaceae_bacterium	IBS baseline recipient	healthy donor	31	17	0.0009474193380634872	0.0	9.88938126913183	0.1319571248554485	0.0006118750316090882		local_mannwhitney_metaphlan4	Computed from local Metalog MetaPhlAn4 species profiles; case is baseline IBS recipient and control is donor stool.	0.19506705413414124	up
Goll_2020_FMT_IBS	Goll et al. Gut Microbes 2020; DOI 10.1080/19490976.2020.1794263; local MetaPhlAn4 re-analysis	IBS baseline recipients vs healthy donor stool	s__Clostridiaceae_unclassified_SGB4771	s__Clostridiaceae_unclassified_SGB4771	IBS baseline recipient	healthy donor	31	17	0.003333871012493487	0.0	11.703415246001555	0.1319571248554485	0.0021531248930841684		local_mannwhitney_metaphlan4	Computed from local Metalog MetaPhlAn4 species profiles; case is baseline IBS recipient and control is donor stool.	0.19506705413414124	up
Goll_2020_FMT_IBS	Goll et al. Gut Microbes 2020; DOI 10.1080/19490976.2020.1794263; local MetaPhlAn4 re-analysis	IBS baseline recipients vs healthy donor stool	s__Dakarella_massiliensis	s__Dakarella_massiliensis	IBS baseline recipient	healthy donor	31	17	0.03245064544100915	0.0	14.986004010605917	0.1319571248554485	0.02095770835876465		local_mannwhitney_metaphlan4	Computed from local Metalog MetaPhlAn4 species profiles; case is baseline IBS recipient and control is donor stool.	0.19506705413414124	up
Goll_2020_FMT_IBS	Goll et al. Gut Microbes 2020; DOI 10.1080/19490976.2020.1794263; local MetaPhlAn4 re-analysis	IBS baseline recipients vs healthy donor stool	s__Eubacterium_sp_c_25	s__Eubacterium_sp_c_25	IBS baseline recipient	healthy donor	31	17	0.018704838570087187	0.0	14.191201021930492	0.1319571248554485	0.012080207467079163		local_mannwhitney_metaphlan4	Computed from local Metalog MetaPhlAn4 species profiles; case is baseline IBS recipient and control is donor stool.	0.19506705413414124	up
Goll_2020_FMT_IBS	Goll et al. Gut Microbes 2020; DOI 10.1080/19490976.2020.1794263; local MetaPhlAn4 re-analysis	IBS baseline recipients vs healthy donor stool	s__Fumia_xinanensis	s__Fumia_xinanensis	IBS baseline recipient	healthy donor	31	17	0.0003770967729994276	0.0	8.562611725961576	0.1319571248554485	0.00024354166816920042		local_mannwhitney_metaphlan4	Computed from local Metalog MetaPhlAn4 species profiles; case is baseline IBS recipient and control is donor stool.	0.19506705413414124	up
Goll_2020_FMT_IBS	Goll et al. Gut Microbes 2020; DOI 10.1080/19490976.2020.1794263; local MetaPhlAn4 re-analysis	IBS baseline recipients vs healthy donor stool	s__GGB1627_SGB2230	s__GGB1627_SGB2230	IBS baseline recipient	healthy donor	31	17	1.4236286686312767	0.0	20.44114247355397	0.1319571248554485	0.9194268584251404		local_mannwhitney_metaphlan4	Computed from local Metalog MetaPhlAn4 species profiles; case is baseline IBS recipient and control is donor stool.	0.19506705413414124	up
Goll_2020_FMT_IBS	Goll et al. Gut Microbes 2020; DOI 10.1080/19490976.2020.1794263; local MetaPhlAn4 re-analysis	IBS baseline recipients vs healthy donor stool	s__GGB33512_SGB15201	s__GGB33512_SGB15201	IBS baseline recipient	healthy donor	31	17	0.024308387513062166	0.0	14.569225923965062	0.1319571248554485	0.015699166804552078		local_mannwhitney_metaphlan4	Computed from local Metalog MetaPhlAn4 species profiles; case is baseline IBS recipient and control is donor stool.	0.19506705413414124	up
Goll_2020_FMT_IBS	Goll et al. Gut Microbes 2020; DOI 10.1080/19490976.2020.1794263; local MetaPhlAn4 re-analysis	IBS baseline recipients vs healthy donor stool	s__GGB3351_SGB4434	s__GGB3351_SGB4434	IBS baseline recipient	healthy donor	31	17	0.004717096832821206	0.0	12.203989312988796	0.1319571248554485	0.0030464583542197943		local_mannwhitney_metaphlan4	Computed from local Metalog MetaPhlAn4 species profiles; case is baseline IBS recipient and control is donor stool.	0.19506705413414124	up
Goll_2020_FMT_IBS	Goll et al. Gut Microbes 2020; DOI 10.1080/19490976.2020.1794263; local MetaPhlAn4 re-analysis	IBS baseline recipients vs healthy donor stool	s__GGB34228_SGB53814	s__GGB34228_SGB53814	IBS baseline recipient	healthy donor	31	17	0.004892903320010631	0.0	12.256769885646424	0.1319571248554485	0.0031599998474121094		local_mannwhitney_metaphlan4	Computed from local Metalog MetaPhlAn4 species profiles; case is baseline IBS recipient and control is donor stool.	0.19506705413414124	up
Goll_2020_FMT_IBS	Goll et al. Gut Microbes 2020; DOI 10.1080/19490976.2020.1794263; local MetaPhlAn4 re-analysis	IBS baseline recipients vs healthy donor stool	s__GGB3446_SGB4597	s__GGB3446_SGB4597	IBS baseline recipient	healthy donor	31	17	0.001808709652733899	0.0	10.821542536577414	0.1319571248554485	0.0011681249598041177		local_mannwhitney_metaphlan4	Computed from local Metalog MetaPhlAn4 species profiles; case is baseline IBS recipient and control is donor stool.	0.19506705413414124	up
Goll_2020_FMT_IBS	Goll et al. Gut Microbes 2020; DOI 10.1080/19490976.2020.1794263; local MetaPhlAn4 re-analysis	IBS baseline recipients vs healthy donor stool	s__GGB36267_SGB14177	s__GGB36267_SGB14177	IBS baseline recipient	healthy donor	31	17	0.007239677267329347	0.0	12.82190893287101	0.1319571248554485	0.004675624426454306		local_mannwhitney_metaphlan4	Computed from local Metalog MetaPhlAn4 species profiles; case is baseline IBS recipient and control is donor stool.	0.19506705413414124	up
Goll_2020_FMT_IBS	Goll et al. Gut Microbes 2020; DOI 10.1080/19490976.2020.1794263; local MetaPhlAn4 re-analysis	IBS baseline recipients vs healthy donor stool	s__GGB3654_SGB4965	s__GGB3654_SGB4965	IBS baseline recipient	healthy donor	31	17	0.015214193371995803	0.0	13.893225048929175	0.1319571248554485	0.009825833141803741		local_mannwhitney_metaphlan4	Computed from local Metalog MetaPhlAn4 species profiles; case is baseline IBS recipient and control is donor stool.	0.19506705413414124	up
Goll_2020_FMT_IBS	Goll et al. Gut Microbes 2020; DOI 10.1080/19490976.2020.1794263; local MetaPhlAn4 re-analysis	IBS baseline recipients vs healthy donor stool	s__GGB3677_SGB4990	s__GGB3677_SGB4990	IBS baseline recipient	healthy donor	31	17	0.016482580312332438	0.0	14.008742016357136	0.1319571248554485	0.010644999332726002		local_mannwhitney_metaphlan4	Computed from local Metalog MetaPhlAn4 species profiles; case is baseline IBS recipient and control is donor stool.	0.19506705413414124	up
Goll_2020_FMT_IBS	Goll et al. Gut Microbes 2020; DOI 10.1080/19490976.2020.1794263; local MetaPhlAn4 re-analysis	IBS baseline recipients vs healthy donor stool	s__GGB3678_SGB4992	s__GGB3678_SGB4992	IBS baseline recipient	healthy donor	31	17	0.0793125790303513	0.0	16.27528026594083	0.1319571248554485	0.05122270807623863		local_mannwhitney_metaphlan4	Computed from local Metalog MetaPhlAn4 species profiles; case is baseline IBS recipient and control is donor stool.	0.19506705413414124	up
Goll_2020_FMT_IBS	Goll et al. Gut Microbes 2020; DOI 10.1080/19490976.2020.1794263; local MetaPhlAn4 re-analysis	IBS baseline recipients vs healthy donor stool	s__GGB3892_SGB5290	s__GGB3892_SGB5290	IBS baseline recipient	healthy donor	31	17	0.0027732258332112143	0.0	11.437869518319443	0.1319571248554485	0.001791041693650186		local_mannwhitney_metaphlan4	Computed from local Metalog MetaPhlAn4 species profiles; case is baseline IBS recipient and control is donor stool.	0.19506705413414124	up
Goll_2020_FMT_IBS	Goll et al. Gut Microbes 2020; DOI 10.1080/19490976.2020.1794263; local MetaPhlAn4 re-analysis	IBS baseline recipients vs healthy donor stool	s__GGB42389_SGB59559	s__GGB42389_SGB59559	IBS baseline recipient	healthy donor	31	17	0.0011861290512306074	0.0	10.213261061638768	0.1319571248554485	0.0007660416886210442		local_mannwhitney_metaphlan4	Computed from local Metalog MetaPhlAn4 species profiles; case is baseline IBS recipient and control is donor stool.	0.19506705413414124	up
Goll_2020_FMT_IBS	Goll et al. Gut Microbes 2020; DOI 10.1080/19490976.2020.1794263; local MetaPhlAn4 re-analysis	IBS baseline recipients vs healthy donor stool	s__GGB4567_SGB6308	s__GGB4567_SGB6308	IBS baseline recipient	healthy donor	31	17	0.018934193638063247	0.0	14.20878255436276	0.1319571248554485	0.01222833339124918		local_mannwhitney_metaphlan4	Computed from local Metalog MetaPhlAn4 species profiles; case is baseline IBS recipient and control is donor stool.	0.19506705413414124	up
Goll_2020_FMT_IBS	Goll et al. Gut Microbes 2020; DOI 10.1080/19490976.2020.1794263; local MetaPhlAn4 re-analysis	IBS baseline recipients vs healthy donor stool	s__GGB4596_SGB6358	s__GGB4596_SGB6358	IBS baseline recipient	healthy donor	31	17	0.007979677329140325	0.0	12.962295479471043	0.1319571248554485	0.005153541918843985		local_mannwhitney_metaphlan4	Computed from local Metalog MetaPhlAn4 species profiles; case is baseline IBS recipient and control is donor stool.	0.19506705413414124	up
Goll_2020_FMT_IBS	Goll et al. Gut Microbes 2020; DOI 10.1080/19490976.2020.1794263; local MetaPhlAn4 re-analysis	IBS baseline recipients vs healthy donor stool	s__GGB4599_SGB6362	s__GGB4599_SGB6362	IBS baseline recipient	healthy donor	31	17	0.034544515273263375	0.0	15.076210810481916	0.1319571248554485	0.02230999805033207		local_mannwhitney_metaphlan4	Computed from local Metalog MetaPhlAn4 species profiles; case is baseline IBS recipient and control is donor stool.	0.19506705413414124	up
Goll_2020_FMT_IBS	Goll et al. Gut Microbes 2020; DOI 10.1080/19490976.2020.1794263; local MetaPhlAn4 re-analysis	IBS baseline recipients vs healthy donor stool	s__GGB4604_SGB6370	s__GGB4604_SGB6370	IBS baseline recipient	healthy donor	31	17	0.02074806452278168	0.0	14.340758673176866	0.1319571248554485	0.013399790972471237		local_mannwhitney_metaphlan4	Computed from local Metalog MetaPhlAn4 species profiles; case is baseline IBS recipient and control is donor stool.	0.19506705413414124	up
Goll_2020_FMT_IBS	Goll et al. Gut Microbes 2020; DOI 10.1080/19490976.2020.1794263; local MetaPhlAn4 re-analysis	IBS baseline recipients vs healthy donor stool	s__GGB4676_SGB6465	s__GGB4676_SGB6465	IBS baseline recipient	healthy donor	31	17	0.04513419360943859	0.0	15.461965175460252	0.1319571248554485	0.029149167239665985		local_mannwhitney_metaphlan4	Computed from local Metalog MetaPhlAn4 species profiles; case is baseline IBS recipient and control is donor stool.	0.19506705413414124	up
Goll_2020_FMT_IBS	Goll et al. Gut Microbes 2020; DOI 10.1080/19490976.2020.1794263; local MetaPhlAn4 re-analysis	IBS baseline recipients vs healthy donor stool	s__GGB53380_SGB74412	s__GGB53380_SGB74412	IBS baseline recipient	healthy donor	31	17	0.0006474193501015825	0.0	9.340783334114219	0.1319571248554485	0.0004181249823886901		local_mannwhitney_metaphlan4	Computed from local Metalog MetaPhlAn4 species profiles; case is baseline IBS recipient and control is donor stool.	0.19506705413414124	up
Goll_2020_FMT_IBS	Goll et al. Gut Microbes 2020; DOI 10.1080/19490976.2020.1794263; local MetaPhlAn4 re-analysis	IBS baseline recipients vs healthy donor stool	s__GGB6518_SGB9205	s__GGB6518_SGB9205	IBS baseline recipient	healthy donor	31	17	0.01335516135628906	0.0	13.705217807421597	0.1319571248554485	0.008625208400189877		local_mannwhitney_metaphlan4	Computed from local Metalog MetaPhlAn4 species profiles; case is baseline IBS recipient and control is donor stool.	0.19506705413414124	up
Goll_2020_FMT_IBS	Goll et al. Gut Microbes 2020; DOI 10.1080/19490976.2020.1794263; local MetaPhlAn4 re-analysis	IBS baseline recipients vs healthy donor stool	s__GGB9109_SGB14042	s__GGB9109_SGB14042	IBS baseline recipient	healthy donor	31	17	0.02728871027788808	0.0	14.736069457823179	0.1319571248554485	0.017623959109187126		local_mannwhitney_metaphlan4	Computed from local Metalog MetaPhlAn4 species profiles; case is baseline IBS recipient and control is donor stool.	0.19506705413414124	up
Goll_2020_FMT_IBS	Goll et al. Gut Microbes 2020; DOI 10.1080/19490976.2020.1794263; local MetaPhlAn4 re-analysis	IBS baseline recipients vs healthy donor stool	s__GGB9200_SGB14139	s__GGB9200_SGB14139	IBS baseline recipient	healthy donor	31	17	0.01851903186029484	0.0	14.176798960040138	0.1319571248554485	0.011960208415985107		local_mannwhitney_metaphlan4	Computed from local Metalog MetaPhlAn4 species profiles; case is baseline IBS recipient and control is donor stool.	0.19506705413414124	up
Goll_2020_FMT_IBS	Goll et al. Gut Microbes 2020; DOI 10.1080/19490976.2020.1794263; local MetaPhlAn4 re-analysis	IBS baseline recipients vs healthy donor stool	s__GGB9210_SGB14150	s__GGB9210_SGB14150	IBS baseline recipient	healthy donor	31	17	0.004148387229971347	0.0	12.018682583638604	0.1319571248554485	0.002679166616871953		local_mannwhitney_metaphlan4	Computed from local Metalog MetaPhlAn4 species profiles; case is baseline IBS recipient and control is donor stool.	0.19506705413414124	up
Goll_2020_FMT_IBS	Goll et al. Gut Microbes 2020; DOI 10.1080/19490976.2020.1794263; local MetaPhlAn4 re-analysis	IBS baseline recipients vs healthy donor stool	s__GGB9291_SGB14248	s__GGB9291_SGB14248	IBS baseline recipient	healthy donor	31	17	0.0833570948771892	0.0	16.347034685205227	0.1319571248554485	0.05383479222655296		local_mannwhitney_metaphlan4	Computed from local Metalog MetaPhlAn4 species profiles; case is baseline IBS recipient and control is donor stool.	0.19506705413414124	up
Goll_2020_FMT_IBS	Goll et al. Gut Microbes 2020; DOI 10.1080/19490976.2020.1794263; local MetaPhlAn4 re-analysis	IBS baseline recipients vs healthy donor stool	s__GGB9361_SGB14336	s__GGB9361_SGB14336	IBS baseline recipient	healthy donor	31	17	0.010476451404693147	0.0	13.355000209691731	0.1319571248554485	0.006766041740775108		local_mannwhitney_metaphlan4	Computed from local Metalog MetaPhlAn4 species profiles; case is baseline IBS recipient and control is donor stool.	0.19506705413414124	up
Goll_2020_FMT_IBS	Goll et al. Gut Microbes 2020; DOI 10.1080/19490976.2020.1794263; local MetaPhlAn4 re-analysis	IBS baseline recipients vs healthy donor stool	s__GGB9480_SGB14874	s__GGB9480_SGB14874	IBS baseline recipient	healthy donor	31	17	0.14199129347839662	0.0	17.115453105137128	0.1319571248554485	0.09170270711183548		local_mannwhitney_metaphlan4	Computed from local Metalog MetaPhlAn4 species profiles; case is baseline IBS recipient and control is donor stool.	0.19506705413414124	up
Goll_2020_FMT_IBS	Goll et al. Gut Microbes 2020; DOI 10.1080/19490976.2020.1794263; local MetaPhlAn4 re-analysis	IBS baseline recipients vs healthy donor stool	s__GGB9563_SGB14975	s__GGB9563_SGB14975	IBS baseline recipient	healthy donor	31	17	0.00026838709374949816	0.0	8.073536923167286	0.1319571248554485	0.00017333333380520344		local_mannwhitney_metaphlan4	Computed from local Metalog MetaPhlAn4 species profiles; case is baseline IBS recipient and control is donor stool.	0.19506705413414124	up
Goll_2020_FMT_IBS	Goll et al. Gut Microbes 2020; DOI 10.1080/19490976.2020.1794263; local MetaPhlAn4 re-analysis	IBS baseline recipients vs healthy donor stool	s__GGB9590_SGB15012	s__GGB9590_SGB15012	IBS baseline recipient	healthy donor	31	17	0.0034832257416940503	0.0	11.766622383303822	0.1319571248554485	0.0022495833691209555		local_mannwhitney_metaphlan4	Computed from local Metalog MetaPhlAn4 species profiles; case is baseline IBS recipient and control is donor stool.	0.19506705413414124	up
Goll_2020_FMT_IBS	Goll et al. Gut Microbes 2020; DOI 10.1080/19490976.2020.1794263; local MetaPhlAn4 re-analysis	IBS baseline recipients vs healthy donor stool	s__GGB9616_SGB15051	s__GGB9616_SGB15051	IBS baseline recipient	healthy donor	31	17	0.00896129041023913	0.0	13.129651760385224	0.1319571248554485	0.005787499714642763		local_mannwhitney_metaphlan4	Computed from local Metalog MetaPhlAn4 species profiles; case is baseline IBS recipient and control is donor stool.	0.19506705413414124	up
Goll_2020_FMT_IBS	Goll et al. Gut Microbes 2020; DOI 10.1080/19490976.2020.1794263; local MetaPhlAn4 re-analysis	IBS baseline recipients vs healthy donor stool	s__GGB9618_SGB15064	s__GGB9618_SGB15064	IBS baseline recipient	healthy donor	31	17	0.006887419449706231	0.0	12.749957278672493	0.1319571248554485	0.004448125138878822		local_mannwhitney_metaphlan4	Computed from local Metalog MetaPhlAn4 species profiles; case is baseline IBS recipient and control is donor stool.	0.19506705413414124	up
Goll_2020_FMT_IBS	Goll et al. Gut Microbes 2020; DOI 10.1080/19490976.2020.1794263; local MetaPhlAn4 re-analysis	IBS baseline recipients vs healthy donor stool	s__GGB9634_SGB15097	s__GGB9634_SGB15097	IBS baseline recipient	healthy donor	31	17	0.1792648397386074	0.0	17.45174107399285	0.1319571248554485	0.1157752200961113		local_mannwhitney_metaphlan4	Computed from local Metalog MetaPhlAn4 species profiles; case is baseline IBS recipient and control is donor stool.	0.19506705413414124	up
Goll_2020_FMT_IBS	Goll et al. Gut Microbes 2020; DOI 10.1080/19490976.2020.1794263; local MetaPhlAn4 re-analysis	IBS baseline recipients vs healthy donor stool	s__GGB9767_SGB15384	s__GGB9767_SGB15384	IBS baseline recipient	healthy donor	31	17	0.005391935547513347	0.0	12.39685507656016	0.1319571248554485	0.0034822917077690363		local_mannwhitney_metaphlan4	Computed from local Metalog MetaPhlAn4 species profiles; case is baseline IBS recipient and control is donor stool.	0.19506705413414124	up
Goll_2020_FMT_IBS	Goll et al. Gut Microbes 2020; DOI 10.1080/19490976.2020.1794263; local MetaPhlAn4 re-analysis	IBS baseline recipients vs healthy donor stool	s__GGB9778_SGB15398	s__GGB9778_SGB15398	IBS baseline recipient	healthy donor	31	17	0.0014167742417832356	0.0	10.469412109066239	0.1319571248554485	0.0009150000405497849		local_mannwhitney_metaphlan4	Computed from local Metalog MetaPhlAn4 species profiles; case is baseline IBS recipient and control is donor stool.	0.19506705413414124	up
Goll_2020_FMT_IBS	Goll et al. Gut Microbes 2020; DOI 10.1080/19490976.2020.1794263; local MetaPhlAn4 re-analysis	IBS baseline recipients vs healthy donor stool	s__Granulicatella_SGB8255	s__Granulicatella_SGB8255	IBS baseline recipient	healthy donor	31	17	0.0021345161141887786	0.0	11.060369068979078	0.1319571248554485	0.0013785416958853602		local_mannwhitney_metaphlan4	Computed from local Metalog MetaPhlAn4 species profiles; case is baseline IBS recipient and control is donor stool.	0.19506705413414124	up
Goll_2020_FMT_IBS	Goll et al. Gut Microbes 2020; DOI 10.1080/19490976.2020.1794263; local MetaPhlAn4 re-analysis	IBS baseline recipients vs healthy donor stool	s__Lachnoclostridium_sp_An131	s__Lachnoclostridium_sp_An131	IBS baseline recipient	healthy donor	31	17	0.00014709677517173752	0.0	7.210396415854588	0.1319571248554485	9.499999578110874e-05		local_mannwhitney_metaphlan4	Computed from local Metalog MetaPhlAn4 species profiles; case is baseline IBS recipient and control is donor stool.	0.19506705413414124	up
Goll_2020_FMT_IBS	Goll et al. Gut Microbes 2020; DOI 10.1080/19490976.2020.1794263; local MetaPhlAn4 re-analysis	IBS baseline recipients vs healthy donor stool	s__Lacticaseibacillus_paracasei	s__Lacticaseibacillus_paracasei	IBS baseline recipient	healthy donor	31	17	0.0020932258724520405	0.0	11.032201337003748	0.1319571248554485	0.0013518749037757516		local_mannwhitney_metaphlan4	Computed from local Metalog MetaPhlAn4 species profiles; case is baseline IBS recipient and control is donor stool.	0.19506705413414124	up
Goll_2020_FMT_IBS	Goll et al. Gut Microbes 2020; DOI 10.1080/19490976.2020.1794263; local MetaPhlAn4 re-analysis	IBS baseline recipients vs healthy donor stool	s__Lactococcus_cremoris	s__Lactococcus_cremoris	IBS baseline recipient	healthy donor	31	17	0.001700967734289025	0.0	10.732987971496508	0.1319571248554485	0.0010985416593030095		local_mannwhitney_metaphlan4	Computed from local Metalog MetaPhlAn4 species profiles; case is baseline IBS recipient and control is donor stool.	0.19506705413414124	up
Goll_2020_FMT_IBS	Goll et al. Gut Microbes 2020; DOI 10.1080/19490976.2020.1794263; local MetaPhlAn4 re-analysis	IBS baseline recipients vs healthy donor stool	s__Lactococcus_lactis	s__Lactococcus_lactis	IBS baseline recipient	healthy donor	31	17	0.002625161353799124	0.0	11.358739844142862	0.1319571248554485	0.0016954167513176799		local_mannwhitney_metaphlan4	Computed from local Metalog MetaPhlAn4 species profiles; case is baseline IBS recipient and control is donor stool.	0.19506705413414124	up
Goll_2020_FMT_IBS	Goll et al. Gut Microbes 2020; DOI 10.1080/19490976.2020.1794263; local MetaPhlAn4 re-analysis	IBS baseline recipients vs healthy donor stool	s__Lawsonibacter_faecis	s__Lawsonibacter_faecis	IBS baseline recipient	healthy donor	31	17	0.002971935382623586	0.0	11.537672390967984	0.1319571248554485	0.0019193749176338315		local_mannwhitney_metaphlan4	Computed from local Metalog MetaPhlAn4 species profiles; case is baseline IBS recipient and control is donor stool.	0.19506705413414124	up
Goll_2020_FMT_IBS	Goll et al. Gut Microbes 2020; DOI 10.1080/19490976.2020.1794263; local MetaPhlAn4 re-analysis	IBS baseline recipients vs healthy donor stool	s__Lentihominibacter_hominis	s__Lentihominibacter_hominis	IBS baseline recipient	healthy donor	31	17	0.0033067741821850498	0.0	11.691645031456027	0.1319571248554485	0.0021356248762458563		local_mannwhitney_metaphlan4	Computed from local Metalog MetaPhlAn4 species profiles; case is baseline IBS recipient and control is donor stool.	0.19506705413414124	up
Goll_2020_FMT_IBS	Goll et al. Gut Microbes 2020; DOI 10.1080/19490976.2020.1794263; local MetaPhlAn4 re-analysis	IBS baseline recipients vs healthy donor stool	s__Longicatena_caecimuris	s__Longicatena_caecimuris	IBS baseline recipient	healthy donor	31	17	0.17179807041200898	0.0	17.390362704652343	0.1319571248554485	0.11095291376113892		local_mannwhitney_metaphlan4	Computed from local Metalog MetaPhlAn4 species profiles; case is baseline IBS recipient and control is donor stool.	0.19506705413414124	up
Goll_2020_FMT_IBS	Goll et al. Gut Microbes 2020; DOI 10.1080/19490976.2020.1794263; local MetaPhlAn4 re-analysis	IBS baseline recipients vs healthy donor stool	s__Merdimonas_faecis	s__Merdimonas_faecis	IBS baseline recipient	healthy donor	31	17	0.014593225629669764	0.0	13.833110042950539	0.1319571248554485	0.009424791671335697		local_mannwhitney_metaphlan4	Computed from local Metalog MetaPhlAn4 species profiles; case is baseline IBS recipient and control is donor stool.	0.19506705413414124	up
Goll_2020_FMT_IBS	Goll et al. Gut Microbes 2020; DOI 10.1080/19490976.2020.1794263; local MetaPhlAn4 re-analysis	IBS baseline recipients vs healthy donor stool	s__Phascolarctobacterium_sp_ET69	s__Phascolarctobacterium_sp_ET69	IBS baseline recipient	healthy donor	31	17	0.057020001353756074	0.0	15.799205754416567	0.1319571248554485	0.03682541474699974		local_mannwhitney_metaphlan4	Computed from local Metalog MetaPhlAn4 species profiles; case is baseline IBS recipient and control is donor stool.	0.19506705413414124	up
Goll_2020_FMT_IBS	Goll et al. Gut Microbes 2020; DOI 10.1080/19490976.2020.1794263; local MetaPhlAn4 re-analysis	IBS baseline recipients vs healthy donor stool	s__Phocaeicola_plebeius	s__Phocaeicola_plebeius	IBS baseline recipient	healthy donor	31	17	0.12325742116738711	0.0	16.91132669111217	0.1319571248554485	0.07960375398397446		local_mannwhitney_metaphlan4	Computed from local Metalog MetaPhlAn4 species profiles; case is baseline IBS recipient and control is donor stool.	0.19506705413414124	up
Goll_2020_FMT_IBS	Goll et al. Gut Microbes 2020; DOI 10.1080/19490976.2020.1794263; local MetaPhlAn4 re-analysis	IBS baseline recipients vs healthy donor stool	s__Prevotella_marseillensis	s__Prevotella_marseillensis	IBS baseline recipient	healthy donor	31	17	0.5501458096888757	0.0	19.069457135523876	0.1319571248554485	0.35530248284339905		local_mannwhitney_metaphlan4	Computed from local Metalog MetaPhlAn4 species profiles; case is baseline IBS recipient and control is donor stool.	0.19506705413414124	up
Goll_2020_FMT_IBS	Goll et al. Gut Microbes 2020; DOI 10.1080/19490976.2020.1794263; local MetaPhlAn4 re-analysis	IBS baseline recipients vs healthy donor stool	s__Roseburia_sp_BX1005	s__Roseburia_sp_BX1005	IBS baseline recipient	healthy donor	31	17	0.0037090322659951787	0.0	11.857216018621052	0.1319571248554485	0.002395416609942913		local_mannwhitney_metaphlan4	Computed from local Metalog MetaPhlAn4 species profiles; case is baseline IBS recipient and control is donor stool.	0.19506705413414124	up
Goll_2020_FMT_IBS	Goll et al. Gut Microbes 2020; DOI 10.1080/19490976.2020.1794263; local MetaPhlAn4 re-analysis	IBS baseline recipients vs healthy donor stool	s__Rubneribacter_badeniensis	s__Rubneribacter_badeniensis	IBS baseline recipient	healthy donor	31	17	0.005105483848902006	0.0	12.318114526939006	0.1319571248554485	0.003297291463240981		local_mannwhitney_metaphlan4	Computed from local Metalog MetaPhlAn4 species profiles; case is baseline IBS recipient and control is donor stool.	0.19506705413414124	up
Goll_2020_FMT_IBS	Goll et al. Gut Microbes 2020; DOI 10.1080/19490976.2020.1794263; local MetaPhlAn4 re-analysis	IBS baseline recipients vs healthy donor stool	s__Yeguia_hominis	s__Yeguia_hominis	IBS baseline recipient	healthy donor	31	17	0.0002690322618300636	0.0	8.07698797187207	0.1319571248554485	0.00017374999879393727		local_mannwhitney_metaphlan4	Computed from local Metalog MetaPhlAn4 species profiles; case is baseline IBS recipient and control is donor stool.	0.19506705413414124	up
Goll_2020_FMT_IBS	Goll et al. Gut Microbes 2020; DOI 10.1080/19490976.2020.1794263; local MetaPhlAn4 re-analysis	IBS baseline recipients vs healthy donor stool	s__GGB9699_SGB15216	s__GGB9699_SGB15216	IBS baseline recipient	healthy donor	31	17	0.09234806363500896	0.014498235084294505	2.6711205411865087	0.13493071117173613	0.06477624922990799		local_mannwhitney_metaphlan4	Computed from local Metalog MetaPhlAn4 species profiles; case is baseline IBS recipient and control is donor stool.	0.19895395677873337	up
Goll_2020_FMT_IBS	Goll et al. Gut Microbes 2020; DOI 10.1080/19490976.2020.1794263; local MetaPhlAn4 re-analysis	IBS baseline recipients vs healthy donor stool	s__Oliverpabstia_intestinalis	s__Oliverpabstia_intestinalis	IBS baseline recipient	healthy donor	31	17	0.21916031820752147	0.008835294075063704	4.632407943148244	0.13591258345228732	0.14467020332813263		local_mannwhitney_metaphlan4	Computed from local Metalog MetaPhlAn4 species profiles; case is baseline IBS recipient and control is donor stool.	0.1998917894031096	up
Goll_2020_FMT_IBS	Goll et al. Gut Microbes 2020; DOI 10.1080/19490976.2020.1794263; local MetaPhlAn4 re-analysis	IBS baseline recipients vs healthy donor stool	s__Lacrimispora_amygdalina	s__Lacrimispora_amygdalina	IBS baseline recipient	healthy donor	31	17	0.012519032166775076	0.016061176443198585	-0.3594291240387196	0.13956759759331372	0.013773541897535324		local_mannwhitney_metaphlan4	Computed from local Metalog MetaPhlAn4 species profiles; case is baseline IBS recipient and control is donor stool.	0.20474637413435362	down
Goll_2020_FMT_IBS	Goll et al. Gut Microbes 2020; DOI 10.1080/19490976.2020.1794263; local MetaPhlAn4 re-analysis	IBS baseline recipients vs healthy donor stool	s__GGB3175_SGB4191	s__GGB3175_SGB4191	IBS baseline recipient	healthy donor	31	17	0.41203129021150453	0.7984658968360985	-0.9544751938497508	0.14052831824296758	0.5488935112953186		local_mannwhitney_metaphlan4	Computed from local Metalog MetaPhlAn4 species profiles; case is baseline IBS recipient and control is donor stool.	0.20563384289730446	down
Goll_2020_FMT_IBS	Goll et al. Gut Microbes 2020; DOI 10.1080/19490976.2020.1794263; local MetaPhlAn4 re-analysis	IBS baseline recipients vs healthy donor stool	s__Enterocloster_clostridioformis	s__Enterocloster_clostridioformis	IBS baseline recipient	healthy donor	31	17	0.04639032352415304	0.0005499999987317578	6.395658880531847	0.14919314116739374	0.030155209824442863		local_mannwhitney_metaphlan4	Computed from local Metalog MetaPhlAn4 species profiles; case is baseline IBS recipient and control is donor stool.	0.21776170604735753	up
Goll_2020_FMT_IBS	Goll et al. Gut Microbes 2020; DOI 10.1080/19490976.2020.1794263; local MetaPhlAn4 re-analysis	IBS baseline recipients vs healthy donor stool	s__Eisenbergiella_tayi	s__Eisenbergiella_tayi	IBS baseline recipient	healthy donor	31	17	0.004045806414890854	0.0017217646818608046	1.2320581846354677	0.15226533360179292	0.0032227083574980497		local_mannwhitney_metaphlan4	Computed from local Metalog MetaPhlAn4 species profiles; case is baseline IBS recipient and control is donor stool.	0.2216860524479504	up
Goll_2020_FMT_IBS	Goll et al. Gut Microbes 2020; DOI 10.1080/19490976.2020.1794263; local MetaPhlAn4 re-analysis	IBS baseline recipients vs healthy donor stool	s__GGB9634_SGB15093	s__GGB9634_SGB15093	IBS baseline recipient	healthy donor	31	17	1.5529148330341183	0.1620447062750292	3.2605069395837893	0.15432585782029237	1.0603150129318237		local_mannwhitney_metaphlan4	Computed from local Metalog MetaPhlAn4 species profiles; case is baseline IBS recipient and control is donor stool.	0.22412147190987183	up
Goll_2020_FMT_IBS	Goll et al. Gut Microbes 2020; DOI 10.1080/19490976.2020.1794263; local MetaPhlAn4 re-analysis	IBS baseline recipients vs healthy donor stool	s__GGB9529_SGB14929	s__GGB9529_SGB14929	IBS baseline recipient	healthy donor	31	17	0.002531290257109269	0.024561175966964048	-3.2779236904655122	0.16015785789411363	0.01033354178071022		local_mannwhitney_metaphlan4	Computed from local Metalog MetaPhlAn4 species profiles; case is baseline IBS recipient and control is donor stool.	0.23200812496941775	down
Goll_2020_FMT_IBS	Goll et al. Gut Microbes 2020; DOI 10.1080/19490976.2020.1794263; local MetaPhlAn4 re-analysis	IBS baseline recipients vs healthy donor stool	s__Clostridium_sp_AF36_4	s__Clostridium_sp_AF36_4	IBS baseline recipient	healthy donor	31	17	0.20821225684560504	0.5647105872631073	-1.4394523068303453	0.1634750776317132	0.33447206020355225		local_mannwhitney_metaphlan4	Computed from local Metalog MetaPhlAn4 species profiles; case is baseline IBS recipient and control is donor stool.	0.23239598383309484	down
Goll_2020_FMT_IBS	Goll et al. Gut Microbes 2020; DOI 10.1080/19490976.2020.1794263; local MetaPhlAn4 re-analysis	IBS baseline recipients vs healthy donor stool	s__Eubacteriaceae_bacterium	s__Eubacteriaceae_bacterium	IBS baseline recipient	healthy donor	31	17	0.02915612908245455	0.03895529431482667	-0.4180077751494858	0.16869729510456932	0.032626666128635406		local_mannwhitney_metaphlan4	Computed from local Metalog MetaPhlAn4 species profiles; case is baseline IBS recipient and control is donor stool.	0.23239598383309484	down
Goll_2020_FMT_IBS	Goll et al. Gut Microbes 2020; DOI 10.1080/19490976.2020.1794263; local MetaPhlAn4 re-analysis	IBS baseline recipients vs healthy donor stool	s__Anaerosacchariphilus_sp_NSJ_68	s__Anaerosacchariphilus_sp_NSJ_68	IBS baseline recipient	healthy donor	31	17	0.0008767741908799977	1.764705837772721e-06	8.310580053991924	0.18210103608398376	0.000566875038202852		local_mannwhitney_metaphlan4	Computed from local Metalog MetaPhlAn4 species profiles; case is baseline IBS recipient and control is donor stool.	0.23239598383309484	up
Goll_2020_FMT_IBS	Goll et al. Gut Microbes 2020; DOI 10.1080/19490976.2020.1794263; local MetaPhlAn4 re-analysis	IBS baseline recipients vs healthy donor stool	s__Clostridia_bacterium_UC5_1_1D1	s__Clostridia_bacterium_UC5_1_1D1	IBS baseline recipient	healthy donor	31	17	0.003478709743508408	4.1176471688017685e-06	9.409270569195854	0.18210103608398376	0.0022481249179691076		local_mannwhitney_metaphlan4	Computed from local Metalog MetaPhlAn4 species profiles; case is baseline IBS recipient and control is donor stool.	0.23239598383309484	up
Goll_2020_FMT_IBS	Goll et al. Gut Microbes 2020; DOI 10.1080/19490976.2020.1794263; local MetaPhlAn4 re-analysis	IBS baseline recipients vs healthy donor stool	s__GGB3363_SGB4447	s__GGB3363_SGB4447	IBS baseline recipient	healthy donor	31	17	0.007456129056311423	0.000592352931990343	3.651657915662118	0.18210103608398376	0.0050252084620296955		local_mannwhitney_metaphlan4	Computed from local Metalog MetaPhlAn4 species profiles; case is baseline IBS recipient and control is donor stool.	0.23239598383309484	up
Goll_2020_FMT_IBS	Goll et al. Gut Microbes 2020; DOI 10.1080/19490976.2020.1794263; local MetaPhlAn4 re-analysis	IBS baseline recipients vs healthy donor stool	s__Lachnotalea_sp_AF33_28	s__Lachnotalea_sp_AF33_28	IBS baseline recipient	healthy donor	31	17	0.0005912903255985809	0.0006341176545795272	-0.10071935219235044	0.18407872361221644	0.0006064583430998027		local_mannwhitney_metaphlan4	Computed from local Metalog MetaPhlAn4 species profiles; case is baseline IBS recipient and control is donor stool.	0.23239598383309484	down
Goll_2020_FMT_IBS	Goll et al. Gut Microbes 2020; DOI 10.1080/19490976.2020.1794263; local MetaPhlAn4 re-analysis	IBS baseline recipients vs healthy donor stool	s__GGB9758_SGB15368	s__GGB9758_SGB15368	IBS baseline recipient	healthy donor	31	17	0.4881141928114718	0.4398429370005889	0.15022993153661787	0.18758404632706105	0.47101810574531555		local_mannwhitney_metaphlan4	Computed from local Metalog MetaPhlAn4 species profiles; case is baseline IBS recipient and control is donor stool.	0.23239598383309484	up
Goll_2020_FMT_IBS	Goll et al. Gut Microbes 2020; DOI 10.1080/19490976.2020.1794263; local MetaPhlAn4 re-analysis	IBS baseline recipients vs healthy donor stool	s__Intestinimonas_butyriciproducens	s__Intestinimonas_butyriciproducens	IBS baseline recipient	healthy donor	31	17	0.00957612904828913	0.020032353260937857	-1.0647387784748612	0.19279220160103627	0.013279375620186329		local_mannwhitney_metaphlan4	Computed from local Metalog MetaPhlAn4 species profiles; case is baseline IBS recipient and control is donor stool.	0.23239598383309484	down
Goll_2020_FMT_IBS	Goll et al. Gut Microbes 2020; DOI 10.1080/19490976.2020.1794263; local MetaPhlAn4 re-analysis	IBS baseline recipients vs healthy donor stool	s__GGB9730_SGB15291	s__GGB9730_SGB15291	IBS baseline recipient	healthy donor	31	17	0.06860709662038472	0.07482470692518879	-0.1251551611800922	0.19324689780982218	0.07080916315317154		local_mannwhitney_metaphlan4	Computed from local Metalog MetaPhlAn4 species profiles; case is baseline IBS recipient and control is donor stool.	0.23239598383309484	down
Goll_2020_FMT_IBS	Goll et al. Gut Microbes 2020; DOI 10.1080/19490976.2020.1794263; local MetaPhlAn4 re-analysis	IBS baseline recipients vs healthy donor stool	s__Dielma_fastidiosa	s__Dielma_fastidiosa	IBS baseline recipient	healthy donor	31	17	0.0014638709572834833	0.0003041176344541942	2.26333611218647	0.19387520507227385	0.0010531250154599547		local_mannwhitney_metaphlan4	Computed from local Metalog MetaPhlAn4 species profiles; case is baseline IBS recipient and control is donor stool.	0.23239598383309484	up
Goll_2020_FMT_IBS	Goll et al. Gut Microbes 2020; DOI 10.1080/19490976.2020.1794263; local MetaPhlAn4 re-analysis	IBS baseline recipients vs healthy donor stool	s__Romboutsia_timonensis	s__Romboutsia_timonensis	IBS baseline recipient	healthy donor	31	17	0.011453871044420427	0.007700588295633411	0.5727333092413204	0.19568278027533403	0.01012458372861147		local_mannwhitney_metaphlan4	Computed from local Metalog MetaPhlAn4 species profiles; case is baseline IBS recipient and control is donor stool.	0.23239598383309484	up
Goll_2020_FMT_IBS	Goll et al. Gut Microbes 2020; DOI 10.1080/19490976.2020.1794263; local MetaPhlAn4 re-analysis	IBS baseline recipients vs healthy donor stool	s__Eubacterium_sp_AF16_48	s__Eubacterium_sp_AF16_48	IBS baseline recipient	healthy donor	31	17	0.23885387725256865	0.05855294240994707	2.0282961208506576	0.19690509375079612	0.17499728500843048		local_mannwhitney_metaphlan4	Computed from local Metalog MetaPhlAn4 species profiles; case is baseline IBS recipient and control is donor stool.	0.23239598383309484	up
Goll_2020_FMT_IBS	Goll et al. Gut Microbes 2020; DOI 10.1080/19490976.2020.1794263; local MetaPhlAn4 re-analysis	IBS baseline recipients vs healthy donor stool	s__Alistipes_SGB2313	s__Alistipes_SGB2313	IBS baseline recipient	healthy donor	31	17	0.3273425890553382	0.0	18.320446198808057	0.19902424221000337	0.21140874922275543		local_mannwhitney_metaphlan4	Computed from local Metalog MetaPhlAn4 species profiles; case is baseline IBS recipient and control is donor stool.	0.23239598383309484	up
Goll_2020_FMT_IBS	Goll et al. Gut Microbes 2020; DOI 10.1080/19490976.2020.1794263; local MetaPhlAn4 re-analysis	IBS baseline recipients vs healthy donor stool	s__Amedibacterium_intestinale	s__Amedibacterium_intestinale	IBS baseline recipient	healthy donor	31	17	0.12095677374201196	0.0	16.88414396619081	0.19902424221000337	0.07811791449785233		local_mannwhitney_metaphlan4	Computed from local Metalog MetaPhlAn4 species profiles; case is baseline IBS recipient and control is donor stool.	0.23239598383309484	up
Goll_2020_FMT_IBS	Goll et al. Gut Microbes 2020; DOI 10.1080/19490976.2020.1794263; local MetaPhlAn4 re-analysis	IBS baseline recipients vs healthy donor stool	s__Bittarella_massiliensis	s__Bittarella_massiliensis	IBS baseline recipient	healthy donor	31	17	0.00014935484373821846	0.0	7.232227535402269	0.19902424221000337	9.645833779359236e-05		local_mannwhitney_metaphlan4	Computed from local Metalog MetaPhlAn4 species profiles; case is baseline IBS recipient and control is donor stool.	0.23239598383309484	up
Goll_2020_FMT_IBS	Goll et al. Gut Microbes 2020; DOI 10.1080/19490976.2020.1794263; local MetaPhlAn4 re-analysis	IBS baseline recipients vs healthy donor stool	s__Blautia_hansenii	s__Blautia_hansenii	IBS baseline recipient	healthy donor	31	17	0.007947419229294024	0.0	12.95645225237712	0.19902424221000337	0.005132708232849836		local_mannwhitney_metaphlan4	Computed from local Metalog MetaPhlAn4 species profiles; case is baseline IBS recipient and control is donor stool.	0.23239598383309484	up
Goll_2020_FMT_IBS	Goll et al. Gut Microbes 2020; DOI 10.1080/19490976.2020.1794263; local MetaPhlAn4 re-analysis	IBS baseline recipients vs healthy donor stool	s__Blautia_hydrogenotrophica	s__Blautia_hydrogenotrophica	IBS baseline recipient	healthy donor	31	17	0.0010787096971105184	0.0	10.076427749978519	0.19902424221000337	0.0006966667133383453		local_mannwhitney_metaphlan4	Computed from local Metalog MetaPhlAn4 species profiles; case is baseline IBS recipient and control is donor stool.	0.23239598383309484	up
Goll_2020_FMT_IBS	Goll et al. Gut Microbes 2020; DOI 10.1080/19490976.2020.1794263; local MetaPhlAn4 re-analysis	IBS baseline recipients vs healthy donor stool	s__Blautia_stercoris	s__Blautia_stercoris	IBS baseline recipient	healthy donor	31	17	0.004215161286054119	0.0	12.041714341898068	0.19902424221000337	0.0027222915086895227		local_mannwhitney_metaphlan4	Computed from local Metalog MetaPhlAn4 species profiles; case is baseline IBS recipient and control is donor stool.	0.23239598383309484	up
Goll_2020_FMT_IBS	Goll et al. Gut Microbes 2020; DOI 10.1080/19490976.2020.1794263; local MetaPhlAn4 re-analysis	IBS baseline recipients vs healthy donor stool	s__Clostridium_SGB6179	s__Clostridium_SGB6179	IBS baseline recipient	healthy donor	31	17	0.0015606451779603958	0.0	10.608850980045286	0.19902424221000337	0.0010079167550429702		local_mannwhitney_metaphlan4	Computed from local Metalog MetaPhlAn4 species profiles; case is baseline IBS recipient and control is donor stool.	0.23239598383309484	up
Goll_2020_FMT_IBS	Goll et al. Gut Microbes 2020; DOI 10.1080/19490976.2020.1794263; local MetaPhlAn4 re-analysis	IBS baseline recipients vs healthy donor stool	s__Collinsella_intestinalis	s__Collinsella_intestinalis	IBS baseline recipient	healthy donor	31	17	0.022008387191641714	0.0	14.42583135631516	0.19902424221000337	0.014213749207556248		local_mannwhitney_metaphlan4	Computed from local Metalog MetaPhlAn4 species profiles; case is baseline IBS recipient and control is donor stool.	0.23239598383309484	up
Goll_2020_FMT_IBS	Goll et al. Gut Microbes 2020; DOI 10.1080/19490976.2020.1794263; local MetaPhlAn4 re-analysis	IBS baseline recipients vs healthy donor stool	s__Desulfovibrio_piger	s__Desulfovibrio_piger	IBS baseline recipient	healthy donor	31	17	0.019664838669761535	0.0	14.263404092344684	0.19902424221000337	0.012700208462774754		local_mannwhitney_metaphlan4	Computed from local Metalog MetaPhlAn4 species profiles; case is baseline IBS recipient and control is donor stool.	0.23239598383309484	up
Goll_2020_FMT_IBS	Goll et al. Gut Microbes 2020; DOI 10.1080/19490976.2020.1794263; local MetaPhlAn4 re-analysis	IBS baseline recipients vs healthy donor stool	s__Eubacterium_SGB4961	s__Eubacterium_SGB4961	IBS baseline recipient	healthy donor	31	17	0.004051290294756332	0.0	11.98452181314564	0.19902424221000337	0.0026164583396166563		local_mannwhitney_metaphlan4	Computed from local Metalog MetaPhlAn4 species profiles; case is baseline IBS recipient and control is donor stool.	0.23239598383309484	up
Goll_2020_FMT_IBS	Goll et al. Gut Microbes 2020; DOI 10.1080/19490976.2020.1794263; local MetaPhlAn4 re-analysis	IBS baseline recipients vs healthy donor stool	s__Fournierella_massiliensis	s__Fournierella_massiliensis	IBS baseline recipient	healthy donor	31	17	0.00028064516311954526	0.0	8.137734885199638	0.19902424221000337	0.00018124999769497663		local_mannwhitney_metaphlan4	Computed from local Metalog MetaPhlAn4 species profiles; case is baseline IBS recipient and control is donor stool.	0.23239598383309484	up
Goll_2020_FMT_IBS	Goll et al. Gut Microbes 2020; DOI 10.1080/19490976.2020.1794263; local MetaPhlAn4 re-analysis	IBS baseline recipients vs healthy donor stool	s__GGB10692_SGB17347	s__GGB10692_SGB17347	IBS baseline recipient	healthy donor	31	17	0.005541935382831481	0.0	12.436434474063638	0.19902424221000337	0.00357916671782732		local_mannwhitney_metaphlan4	Computed from local Metalog MetaPhlAn4 species profiles; case is baseline IBS recipient and control is donor stool.	0.23239598383309484	up
Goll_2020_FMT_IBS	Goll et al. Gut Microbes 2020; DOI 10.1080/19490976.2020.1794263; local MetaPhlAn4 re-analysis	IBS baseline recipients vs healthy donor stool	s__GGB1550_SGB2134	s__GGB1550_SGB2134	IBS baseline recipient	healthy donor	31	17	0.7533854899867889	0.0	19.523030636997643	0.19902424221000337	0.48656144738197327		local_mannwhitney_metaphlan4	Computed from local Metalog MetaPhlAn4 species profiles; case is baseline IBS recipient and control is donor stool.	0.23239598383309484	up
Goll_2020_FMT_IBS	Goll et al. Gut Microbes 2020; DOI 10.1080/19490976.2020.1794263; local MetaPhlAn4 re-analysis	IBS baseline recipients vs healthy donor stool	s__GGB2996_SGB3983	s__GGB2996_SGB3983	IBS baseline recipient	healthy donor	31	17	0.014579999681201673	0.0	13.831802014555231	0.19902424221000337	0.009416249580681324		local_mannwhitney_metaphlan4	Computed from local Metalog MetaPhlAn4 species profiles; case is baseline IBS recipient and control is donor stool.	0.23239598383309484	up
Goll_2020_FMT_IBS	Goll et al. Gut Microbes 2020; DOI 10.1080/19490976.2020.1794263; local MetaPhlAn4 re-analysis	IBS baseline recipients vs healthy donor stool	s__GGB3000_SGB3991	s__GGB3000_SGB3991	IBS baseline recipient	healthy donor	31	17	0.0011816128821773154	0.0	10.207762182209688	0.19902424221000337	0.0007631250191479921		local_mannwhitney_metaphlan4	Computed from local Metalog MetaPhlAn4 species profiles; case is baseline IBS recipient and control is donor stool.	0.23239598383309484	up
Goll_2020_FMT_IBS	Goll et al. Gut Microbes 2020; DOI 10.1080/19490976.2020.1794263; local MetaPhlAn4 re-analysis	IBS baseline recipients vs healthy donor stool	s__GGB3052_SGB4053	s__GGB3052_SGB4053	IBS baseline recipient	healthy donor	31	17	0.0005219354718593099	0.0	9.030489124445651	0.19902424221000337	0.00033708332921378314		local_mannwhitney_metaphlan4	Computed from local Metalog MetaPhlAn4 species profiles; case is baseline IBS recipient and control is donor stool.	0.23239598383309484	up
Goll_2020_FMT_IBS	Goll et al. Gut Microbes 2020; DOI 10.1080/19490976.2020.1794263; local MetaPhlAn4 re-analysis	IBS baseline recipients vs healthy donor stool	s__GGB31234_SGB14869	s__GGB31234_SGB14869	IBS baseline recipient	healthy donor	31	17	0.0004045161392329441	0.0	8.663615523521795	0.19902424221000337	0.00026125001022592187		local_mannwhitney_metaphlan4	Computed from local Metalog MetaPhlAn4 species profiles; case is baseline IBS recipient and control is donor stool.	0.23239598383309484	up
Goll_2020_FMT_IBS	Goll et al. Gut Microbes 2020; DOI 10.1080/19490976.2020.1794263; local MetaPhlAn4 re-analysis	IBS baseline recipients vs healthy donor stool	s__GGB3124_SGB4136	s__GGB3124_SGB4136	IBS baseline recipient	healthy donor	31	17	0.002193548327927748	0.0	11.099708325966494	0.19902424221000337	0.0014166665496304631		local_mannwhitney_metaphlan4	Computed from local Metalog MetaPhlAn4 species profiles; case is baseline IBS recipient and control is donor stool.	0.23239598383309484	up
Goll_2020_FMT_IBS	Goll et al. Gut Microbes 2020; DOI 10.1080/19490976.2020.1794263; local MetaPhlAn4 re-analysis	IBS baseline recipients vs healthy donor stool	s__GGB3152_SGB4165	s__GGB3152_SGB4165	IBS baseline recipient	healthy donor	31	17	0.0009696774068288505	0.0	9.922848102416756	0.19902424221000337	0.0006262499955482781		local_mannwhitney_metaphlan4	Computed from local Metalog MetaPhlAn4 species profiles; case is baseline IBS recipient and control is donor stool.	0.23239598383309484	up
Goll_2020_FMT_IBS	Goll et al. Gut Microbes 2020; DOI 10.1080/19490976.2020.1794263; local MetaPhlAn4 re-analysis	IBS baseline recipients vs healthy donor stool	s__GGB3167_SGB4181	s__GGB3167_SGB4181	IBS baseline recipient	healthy donor	31	17	0.16438935408669134	0.0	17.326766123094096	0.19902424221000337	0.10616812109947205		local_mannwhitney_metaphlan4	Computed from local Metalog MetaPhlAn4 species profiles; case is baseline IBS recipient and control is donor stool.	0.23239598383309484	up
Goll_2020_FMT_IBS	Goll et al. Gut Microbes 2020; DOI 10.1080/19490976.2020.1794263; local MetaPhlAn4 re-analysis	IBS baseline recipients vs healthy donor stool	s__GGB3321_SGB4395	s__GGB3321_SGB4395	IBS baseline recipient	healthy donor	31	17	0.006670645002516047	0.0	12.703826809845264	0.19902424221000337	0.004308125004172325		local_mannwhitney_metaphlan4	Computed from local Metalog MetaPhlAn4 species profiles; case is baseline IBS recipient and control is donor stool.	0.23239598383309484	up
Goll_2020_FMT_IBS	Goll et al. Gut Microbes 2020; DOI 10.1080/19490976.2020.1794263; local MetaPhlAn4 re-analysis	IBS baseline recipients vs healthy donor stool	s__GGB3352_SGB62935	s__GGB3352_SGB62935	IBS baseline recipient	healthy donor	31	17	0.000905806461589471	0.0	9.824650861036345	0.19902424221000337	0.0005850000306963921		local_mannwhitney_metaphlan4	Computed from local Metalog MetaPhlAn4 species profiles; case is baseline IBS recipient and control is donor stool.	0.23239598383309484	up
Goll_2020_FMT_IBS	Goll et al. Gut Microbes 2020; DOI 10.1080/19490976.2020.1794263; local MetaPhlAn4 re-analysis	IBS baseline recipients vs healthy donor stool	s__GGB3353_SGB4437	s__GGB3353_SGB4437	IBS baseline recipient	healthy donor	31	17	0.0004616129182038769	0.0	8.8536617427537	0.19902424221000337	0.0002981249999720603		local_mannwhitney_metaphlan4	Computed from local Metalog MetaPhlAn4 species profiles; case is baseline IBS recipient and control is donor stool.	0.23239598383309484	up
Goll_2020_FMT_IBS	Goll et al. Gut Microbes 2020; DOI 10.1080/19490976.2020.1794263; local MetaPhlAn4 re-analysis	IBS baseline recipients vs healthy donor stool	s__GGB34228_SGB72916	s__GGB34228_SGB72916	IBS baseline recipient	healthy donor	31	17	0.0010070967893566817	0.0	9.977418446140039	0.19902424221000337	0.0006504166522063315		local_mannwhitney_metaphlan4	Computed from local Metalog MetaPhlAn4 species profiles; case is baseline IBS recipient and control is donor stool.	0.23239598383309484	up
Goll_2020_FMT_IBS	Goll et al. Gut Microbes 2020; DOI 10.1080/19490976.2020.1794263; local MetaPhlAn4 re-analysis	IBS baseline recipients vs healthy donor stool	s__GGB3475_SGB4638	s__GGB3475_SGB4638	IBS baseline recipient	healthy donor	31	17	0.004495806511371366	0.0	12.134685093710056	0.19902424221000337	0.002903541550040245		local_mannwhitney_metaphlan4	Computed from local Metalog MetaPhlAn4 species profiles; case is baseline IBS recipient and control is donor stool.	0.23239598383309484	up
Goll_2020_FMT_IBS	Goll et al. Gut Microbes 2020; DOI 10.1080/19490976.2020.1794263; local MetaPhlAn4 re-analysis	IBS baseline recipients vs healthy donor stool	s__GGB3486_SGB4658	s__GGB3486_SGB4658	IBS baseline recipient	healthy donor	31	17	0.0017651612945501843	0.0	10.78640138768343	0.19902424221000337	0.0011399999493733048		local_mannwhitney_metaphlan4	Computed from local Metalog MetaPhlAn4 species profiles; case is baseline IBS recipient and control is donor stool.	0.23239598383309484	up
Goll_2020_FMT_IBS	Goll et al. Gut Microbes 2020; DOI 10.1080/19490976.2020.1794263; local MetaPhlAn4 re-analysis	IBS baseline recipients vs healthy donor stool	s__GGB3538_SGB4728	s__GGB3538_SGB4728	IBS baseline recipient	healthy donor	31	17	0.0006880645204575792	0.0	9.4284952655724	0.19902424221000337	0.00044437500764615834		local_mannwhitney_metaphlan4	Computed from local Metalog MetaPhlAn4 species profiles; case is baseline IBS recipient and control is donor stool.	0.23239598383309484	up
Goll_2020_FMT_IBS	Goll et al. Gut Microbes 2020; DOI 10.1080/19490976.2020.1794263; local MetaPhlAn4 re-analysis	IBS baseline recipients vs healthy donor stool	s__GGB3585_SGB4803	s__GGB3585_SGB4803	IBS baseline recipient	healthy donor	31	17	0.010895806454843091	0.0	13.411617763466236	0.19902424221000337	0.007036874536424875		local_mannwhitney_metaphlan4	Computed from local Metalog MetaPhlAn4 species profiles; case is baseline IBS recipient and control is donor stool.	0.23239598383309484	up
Goll_2020_FMT_IBS	Goll et al. Gut Microbes 2020; DOI 10.1080/19490976.2020.1794263; local MetaPhlAn4 re-analysis	IBS baseline recipients vs healthy donor stool	s__GGB3627_SGB4906	s__GGB3627_SGB4906	IBS baseline recipient	healthy donor	31	17	0.0026709677711609873	0.0	11.38368689102696	0.19902424221000337	0.001724999980069697		local_mannwhitney_metaphlan4	Computed from local Metalog MetaPhlAn4 species profiles; case is baseline IBS recipient and control is donor stool.	0.23239598383309484	up
Goll_2020_FMT_IBS	Goll et al. Gut Microbes 2020; DOI 10.1080/19490976.2020.1794263; local MetaPhlAn4 re-analysis	IBS baseline recipients vs healthy donor stool	s__GGB36331_SGB15121	s__GGB36331_SGB15121	IBS baseline recipient	healthy donor	31	17	0.002669354840632408	0.0	11.38281574672712	0.19902424221000337	0.0017239582957699895		local_mannwhitney_metaphlan4	Computed from local Metalog MetaPhlAn4 species profiles; case is baseline IBS recipient and control is donor stool.	0.23239598383309484	up
Goll_2020_FMT_IBS	Goll et al. Gut Microbes 2020; DOI 10.1080/19490976.2020.1794263; local MetaPhlAn4 re-analysis	IBS baseline recipients vs healthy donor stool	s__GGB3722_SGB5050	s__GGB3722_SGB5050	IBS baseline recipient	healthy donor	31	17	0.06463967792449458	0.0	15.980154708102923	0.19902424221000337	0.04174645617604256		local_mannwhitney_metaphlan4	Computed from local Metalog MetaPhlAn4 species profiles; case is baseline IBS recipient and control is donor stool.	0.23239598383309484	up
Goll_2020_FMT_IBS	Goll et al. Gut Microbes 2020; DOI 10.1080/19490976.2020.1794263; local MetaPhlAn4 re-analysis	IBS baseline recipients vs healthy donor stool	s__GGB38239_SGB47716	s__GGB38239_SGB47716	IBS baseline recipient	healthy donor	31	17	0.0017541935517182273	0.0	10.777414415310028	0.19902424221000337	0.001132916659116745		local_mannwhitney_metaphlan4	Computed from local Metalog MetaPhlAn4 species profiles; case is baseline IBS recipient and control is donor stool.	0.23239598383309484	up
Goll_2020_FMT_IBS	Goll et al. Gut Microbes 2020; DOI 10.1080/19490976.2020.1794263; local MetaPhlAn4 re-analysis	IBS baseline recipients vs healthy donor stool	s__GGB4569_SGB6310	s__GGB4569_SGB6310	IBS baseline recipient	healthy donor	31	17	0.27765612352278923	0.0	18.0829448843739	0.19902424221000337	0.1793195754289627		local_mannwhitney_metaphlan4	Computed from local Metalog MetaPhlAn4 species profiles; case is baseline IBS recipient and control is donor stool.	0.23239598383309484	up
Goll_2020_FMT_IBS	Goll et al. Gut Microbes 2020; DOI 10.1080/19490976.2020.1794263; local MetaPhlAn4 re-analysis	IBS baseline recipients vs healthy donor stool	s__GGB4588_SGB6347	s__GGB4588_SGB6347	IBS baseline recipient	healthy donor	31	17	0.003539354810791631	0.0	11.789678237659187	0.19902424221000337	0.0022858332376927137		local_mannwhitney_metaphlan4	Computed from local Metalog MetaPhlAn4 species profiles; case is baseline IBS recipient and control is donor stool.	0.23239598383309484	up
Goll_2020_FMT_IBS	Goll et al. Gut Microbes 2020; DOI 10.1080/19490976.2020.1794263; local MetaPhlAn4 re-analysis	IBS baseline recipients vs healthy donor stool	s__GGB4632_SGB6411	s__GGB4632_SGB6411	IBS baseline recipient	healthy donor	31	17	0.034340322498352296	0.0	15.067657978734452	0.19902424221000337	0.022178126499056816		local_mannwhitney_metaphlan4	Computed from local Metalog MetaPhlAn4 species profiles; case is baseline IBS recipient and control is donor stool.	0.23239598383309484	up
Goll_2020_FMT_IBS	Goll et al. Gut Microbes 2020; DOI 10.1080/19490976.2020.1794263; local MetaPhlAn4 re-analysis	IBS baseline recipients vs healthy donor stool	s__GGB4683_SGB6473	s__GGB4683_SGB6473	IBS baseline recipient	healthy donor	31	17	0.031706773946362156	0.0	14.952548975714818	0.19902424221000337	0.0204772911965847		local_mannwhitney_metaphlan4	Computed from local Metalog MetaPhlAn4 species profiles; case is baseline IBS recipient and control is donor stool.	0.23239598383309484	up
Goll_2020_FMT_IBS	Goll et al. Gut Microbes 2020; DOI 10.1080/19490976.2020.1794263; local MetaPhlAn4 re-analysis	IBS baseline recipients vs healthy donor stool	s__GGB4689_SGB6486	s__GGB4689_SGB6486	IBS baseline recipient	healthy donor	31	17	0.06348580650744899	0.0	15.954169189325114	0.19902424221000337	0.041001249104738235		local_mannwhitney_metaphlan4	Computed from local Metalog MetaPhlAn4 species profiles; case is baseline IBS recipient and control is donor stool.	0.23239598383309484	up
Goll_2020_FMT_IBS	Goll et al. Gut Microbes 2020; DOI 10.1080/19490976.2020.1794263; local MetaPhlAn4 re-analysis	IBS baseline recipients vs healthy donor stool	s__GGB47174_SGB65105	s__GGB47174_SGB65105	IBS baseline recipient	healthy donor	31	17	0.002958709727071466	0.0	11.531239975432028	0.19902424221000337	0.0019108332926407456		local_mannwhitney_metaphlan4	Computed from local Metalog MetaPhlAn4 species profiles; case is baseline IBS recipient and control is donor stool.	0.23239598383309484	up
Goll_2020_FMT_IBS	Goll et al. Gut Microbes 2020; DOI 10.1080/19490976.2020.1794263; local MetaPhlAn4 re-analysis	IBS baseline recipients vs healthy donor stool	s__GGB5997_SGB8620	s__GGB5997_SGB8620	IBS baseline recipient	healthy donor	31	17	0.009512258250446569	0.0	13.21572382729272	0.19902424221000337	0.00614333339035511		local_mannwhitney_metaphlan4	Computed from local Metalog MetaPhlAn4 species profiles; case is baseline IBS recipient and control is donor stool.	0.23239598383309484	up
Goll_2020_FMT_IBS	Goll et al. Gut Microbes 2020; DOI 10.1080/19490976.2020.1794263; local MetaPhlAn4 re-analysis	IBS baseline recipients vs healthy donor stool	s__GGB6544_SGB9243	s__GGB6544_SGB9243	IBS baseline recipient	healthy donor	31	17	0.08081354523047564	0.0	16.30232735623138	0.19902424221000337	0.0521920770406723		local_mannwhitney_metaphlan4	Computed from local Metalog MetaPhlAn4 species profiles; case is baseline IBS recipient and control is donor stool.	0.23239598383309484	up
Goll_2020_FMT_IBS	Goll et al. Gut Microbes 2020; DOI 10.1080/19490976.2020.1794263; local MetaPhlAn4 re-analysis	IBS baseline recipients vs healthy donor stool	s__GGB74827_SGB4137	s__GGB74827_SGB4137	IBS baseline recipient	healthy donor	31	17	0.0014570967159083775	0.0	10.509870701812334	0.19902424221000337	0.000941041624173522		local_mannwhitney_metaphlan4	Computed from local Metalog MetaPhlAn4 species profiles; case is baseline IBS recipient and control is donor stool.	0.23239598383309484	up
Goll_2020_FMT_IBS	Goll et al. Gut Microbes 2020; DOI 10.1080/19490976.2020.1794263; local MetaPhlAn4 re-analysis	IBS baseline recipients vs healthy donor stool	s__GGB9089_SGB14018	s__GGB9089_SGB14018	IBS baseline recipient	healthy donor	31	17	0.005020645154159396	0.0	12.29394437133172	0.19902424221000337	0.003242500126361847		local_mannwhitney_metaphlan4	Computed from local Metalog MetaPhlAn4 species profiles; case is baseline IBS recipient and control is donor stool.	0.23239598383309484	up
Goll_2020_FMT_IBS	Goll et al. Gut Microbes 2020; DOI 10.1080/19490976.2020.1794263; local MetaPhlAn4 re-analysis	IBS baseline recipients vs healthy donor stool	s__GGB9092_SGB14022	s__GGB9092_SGB14022	IBS baseline recipient	healthy donor	31	17	0.0042703225833153535	0.0	12.060467143488566	0.19902424221000337	0.0027579169254750013		local_mannwhitney_metaphlan4	Computed from local Metalog MetaPhlAn4 species profiles; case is baseline IBS recipient and control is donor stool.	0.23239598383309484	up
Goll_2020_FMT_IBS	Goll et al. Gut Microbes 2020; DOI 10.1080/19490976.2020.1794263; local MetaPhlAn4 re-analysis	IBS baseline recipients vs healthy donor stool	s__GGB9095_SGB14026	s__GGB9095_SGB14026	IBS baseline recipient	healthy donor	31	17	0.001149677446172122	0.0	10.168267763637017	0.19902424221000337	0.0007425000076182187		local_mannwhitney_metaphlan4	Computed from local Metalog MetaPhlAn4 species profiles; case is baseline IBS recipient and control is donor stool.	0.23239598383309484	up
Goll_2020_FMT_IBS	Goll et al. Gut Microbes 2020; DOI 10.1080/19490976.2020.1794263; local MetaPhlAn4 re-analysis	IBS baseline recipients vs healthy donor stool	s__GGB9110_SGB14043	s__GGB9110_SGB14043	IBS baseline recipient	healthy donor	31	17	0.008521290495991707	0.0	13.057025513599452	0.19902424221000337	0.005503333639353514		local_mannwhitney_metaphlan4	Computed from local Metalog MetaPhlAn4 species profiles; case is baseline IBS recipient and control is donor stool.	0.23239598383309484	up
Goll_2020_FMT_IBS	Goll et al. Gut Microbes 2020; DOI 10.1080/19490976.2020.1794263; local MetaPhlAn4 re-analysis	IBS baseline recipients vs healthy donor stool	s__GGB9185_SGB14124	s__GGB9185_SGB14124	IBS baseline recipient	healthy donor	31	17	0.0003690322515584769	0.0	8.531507209531728	0.19902424221000337	0.0002383333194302395		local_mannwhitney_metaphlan4	Computed from local Metalog MetaPhlAn4 species profiles; case is baseline IBS recipient and control is donor stool.	0.23239598383309484	up
Goll_2020_FMT_IBS	Goll et al. Gut Microbes 2020; DOI 10.1080/19490976.2020.1794263; local MetaPhlAn4 re-analysis	IBS baseline recipients vs healthy donor stool	s__GGB9186_SGB14125	s__GGB9186_SGB14125	IBS baseline recipient	healthy donor	31	17	0.0009180645518485576	0.0	9.844022384652696	0.19902424221000337	0.00059291668003425		local_mannwhitney_metaphlan4	Computed from local Metalog MetaPhlAn4 species profiles; case is baseline IBS recipient and control is donor stool.	0.23239598383309484	up
Goll_2020_FMT_IBS	Goll et al. Gut Microbes 2020; DOI 10.1080/19490976.2020.1794263; local MetaPhlAn4 re-analysis	IBS baseline recipients vs healthy donor stool	s__GGB9197_SGB14136	s__GGB9197_SGB14136	IBS baseline recipient	healthy donor	31	17	0.003105806547307199	0.0	11.601216696083355	0.19902424221000337	0.0020058334339410067		local_mannwhitney_metaphlan4	Computed from local Metalog MetaPhlAn4 species profiles; case is baseline IBS recipient and control is donor stool.	0.23239598383309484	up
Goll_2020_FMT_IBS	Goll et al. Gut Microbes 2020; DOI 10.1080/19490976.2020.1794263; local MetaPhlAn4 re-analysis	IBS baseline recipients vs healthy donor stool	s__GGB9238_SGB14180	s__GGB9238_SGB14180	IBS baseline recipient	healthy donor	31	17	0.0013083871266233824	0.0	10.35467598476355	0.19902424221000337	0.0008449999731965363		local_mannwhitney_metaphlan4	Computed from local Metalog MetaPhlAn4 species profiles; case is baseline IBS recipient and control is donor stool.	0.23239598383309484	up
Goll_2020_FMT_IBS	Goll et al. Gut Microbes 2020; DOI 10.1080/19490976.2020.1794263; local MetaPhlAn4 re-analysis	IBS baseline recipients vs healthy donor stool	s__GGB9239_SGB14181	s__GGB9239_SGB14181	IBS baseline recipient	healthy donor	31	17	0.016151612924952662	0.0	13.97947994068885	0.19902424221000337	0.010431249625980854		local_mannwhitney_metaphlan4	Computed from local Metalog MetaPhlAn4 species profiles; case is baseline IBS recipient and control is donor stool.	0.23239598383309484	up
Goll_2020_FMT_IBS	Goll et al. Gut Microbes 2020; DOI 10.1080/19490976.2020.1794263; local MetaPhlAn4 re-analysis	IBS baseline recipients vs healthy donor stool	s__GGB9253_SGB14199	s__GGB9253_SGB14199	IBS baseline recipient	healthy donor	31	17	0.0009745161533505927	0.0	9.930021952066584	0.19902424221000337	0.0006293749902397394		local_mannwhitney_metaphlan4	Computed from local Metalog MetaPhlAn4 species profiles; case is baseline IBS recipient and control is donor stool.	0.23239598383309484	up
Goll_2020_FMT_IBS	Goll et al. Gut Microbes 2020; DOI 10.1080/19490976.2020.1794263; local MetaPhlAn4 re-analysis	IBS baseline recipients vs healthy donor stool	s__GGB9258_SGB14205	s__GGB9258_SGB14205	IBS baseline recipient	healthy donor	31	17	0.018419354312842893	0.0	14.169013191275399	0.19902424221000337	0.011895832605659962		local_mannwhitney_metaphlan4	Computed from local Metalog MetaPhlAn4 species profiles; case is baseline IBS recipient and control is donor stool.	0.23239598383309484	up
Goll_2020_FMT_IBS	Goll et al. Gut Microbes 2020; DOI 10.1080/19490976.2020.1794263; local MetaPhlAn4 re-analysis	IBS baseline recipients vs healthy donor stool	s__GGB9261_SGB14209	s__GGB9261_SGB14209	IBS baseline recipient	healthy donor	31	17	0.006530967510996326	0.0	12.673301899835876	0.19902424221000337	0.004217916633933783		local_mannwhitney_metaphlan4	Computed from local Metalog MetaPhlAn4 species profiles; case is baseline IBS recipient and control is donor stool.	0.23239598383309484	up
Goll_2020_FMT_IBS	Goll et al. Gut Microbes 2020; DOI 10.1080/19490976.2020.1794263; local MetaPhlAn4 re-analysis	IBS baseline recipients vs healthy donor stool	s__GGB9266_SGB14216	s__GGB9266_SGB14216	IBS baseline recipient	healthy donor	31	17	0.008886774431072896	0.0	13.117606486706137	0.19902424221000337	0.005739374551922083		local_mannwhitney_metaphlan4	Computed from local Metalog MetaPhlAn4 species profiles; case is baseline IBS recipient and control is donor stool.	0.23239598383309484	up
Goll_2020_FMT_IBS	Goll et al. Gut Microbes 2020; DOI 10.1080/19490976.2020.1794263; local MetaPhlAn4 re-analysis	IBS baseline recipients vs healthy donor stool	s__GGB9299_SGB14259	s__GGB9299_SGB14259	IBS baseline recipient	healthy donor	31	17	0.0026551613343819497	0.0	11.375127062839338	0.19902424221000337	0.0017147917533293366		local_mannwhitney_metaphlan4	Computed from local Metalog MetaPhlAn4 species profiles; case is baseline IBS recipient and control is donor stool.	0.23239598383309484	up
Goll_2020_FMT_IBS	Goll et al. Gut Microbes 2020; DOI 10.1080/19490976.2020.1794263; local MetaPhlAn4 re-analysis	IBS baseline recipients vs healthy donor stool	s__GGB9444_SGB14834	s__GGB9444_SGB14834	IBS baseline recipient	healthy donor	31	17	0.008157096863273651	0.0	12.994016921399648	0.19902424221000337	0.0052681248635053635		local_mannwhitney_metaphlan4	Computed from local Metalog MetaPhlAn4 species profiles; case is baseline IBS recipient and control is donor stool.	0.23239598383309484	up
Goll_2020_FMT_IBS	Goll et al. Gut Microbes 2020; DOI 10.1080/19490976.2020.1794263; local MetaPhlAn4 re-analysis	IBS baseline recipients vs healthy donor stool	s__GGB9476_SGB14870	s__GGB9476_SGB14870	IBS baseline recipient	healthy donor	31	17	0.0011835484014403436	0.0	10.210121433929396	0.19902424221000337	0.0007643750286661088		local_mannwhitney_metaphlan4	Computed from local Metalog MetaPhlAn4 species profiles; case is baseline IBS recipient and control is donor stool.	0.23239598383309484	up
Goll_2020_FMT_IBS	Goll et al. Gut Microbes 2020; DOI 10.1080/19490976.2020.1794263; local MetaPhlAn4 re-analysis	IBS baseline recipients vs healthy donor stool	s__GGB9509_SGB14906	s__GGB9509_SGB14906	IBS baseline recipient	healthy donor	31	17	0.002610645196851223	0.0	11.350743198578702	0.19902424221000337	0.001686041709035635		local_mannwhitney_metaphlan4	Computed from local Metalog MetaPhlAn4 species profiles; case is baseline IBS recipient and control is donor stool.	0.23239598383309484	up
Goll_2020_FMT_IBS	Goll et al. Gut Microbes 2020; DOI 10.1080/19490976.2020.1794263; local MetaPhlAn4 re-analysis	IBS baseline recipients vs healthy donor stool	s__GGB9547_SGB14953	s__GGB9547_SGB14953	IBS baseline recipient	healthy donor	31	17	0.010014839109874541	0.0	13.28999567228701	0.19902424221000337	0.006467917468398809		local_mannwhitney_metaphlan4	Computed from local Metalog MetaPhlAn4 species profiles; case is baseline IBS recipient and control is donor stool.	0.23239598383309484	up
Goll_2020_FMT_IBS	Goll et al. Gut Microbes 2020; DOI 10.1080/19490976.2020.1794263; local MetaPhlAn4 re-analysis	IBS baseline recipients vs healthy donor stool	s__GGB9597_SGB15022	s__GGB9597_SGB15022	IBS baseline recipient	healthy donor	31	17	0.001779032240231191	0.0	10.7976876564158	0.19902424221000337	0.0011489583412185311		local_mannwhitney_metaphlan4	Computed from local Metalog MetaPhlAn4 species profiles; case is baseline IBS recipient and control is donor stool.	0.23239598383309484	up
Goll_2020_FMT_IBS	Goll et al. Gut Microbes 2020; DOI 10.1080/19490976.2020.1794263; local MetaPhlAn4 re-analysis	IBS baseline recipients vs healthy donor stool	s__GGB9608_SGB15042	s__GGB9608_SGB15042	IBS baseline recipient	healthy donor	31	17	0.0024635484141688193	0.0	11.267107606590368	0.19902424221000337	0.0015910416841506958		local_mannwhitney_metaphlan4	Computed from local Metalog MetaPhlAn4 species profiles; case is baseline IBS recipient and control is donor stool.	0.23239598383309484	up
Goll_2020_FMT_IBS	Goll et al. Gut Microbes 2020; DOI 10.1080/19490976.2020.1794263; local MetaPhlAn4 re-analysis	IBS baseline recipients vs healthy donor stool	s__GGB9611_SGB15045	s__GGB9611_SGB15045	IBS baseline recipient	healthy donor	31	17	0.00021741936178577522	0.0	7.770956939412604	0.19902424221000337	0.00014041666872799397		local_mannwhitney_metaphlan4	Computed from local Metalog MetaPhlAn4 species profiles; case is baseline IBS recipient and control is donor stool.	0.23239598383309484	up
Goll_2020_FMT_IBS	Goll et al. Gut Microbes 2020; DOI 10.1080/19490976.2020.1794263; local MetaPhlAn4 re-analysis	IBS baseline recipients vs healthy donor stool	s__GGB9616_SGB15062	s__GGB9616_SGB15062	IBS baseline recipient	healthy donor	31	17	0.0023570967417570854	0.0	11.203407191270783	0.19902424221000337	0.001522291568107903		local_mannwhitney_metaphlan4	Computed from local Metalog MetaPhlAn4 species profiles; case is baseline IBS recipient and control is donor stool.	0.23239598383309484	up
Goll_2020_FMT_IBS	Goll et al. Gut Microbes 2020; DOI 10.1080/19490976.2020.1794263; local MetaPhlAn4 re-analysis	IBS baseline recipients vs healthy donor stool	s__GGB9634_SGB15101	s__GGB9634_SGB15101	IBS baseline recipient	healthy donor	31	17	0.03660580481312448	0.0	15.15982423455138	0.19902424221000337	0.023641249164938927		local_mannwhitney_metaphlan4	Computed from local Metalog MetaPhlAn4 species profiles; case is baseline IBS recipient and control is donor stool.	0.23239598383309484	up
Goll_2020_FMT_IBS	Goll et al. Gut Microbes 2020; DOI 10.1080/19490976.2020.1794263; local MetaPhlAn4 re-analysis	IBS baseline recipients vs healthy donor stool	s__GGB9635_SGB15103	s__GGB9635_SGB15103	IBS baseline recipient	healthy donor	31	17	0.009955161130957065	0.0	13.281373863811046	0.19902424221000337	0.006429374683648348		local_mannwhitney_metaphlan4	Computed from local Metalog MetaPhlAn4 species profiles; case is baseline IBS recipient and control is donor stool.	0.23239598383309484	up
Goll_2020_FMT_IBS	Goll et al. Gut Microbes 2020; DOI 10.1080/19490976.2020.1794263; local MetaPhlAn4 re-analysis	IBS baseline recipients vs healthy donor stool	s__GGB9743_SGB15349	s__GGB9743_SGB15349	IBS baseline recipient	healthy donor	31	17	0.0008745161035368519	0.0	9.773989904446232	0.19902424221000337	0.0005647916696034372		local_mannwhitney_metaphlan4	Computed from local Metalog MetaPhlAn4 species profiles; case is baseline IBS recipient and control is donor stool.	0.23239598383309484	up
Goll_2020_FMT_IBS	Goll et al. Gut Microbes 2020; DOI 10.1080/19490976.2020.1794263; local MetaPhlAn4 re-analysis	IBS baseline recipients vs healthy donor stool	s__GGB9786_SGB15409	s__GGB9786_SGB15409	IBS baseline recipient	healthy donor	31	17	0.00022387097030127	0.0	7.81295361831779	0.19902424221000337	0.00014458333316724747		local_mannwhitney_metaphlan4	Computed from local Metalog MetaPhlAn4 species profiles; case is baseline IBS recipient and control is donor stool.	0.23239598383309484	up
Goll_2020_FMT_IBS	Goll et al. Gut Microbes 2020; DOI 10.1080/19490976.2020.1794263; local MetaPhlAn4 re-analysis	IBS baseline recipients vs healthy donor stool	s__GGB9788_SGB15411	s__GGB9788_SGB15411	IBS baseline recipient	healthy donor	31	17	0.0002929032282648428	0.0	8.199197395569348	0.19902424221000337	0.0001891666470328346		local_mannwhitney_metaphlan4	Computed from local Metalog MetaPhlAn4 species profiles; case is baseline IBS recipient and control is donor stool.	0.23239598383309484	up
Goll_2020_FMT_IBS	Goll et al. Gut Microbes 2020; DOI 10.1080/19490976.2020.1794263; local MetaPhlAn4 re-analysis	IBS baseline recipients vs healthy donor stool	s__Guopingia_tenuis	s__Guopingia_tenuis	IBS baseline recipient	healthy donor	31	17	0.0005454838561314729	0.0	9.094035067148427	0.19902424221000337	0.00035229165223427117		local_mannwhitney_metaphlan4	Computed from local Metalog MetaPhlAn4 species profiles; case is baseline IBS recipient and control is donor stool.	0.23239598383309484	up
Goll_2020_FMT_IBS	Goll et al. Gut Microbes 2020; DOI 10.1080/19490976.2020.1794263; local MetaPhlAn4 re-analysis	IBS baseline recipients vs healthy donor stool	s__Lachnoclostridium_sp_An138	s__Lachnoclostridium_sp_An138	IBS baseline recipient	healthy donor	31	17	0.0018548386832398752	0.0	10.857855595879462	0.19902424221000337	0.001197916571982205		local_mannwhitney_metaphlan4	Computed from local Metalog MetaPhlAn4 species profiles; case is baseline IBS recipient and control is donor stool.	0.23239598383309484	up
Goll_2020_FMT_IBS	Goll et al. Gut Microbes 2020; DOI 10.1080/19490976.2020.1794263; local MetaPhlAn4 re-analysis	IBS baseline recipients vs healthy donor stool	s__Lacticaseibacillus_rhamnosus	s__Lacticaseibacillus_rhamnosus	IBS baseline recipient	healthy donor	31	17	0.004748064393718396	0.0	12.213427602843673	0.19902424221000337	0.0030664585065096617		local_mannwhitney_metaphlan4	Computed from local Metalog MetaPhlAn4 species profiles; case is baseline IBS recipient and control is donor stool.	0.23239598383309484	up
Goll_2020_FMT_IBS	Goll et al. Gut Microbes 2020; DOI 10.1080/19490976.2020.1794263; local MetaPhlAn4 re-analysis	IBS baseline recipients vs healthy donor stool	s__Lactobacillus_gasseri	s__Lactobacillus_gasseri	IBS baseline recipient	healthy donor	31	17	0.0021974193739644704	0.0	11.102250907995195	0.19902424221000337	0.0014191666850820184		local_mannwhitney_metaphlan4	Computed from local Metalog MetaPhlAn4 species profiles; case is baseline IBS recipient and control is donor stool.	0.23239598383309484	up
Goll_2020_FMT_IBS	Goll et al. Gut Microbes 2020; DOI 10.1080/19490976.2020.1794263; local MetaPhlAn4 re-analysis	IBS baseline recipients vs healthy donor stool	s__Massiliimalia_massiliensis	s__Massiliimalia_massiliensis	IBS baseline recipient	healthy donor	31	17	0.0002732258111674098	0.0	8.099220559180313	0.19902424221000337	0.00017645834304858		local_mannwhitney_metaphlan4	Computed from local Metalog MetaPhlAn4 species profiles; case is baseline IBS recipient and control is donor stool.	0.23239598383309484	up
Goll_2020_FMT_IBS	Goll et al. Gut Microbes 2020; DOI 10.1080/19490976.2020.1794263; local MetaPhlAn4 re-analysis	IBS baseline recipients vs healthy donor stool	s__Negativibacillus_massiliensis	s__Negativibacillus_massiliensis	IBS baseline recipient	healthy donor	31	17	0.028131613853357492	0.0	14.779955981902953	0.19902424221000337	0.018168335780501366		local_mannwhitney_metaphlan4	Computed from local Metalog MetaPhlAn4 species profiles; case is baseline IBS recipient and control is donor stool.	0.23239598383309484	up
Goll_2020_FMT_IBS	Goll et al. Gut Microbes 2020; DOI 10.1080/19490976.2020.1794263; local MetaPhlAn4 re-analysis	IBS baseline recipients vs healthy donor stool	s__Parabacteroides_sp_AD58	s__Parabacteroides_sp_AD58	IBS baseline recipient	healthy donor	31	17	0.019911934771845417	0.0	14.281418240927794	0.19902424221000337	0.01285979151725769		local_mannwhitney_metaphlan4	Computed from local Metalog MetaPhlAn4 species profiles; case is baseline IBS recipient and control is donor stool.	0.23239598383309484	up
Goll_2020_FMT_IBS	Goll et al. Gut Microbes 2020; DOI 10.1080/19490976.2020.1794263; local MetaPhlAn4 re-analysis	IBS baseline recipients vs healthy donor stool	s__Phascolarctobacterium_succinatutens	s__Phascolarctobacterium_succinatutens	IBS baseline recipient	healthy donor	31	17	0.047814517732589476	0.0	15.545191276473826	0.19902424221000337	0.03088020719587803		local_mannwhitney_metaphlan4	Computed from local Metalog MetaPhlAn4 species profiles; case is baseline IBS recipient and control is donor stool.	0.23239598383309484	up
Goll_2020_FMT_IBS	Goll et al. Gut Microbes 2020; DOI 10.1080/19490976.2020.1794263; local MetaPhlAn4 re-analysis	IBS baseline recipients vs healthy donor stool	s__Pseudoflavonifractor_phocaeensis	s__Pseudoflavonifractor_phocaeensis	IBS baseline recipient	healthy donor	31	17	0.0008400000158637281	0.0	9.715962017468607	0.19902424221000337	0.0005424999981187284		local_mannwhitney_metaphlan4	Computed from local Metalog MetaPhlAn4 species profiles; case is baseline IBS recipient and control is donor stool.	0.23239598383309484	up
Goll_2020_FMT_IBS	Goll et al. Gut Microbes 2020; DOI 10.1080/19490976.2020.1794263; local MetaPhlAn4 re-analysis	IBS baseline recipients vs healthy donor stool	s__Pseudoruminococcus_massiliensis	s__Pseudoruminococcus_massiliensis	IBS baseline recipient	healthy donor	31	17	0.21535999351932156	0.0	17.716397445060885	0.19902424221000337	0.13908666372299194		local_mannwhitney_metaphlan4	Computed from local Metalog MetaPhlAn4 species profiles; case is baseline IBS recipient and control is donor stool.	0.23239598383309484	up
Goll_2020_FMT_IBS	Goll et al. Gut Microbes 2020; DOI 10.1080/19490976.2020.1794263; local MetaPhlAn4 re-analysis	IBS baseline recipients vs healthy donor stool	s__Roseburia_sp_AM59_24XD	s__Roseburia_sp_AM59_24XD	IBS baseline recipient	healthy donor	31	17	0.05301387225758405	0.0	15.694109515120351	0.19902424221000337	0.03423812612891197		local_mannwhitney_metaphlan4	Computed from local Metalog MetaPhlAn4 species profiles; case is baseline IBS recipient and control is donor stool.	0.23239598383309484	up
Goll_2020_FMT_IBS	Goll et al. Gut Microbes 2020; DOI 10.1080/19490976.2020.1794263; local MetaPhlAn4 re-analysis	IBS baseline recipients vs healthy donor stool	s__Ruminococcus_SGB4421	s__Ruminococcus_SGB4421	IBS baseline recipient	healthy donor	31	17	0.02733322665576012	0.0	14.73842093870932	0.19902424221000337	0.017652709037065506		local_mannwhitney_metaphlan4	Computed from local Metalog MetaPhlAn4 species profiles; case is baseline IBS recipient and control is donor stool.	0.23239598383309484	up
Goll_2020_FMT_IBS	Goll et al. Gut Microbes 2020; DOI 10.1080/19490976.2020.1794263; local MetaPhlAn4 re-analysis	IBS baseline recipients vs healthy donor stool	s__Saccharomyces_cerevisiae	s__Saccharomyces_cerevisiae	IBS baseline recipient	healthy donor	31	17	0.011261612507364443	0.0	13.4592538973979	0.19902424221000337	0.007273124530911446		local_mannwhitney_metaphlan4	Computed from local Metalog MetaPhlAn4 species profiles; case is baseline IBS recipient and control is donor stool.	0.23239598383309484	up
Goll_2020_FMT_IBS	Goll et al. Gut Microbes 2020; DOI 10.1080/19490976.2020.1794263; local MetaPhlAn4 re-analysis	IBS baseline recipients vs healthy donor stool	s__Sanguibacteroides_justesenii	s__Sanguibacteroides_justesenii	IBS baseline recipient	healthy donor	31	17	0.004073548521245679	0.0	11.992424495602203	0.19902424221000337	0.00263083353638649		local_mannwhitney_metaphlan4	Computed from local Metalog MetaPhlAn4 species profiles; case is baseline IBS recipient and control is donor stool.	0.23239598383309484	up
Goll_2020_FMT_IBS	Goll et al. Gut Microbes 2020; DOI 10.1080/19490976.2020.1794263; local MetaPhlAn4 re-analysis	IBS baseline recipients vs healthy donor stool	s__Vescimonas_SGB15087	s__Vescimonas_SGB15087	IBS baseline recipient	healthy donor	31	17	0.0064319354151525805	0.0	12.651261489170233	0.19902424221000337	0.004153958056122065		local_mannwhitney_metaphlan4	Computed from local Metalog MetaPhlAn4 species profiles; case is baseline IBS recipient and control is donor stool.	0.23239598383309484	up
Goll_2020_FMT_IBS	Goll et al. Gut Microbes 2020; DOI 10.1080/19490976.2020.1794263; local MetaPhlAn4 re-analysis	IBS baseline recipients vs healthy donor stool	s__Victivallis_vadensis	s__Victivallis_vadensis	IBS baseline recipient	healthy donor	31	17	0.007930322433821857	0.0	12.953345719273942	0.19902424221000337	0.005121666472405195		local_mannwhitney_metaphlan4	Computed from local Metalog MetaPhlAn4 species profiles; case is baseline IBS recipient and control is donor stool.	0.23239598383309484	up
Goll_2020_FMT_IBS	Goll et al. Gut Microbes 2020; DOI 10.1080/19490976.2020.1794263; local MetaPhlAn4 re-analysis	IBS baseline recipients vs healthy donor stool	s__GGB9667_SGB15164	s__GGB9667_SGB15164	IBS baseline recipient	healthy donor	31	17	0.019436128982042354	0.07309823546229917	-1.911041180059609	0.21836312385047518	0.03844146057963371		local_mannwhitney_metaphlan4	Computed from local Metalog MetaPhlAn4 species profiles; case is baseline IBS recipient and control is donor stool.	0.25446347900317473	down
Goll_2020_FMT_IBS	Goll et al. Gut Microbes 2020; DOI 10.1080/19490976.2020.1794263; local MetaPhlAn4 re-analysis	IBS baseline recipients vs healthy donor stool	s__Mediterraneibacter_SGB48424	s__Mediterraneibacter_SGB48424	IBS baseline recipient	healthy donor	31	17	0.0011164516251864693	0.0016770588064151954	-0.5865808968552029	0.21908183977109585	0.0013150000013411045		local_mannwhitney_metaphlan4	Computed from local Metalog MetaPhlAn4 species profiles; case is baseline IBS recipient and control is donor stool.	0.2547873307599465	down
Goll_2020_FMT_IBS	Goll et al. Gut Microbes 2020; DOI 10.1080/19490976.2020.1794263; local MetaPhlAn4 re-analysis	IBS baseline recipients vs healthy donor stool	s__Roseburia_hominis	s__Roseburia_hominis	IBS baseline recipient	healthy donor	31	17	0.44091676958581255	0.3449247038977988	0.3542239781147997	0.22723316441734043	0.40691956877708435		local_mannwhitney_metaphlan4	Computed from local Metalog MetaPhlAn4 species profiles; case is baseline IBS recipient and control is donor stool.	0.2637364840024553	up
Goll_2020_FMT_IBS	Goll et al. Gut Microbes 2020; DOI 10.1080/19490976.2020.1794263; local MetaPhlAn4 re-analysis	IBS baseline recipients vs healthy donor stool	s__Christensenella_hongkongensis	s__Christensenella_hongkongensis	IBS baseline recipient	healthy donor	31	17	0.00043064516954003805	0.0010182352818767814	-1.239569375177408	0.23839974240727224	0.0006387499743141234		local_mannwhitney_metaphlan4	Computed from local Metalog MetaPhlAn4 species profiles; case is baseline IBS recipient and control is donor stool.	0.2755901022228067	down
Goll_2020_FMT_IBS	Goll et al. Gut Microbes 2020; DOI 10.1080/19490976.2020.1794263; local MetaPhlAn4 re-analysis	IBS baseline recipients vs healthy donor stool	s__Enterocloster_lavalensis	s__Enterocloster_lavalensis	IBS baseline recipient	healthy donor	31	17	0.00015709677527117873	0.00037411763824981306	-1.2465351598733547	0.23839974240727224	0.00023395834432449192		local_mannwhitney_metaphlan4	Computed from local Metalog MetaPhlAn4 species profiles; case is baseline IBS recipient and control is donor stool.	0.2755901022228067	down
Goll_2020_FMT_IBS	Goll et al. Gut Microbes 2020; DOI 10.1080/19490976.2020.1794263; local MetaPhlAn4 re-analysis	IBS baseline recipients vs healthy donor stool	s__GGB3444_SGB4594	s__GGB3444_SGB4594	IBS baseline recipient	healthy donor	31	17	0.0003445161273702979	0.00032176471380379926	0.09827018681535822	0.2465596543436468	0.0003364583244547248		local_mannwhitney_metaphlan4	Computed from local Metalog MetaPhlAn4 species profiles; case is baseline IBS recipient and control is donor stool.	0.2844540523166224	up
Goll_2020_FMT_IBS	Goll et al. Gut Microbes 2020; DOI 10.1080/19490976.2020.1794263; local MetaPhlAn4 re-analysis	IBS baseline recipients vs healthy donor stool	s__Neobittarella_massiliensis	s__Neobittarella_massiliensis	IBS baseline recipient	healthy donor	31	17	0.00024419355266276866	0.00015117646612720017	0.6881757786543514	0.26113454880472386	0.00021124999329913408		local_mannwhitney_metaphlan4	Computed from local Metalog MetaPhlAn4 species profiles; case is baseline IBS recipient and control is donor stool.	0.3006688629663952	up
Goll_2020_FMT_IBS	Goll et al. Gut Microbes 2020; DOI 10.1080/19490976.2020.1794263; local MetaPhlAn4 re-analysis	IBS baseline recipients vs healthy donor stool	s__Clostridiaceae_bacterium_AF18_31LB	s__Clostridiaceae_bacterium_AF18_31LB	IBS baseline recipient	healthy donor	31	17	0.03303774173330185	0.03442823566044407	-0.05947540962770477	0.26259768529574745	0.033530209213495255		local_mannwhitney_metaphlan4	Computed from local Metalog MetaPhlAn4 species profiles; case is baseline IBS recipient and control is donor stool.	0.30175240974342354	down
Goll_2020_FMT_IBS	Goll et al. Gut Microbes 2020; DOI 10.1080/19490976.2020.1794263; local MetaPhlAn4 re-analysis	IBS baseline recipients vs healthy donor stool	s__Eggerthella_lenta	s__Eggerthella_lenta	IBS baseline recipient	healthy donor	31	17	0.049581290273401406	0.0018676470841883736	4.729758882884014	0.2638334729463787	0.03268270567059517		local_mannwhitney_metaphlan4	Computed from local Metalog MetaPhlAn4 species profiles; case is baseline IBS recipient and control is donor stool.	0.3019717769564493	up
Goll_2020_FMT_IBS	Goll et al. Gut Microbes 2020; DOI 10.1080/19490976.2020.1794263; local MetaPhlAn4 re-analysis	IBS baseline recipients vs healthy donor stool	s__Mediterraneibacter_butyricigenes	s__Mediterraneibacter_butyricigenes	IBS baseline recipient	healthy donor	31	17	0.003917741965250893	0.0011841176276314346	1.7253603204609755	0.2638334729463787	0.0029495833441615105		local_mannwhitney_metaphlan4	Computed from local Metalog MetaPhlAn4 species profiles; case is baseline IBS recipient and control is donor stool.	0.3019717769564493	up
Goll_2020_FMT_IBS	Goll et al. Gut Microbes 2020; DOI 10.1080/19490976.2020.1794263; local MetaPhlAn4 re-analysis	IBS baseline recipients vs healthy donor stool	s__Lacrimispora_sp_210928_DFI_3_58	s__Lacrimispora_sp_210928_DFI_3_58	IBS baseline recipient	healthy donor	31	17	0.002190967740100478	4.1176471688017685e-06	8.742530164904451	0.27660679509811414	0.0014164583990350366		local_mannwhitney_metaphlan4	Computed from local Metalog MetaPhlAn4 species profiles; case is baseline IBS recipient and control is donor stool.	0.31596586475634386	up
Goll_2020_FMT_IBS	Goll et al. Gut Microbes 2020; DOI 10.1080/19490976.2020.1794263; local MetaPhlAn4 re-analysis	IBS baseline recipients vs healthy donor stool	s__Lachnospiraceae_bacterium_AM48_27BH	s__Lachnospiraceae_bacterium_AM48_27BH	IBS baseline recipient	healthy donor	31	17	0.012594838765630077	0.008298235370174926	0.6018968668300229	0.28537953135178296	0.011073124594986439		local_mannwhitney_metaphlan4	Computed from local Metalog MetaPhlAn4 species profiles; case is baseline IBS recipient and control is donor stool.	0.32534392331623385	up
Goll_2020_FMT_IBS	Goll et al. Gut Microbes 2020; DOI 10.1080/19490976.2020.1794263; local MetaPhlAn4 re-analysis	IBS baseline recipients vs healthy donor stool	s__Roseburia_faecis	s__Roseburia_faecis	IBS baseline recipient	healthy donor	31	17	0.446569362655282	0.16345411930781076	1.449992945529999	0.28706346390604665	0.346299409866333		local_mannwhitney_metaphlan4	Computed from local Metalog MetaPhlAn4 species profiles; case is baseline IBS recipient and control is donor stool.	0.32661945302695855	up
Goll_2020_FMT_IBS	Goll et al. Gut Microbes 2020; DOI 10.1080/19490976.2020.1794263; local MetaPhlAn4 re-analysis	IBS baseline recipients vs healthy donor stool	s__GGB9237_SGB14179	s__GGB9237_SGB14179	IBS baseline recipient	healthy donor	31	17	0.0034019354739763413	3.4117646624936774e-05	6.598439817837403	0.29350796024950987	0.002209166530519724		local_mannwhitney_metaphlan4	Computed from local Metalog MetaPhlAn4 species profiles; case is baseline IBS recipient and control is donor stool.	0.33329587627547486	up
Goll_2020_FMT_IBS	Goll et al. Gut Microbes 2020; DOI 10.1080/19490976.2020.1794263; local MetaPhlAn4 re-analysis	IBS baseline recipients vs healthy donor stool	s__Alistipes_onderdonkii	s__Alistipes_onderdonkii	IBS baseline recipient	healthy donor	31	17	1.24775485114585	1.6635717745212948	-0.414949310486537	0.3105158124332812	1.3950233459472656		local_mannwhitney_metaphlan4	Computed from local Metalog MetaPhlAn4 species profiles; case is baseline IBS recipient and control is donor stool.	0.35191792075771866	down
Goll_2020_FMT_IBS	Goll et al. Gut Microbes 2020; DOI 10.1080/19490976.2020.1794263; local MetaPhlAn4 re-analysis	IBS baseline recipients vs healthy donor stool	s__Clostridium_sp_Marseille_P3244	s__Clostridium_sp_Marseille_P3244	IBS baseline recipient	healthy donor	31	17	0.0004300000059189305	0.00013411764110274175	1.6734718423690924	0.32934971566450433	0.00032520832610316575		local_mannwhitney_metaphlan4	Computed from local Metalog MetaPhlAn4 species profiles; case is baseline IBS recipient and control is donor stool.	0.3709097655901086	up
Goll_2020_FMT_IBS	Goll et al. Gut Microbes 2020; DOI 10.1080/19490976.2020.1794263; local MetaPhlAn4 re-analysis	IBS baseline recipients vs healthy donor stool	s__Clostridium_sp_NSJ_42	s__Clostridium_sp_NSJ_42	IBS baseline recipient	healthy donor	31	17	0.018511290233882684	0.0002423529513180256	6.249289306609038	0.32934971566450433	0.012041042558848858		local_mannwhitney_metaphlan4	Computed from local Metalog MetaPhlAn4 species profiles; case is baseline IBS recipient and control is donor stool.	0.3709097655901086	up
Goll_2020_FMT_IBS	Goll et al. Gut Microbes 2020; DOI 10.1080/19490976.2020.1794263; local MetaPhlAn4 re-analysis	IBS baseline recipients vs healthy donor stool	s__GGB9621_SGB15073	s__GGB9621_SGB15073	IBS baseline recipient	healthy donor	31	17	0.002857741997427037	0.0008647058926084463	1.723431537423011	0.32934971566450433	0.0021518750581890345		local_mannwhitney_metaphlan4	Computed from local Metalog MetaPhlAn4 species profiles; case is baseline IBS recipient and control is donor stool.	0.3709097655901086	up
Goll_2020_FMT_IBS	Goll et al. Gut Microbes 2020; DOI 10.1080/19490976.2020.1794263; local MetaPhlAn4 re-analysis	IBS baseline recipients vs healthy donor stool	s__Ruminococcus_bicirculans	s__Ruminococcus_bicirculans	IBS baseline recipient	healthy donor	31	17	2.738681580165341	2.174900000805364	0.33253233143825156	0.3298401721683665	2.539008855819702		local_mannwhitney_metaphlan4	Computed from local Metalog MetaPhlAn4 species profiles; case is baseline IBS recipient and control is donor stool.	0.3709097655901086	up
Goll_2020_FMT_IBS	Goll et al. Gut Microbes 2020; DOI 10.1080/19490976.2020.1794263; local MetaPhlAn4 re-analysis	IBS baseline recipients vs healthy donor stool	s__Brotolimicola_acetigignens	s__Brotolimicola_acetigignens	IBS baseline recipient	healthy donor	31	17	0.6911538753718618	0.6718499945367084	0.040867726311997	0.3319627662971335	0.6843171119689941		local_mannwhitney_metaphlan4	Computed from local Metalog MetaPhlAn4 species profiles; case is baseline IBS recipient and control is donor stool.	0.37257180372765664	up
Goll_2020_FMT_IBS	Goll et al. Gut Microbes 2020; DOI 10.1080/19490976.2020.1794263; local MetaPhlAn4 re-analysis	IBS baseline recipients vs healthy donor stool	s__Jutongia_hominis	s__Jutongia_hominis	IBS baseline recipient	healthy donor	31	17	0.004908064406575455	0.001477647024919005	1.7311703941546666	0.34829158271073624	0.0036931245122104883		local_mannwhitney_metaphlan4	Computed from local Metalog MetaPhlAn4 species profiles; case is baseline IBS recipient and control is donor stool.	0.39014057133101854	up
Goll_2020_FMT_IBS	Goll et al. Gut Microbes 2020; DOI 10.1080/19490976.2020.1794263; local MetaPhlAn4 re-analysis	IBS baseline recipients vs healthy donor stool	s__Alistipes_indistinctus	s__Alistipes_indistinctus	IBS baseline recipient	healthy donor	31	17	0.08687516088567433	0.017082940937732074	2.346319535470077	0.3706831528237675	0.06215708330273628		local_mannwhitney_metaphlan4	Computed from local Metalog MetaPhlAn4 species profiles; case is baseline IBS recipient and control is donor stool.	0.414419462924831	up
Goll_2020_FMT_IBS	Goll et al. Gut Microbes 2020; DOI 10.1080/19490976.2020.1794263; local MetaPhlAn4 re-analysis	IBS baseline recipients vs healthy donor stool	s__GGB9760_SGB15373	s__GGB9760_SGB15373	IBS baseline recipient	healthy donor	31	17	0.08223290278786613	0.06860058868358679	0.26149131334968817	0.3756773513469772	0.07740479707717896		local_mannwhitney_metaphlan4	Computed from local Metalog MetaPhlAn4 species profiles; case is baseline IBS recipient and control is donor stool.	0.41919210246824873	up
Goll_2020_FMT_IBS	Goll et al. Gut Microbes 2020; DOI 10.1080/19490976.2020.1794263; local MetaPhlAn4 re-analysis	IBS baseline recipients vs healthy donor stool	s__Oscillibacter_sp_MSJ_31	s__Oscillibacter_sp_MSJ_31	IBS baseline recipient	healthy donor	31	17	0.6792364512948552	0.16934705906383254	2.003924555467044	0.3863995701081788	0.4986506402492523		local_mannwhitney_metaphlan4	Computed from local Metalog MetaPhlAn4 species profiles; case is baseline IBS recipient and control is donor stool.	0.430325532798704	up
Goll_2020_FMT_IBS	Goll et al. Gut Microbes 2020; DOI 10.1080/19490976.2020.1794263; local MetaPhlAn4 re-analysis	IBS baseline recipients vs healthy donor stool	s__Lachnospira_sp_NSJ_43	s__Lachnospira_sp_NSJ_43	IBS baseline recipient	healthy donor	31	17	0.028110644810142055	0.04599294028080562	-0.7102759299053254	0.39096557947879196	0.03444395959377289		local_mannwhitney_metaphlan4	Computed from local Metalog MetaPhlAn4 species profiles; case is baseline IBS recipient and control is donor stool.	0.4345732787283495	down
Goll_2020_FMT_IBS	Goll et al. Gut Microbes 2020; DOI 10.1080/19490976.2020.1794263; local MetaPhlAn4 re-analysis	IBS baseline recipients vs healthy donor stool	s__Clostridiaceae_bacterium_Marseille_Q4143	s__Clostridiaceae_bacterium_Marseille_Q4143	IBS baseline recipient	healthy donor	31	17	0.005971935485684944	0.007956470566568896	-0.41386977640891526	0.39384335825245564	0.006674791220575571		local_mannwhitney_metaphlan4	Computed from local Metalog MetaPhlAn4 species profiles; case is baseline IBS recipient and control is donor stool.	0.4369317870823788	down
Goll_2020_FMT_IBS	Goll et al. Gut Microbes 2020; DOI 10.1080/19490976.2020.1794263; local MetaPhlAn4 re-analysis	IBS baseline recipients vs healthy donor stool	s__Senegalimassilia_anaerobia	s__Senegalimassilia_anaerobia	IBS baseline recipient	healthy donor	31	17	0.028090968112190886	0.001687647048931788	4.056217981515841	0.40860026634829405	0.018739791586995125		local_mannwhitney_metaphlan4	Computed from local Metalog MetaPhlAn4 species profiles; case is baseline IBS recipient and control is donor stool.	0.4524347776806781	up
Goll_2020_FMT_IBS	Goll et al. Gut Microbes 2020; DOI 10.1080/19490976.2020.1794263; local MetaPhlAn4 re-analysis	IBS baseline recipients vs healthy donor stool	s__Oscillibacter_sp_PC13	s__Oscillibacter_sp_PC13	IBS baseline recipient	healthy donor	31	17	0.0004990322669337113	5.294117727316916e-05	3.212562280538267	0.4158831354213719	0.0003410416829865426		local_mannwhitney_metaphlan4	Computed from local Metalog MetaPhlAn4 species profiles; case is baseline IBS recipient and control is donor stool.	0.45817267871980877	up
Goll_2020_FMT_IBS	Goll et al. Gut Microbes 2020; DOI 10.1080/19490976.2020.1794263; local MetaPhlAn4 re-analysis	IBS baseline recipients vs healthy donor stool	s__GGB2652_SGB3573	s__GGB2652_SGB3573	IBS baseline recipient	healthy donor	31	17	0.004633870997255848	0.00029941177105202396	3.9475159364837036	0.4161603050655702	0.003098749788478017		local_mannwhitney_metaphlan4	Computed from local Metalog MetaPhlAn4 species profiles; case is baseline IBS recipient and control is donor stool.	0.45817267871980877	up
Goll_2020_FMT_IBS	Goll et al. Gut Microbes 2020; DOI 10.1080/19490976.2020.1794263; local MetaPhlAn4 re-analysis	IBS baseline recipients vs healthy donor stool	s__Mediterraneibacter_glycyrrhizinilyticus	s__Mediterraneibacter_glycyrrhizinilyticus	IBS baseline recipient	healthy donor	31	17	0.014764193445444107	0.00012352940736009795	6.889569975813027	0.4161603050655702	0.00957895815372467		local_mannwhitney_metaphlan4	Computed from local Metalog MetaPhlAn4 species profiles; case is baseline IBS recipient and control is donor stool.	0.45817267871980877	up
Goll_2020_FMT_IBS	Goll et al. Gut Microbes 2020; DOI 10.1080/19490976.2020.1794263; local MetaPhlAn4 re-analysis	IBS baseline recipients vs healthy donor stool	s__Alistipes_senegalensis	s__Alistipes_senegalensis	IBS baseline recipient	healthy donor	31	17	0.08403064460764008	0.023654705981778747	1.8287445024750064	0.4188754870733833	0.0626474991440773		local_mannwhitney_metaphlan4	Computed from local Metalog MetaPhlAn4 species profiles; case is baseline IBS recipient and control is donor stool.	0.4602852310426151	up
Goll_2020_FMT_IBS	Goll et al. Gut Microbes 2020; DOI 10.1080/19490976.2020.1794263; local MetaPhlAn4 re-analysis	IBS baseline recipients vs healthy donor stool	s__GGB3819_SGB5184	s__GGB3819_SGB5184	IBS baseline recipient	healthy donor	31	17	0.03115258014370357	0.006901764584814801	2.174151778226119	0.4356435257554898	0.0225637499243021		local_mannwhitney_metaphlan4	Computed from local Metalog MetaPhlAn4 species profiles; case is baseline IBS recipient and control is donor stool.	0.4778025766350533	up
Goll_2020_FMT_IBS	Goll et al. Gut Microbes 2020; DOI 10.1080/19490976.2020.1794263; local MetaPhlAn4 re-analysis	IBS baseline recipients vs healthy donor stool	s__Holdemania_massiliensis	s__Holdemania_massiliensis	IBS baseline recipient	healthy donor	31	17	0.0018119354086417344	0.0006352941075901446	1.5105618589148224	0.45496140044221034	0.0013952082954347134		local_mannwhitney_metaphlan4	Computed from local Metalog MetaPhlAn4 species profiles; case is baseline IBS recipient and control is donor stool.	0.4980448663931772	up
Goll_2020_FMT_IBS	Goll et al. Gut Microbes 2020; DOI 10.1080/19490976.2020.1794263; local MetaPhlAn4 re-analysis	IBS baseline recipients vs healthy donor stool	s__Pseudoflavonifractor_capillosus	s__Pseudoflavonifractor_capillosus	IBS baseline recipient	healthy donor	31	17	0.012733225769367099	0.019231764640768662	-0.5948549122233773	0.48014212148853763	0.015034792013466358		local_mannwhitney_metaphlan4	Computed from local Metalog MetaPhlAn4 species profiles; case is baseline IBS recipient and control is donor stool.	0.5246165334978729	down
Goll_2020_FMT_IBS	Goll et al. Gut Microbes 2020; DOI 10.1080/19490976.2020.1794263; local MetaPhlAn4 re-analysis	IBS baseline recipients vs healthy donor stool	s__GGB3593_SGB4817	s__GGB3593_SGB4817	IBS baseline recipient	healthy donor	31	17	0.0005977419345834924	0.00048294115592451654	0.30710268110910494	0.4894803144546084	0.0005570833454839885		local_mannwhitney_metaphlan4	Computed from local Metalog MetaPhlAn4 species profiles; case is baseline IBS recipient and control is donor stool.	0.5338106070844597	up
Goll_2020_FMT_IBS	Goll et al. Gut Microbes 2020; DOI 10.1080/19490976.2020.1794263; local MetaPhlAn4 re-analysis	IBS baseline recipients vs healthy donor stool	s__Lancefieldella_parvula	s__Lancefieldella_parvula	IBS baseline recipient	healthy donor	31	17	0.0011364516328960176	0.0003617647145053043	1.6486991604893437	0.49948905075171846	0.0008620833978056908		local_mannwhitney_metaphlan4	Computed from local Metalog MetaPhlAn4 species profiles; case is baseline IBS recipient and control is donor stool.	0.5436999460159948	up
Goll_2020_FMT_IBS	Goll et al. Gut Microbes 2020; DOI 10.1080/19490976.2020.1794263; local MetaPhlAn4 re-analysis	IBS baseline recipients vs healthy donor stool	s__GGB9559_SGB14968	s__GGB9559_SGB14968	IBS baseline recipient	healthy donor	31	17	0.00019161290519179836	0.0005623529500821058	-1.5483347102961387	0.5143777176795659	0.00032291669049300253		local_mannwhitney_metaphlan4	Computed from local Metalog MetaPhlAn4 species profiles; case is baseline IBS recipient and control is donor stool.	0.5578054799602047	down
Goll_2020_FMT_IBS	Goll et al. Gut Microbes 2020; DOI 10.1080/19490976.2020.1794263; local MetaPhlAn4 re-analysis	IBS baseline recipients vs healthy donor stool	s__Intestinibacter_bartlettii	s__Intestinibacter_bartlettii	IBS baseline recipient	healthy donor	31	17	0.0004177419393653831	0.0012111764209454551	-1.533466360400371	0.5143777176795659	0.0006987499655224383		local_mannwhitney_metaphlan4	Computed from local Metalog MetaPhlAn4 species profiles; case is baseline IBS recipient and control is donor stool.	0.5578054799602047	down
Goll_2020_FMT_IBS	Goll et al. Gut Microbes 2020; DOI 10.1080/19490976.2020.1794263; local MetaPhlAn4 re-analysis	IBS baseline recipients vs healthy donor stool	s__Lawsonibacter_asaccharolyticus	s__Lawsonibacter_asaccharolyticus	IBS baseline recipient	healthy donor	31	17	0.1008899997198774	0.0809499997755184	0.3176766767241464	0.5174225350018804	0.09382791072130203		local_mannwhitney_metaphlan4	Computed from local Metalog MetaPhlAn4 species profiles; case is baseline IBS recipient and control is donor stool.	0.5600566015563424	up
Goll_2020_FMT_IBS	Goll et al. Gut Microbes 2020; DOI 10.1080/19490976.2020.1794263; local MetaPhlAn4 re-analysis	IBS baseline recipients vs healthy donor stool	s__Clostridium_SGB6173	s__Clostridium_SGB6173	IBS baseline recipient	healthy donor	31	17	0.0011858064156718506	0.00012588235361309831	3.2255212880257456	0.5438055640977721	0.0008104166481643915		local_mannwhitney_metaphlan4	Computed from local Metalog MetaPhlAn4 species profiles; case is baseline IBS recipient and control is donor stool.	0.5864171941203588	up
Goll_2020_FMT_IBS	Goll et al. Gut Microbes 2020; DOI 10.1080/19490976.2020.1794263; local MetaPhlAn4 re-analysis	IBS baseline recipients vs healthy donor stool	s__GGB9574_SGB14987	s__GGB9574_SGB14987	IBS baseline recipient	healthy donor	31	17	0.00031612902896613966	0.00021470588056699317	0.5560044353848371	0.5438055640977721	0.0002802083326969296		local_mannwhitney_metaphlan4	Computed from local Metalog MetaPhlAn4 species profiles; case is baseline IBS recipient and control is donor stool.	0.5864171941203588	up
Goll_2020_FMT_IBS	Goll et al. Gut Microbes 2020; DOI 10.1080/19490976.2020.1794263; local MetaPhlAn4 re-analysis	IBS baseline recipients vs healthy donor stool	s__Hydrogeniiclostridium_mannosilyticum	s__Hydrogeniiclostridium_mannosilyticum	IBS baseline recipient	healthy donor	31	17	0.004019677548879577	0.006798235370832331	-0.7579338735000718	0.5516185081326695	0.00500374985858798		local_mannwhitney_metaphlan4	Computed from local Metalog MetaPhlAn4 species profiles; case is baseline IBS recipient and control is donor stool.	0.5937346325897263	down
Goll_2020_FMT_IBS	Goll et al. Gut Microbes 2020; DOI 10.1080/19490976.2020.1794263; local MetaPhlAn4 re-analysis	IBS baseline recipients vs healthy donor stool	s__GGB9531_SGB14932	s__GGB9531_SGB14932	IBS baseline recipient	healthy donor	31	17	0.007386774155161073	0.01199411747032119	-0.6992356174640998	0.5552789324936629	0.009018541313707829		local_mannwhitney_metaphlan4	Computed from local Metalog MetaPhlAn4 species profiles; case is baseline IBS recipient and control is donor stool.	0.5965636114894742	down
Goll_2020_FMT_IBS	Goll et al. Gut Microbes 2020; DOI 10.1080/19490976.2020.1794263; local MetaPhlAn4 re-analysis	IBS baseline recipients vs healthy donor stool	s__Blautia_sp_MCC283	s__Blautia_sp_MCC283	IBS baseline recipient	healthy donor	31	17	0.03834096804911819	0.005334705824840485	2.8451733575186484	0.5633787677437567	0.026651253923773766		local_mannwhitney_metaphlan4	Computed from local Metalog MetaPhlAn4 species profiles; case is baseline IBS recipient and control is donor stool.	0.6041427231092604	up
Goll_2020_FMT_IBS	Goll et al. Gut Microbes 2020; DOI 10.1080/19490976.2020.1794263; local MetaPhlAn4 re-analysis	IBS baseline recipients vs healthy donor stool	s__Parabacteroides_distasonis	s__Parabacteroides_distasonis	IBS baseline recipient	healthy donor	31	17	0.6741480601711138	0.45479058693437013	0.567862052539158	0.5750478745509604	0.596458911895752		local_mannwhitney_metaphlan4	Computed from local Metalog MetaPhlAn4 species profiles; case is baseline IBS recipient and control is donor stool.	0.6155142064638057	up
Goll_2020_FMT_IBS	Goll et al. Gut Microbes 2020; DOI 10.1080/19490976.2020.1794263; local MetaPhlAn4 re-analysis	IBS baseline recipients vs healthy donor stool	s__Oscillibacter_valericigenes	s__Oscillibacter_valericigenes	IBS baseline recipient	healthy donor	31	17	0.39872193748822377	0.2547411800307386	0.6463487423768616	0.589838543126617	0.34772875905036926		local_mannwhitney_metaphlan4	Computed from local Metalog MetaPhlAn4 species profiles; case is baseline IBS recipient and control is donor stool.	0.6301787022683635	up
Goll_2020_FMT_IBS	Goll et al. Gut Microbes 2020; DOI 10.1080/19490976.2020.1794263; local MetaPhlAn4 re-analysis	IBS baseline recipients vs healthy donor stool	s__Hungatella_hathewayi	s__Hungatella_hathewayi	IBS baseline recipient	healthy donor	31	17	0.004350000068605427	0.0003888235386351452	3.4804539273277335	0.598399979322111	0.002947083441540599		local_mannwhitney_metaphlan4	Computed from local Metalog MetaPhlAn4 species profiles; case is baseline IBS recipient and control is donor stool.	0.6381461034099264	up
Goll_2020_FMT_IBS	Goll et al. Gut Microbes 2020; DOI 10.1080/19490976.2020.1794263; local MetaPhlAn4 re-analysis	IBS baseline recipients vs healthy donor stool	s__Barnesiella_intestinihominis	s__Barnesiella_intestinihominis	IBS baseline recipient	healthy donor	31	17	1.4179325759891541	0.9462517613873762	0.5834924398433105	0.6020674525574345	1.250878930091858		local_mannwhitney_metaphlan4	Computed from local Metalog MetaPhlAn4 species profiles; case is baseline IBS recipient and control is donor stool.	0.6408747469211734	up
Goll_2020_FMT_IBS	Goll et al. Gut Microbes 2020; DOI 10.1080/19490976.2020.1794263; local MetaPhlAn4 re-analysis	IBS baseline recipients vs healthy donor stool	s__GGB3480_SGB4648	s__GGB3480_SGB4648	IBS baseline recipient	healthy donor	31	17	0.05257612930595754	0.349635879673502	-2.733350089694189	0.6081632405042319	0.15778480470180511		local_mannwhitney_metaphlan4	Computed from local Metalog MetaPhlAn4 species profiles; case is baseline IBS recipient and control is donor stool.	0.6461734430357464	down
Goll_2020_FMT_IBS	Goll et al. Gut Microbes 2020; DOI 10.1080/19490976.2020.1794263; local MetaPhlAn4 re-analysis	IBS baseline recipients vs healthy donor stool	s__Streptococcus_mitis	s__Streptococcus_mitis	IBS baseline recipient	healthy donor	31	17	0.009324193500252742	0.0018676470910363337	2.319139531685837	0.6112815238336299	0.006683333311229944		local_mannwhitney_metaphlan4	Computed from local Metalog MetaPhlAn4 species profiles; case is baseline IBS recipient and control is donor stool.	0.6482949005061249	up
Goll_2020_FMT_IBS	Goll et al. Gut Microbes 2020; DOI 10.1080/19490976.2020.1794263; local MetaPhlAn4 re-analysis	IBS baseline recipients vs healthy donor stool	s__Ruminococcus_callidus	s__Ruminococcus_callidus	IBS baseline recipient	healthy donor	31	17	0.05242580647445134	0.12417352988439448	-1.2439927115050042	0.6163431106114993	0.07783646136522293		local_mannwhitney_metaphlan4	Computed from local Metalog MetaPhlAn4 species profiles; case is baseline IBS recipient and control is donor stool.	0.6514651402771979	down
Goll_2020_FMT_IBS	Goll et al. Gut Microbes 2020; DOI 10.1080/19490976.2020.1794263; local MetaPhlAn4 re-analysis	IBS baseline recipients vs healthy donor stool	s__Streptococcus_parasanguinis	s__Streptococcus_parasanguinis	IBS baseline recipient	healthy donor	31	17	0.03244741925699336	0.011713529433644213	1.46984919515536	0.6165249683938188	0.025104165077209473		local_mannwhitney_metaphlan4	Computed from local Metalog MetaPhlAn4 species profiles; case is baseline IBS recipient and control is donor stool.	0.6514651402771979	up
Goll_2020_FMT_IBS	Goll et al. Gut Microbes 2020; DOI 10.1080/19490976.2020.1794263; local MetaPhlAn4 re-analysis	IBS baseline recipients vs healthy donor stool	s__GGB2977_SGB3959	s__GGB2977_SGB3959	IBS baseline recipient	healthy donor	31	17	0.0015732258137676023	0.0001252941129838719	3.639783205436054	0.6208484214585472	0.0010604168055579066		local_mannwhitney_metaphlan4	Computed from local Metalog MetaPhlAn4 species profiles; case is baseline IBS recipient and control is donor stool.	0.6548364737281758	up
Goll_2020_FMT_IBS	Goll et al. Gut Microbes 2020; DOI 10.1080/19490976.2020.1794263; local MetaPhlAn4 re-analysis	IBS baseline recipients vs healthy donor stool	s__Massiliimalia_timonensis	s__Massiliimalia_timonensis	IBS baseline recipient	healthy donor	31	17	0.00012354838996074131	0.0002958823439685683	-1.253184924716353	0.6480478874781446	0.00018458331760484725		local_mannwhitney_metaphlan4	Computed from local Metalog MetaPhlAn4 species profiles; case is baseline IBS recipient and control is donor stool.	0.6822799252502142	down
Goll_2020_FMT_IBS	Goll et al. Gut Microbes 2020; DOI 10.1080/19490976.2020.1794263; local MetaPhlAn4 re-analysis	IBS baseline recipients vs healthy donor stool	s__Actinomyces_sp_ph3	s__Actinomyces_sp_ph3	IBS baseline recipient	healthy donor	31	17	0.0013374193456970275	0.0001311764696284252	3.3399929307606215	0.6529410161621312	0.0009102083276957273		local_mannwhitney_metaphlan4	Computed from local Metalog MetaPhlAn4 species profiles; case is baseline IBS recipient and control is donor stool.	0.6861816497122033	up
Goll_2020_FMT_IBS	Goll et al. Gut Microbes 2020; DOI 10.1080/19490976.2020.1794263; local MetaPhlAn4 re-analysis	IBS baseline recipients vs healthy donor stool	s__GGB34797_SGB14322	s__GGB34797_SGB14322	IBS baseline recipient	healthy donor	31	17	0.06452870927751064	0.005018235259579823	3.684424051576993	0.6715937053955626	0.04345208406448364		local_mannwhitney_metaphlan4	Computed from local Metalog MetaPhlAn4 species profiles; case is baseline IBS recipient and control is donor stool.	0.7045030158232944	up
Goll_2020_FMT_IBS	Goll et al. Gut Microbes 2020; DOI 10.1080/19490976.2020.1794263; local MetaPhlAn4 re-analysis	IBS baseline recipients vs healthy donor stool	s__Lachnospira_eligens	s__Lachnospira_eligens	IBS baseline recipient	healthy donor	31	17	0.12879774200489685	0.04448117602013928	1.5338192325317903	0.6803031184535003	0.09893562644720078		local_mannwhitney_metaphlan4	Computed from local Metalog MetaPhlAn4 species profiles; case is baseline IBS recipient and control is donor stool.	0.7123463812792087	up
Goll_2020_FMT_IBS	Goll et al. Gut Microbes 2020; DOI 10.1080/19490976.2020.1794263; local MetaPhlAn4 re-analysis	IBS baseline recipients vs healthy donor stool	s__Intestinimonas_gabonensis	s__Intestinimonas_gabonensis	IBS baseline recipient	healthy donor	31	17	0.00546064517379085	0.00395294109629878	0.4660442109815666	0.6860969940889178	0.004926666151732206		local_mannwhitney_metaphlan4	Computed from local Metalog MetaPhlAn4 species profiles; case is baseline IBS recipient and control is donor stool.	0.7171140372213282	up
Goll_2020_FMT_IBS	Goll et al. Gut Microbes 2020; DOI 10.1080/19490976.2020.1794263; local MetaPhlAn4 re-analysis	IBS baseline recipients vs healthy donor stool	s__Clostridium_SGB4750	s__Clostridium_SGB4750	IBS baseline recipient	healthy donor	31	17	0.01727161297176574	0.017210000156945383	0.005155410870316852	0.7037901523641966	0.01724979095160961		local_mannwhitney_metaphlan4	Computed from local Metalog MetaPhlAn4 species profiles; case is baseline IBS recipient and control is donor stool.	0.7342792564377358	up
Goll_2020_FMT_IBS	Goll et al. Gut Microbes 2020; DOI 10.1080/19490976.2020.1794263; local MetaPhlAn4 re-analysis	IBS baseline recipients vs healthy donor stool	s__Ruthenibacterium_lactatiformans	s__Ruthenibacterium_lactatiformans	IBS baseline recipient	healthy donor	31	17	0.116292581908525	0.07412529408055193	0.6497141873018168	0.7057237307470283	0.1013583317399025		local_mannwhitney_metaphlan4	Computed from local Metalog MetaPhlAn4 species profiles; case is baseline IBS recipient and control is donor stool.	0.7349699394086169	up
Goll_2020_FMT_IBS	Goll et al. Gut Microbes 2020; DOI 10.1080/19490976.2020.1794263; local MetaPhlAn4 re-analysis	IBS baseline recipients vs healthy donor stool	s__Streptococcus_salivarius	s__Streptococcus_salivarius	IBS baseline recipient	healthy donor	31	17	0.06295548326658806	0.016670000321670052	1.9170142805526658	0.7119281916435862	0.04656270518898964		local_mannwhitney_metaphlan4	Computed from local Metalog MetaPhlAn4 species profiles; case is baseline IBS recipient and control is donor stool.	0.7400980121762462	up
Goll_2020_FMT_IBS	Goll et al. Gut Microbes 2020; DOI 10.1080/19490976.2020.1794263; local MetaPhlAn4 re-analysis	IBS baseline recipients vs healthy donor stool	s__Ruminococcus_torques	s__Ruminococcus_torques	IBS baseline recipient	healthy donor	31	17	0.5793625820398091	0.06501352776061087	3.1556349663754726	0.7199819384034385	0.39719727635383606		local_mannwhitney_metaphlan4	Computed from local Metalog MetaPhlAn4 species profiles; case is baseline IBS recipient and control is donor stool.	0.747126679348631	up
Goll_2020_FMT_IBS	Goll et al. Gut Microbes 2020; DOI 10.1080/19490976.2020.1794263; local MetaPhlAn4 re-analysis	IBS baseline recipients vs healthy donor stool	s__Collinsella_aerofaciens	s__Collinsella_aerofaciens	IBS baseline recipient	healthy donor	31	17	0.519229031671139	0.1883705830311074	1.4627924873071771	0.7293127056167938	0.4020500183105469		local_mannwhitney_metaphlan4	Computed from local Metalog MetaPhlAn4 species profiles; case is baseline IBS recipient and control is donor stool.	0.7554529459614817	up
Goll_2020_FMT_IBS	Goll et al. Gut Microbes 2020; DOI 10.1080/19490976.2020.1794263; local MetaPhlAn4 re-analysis	IBS baseline recipients vs healthy donor stool	s__Escherichia_coli	s__Escherichia_coli	IBS baseline recipient	healthy donor	31	17	0.631622910965234	0.005289999915369074	6.899381582481879	0.731803698051974	0.4097966253757477		local_mannwhitney_metaphlan4	Computed from local Metalog MetaPhlAn4 species profiles; case is baseline IBS recipient and control is donor stool.	0.75667716900544	up
Goll_2020_FMT_IBS	Goll et al. Gut Microbes 2020; DOI 10.1080/19490976.2020.1794263; local MetaPhlAn4 re-analysis	IBS baseline recipients vs healthy donor stool	s__GGB4456_SGB6141	s__GGB4456_SGB6141	IBS baseline recipient	healthy donor	31	17	0.0001012903202565447	0.0016470587921931462	-4.010026175291658	0.7449992147498519	0.0006487499340437353		local_mannwhitney_metaphlan4	Computed from local Metalog MetaPhlAn4 species profiles; case is baseline IBS recipient and control is donor stool.	0.7686617484280753	down
Goll_2020_FMT_IBS	Goll et al. Gut Microbes 2020; DOI 10.1080/19490976.2020.1794263; local MetaPhlAn4 re-analysis	IBS baseline recipients vs healthy donor stool	s__Bifidobacterium_longum	s__Bifidobacterium_longum	IBS baseline recipient	healthy donor	31	17	0.5082612971290795	0.39300352663678284	0.3710272861318205	0.7460540499448967	0.4674408435821533		local_mannwhitney_metaphlan4	Computed from local Metalog MetaPhlAn4 species profiles; case is baseline IBS recipient and control is donor stool.	0.7686617484280753	up
Goll_2020_FMT_IBS	Goll et al. Gut Microbes 2020; DOI 10.1080/19490976.2020.1794263; local MetaPhlAn4 re-analysis	IBS baseline recipients vs healthy donor stool	s__Streptococcus_australis	s__Streptococcus_australis	IBS baseline recipient	healthy donor	31	17	0.0034829031679809333	0.0004205882261671564	3.0467980440242752	0.7515815952369539	0.002398333279415965		local_mannwhitney_metaphlan4	Computed from local Metalog MetaPhlAn4 species profiles; case is baseline IBS recipient and control is donor stool.	0.772978936026618	up
Goll_2020_FMT_IBS	Goll et al. Gut Microbes 2020; DOI 10.1080/19490976.2020.1794263; local MetaPhlAn4 re-analysis	IBS baseline recipients vs healthy donor stool	s__GGB3619_SGB4894	s__GGB3619_SGB4894	IBS baseline recipient	healthy donor	31	17	0.08087387104376009	0.02551058795207235	1.664538805364725	0.7855520176908115	0.06126604601740837		local_mannwhitney_metaphlan4	Computed from local Metalog MetaPhlAn4 species profiles; case is baseline IBS recipient and control is donor stool.	0.8064814675404779	up
Goll_2020_FMT_IBS	Goll et al. Gut Microbes 2020; DOI 10.1080/19490976.2020.1794263; local MetaPhlAn4 re-analysis	IBS baseline recipients vs healthy donor stool	s__Roseburia_intestinalis	s__Roseburia_intestinalis	IBS baseline recipient	healthy donor	31	17	0.20562483983174448	0.4870441167320892	-1.2440338492842336	0.8096989189603974	0.3052941858768463		local_mannwhitney_metaphlan4	Computed from local Metalog MetaPhlAn4 species profiles; case is baseline IBS recipient and control is donor stool.	0.8297978282962937	down
Goll_2020_FMT_IBS	Goll et al. Gut Microbes 2020; DOI 10.1080/19490976.2020.1794263; local MetaPhlAn4 re-analysis	IBS baseline recipients vs healthy donor stool	s__Bacteroides_thetaiotaomicron	s__Bacteroides_thetaiotaomicron	IBS baseline recipient	healthy donor	31	17	0.26405677230908503	0.17670352921328125	0.5795145876059975	0.8261349765866769	0.2331191748380661		local_mannwhitney_metaphlan4	Computed from local Metalog MetaPhlAn4 species profiles; case is baseline IBS recipient and control is donor stool.	0.8451433919771668	up
Goll_2020_FMT_IBS	Goll et al. Gut Microbes 2020; DOI 10.1080/19490976.2020.1794263; local MetaPhlAn4 re-analysis	IBS baseline recipients vs healthy donor stool	s__TM7_phylum_sp_oral_taxon_352	s__TM7_phylum_sp_oral_taxon_352	IBS baseline recipient	healthy donor	31	17	0.009343871212143811	0.002361176467007574	1.9840580357026416	0.8330934851552153	0.006870833691209555		local_mannwhitney_metaphlan4	Computed from local Metalog MetaPhlAn4 species profiles; case is baseline IBS recipient and control is donor stool.	0.8492992370658946	up
Goll_2020_FMT_IBS	Goll et al. Gut Microbes 2020; DOI 10.1080/19490976.2020.1794263; local MetaPhlAn4 re-analysis	IBS baseline recipients vs healthy donor stool	s__Streptococcus_sanguinis	s__Streptococcus_sanguinis	IBS baseline recipient	healthy donor	31	17	0.0009767741881190769	0.00030588235377388844	1.6718156297854772	0.8331361027964744	0.000739166687708348		local_mannwhitney_metaphlan4	Computed from local Metalog MetaPhlAn4 species profiles; case is baseline IBS recipient and control is donor stool.	0.8492992370658946	up
Goll_2020_FMT_IBS	Goll et al. Gut Microbes 2020; DOI 10.1080/19490976.2020.1794263; local MetaPhlAn4 re-analysis	IBS baseline recipients vs healthy donor stool	s__Oscillospiraceae_bacterium	s__Oscillospiraceae_bacterium	IBS baseline recipient	healthy donor	31	17	0.3546019310672437	0.203861177625025	0.798610323067878	0.9122079630551053	0.3012145757675171		local_mannwhitney_metaphlan4	Computed from local Metalog MetaPhlAn4 species profiles; case is baseline IBS recipient and control is donor stool.	0.9269497568034107	up
Goll_2020_FMT_IBS	Goll et al. Gut Microbes 2020; DOI 10.1080/19490976.2020.1794263; local MetaPhlAn4 re-analysis	IBS baseline recipients vs healthy donor stool	s__GGB3109_SGB4121	s__GGB3109_SGB4121	IBS baseline recipient	healthy donor	31	17	0.0626229036659483	0.044189411907128114	0.5029800629991761	0.9128367582282745	0.05609437823295593		local_mannwhitney_metaphlan4	Computed from local Metalog MetaPhlAn4 species profiles; case is baseline IBS recipient and control is donor stool.	0.9269497568034107	up
Goll_2020_FMT_IBS	Goll et al. Gut Microbes 2020; DOI 10.1080/19490976.2020.1794263; local MetaPhlAn4 re-analysis	IBS baseline recipients vs healthy donor stool	s__Gemmiger_formicilis	s__Gemmiger_formicilis	IBS baseline recipient	healthy donor	31	17	0.9226829075675097	0.7827105872771319	0.23735569229342565	0.9141200023839865	0.8731093406677246		local_mannwhitney_metaphlan4	Computed from local Metalog MetaPhlAn4 species profiles; case is baseline IBS recipient and control is donor stool.	0.9269497568034107	up
Goll_2020_FMT_IBS	Goll et al. Gut Microbes 2020; DOI 10.1080/19490976.2020.1794263; local MetaPhlAn4 re-analysis	IBS baseline recipients vs healthy donor stool	s__Streptococcus_oralis	s__Streptococcus_oralis	IBS baseline recipient	healthy donor	31	17	0.0018338709769229735	7.235294427065288e-05	4.644679935517281	0.9181638341462682	0.0012100000167265534		local_mannwhitney_metaphlan4	Computed from local Metalog MetaPhlAn4 species profiles; case is baseline IBS recipient and control is donor stool.	0.9294197830762575	up
Goll_2020_FMT_IBS	Goll et al. Gut Microbes 2020; DOI 10.1080/19490976.2020.1794263; local MetaPhlAn4 re-analysis	IBS baseline recipients vs healthy donor stool	s__Streptococcus_cristatus	s__Streptococcus_cristatus	IBS baseline recipient	healthy donor	31	17	0.0003993548490407486	7.941176505375872e-05	2.3158007772007654	0.9351953630193864	0.0002860416716430336		local_mannwhitney_metaphlan4	Computed from local Metalog MetaPhlAn4 species profiles; case is baseline IBS recipient and control is donor stool.	0.9450051045895198	up
Goll_2020_FMT_IBS	Goll et al. Gut Microbes 2020; DOI 10.1080/19490976.2020.1794263; local MetaPhlAn4 re-analysis	IBS baseline recipients vs healthy donor stool	s__Alistipes_putredinis	s__Alistipes_putredinis	IBS baseline recipient	healthy donor	31	17	3.358774518090931	3.2445494024192585	0.0499167993476751	0.9483870978294495	3.3183200359344482		local_mannwhitney_metaphlan4	Computed from local Metalog MetaPhlAn4 species profiles; case is baseline IBS recipient and control is donor stool.	0.9566627269553609	up
Goll_2020_FMT_IBS	Goll et al. Gut Microbes 2020; DOI 10.1080/19490976.2020.1794263; local MetaPhlAn4 re-analysis	IBS baseline recipients vs healthy donor stool	s__Ruminococcus_gnavus	s__Ruminococcus_gnavus	IBS baseline recipient	healthy donor	31	17	0.467313858118066	0.02395470573922948	4.285953686679312	0.9564807054637825	0.3102908432483673		local_mannwhitney_metaphlan4	Computed from local Metalog MetaPhlAn4 species profiles; case is baseline IBS recipient and control is donor stool.	0.963146076233565	up
Goll_2020_FMT_IBS	Goll et al. Gut Microbes 2020; DOI 10.1080/19490976.2020.1794263; local MetaPhlAn4 re-analysis	IBS baseline recipients vs healthy donor stool	s__Candidatus_Stoquefichus_sp_SB1	s__Candidatus_Stoquefichus_sp_SB1	IBS baseline recipient	healthy donor	31	17	0.00014225806620332503	7.705882136874339e-05	0.8759827883852659	0.9590279328144903	0.00011916665971511975		local_mannwhitney_metaphlan4	Computed from local Metalog MetaPhlAn4 species profiles; case is baseline IBS recipient and control is donor stool.	0.9640315568117832	up
Goll_2020_FMT_IBS	Goll et al. Gut Microbes 2020; DOI 10.1080/19490976.2020.1794263; local MetaPhlAn4 re-analysis	IBS baseline recipients vs healthy donor stool	s__Lentihominibacter_faecis	s__Lentihominibacter_faecis	IBS baseline recipient	healthy donor	31	17	0.07008257943520983	0.02040235319873318	1.7802701886678345	0.96507622391942	0.05248750373721123		local_mannwhitney_metaphlan4	Computed from local Metalog MetaPhlAn4 species profiles; case is baseline IBS recipient and control is donor stool.	0.9684271830302514	up
Goll_2020_FMT_IBS	Goll et al. Gut Microbes 2020; DOI 10.1080/19490976.2020.1794263; local MetaPhlAn4 re-analysis	IBS baseline recipients vs healthy donor stool	s__Enterocloster_citroniae	s__Enterocloster_citroniae	IBS baseline recipient	healthy donor	31	17	0.0006545161407801413	0.000470588230254019	0.4751035919256076	0.9735090994090869	0.0005893749766983092		local_mannwhitney_metaphlan4	Computed from local Metalog MetaPhlAn4 species profiles; case is baseline IBS recipient and control is donor stool.	0.9751962902226208	up
Goll_2020_FMT_IBS	Goll et al. Gut Microbes 2020; DOI 10.1080/19490976.2020.1794263; local MetaPhlAn4 re-analysis	IBS baseline recipients vs healthy donor stool	s__Clostridium_sp_AM33_3	s__Clostridium_sp_AM33_3	IBS baseline recipient	healthy donor	31	17	0.006754193538537009	0.004764117680572192	0.5034852600917731	1.0	0.006049374584108591		local_mannwhitney_metaphlan4	Computed from local Metalog MetaPhlAn4 species profiles; case is baseline IBS recipient and control is donor stool.	1.0	up
