analysis_set	species
CRC_CRA	s__Abiotrophia_defectiva
CRC_CRA	s__Abiotrophia_sp_HMSC24B09
CRC_CRA	s__Acetivibrio_sp_MSJd_27
CRC_CRA	s__Acidaminococcus_SGB5735
CRC_CRA	s__Acidaminococcus_fermentans
CRC_CRA	s__Acidaminococcus_intestini
CRC_CRA	s__Acidaminococcus_massiliensis
CRC_CRA	s__Acidaminococcus_provencensis
CRC_CRA	s__Actinobaculum_sp_oral_taxon_183
CRC_CRA	s__Actinomyces_SGB17132
CRC_CRA	s__Actinomyces_bouchesdurhonensis
CRC_CRA	s__Actinomyces_dentalis
CRC_CRA	s__Actinomyces_gerencseriae
CRC_CRA	s__Actinomyces_graevenitzii
CRC_CRA	s__Actinomyces_israelii
CRC_CRA	s__Actinomyces_johnsonii
CRC_CRA	s__Actinomyces_massiliensis
CRC_CRA	s__Actinomyces_naeslundii
CRC_CRA	s__Actinomyces_oris
CRC_CRA	s__Actinomyces_sp_HMT897
CRC_CRA	s__Actinomyces_sp_ICM47
CRC_CRA	s__Actinomyces_sp_oral_taxon_448
CRC_CRA	s__Actinomyces_sp_ph3
CRC_CRA	s__Adlercreutzia_caecimuris
CRC_CRA	s__Adlercreutzia_equolifaciens
CRC_CRA	s__Adlercreutzia_muris
CRC_CRA	s__Adlercreutzia_sp_DSM_108611
CRC_CRA	s__Aeromonas_veronii
CRC_CRA	s__Agathobaculum_butyriciproducens
CRC_CRA	s__Agathobaculum_desmolans
CRC_CRA	s__Aggregatibacter_aphrophilus
CRC_CRA	s__Aggregatibacter_segnis
CRC_CRA	s__Aggregatibacter_sp_2125159857
CRC_CRA	s__Akkermansia_muciniphila
CRC_CRA	s__Akkermansia_sp_BIOML_A66
CRC_CRA	s__Akkermansia_sp_KLE1798
CRC_CRA	s__Alistipes_SGB2300
CRC_CRA	s__Alistipes_SGB2302
CRC_CRA	s__Alistipes_SGB2313
CRC_CRA	s__Alistipes_communis
CRC_CRA	s__Alistipes_dispar
CRC_CRA	s__Alistipes_finegoldii
CRC_CRA	s__Alistipes_ihumii
CRC_CRA	s__Alistipes_indistinctus
CRC_CRA	s__Alistipes_montrealensis
CRC_CRA	s__Alistipes_onderdonkii
CRC_CRA	s__Alistipes_provencensis
CRC_CRA	s__Alistipes_putredinis
CRC_CRA	s__Alistipes_senegalensis
CRC_CRA	s__Alistipes_shahii
CRC_CRA	s__Alistipes_sp_AF17_16
CRC_CRA	s__Alistipes_sp_An31A
CRC_CRA	s__Alistipes_timonensis
CRC_CRA	s__Allisonella_histaminiformans
CRC_CRA	s__Alloprevotella_SGB1466
CRC_CRA	s__Alloprevotella_SGB1483
CRC_CRA	s__Alloprevotella_SGB1484
CRC_CRA	s__Alloprevotella_sp_Lung230
CRC_CRA	s__Alloprevotella_sp_oral_taxon_473
CRC_CRA	s__Alloprevotella_tannerae
CRC_CRA	s__Alloscardovia_omnicolens
CRC_CRA	s__Amedibacillus_dolichus
CRC_CRA	s__Amedibacterium_intestinale
CRC_CRA	s__Anaerobutyricum_hallii
CRC_CRA	s__Anaerobutyricum_soehngenii
CRC_CRA	s__Anaerococcus_obesiensis
CRC_CRA	s__Anaerofilum_hominis
CRC_CRA	s__Anaerofustis_stercorihominis
CRC_CRA	s__Anaeroglobus_geminatus
CRC_CRA	s__Anaeromassilibacillus_senegalensis
CRC_CRA	s__Anaeromassilibacillus_sp_An172
CRC_CRA	s__Anaerosacchariphilus_sp_NSJ_68
CRC_CRA	s__Anaerostipes_butyraticus
CRC_CRA	s__Anaerostipes_caccae
CRC_CRA	s__Anaerostipes_hadrus
CRC_CRA	s__Anaerotignum_faecicola
CRC_CRA	s__Anaerotignum_lactatifermentans
CRC_CRA	s__Anaerotignum_sp_MSJ_24
CRC_CRA	s__Anaerotruncus_colihominis
CRC_CRA	s__Anaerotruncus_massiliensis
CRC_CRA	s__Anaerotruncus_rubiinfantis
CRC_CRA	s__Anaerovorax_odorimutans
CRC_CRA	s__Angelakisella_massiliensis
CRC_CRA	s__Arachnia_SGB15898
CRC_CRA	s__Arachnia_SGB15899
CRC_CRA	s__Arachnia_propionica
CRC_CRA	s__Arachnia_rubra
CRC_CRA	s__Atopobium_sp_oral_taxon_416
CRC_CRA	s__Bacilliculturomica_massiliensis
CRC_CRA	s__Bacillus_subtilis
CRC_CRA	s__Bacteroidales_bacterium
CRC_CRA	s__Bacteroides_bouchesdurhonensis
CRC_CRA	s__Bacteroides_caccae
CRC_CRA	s__Bacteroides_caecigallinarum
CRC_CRA	s__Bacteroides_cellulosilyticus
CRC_CRA	s__Bacteroides_clarus
CRC_CRA	s__Bacteroides_congonensis
CRC_CRA	s__Bacteroides_cutis
CRC_CRA	s__Bacteroides_eggerthii
CRC_CRA	s__Bacteroides_faecalis
CRC_CRA	s__Bacteroides_faecis
CRC_CRA	s__Bacteroides_finegoldii
CRC_CRA	s__Bacteroides_fragilis
CRC_CRA	s__Bacteroides_intestinalis
CRC_CRA	s__Bacteroides_mediterraneensis
CRC_CRA	s__Bacteroides_nordii
CRC_CRA	s__Bacteroides_oleiciplenus
CRC_CRA	s__Bacteroides_ovatus
CRC_CRA	s__Bacteroides_pectinophilus
CRC_CRA	s__Bacteroides_salyersiae
CRC_CRA	s__Bacteroides_sp_AF16_49
CRC_CRA	s__Bacteroides_sp_GM023
CRC_CRA	s__Bacteroides_sp_Marseille_P3684
CRC_CRA	s__Bacteroides_sp_OF04_15BH
CRC_CRA	s__Bacteroides_stercorirosoris
CRC_CRA	s__Bacteroides_stercoris
CRC_CRA	s__Bacteroides_thetaiotaomicron
CRC_CRA	s__Bacteroides_togonis
CRC_CRA	s__Bacteroides_uniformis
CRC_CRA	s__Bacteroides_xylanisolvens
CRC_CRA	s__Bacteroidetes_oral_taxon_274
CRC_CRA	s__Bacteroidota_unclassified_SGB1343
CRC_CRA	s__Bariatricus_massiliensis
CRC_CRA	s__Barnesiella_intestinihominis
CRC_CRA	s__Bianquea_SGB71281
CRC_CRA	s__Bianquea_renquensis
CRC_CRA	s__Bifidobacterium_adolescentis
CRC_CRA	s__Bifidobacterium_animalis
CRC_CRA	s__Bifidobacterium_bifidum
CRC_CRA	s__Bifidobacterium_breve
CRC_CRA	s__Bifidobacterium_catenulatum
CRC_CRA	s__Bifidobacterium_dentium
CRC_CRA	s__Bifidobacterium_longum
CRC_CRA	s__Bifidobacterium_pseudocatenulatum
CRC_CRA	s__Bifidobacterium_pullorum
CRC_CRA	s__Bifidobacterium_ruminantium
CRC_CRA	s__Bilophila_SGB15451
CRC_CRA	s__Bilophila_wadsworthia
CRC_CRA	s__Bittarella_massiliensis
CRC_CRA	s__Blastocystis_sp_subtype_3
CRC_CRA	s__Blastocystis_sp_subtype_4
CRC_CRA	s__Blautia_SGB101324
CRC_CRA	s__Blautia_SGB4793
CRC_CRA	s__Blautia_SGB4815
CRC_CRA	s__Blautia_SGB4833
CRC_CRA	s__Blautia_SGB71764
CRC_CRA	s__Blautia_argi
CRC_CRA	s__Blautia_caecimuris
CRC_CRA	s__Blautia_faecicola
CRC_CRA	s__Blautia_faecis
CRC_CRA	s__Blautia_glucerasea
CRC_CRA	s__Blautia_hansenii
CRC_CRA	s__Blautia_hydrogenotrophica
CRC_CRA	s__Blautia_luti
CRC_CRA	s__Blautia_marasmi
CRC_CRA	s__Blautia_massiliensis
CRC_CRA	s__Blautia_obeum
CRC_CRA	s__Blautia_producta
CRC_CRA	s__Blautia_schinkii
CRC_CRA	s__Blautia_sp_An249
CRC_CRA	s__Blautia_sp_An46
CRC_CRA	s__Blautia_sp_MCC283
CRC_CRA	s__Blautia_sp_OF03_15BH
CRC_CRA	s__Blautia_stercoris
CRC_CRA	s__Blautia_wexlerae
CRC_CRA	s__Brachyspira_aalborgi
CRC_CRA	s__Brachyspira_pilosicoli
CRC_CRA	s__Brotolimicola_acetigignens
CRC_CRA	s__Bulleidia_extructa
CRC_CRA	s__Butyricicoccus_SGB14985
CRC_CRA	s__Butyricicoccus_SGB14990
CRC_CRA	s__Butyricicoccus_faecihominis
CRC_CRA	s__Butyricicoccus_intestinisimiae
CRC_CRA	s__Butyricimonas_faecalis
CRC_CRA	s__Butyricimonas_faecihominis
CRC_CRA	s__Butyricimonas_paravirosa
CRC_CRA	s__Butyricimonas_synergistica
CRC_CRA	s__Butyricimonas_virosa
CRC_CRA	s__Butyrivibrio_crossotus
CRC_CRA	s__Campylobacter_SGB19316
CRC_CRA	s__Campylobacter_SGB96342
CRC_CRA	s__Campylobacter_concisus
CRC_CRA	s__Campylobacter_rectus
CRC_CRA	s__Campylobacter_showae
CRC_CRA	s__Campylobacter_ureolyticus
CRC_CRA	s__Candidatus_Borkfalkia_ceftriaxoniphila
CRC_CRA	s__Candidatus_Cibionibacter_quicibialis
CRC_CRA	s__Candidatus_Gastranaerophilales_bacterium
CRC_CRA	s__Candidatus_Gracilibacteria_bacterium_GN02_873
CRC_CRA	s__Candidatus_Methanomassiliicoccus_intestinalis
CRC_CRA	s__Candidatus_Nanoperiomorbus_periodonticus
CRC_CRA	s__Candidatus_Nanosynbacter_SGB19893
CRC_CRA	s__Candidatus_Nanosynbacter_lyticus
CRC_CRA	s__Candidatus_Nanosynbacter_sp_HMT_352
CRC_CRA	s__Candidatus_Nanosynsacchari_sp_TM7_ANC_38_39_G1_1
CRC_CRA	s__Candidatus_Saccharibacteria_bacterium_oral_taxon_488
CRC_CRA	s__Candidatus_Saccharibacteria_bacterium_oral_taxon_955
CRC_CRA	s__Candidatus_Saccharibacteria_unclassified_SGB19846
CRC_CRA	s__Candidatus_Stoquefichus_sp_SB1
CRC_CRA	s__Capnocytophaga_SGB2480
CRC_CRA	s__Capnocytophaga_bilenii
CRC_CRA	s__Capnocytophaga_genosp_AHN8471
CRC_CRA	s__Capnocytophaga_gingivalis
CRC_CRA	s__Capnocytophaga_granulosa
CRC_CRA	s__Capnocytophaga_leadbetteri
CRC_CRA	s__Capnocytophaga_ochracea
CRC_CRA	s__Capnocytophaga_sputigena
CRC_CRA	s__Cardiobacterium_SGB9419
CRC_CRA	s__Cardiobacterium_hominis
CRC_CRA	s__Cardiobacterium_sp_Marseille_Q4385
CRC_CRA	s__Catenibacillus_scindens
CRC_CRA	s__Catenibacterium_mitsuokai
CRC_CRA	s__Catenibacterium_tridentinum
CRC_CRA	s__Catonella_SGB69305
CRC_CRA	s__Catonella_SGB96613
CRC_CRA	s__Catonella_massiliensis
CRC_CRA	s__Catonella_morbi
CRC_CRA	s__Centipeda_periodontii
CRC_CRA	s__Christensenella_hongkongensis
CRC_CRA	s__Christensenella_intestinihominis
CRC_CRA	s__Christensenella_minuta
CRC_CRA	s__Christensenella_sp_Marseille_P3954
CRC_CRA	s__Christensenella_sp_NSJ_35
CRC_CRA	s__Christensenella_timonensis
CRC_CRA	s__Christensenellaceae_bacterium
CRC_CRA	s__Citrobacter_braakii
CRC_CRA	s__Citrobacter_freundii
CRC_CRA	s__Citrobacter_koseri
CRC_CRA	s__Citrobacter_portucalensis
CRC_CRA	s__Cloacibacillus_SGB15503
CRC_CRA	s__Cloacibacillus_evryensis
CRC_CRA	s__Cloacibacillus_porcorum
CRC_CRA	s__Clostridia_bacterium
CRC_CRA	s__Clostridia_bacterium_UC5_1_1D1
CRC_CRA	s__Clostridia_bacterium_UC5_1_1E11
CRC_CRA	s__Clostridiaceae_bacterium
CRC_CRA	s__Clostridiaceae_bacterium_AF18_31LB
CRC_CRA	s__Clostridiaceae_bacterium_CLA_AA_H274
CRC_CRA	s__Clostridiaceae_bacterium_Marseille_Q3526
CRC_CRA	s__Clostridiaceae_bacterium_Marseille_Q4143
CRC_CRA	s__Clostridiaceae_bacterium_Marseille_Q4145
CRC_CRA	s__Clostridiaceae_bacterium_Marseille_Q4149
CRC_CRA	s__Clostridiaceae_unclassified_SGB15090
CRC_CRA	s__Clostridiaceae_unclassified_SGB4702
CRC_CRA	s__Clostridiaceae_unclassified_SGB4771
CRC_CRA	s__Clostridiales_bacterium
CRC_CRA	s__Clostridiales_bacterium_CHKCI006
CRC_CRA	s__Clostridiales_bacterium_KLE1615
CRC_CRA	s__Clostridiales_bacterium_Marseille_P2846
CRC_CRA	s__Clostridium_SGB47280
CRC_CRA	s__Clostridium_SGB4750
CRC_CRA	s__Clostridium_SGB4751
CRC_CRA	s__Clostridium_SGB48024
CRC_CRA	s__Clostridium_SGB4909
CRC_CRA	s__Clostridium_SGB6173
CRC_CRA	s__Clostridium_SGB6176
CRC_CRA	s__Clostridium_SGB6177
CRC_CRA	s__Clostridium_SGB6179
CRC_CRA	s__Clostridium_butyricum
CRC_CRA	s__Clostridium_celatum
CRC_CRA	s__Clostridium_cuniculi
CRC_CRA	s__Clostridium_disporicum
CRC_CRA	s__Clostridium_fessum
CRC_CRA	s__Clostridium_hylemonae
CRC_CRA	s__Clostridium_innocuum
CRC_CRA	s__Clostridium_leptum
CRC_CRA	s__Clostridium_methylpentosum
CRC_CRA	s__Clostridium_neonatale
CRC_CRA	s__Clostridium_paraputrificum
CRC_CRA	s__Clostridium_perfringens
CRC_CRA	s__Clostridium_saccharogumia
CRC_CRA	s__Clostridium_saudiense
CRC_CRA	s__Clostridium_scindens
CRC_CRA	s__Clostridium_sp_1001270J_160509_D11
CRC_CRA	s__Clostridium_sp_AF12_28
CRC_CRA	s__Clostridium_sp_AF20_17LB
CRC_CRA	s__Clostridium_sp_AF27_2AA
CRC_CRA	s__Clostridium_sp_AF32_12BH
CRC_CRA	s__Clostridium_sp_AF36_4
CRC_CRA	s__Clostridium_sp_AM22_11AC
CRC_CRA	s__Clostridium_sp_AM29_11AC
CRC_CRA	s__Clostridium_sp_AM33_3
CRC_CRA	s__Clostridium_sp_AM42_4
CRC_CRA	s__Clostridium_sp_AM49_4BH
CRC_CRA	s__Clostridium_sp_AT4
CRC_CRA	s__Clostridium_sp_C5_48
CRC_CRA	s__Clostridium_sp_D5
CRC_CRA	s__Clostridium_sp_MCC353
CRC_CRA	s__Clostridium_sp_Marseille_P3244
CRC_CRA	s__Clostridium_sp_NSJ_42
CRC_CRA	s__Clostridium_sp_NSJ_6
CRC_CRA	s__Clostridium_sp_chh4_2
CRC_CRA	s__Clostridium_spiroforme
CRC_CRA	s__Clostridium_symbiosum
CRC_CRA	s__Clostridium_tertium
CRC_CRA	s__Clostridium_transplantifaecale
CRC_CRA	s__Colidextribacter_sp_210702_DFI_3_9
CRC_CRA	s__Collinsella_SGB14754
CRC_CRA	s__Collinsella_aerofaciens
CRC_CRA	s__Collinsella_bouchesdurhonensis
CRC_CRA	s__Collinsella_intestinalis
CRC_CRA	s__Collinsella_massiliensis
CRC_CRA	s__Collinsella_sp_AF08_23
CRC_CRA	s__Collinsella_stercoris
CRC_CRA	s__Collinsella_tanakaei
CRC_CRA	s__Comamonas_kerstersii
CRC_CRA	s__Congzhengia_minquanensis
CRC_CRA	s__Coprobacillus_cateniformis
CRC_CRA	s__Coprobacillus_sp_AF33_1AC
CRC_CRA	s__Coprobacter_fastidiosus
CRC_CRA	s__Coprobacter_secundus
CRC_CRA	s__Coprococcus_SGB106014
CRC_CRA	s__Coprococcus_catus
CRC_CRA	s__Coprococcus_comes
CRC_CRA	s__Coprococcus_eutactus
CRC_CRA	s__Coprococcus_sp_AF21_14LB
CRC_CRA	s__Coprococcus_sp_OM04_5BH
CRC_CRA	s__Corynebacterium_argentoratense
CRC_CRA	s__Corynebacterium_durum
CRC_CRA	s__Corynebacterium_matruchotii
CRC_CRA	s__Corynebacterium_variabile
CRC_CRA	s__Cryptobacterium_curtum
CRC_CRA	s__Culturomica_massiliensis
CRC_CRA	s__Cuneatibacter_caecimuris
CRC_CRA	s__Cuneatibacter_sp_NSJ_177
CRC_CRA	s__Cutibacterium_acnes
CRC_CRA	s__Dakarella_massiliensis
CRC_CRA	s__Desulfobulbus_oralis
CRC_CRA	s__Desulfovibrio_SGB101145
CRC_CRA	s__Desulfovibrio_desulfuricans
CRC_CRA	s__Desulfovibrio_fairfieldensis
CRC_CRA	s__Desulfovibrio_legallii
CRC_CRA	s__Desulfovibrio_piger
CRC_CRA	s__Desulfovibrio_porci
CRC_CRA	s__Dialister_SGB5820
CRC_CRA	s__Dialister_hominis
CRC_CRA	s__Dialister_invisus
CRC_CRA	s__Dialister_pneumosintes
CRC_CRA	s__Dialister_succinatiphilus
CRC_CRA	s__Dielma_fastidiosa
CRC_CRA	s__Diplocloster_agilis
CRC_CRA	s__Diplocloster_modestus
CRC_CRA	s__Dorea_formicigenerans
CRC_CRA	s__Dorea_longicatena
CRC_CRA	s__Dorea_phocaeensis
CRC_CRA	s__Dorea_sp_AF36_15AT
CRC_CRA	s__Drancourtella_SGB106018
CRC_CRA	s__Drancourtella_massiliensis
CRC_CRA	s__Duodenibacillus_massiliensis
CRC_CRA	s__Dysosmobacter_SGB15074
CRC_CRA	s__Dysosmobacter_SGB15077
CRC_CRA	s__Dysosmobacter_sp_Marseille_Q4140
CRC_CRA	s__Dysosmobacter_welbionis
CRC_CRA	s__Eggerthella_guodeyinii
CRC_CRA	s__Eggerthella_lenta
CRC_CRA	s__Eggerthella_sinensis
CRC_CRA	s__Eggerthella_sp_YY7918
CRC_CRA	s__Eggerthia_catenaformis
CRC_CRA	s__Eikenella_corrodens
CRC_CRA	s__Eikenella_halliae
CRC_CRA	s__Eisenbergiella_massiliensis
CRC_CRA	s__Eisenbergiella_sp_OF01_20
CRC_CRA	s__Eisenbergiella_tayi
CRC_CRA	s__Ellagibacter_isourolithinifaciens
CRC_CRA	s__Emergencia_timonensis
CRC_CRA	s__Enorma_massiliensis
CRC_CRA	s__Enterobacter_asburiae
CRC_CRA	s__Enterobacter_bugandensis
CRC_CRA	s__Enterobacter_cloacae
CRC_CRA	s__Enterobacter_hormaechei
CRC_CRA	s__Enterobacter_kobei
CRC_CRA	s__Enterobacter_ludwigii
CRC_CRA	s__Enterobacter_mori
CRC_CRA	s__Enterobacter_roggenkampii
CRC_CRA	s__Enterocloster_aldenensis
CRC_CRA	s__Enterocloster_asparagiformis
CRC_CRA	s__Enterocloster_bolteae
CRC_CRA	s__Enterocloster_citroniae
CRC_CRA	s__Enterocloster_clostridioformis
CRC_CRA	s__Enterocloster_hominis
CRC_CRA	s__Enterocloster_lavalensis
CRC_CRA	s__Enterococcus_avium
CRC_CRA	s__Enterococcus_casseliflavus
CRC_CRA	s__Enterococcus_durans
CRC_CRA	s__Enterococcus_faecalis
CRC_CRA	s__Enterococcus_faecium
CRC_CRA	s__Enterococcus_gallinarum
CRC_CRA	s__Enterococcus_hirae
CRC_CRA	s__Enterococcus_raffinosus
CRC_CRA	s__Enteroscipio_rubneri
CRC_CRA	s__Erysipelatoclostridium_SGB66626
CRC_CRA	s__Erysipelatoclostridium_ramosum
CRC_CRA	s__Erysipelatoclostridium_sp_An15
CRC_CRA	s__Erysipelotrichaceae_bacterium_7770_A6
CRC_CRA	s__Erysipelotrichaceae_bacterium_LH1062
CRC_CRA	s__Escherichia_coli
CRC_CRA	s__Escherichia_marmotae
CRC_CRA	s__Eubacteriaceae_bacterium
CRC_CRA	s__Eubacteriaceae_bacterium_CHKCI004
CRC_CRA	s__Eubacteriaceae_bacterium_Marseille_Q4139
CRC_CRA	s__Eubacteriales_Family_XIII_Incertae_Sedis_unclassified_SGB3978
CRC_CRA	s__Eubacteriales_bacterium
CRC_CRA	s__Eubacteriales_unclassified_SGB15148
CRC_CRA	s__Eubacteriales_unclassified_SGB15150
CRC_CRA	s__Eubacterium_SGB4961
CRC_CRA	s__Eubacterium_brachy
CRC_CRA	s__Eubacterium_callanderi
CRC_CRA	s__Eubacterium_hominis
CRC_CRA	s__Eubacterium_infirmum
CRC_CRA	s__Eubacterium_limosum
CRC_CRA	s__Eubacterium_maltosivorans
CRC_CRA	s__Eubacterium_minutum
CRC_CRA	s__Eubacterium_nodatum
CRC_CRA	s__Eubacterium_ramulus
CRC_CRA	s__Eubacterium_rectale
CRC_CRA	s__Eubacterium_saphenum
CRC_CRA	s__Eubacterium_siraeum
CRC_CRA	s__Eubacterium_sp_AF16_48
CRC_CRA	s__Eubacterium_sp_AF34_35BH
CRC_CRA	s__Eubacterium_sp_OM08_24
CRC_CRA	s__Eubacterium_sp_c_25
CRC_CRA	s__Eubacterium_sulci
CRC_CRA	s__Eubacterium_ventriosum
CRC_CRA	s__Evtepia_gabavorous
CRC_CRA	s__Faecalibacillus_SGB6753
CRC_CRA	s__Faecalibacillus_faecis
CRC_CRA	s__Faecalibacillus_intestinalis
CRC_CRA	s__Faecalibacterium_SGB15346
CRC_CRA	s__Faecalibacterium_prausnitzii
CRC_CRA	s__Faecalibacterium_sp_CLA_AA_H233
CRC_CRA	s__Faecalibacterium_sp_HTFF
CRC_CRA	s__Faecalicatena_SGB4872
CRC_CRA	s__Faecalicatena_contorta
CRC_CRA	s__Faecalicatena_fissicatena
CRC_CRA	s__Faecalicatena_orotica
CRC_CRA	s__Faecalicoccus_pleomorphus
CRC_CRA	s__Faecalimonas_umbilicata
CRC_CRA	s__Faecalitalea_cylindroides
CRC_CRA	s__Fannyhessea_vaginae
CRC_CRA	s__Feifania_hominis
CRC_CRA	s__Fenollaria_timonensis
CRC_CRA	s__Filifactor_alocis
CRC_CRA	s__Finegoldia_magna
CRC_CRA	s__Firmicutes_bacterium
CRC_CRA	s__Firmicutes_bacterium_AM41_11
CRC_CRA	s__Firmicutes_unclassified_SGB47659
CRC_CRA	s__Firmicutes_unclassified_SGB47660
CRC_CRA	s__Flavonifractor_SGB15137
CRC_CRA	s__Flavonifractor_plautii
CRC_CRA	s__Flavonifractor_sp_An10
CRC_CRA	s__Flavonifractor_sp_An100
CRC_CRA	s__Fournierella_massiliensis
CRC_CRA	s__Fretibacterium_SGB61573
CRC_CRA	s__Fretibacterium_fastidiosum
CRC_CRA	s__Frisingicoccus_SGB4674
CRC_CRA	s__Frisingicoccus_caecimuris
CRC_CRA	s__Fructilactobacillus_sanfranciscensis
CRC_CRA	s__Fumia_xinanensis
CRC_CRA	s__Fusicatenibacter_saccharivorans
CRC_CRA	s__Fusicatenibacter_sp_CLA_AA_H277
CRC_CRA	s__Fusobacterium_SGB6028
CRC_CRA	s__Fusobacterium_mortiferum
CRC_CRA	s__Fusobacterium_nucleatum
CRC_CRA	s__Fusobacterium_periodonticum
CRC_CRA	s__Fusobacterium_ulcerans
CRC_CRA	s__Fusobacterium_varium
CRC_CRA	s__GGB1022_SGB1315
CRC_CRA	s__GGB1026_SGB1321
CRC_CRA	s__GGB10692_SGB17347
CRC_CRA	s__GGB10852_SGB17521
CRC_CRA	s__GGB10852_SGB17523
CRC_CRA	s__GGB10852_SGB17524
CRC_CRA	s__GGB1093_SGB1404
CRC_CRA	s__GGB1096_SGB1408
CRC_CRA	s__GGB1123_SGB1437
CRC_CRA	s__GGB1144_SGB1468
CRC_CRA	s__GGB1144_SGB1469
CRC_CRA	s__GGB1146_SGB1472
CRC_CRA	s__GGB1148_SGB1475
CRC_CRA	s__GGB1153_SGB1481
CRC_CRA	s__GGB1202_SGB1566
CRC_CRA	s__GGB1202_SGB1567
CRC_CRA	s__GGB1203_SGB1568
CRC_CRA	s__GGB1219_SGB1587
CRC_CRA	s__GGB1239_SGB1657
CRC_CRA	s__GGB1243_SGB1663
CRC_CRA	s__GGB1243_SGB1664
CRC_CRA	s__GGB12441_SGB19290
CRC_CRA	s__GGB1247_SGB1668
CRC_CRA	s__GGB1248_SGB1669
CRC_CRA	s__GGB1266_SGB1699
CRC_CRA	s__GGB12763_SGB19797
CRC_CRA	s__GGB12785_SGB19823
CRC_CRA	s__GGB12785_SGB19825
CRC_CRA	s__GGB12785_SGB19827
CRC_CRA	s__GGB12788_SGB19838
CRC_CRA	s__GGB12798_SGB135773
CRC_CRA	s__GGB12972_SGB1701
CRC_CRA	s__GGB13283_SGB4948
CRC_CRA	s__GGB1331_SGB1787
CRC_CRA	s__GGB1331_SGB1788
CRC_CRA	s__GGB1332_SGB1789
CRC_CRA	s__GGB13404_SGB14252
CRC_CRA	s__GGB13463_SGB15285
CRC_CRA	s__GGB13489_SGB15224
CRC_CRA	s__GGB13493_SGB15238
CRC_CRA	s__GGB1379_SGB1880
CRC_CRA	s__GGB1380_SGB1883
CRC_CRA	s__GGB13818_SGB6606
CRC_CRA	s__GGB1385_SGB1890
CRC_CRA	s__GGB1387_SGB1895
CRC_CRA	s__GGB1418_SGB1953
CRC_CRA	s__GGB1420_SGB1956
CRC_CRA	s__GGB1420_SGB1957
CRC_CRA	s__GGB1425_SGB1964
CRC_CRA	s__GGB1456_SGB2019
CRC_CRA	s__GGB1458_SGB2021
CRC_CRA	s__GGB1473_SGB2039
CRC_CRA	s__GGB1495_SGB2071
CRC_CRA	s__GGB1497_SGB2076
CRC_CRA	s__GGB1511_SGB2091
CRC_CRA	s__GGB1538_SGB2121
CRC_CRA	s__GGB1543_SGB2126
CRC_CRA	s__GGB1549_SGB2133
CRC_CRA	s__GGB1550_SGB2135
CRC_CRA	s__GGB1567_SGB2154
CRC_CRA	s__GGB1568_SGB2155
CRC_CRA	s__GGB1627_SGB2227
CRC_CRA	s__GGB1627_SGB2230
CRC_CRA	s__GGB1629_SGB2237
CRC_CRA	s__GGB1630_SGB2238
CRC_CRA	s__GGB1631_SGB2239
CRC_CRA	s__GGB1632_SGB2240
CRC_CRA	s__GGB1633_SGB2241
CRC_CRA	s__GGB1661_SGB2275
CRC_CRA	s__GGB1662_SGB2276
CRC_CRA	s__GGB1663_SGB2279
CRC_CRA	s__GGB1680_SGB2312
CRC_CRA	s__GGB1689_SGB2321
CRC_CRA	s__GGB1690_SGB40190
CRC_CRA	s__GGB1691_SGB2323
CRC_CRA	s__GGB18384_SGB14372
CRC_CRA	s__GGB18384_SGB14373
CRC_CRA	s__GGB1843_SGB2516
CRC_CRA	s__GGB1843_SGB2524
CRC_CRA	s__GGB18703_SGB19793
CRC_CRA	s__GGB260_SGB362
CRC_CRA	s__GGB2652_SGB3573
CRC_CRA	s__GGB2653_SGB3574
CRC_CRA	s__GGB2657_SGB3578
CRC_CRA	s__GGB2663_SGB3587
CRC_CRA	s__GGB267_SGB372
CRC_CRA	s__GGB27106_SGB6188
CRC_CRA	s__GGB2734_SGB3677
CRC_CRA	s__GGB27849_SGB40283
CRC_CRA	s__GGB28319_SGB40892
CRC_CRA	s__GGB28369_SGB40949
CRC_CRA	s__GGB28474_SGB41058
CRC_CRA	s__GGB2848_SGB3813
CRC_CRA	s__GGB28640_SGB4673
CRC_CRA	s__GGB29535_SGB36365
CRC_CRA	s__GGB29535_SGB42321
CRC_CRA	s__GGB2958_SGB3940
CRC_CRA	s__GGB2964_SGB3946
CRC_CRA	s__GGB2970_SGB3952
CRC_CRA	s__GGB2977_SGB3959
CRC_CRA	s__GGB2980_SGB3962
CRC_CRA	s__GGB2982_SGB3964
CRC_CRA	s__GGB2983_SGB3965
CRC_CRA	s__GGB2987_SGB3969
CRC_CRA	s__GGB2996_SGB3983
CRC_CRA	s__GGB2998_SGB3988
CRC_CRA	s__GGB2998_SGB3989
CRC_CRA	s__GGB2999_SGB3990
CRC_CRA	s__GGB3000_SGB3991
CRC_CRA	s__GGB3001_SGB3992
CRC_CRA	s__GGB3002_SGB3993
CRC_CRA	s__GGB3004_SGB3995
CRC_CRA	s__GGB3005_SGB3996
CRC_CRA	s__GGB3012_SGB4003
CRC_CRA	s__GGB3032_SGB4027
CRC_CRA	s__GGB3033_SGB4028
CRC_CRA	s__GGB3033_SGB4029
CRC_CRA	s__GGB3034_SGB4030
CRC_CRA	s__GGB3051_SGB4051
CRC_CRA	s__GGB3052_SGB4053
CRC_CRA	s__GGB3057_SGB4059
CRC_CRA	s__GGB3057_SGB71294
CRC_CRA	s__GGB3058_SGB4060
CRC_CRA	s__GGB3059_SGB69431
CRC_CRA	s__GGB3061_SGB4063
CRC_CRA	s__GGB3109_SGB4119
CRC_CRA	s__GGB3109_SGB4121
CRC_CRA	s__GGB3118_SGB4130
CRC_CRA	s__GGB31234_SGB14869
CRC_CRA	s__GGB3123_SGB4135
CRC_CRA	s__GGB3124_SGB4136
CRC_CRA	s__GGB3126_SGB4139
CRC_CRA	s__GGB3128_SGB4141
CRC_CRA	s__GGB3130_SGB4143
CRC_CRA	s__GGB3138_SGB4151
CRC_CRA	s__GGB3139_SGB4152
CRC_CRA	s__GGB3142_SGB4155
CRC_CRA	s__GGB31460_SGB6499
CRC_CRA	s__GGB3146_SGB4159
CRC_CRA	s__GGB3152_SGB4165
CRC_CRA	s__GGB3160_SGB4174
CRC_CRA	s__GGB3160_SGB54356
CRC_CRA	s__GGB3167_SGB4181
CRC_CRA	s__GGB3169_SGB4183
CRC_CRA	s__GGB3175_SGB4191
CRC_CRA	s__GGB3176_SGB4194
CRC_CRA	s__GGB3185_SGB4208
CRC_CRA	s__GGB3189_SGB4212
CRC_CRA	s__GGB3220_SGB4252
CRC_CRA	s__GGB3236_SGB4274
CRC_CRA	s__GGB32387_SGB47381
CRC_CRA	s__GGB32451_SGB47419
CRC_CRA	s__GGB32487_SGB54320
CRC_CRA	s__GGB3256_SGB4303
CRC_CRA	s__GGB3267_SGB4317
CRC_CRA	s__GGB3277_SGB4327
CRC_CRA	s__GGB3278_SGB4328
CRC_CRA	s__GGB3281_SGB4335
CRC_CRA	s__GGB3287_SGB4341
CRC_CRA	s__GGB3288_SGB4342
CRC_CRA	s__GGB3289_SGB4343
CRC_CRA	s__GGB32900_SGB53446
CRC_CRA	s__GGB3303_SGB4364
CRC_CRA	s__GGB3304_SGB4365
CRC_CRA	s__GGB3304_SGB4367
CRC_CRA	s__GGB3306_SGB4373
CRC_CRA	s__GGB3321_SGB4394
CRC_CRA	s__GGB3321_SGB4395
CRC_CRA	s__GGB3325_SGB4402
CRC_CRA	s__GGB3328_SGB4406
CRC_CRA	s__GGB33406_SGB48104
CRC_CRA	s__GGB3340_SGB4419
CRC_CRA	s__GGB3343_SGB4423
CRC_CRA	s__GGB3345_SGB4425
CRC_CRA	s__GGB33469_SGB15236
CRC_CRA	s__GGB33469_SGB15237
CRC_CRA	s__GGB33512_SGB15201
CRC_CRA	s__GGB33512_SGB15202
CRC_CRA	s__GGB33512_SGB15203
CRC_CRA	s__GGB33516_SGB54324
CRC_CRA	s__GGB3351_SGB4434
CRC_CRA	s__GGB3352_SGB4436
CRC_CRA	s__GGB3352_SGB62935
CRC_CRA	s__GGB33539_SGB53381
CRC_CRA	s__GGB3353_SGB4437
CRC_CRA	s__GGB33544_SGB53490
CRC_CRA	s__GGB33586_SGB53517
CRC_CRA	s__GGB3363_SGB4447
CRC_CRA	s__GGB3363_SGB4448
CRC_CRA	s__GGB3365_SGB4451
CRC_CRA	s__GGB33665_SGB47358
CRC_CRA	s__GGB3385_SGB4471
CRC_CRA	s__GGB3385_SGB4472
CRC_CRA	s__GGB34197_SGB53486
CRC_CRA	s__GGB34228_SGB53814
CRC_CRA	s__GGB34228_SGB72916
CRC_CRA	s__GGB34231_SGB47113
CRC_CRA	s__GGB3429_SGB71704
CRC_CRA	s__GGB3429_SGB71706
CRC_CRA	s__GGB3433_SGB4573
CRC_CRA	s__GGB3433_SGB4574
CRC_CRA	s__GGB3441_SGB4591
CRC_CRA	s__GGB3444_SGB4594
CRC_CRA	s__GGB3446_SGB4597
CRC_CRA	s__GGB3449_SGB4601
CRC_CRA	s__GGB34540_SGB54300
CRC_CRA	s__GGB3474_SGB4637
CRC_CRA	s__GGB3475_SGB4638
CRC_CRA	s__GGB3478_SGB4643
CRC_CRA	s__GGB34797_SGB14321
CRC_CRA	s__GGB34797_SGB14322
CRC_CRA	s__GGB34797_SGB14323
CRC_CRA	s__GGB3480_SGB4648
CRC_CRA	s__GGB3486_SGB4658
CRC_CRA	s__GGB34900_SGB14891
CRC_CRA	s__GGB3490_SGB4664
CRC_CRA	s__GGB3491_SGB4665
CRC_CRA	s__GGB3493_SGB4668
CRC_CRA	s__GGB3496_SGB4671
CRC_CRA	s__GGB3497_SGB4672
CRC_CRA	s__GGB3504_SGB4680
CRC_CRA	s__GGB35068_SGB47850
CRC_CRA	s__GGB3510_SGB4687
CRC_CRA	s__GGB3511_SGB4688
CRC_CRA	s__GGB3516_SGB4695
CRC_CRA	s__GGB3518_SGB4697
CRC_CRA	s__GGB3519_SGB4698
CRC_CRA	s__GGB3532_SGB4720
CRC_CRA	s__GGB3534_SGB4722
CRC_CRA	s__GGB3537_SGB4727
CRC_CRA	s__GGB3538_SGB4728
CRC_CRA	s__GGB3548_SGB4744
CRC_CRA	s__GGB3550_SGB4746
CRC_CRA	s__GGB3550_SGB4747
CRC_CRA	s__GGB35551_SGB53794
CRC_CRA	s__GGB35597_SGB49163
CRC_CRA	s__GGB3569_SGB4776
CRC_CRA	s__GGB3576_SGB4784
CRC_CRA	s__GGB3583_SGB4799
CRC_CRA	s__GGB3585_SGB4803
CRC_CRA	s__GGB3588_SGB4808
CRC_CRA	s__GGB3593_SGB4817
CRC_CRA	s__GGB3600_SGB47662
CRC_CRA	s__GGB3600_SGB4859
CRC_CRA	s__GGB3600_SGB4860
CRC_CRA	s__GGB3600_SGB4861
CRC_CRA	s__GGB3602_SGB4865
CRC_CRA	s__GGB3602_SGB66069
CRC_CRA	s__GGB3603_SGB4866
CRC_CRA	s__GGB3606_SGB4870
CRC_CRA	s__GGB3609_SGB4877
CRC_CRA	s__GGB3612_SGB4882
CRC_CRA	s__GGB3615_SGB4887
CRC_CRA	s__GGB3616_SGB4888
CRC_CRA	s__GGB3616_SGB4890
CRC_CRA	s__GGB3619_SGB4894
CRC_CRA	s__GGB3623_SGB4900
CRC_CRA	s__GGB36267_SGB14177
CRC_CRA	s__GGB3626_SGB4905
CRC_CRA	s__GGB3627_SGB4906
CRC_CRA	s__GGB3632_SGB4921
CRC_CRA	s__GGB36331_SGB15121
CRC_CRA	s__GGB36331_SGB53806
CRC_CRA	s__GGB36331_SGB63183
CRC_CRA	s__GGB3637_SGB4930
CRC_CRA	s__GGB3649_SGB4958
CRC_CRA	s__GGB3653_SGB4964
CRC_CRA	s__GGB3654_SGB4965
CRC_CRA	s__GGB36599_SGB9269
CRC_CRA	s__GGB3677_SGB4990
CRC_CRA	s__GGB3678_SGB4991
CRC_CRA	s__GGB3678_SGB4992
CRC_CRA	s__GGB3680_SGB4994
CRC_CRA	s__GGB3680_SGB4995
CRC_CRA	s__GGB3717_SGB5040
CRC_CRA	s__GGB3722_SGB5050
CRC_CRA	s__GGB3724_SGB5054
CRC_CRA	s__GGB3730_SGB5060
CRC_CRA	s__GGB3733_SGB5066
CRC_CRA	s__GGB3737_SGB5071
CRC_CRA	s__GGB3738_SGB5072
CRC_CRA	s__GGB3740_SGB5076
CRC_CRA	s__GGB3740_SGB5077
CRC_CRA	s__GGB3816_SGB5181
CRC_CRA	s__GGB3817_SGB5182
CRC_CRA	s__GGB3818_SGB5183
CRC_CRA	s__GGB3819_SGB5184
CRC_CRA	s__GGB38239_SGB47716
CRC_CRA	s__GGB3828_SGB5197
CRC_CRA	s__GGB38744_SGB14842
CRC_CRA	s__GGB3883_SGB5265
CRC_CRA	s__GGB3883_SGB5266
CRC_CRA	s__GGB3886_SGB5269
CRC_CRA	s__GGB3887_SGB5270
CRC_CRA	s__GGB3892_SGB5290
CRC_CRA	s__GGB38987_SGB63305
CRC_CRA	s__GGB39037_SGB4393
CRC_CRA	s__GGB40351_SGB14301
CRC_CRA	s__GGB41366_SGB58424
CRC_CRA	s__GGB41458_SGB58520
CRC_CRA	s__GGB41473_SGB58537
CRC_CRA	s__GGB4197_SGB5684
CRC_CRA	s__GGB4231_SGB5722
CRC_CRA	s__GGB42378_SGB59548
CRC_CRA	s__GGB42389_SGB59559
CRC_CRA	s__GGB4239_SGB5731
CRC_CRA	s__GGB4243_SGB5738
CRC_CRA	s__GGB4249_SGB5749
CRC_CRA	s__GGB4257_SGB5789
CRC_CRA	s__GGB42639_SGB59836
CRC_CRA	s__GGB4266_SGB5805
CRC_CRA	s__GGB4266_SGB5809
CRC_CRA	s__GGB42689_SGB59892
CRC_CRA	s__GGB42711_SGB59916
CRC_CRA	s__GGB4272_SGB5822
CRC_CRA	s__GGB4277_SGB5832
CRC_CRA	s__GGB4299_SGB5872
CRC_CRA	s__GGB4333_SGB5935
CRC_CRA	s__GGB43675_SGB61016
CRC_CRA	s__GGB4386_SGB6036
CRC_CRA	s__GGB44201_SGB61600
CRC_CRA	s__GGB4456_SGB6141
CRC_CRA	s__GGB4533_SGB6245
CRC_CRA	s__GGB4533_SGB6246
CRC_CRA	s__GGB4538_SGB6253
CRC_CRA	s__GGB4538_SGB6256
CRC_CRA	s__GGB45432_SGB63101
CRC_CRA	s__GGB4546_SGB6267
CRC_CRA	s__GGB45491_SGB63163
CRC_CRA	s__GGB45495_SGB63167
CRC_CRA	s__GGB45497_SGB63169
CRC_CRA	s__GGB4549_SGB6271
CRC_CRA	s__GGB45503_SGB63175
CRC_CRA	s__GGB4552_SGB6276
CRC_CRA	s__GGB45537_SGB63217
CRC_CRA	s__GGB45540_SGB63220
CRC_CRA	s__GGB4554_SGB6285
CRC_CRA	s__GGB4555_SGB6286
CRC_CRA	s__GGB4558_SGB6289
CRC_CRA	s__GGB45596_SGB63306
CRC_CRA	s__GGB45599_SGB63311
CRC_CRA	s__GGB4559_SGB6293
CRC_CRA	s__GGB45613_SGB63326
CRC_CRA	s__GGB45620_SGB63333
CRC_CRA	s__GGB4562_SGB6298
CRC_CRA	s__GGB4564_SGB6302
CRC_CRA	s__GGB45656_SGB63370
CRC_CRA	s__GGB45656_SGB72339
CRC_CRA	s__GGB4566_SGB6305
CRC_CRA	s__GGB4567_SGB6307
CRC_CRA	s__GGB4567_SGB6308
CRC_CRA	s__GGB4569_SGB6310
CRC_CRA	s__GGB4569_SGB6312
CRC_CRA	s__GGB4571_SGB6317
CRC_CRA	s__GGB4571_SGB6321
CRC_CRA	s__GGB4578_SGB6328
CRC_CRA	s__GGB4579_SGB6329
CRC_CRA	s__GGB4580_SGB6330
CRC_CRA	s__GGB4583_SGB6334
CRC_CRA	s__GGB4584_SGB6338
CRC_CRA	s__GGB4585_SGB6340
CRC_CRA	s__GGB4586_SGB6343
CRC_CRA	s__GGB4586_SGB6344
CRC_CRA	s__GGB4587_SGB6346
CRC_CRA	s__GGB4588_SGB6347
CRC_CRA	s__GGB4591_SGB6350
CRC_CRA	s__GGB4593_SGB6353
CRC_CRA	s__GGB4596_SGB6358
CRC_CRA	s__GGB4597_SGB6359
CRC_CRA	s__GGB4599_SGB6362
CRC_CRA	s__GGB4603_SGB6367
CRC_CRA	s__GGB4604_SGB6369
CRC_CRA	s__GGB4604_SGB6370
CRC_CRA	s__GGB4604_SGB6371
CRC_CRA	s__GGB4605_SGB6376
CRC_CRA	s__GGB4605_SGB6378
CRC_CRA	s__GGB4609_SGB6383
CRC_CRA	s__GGB4611_SGB6385
CRC_CRA	s__GGB4613_SGB6388
CRC_CRA	s__GGB46159_SGB63927
CRC_CRA	s__GGB4617_SGB6392
CRC_CRA	s__GGB4626_SGB6403
CRC_CRA	s__GGB4642_SGB6421
CRC_CRA	s__GGB4642_SGB6422
CRC_CRA	s__GGB4644_SGB6428
CRC_CRA	s__GGB4651_SGB6438
CRC_CRA	s__GGB4653_SGB6440
CRC_CRA	s__GGB4658_SGB6445
CRC_CRA	s__GGB4659_SGB6447
CRC_CRA	s__GGB4664_SGB6452
CRC_CRA	s__GGB4672_SGB6461
CRC_CRA	s__GGB4676_SGB6465
CRC_CRA	s__GGB4682_SGB6472
CRC_CRA	s__GGB4683_SGB6473
CRC_CRA	s__GGB4684_SGB6478
CRC_CRA	s__GGB4689_SGB6486
CRC_CRA	s__GGB4698_SGB6498
CRC_CRA	s__GGB4699_SGB6502
CRC_CRA	s__GGB4699_SGB6503
CRC_CRA	s__GGB4700_SGB6506
CRC_CRA	s__GGB4703_SGB6510
CRC_CRA	s__GGB4704_SGB6511
CRC_CRA	s__GGB4706_SGB6513
CRC_CRA	s__GGB4710_SGB6522
CRC_CRA	s__GGB4711_SGB6524
CRC_CRA	s__GGB4713_SGB6526
CRC_CRA	s__GGB47150_SGB65079
CRC_CRA	s__GGB47174_SGB65105
CRC_CRA	s__GGB4717_SGB6533
CRC_CRA	s__GGB4723_SGB6540
CRC_CRA	s__GGB4733_SGB6555
CRC_CRA	s__GGB4739_SGB6564
CRC_CRA	s__GGB4745_SGB6570
CRC_CRA	s__GGB4745_SGB6571
CRC_CRA	s__GGB4750_SGB6579
CRC_CRA	s__GGB4754_SGB6584
CRC_CRA	s__GGB47687_SGB2286
CRC_CRA	s__GGB4768_SGB6601
CRC_CRA	s__GGB4769_SGB6602
CRC_CRA	s__GGB4773_SGB6607
CRC_CRA	s__GGB4774_SGB6609
CRC_CRA	s__GGB4802_SGB6641
CRC_CRA	s__GGB48165_SGB66168
CRC_CRA	s__GGB48168_SGB66171
CRC_CRA	s__GGB48169_SGB66172
CRC_CRA	s__GGB4884_SGB6823
CRC_CRA	s__GGB4888_SGB6837
CRC_CRA	s__GGB4936_SGB6889
CRC_CRA	s__GGB4937_SGB6891
CRC_CRA	s__GGB49400_SGB69312
CRC_CRA	s__GGB49418_SGB69331
CRC_CRA	s__GGB49434_SGB69353
CRC_CRA	s__GGB4964_SGB6927
CRC_CRA	s__GGB51139_SGB71360
CRC_CRA	s__GGB51269_SGB5061
CRC_CRA	s__GGB51269_SGB5062
CRC_CRA	s__GGB51441_SGB71759
CRC_CRA	s__GGB51454_SGB71784
CRC_CRA	s__GGB51647_SGB4348
CRC_CRA	s__GGB51884_SGB49168
CRC_CRA	s__GGB51959_SGB72479
CRC_CRA	s__GGB51960_SGB72480
CRC_CRA	s__GGB52002_SGB72669
CRC_CRA	s__GGB52106_SGB72838
CRC_CRA	s__GGB52130_SGB14966
CRC_CRA	s__GGB52283_SGB73075
CRC_CRA	s__GGB52930_SGB73859
CRC_CRA	s__GGB53380_SGB74412
CRC_CRA	s__GGB55957_SGB77276
CRC_CRA	s__GGB58067_SGB79698
CRC_CRA	s__GGB58071_SGB79702
CRC_CRA	s__GGB58158_SGB79798
CRC_CRA	s__GGB58233_SGB79883
CRC_CRA	s__GGB58485_SGB80143
CRC_CRA	s__GGB5979_SGB8597
CRC_CRA	s__GGB5980_SGB8599
CRC_CRA	s__GGB5997_SGB8620
CRC_CRA	s__GGB5999_SGB8622
CRC_CRA	s__GGB6001_SGB8624
CRC_CRA	s__GGB6002_SGB8625
CRC_CRA	s__GGB6006_SGB8630
CRC_CRA	s__GGB6006_SGB8631
CRC_CRA	s__GGB6007_SGB8634
CRC_CRA	s__GGB6012_SGB8640
CRC_CRA	s__GGB6123_SGB8767
CRC_CRA	s__GGB6123_SGB8768
CRC_CRA	s__GGB6132_SGB8779
CRC_CRA	s__GGB6470_SGB9153
CRC_CRA	s__GGB6512_SGB9197
CRC_CRA	s__GGB6512_SGB9198
CRC_CRA	s__GGB6513_SGB9199
CRC_CRA	s__GGB6518_SGB9205
CRC_CRA	s__GGB6519_SGB9208
CRC_CRA	s__GGB6544_SGB9242
CRC_CRA	s__GGB6544_SGB9243
CRC_CRA	s__GGB6546_SGB9245
CRC_CRA	s__GGB6554_SGB9256
CRC_CRA	s__GGB6565_SGB9274
CRC_CRA	s__GGB6566_SGB9275
CRC_CRA	s__GGB6567_SGB9277
CRC_CRA	s__GGB6574_SGB9290
CRC_CRA	s__GGB6601_SGB9333
CRC_CRA	s__GGB6606_SGB9340
CRC_CRA	s__GGB6608_SGB9342
CRC_CRA	s__GGB6609_SGB9343
CRC_CRA	s__GGB6610_SGB9344
CRC_CRA	s__GGB6611_SGB9345
CRC_CRA	s__GGB6612_SGB9346
CRC_CRA	s__GGB6613_SGB9347
CRC_CRA	s__GGB6648_SGB9389
CRC_CRA	s__GGB6649_SGB9391
CRC_CRA	s__GGB6688_SGB9473
CRC_CRA	s__GGB6813_SGB9727
CRC_CRA	s__GGB71580_SGB98325
CRC_CRA	s__GGB73514_SGB65924
CRC_CRA	s__GGB741_SGB955
CRC_CRA	s__GGB74223_SGB53115
CRC_CRA	s__GGB74353_SGB98242
CRC_CRA	s__GGB74463_SGB54347
CRC_CRA	s__GGB74505_SGB47518
CRC_CRA	s__GGB74511_SGB105989
CRC_CRA	s__GGB74511_SGB47635
CRC_CRA	s__GGB74665_SGB13972
CRC_CRA	s__GGB74700_SGB54319
CRC_CRA	s__GGB74701_SGB54318
CRC_CRA	s__GGB74703_SGB54323
CRC_CRA	s__GGB74708_SGB54312
CRC_CRA	s__GGB74802_SGB47402
CRC_CRA	s__GGB74818_SGB47415
CRC_CRA	s__GGB753_SGB989
CRC_CRA	s__GGB754_SGB990
CRC_CRA	s__GGB781_SGB1024
CRC_CRA	s__GGB78928_SGB105381
CRC_CRA	s__GGB79087_SGB105683
CRC_CRA	s__GGB79097_SGB105802
CRC_CRA	s__GGB79104_SGB105821
CRC_CRA	s__GGB79118_SGB105839
CRC_CRA	s__GGB79342_SGB106059
CRC_CRA	s__GGB79394_SGB105952
CRC_CRA	s__GGB79395_SGB105947
CRC_CRA	s__GGB79417_SGB106068
CRC_CRA	s__GGB81342_SGB47944
CRC_CRA	s__GGB87445_SGB15180
CRC_CRA	s__GGB87445_SGB53522
CRC_CRA	s__GGB8965_SGB13825
CRC_CRA	s__GGB9048_SGB13952
CRC_CRA	s__GGB9049_SGB13954
CRC_CRA	s__GGB9052_SGB13957
CRC_CRA	s__GGB9059_SGB13976
CRC_CRA	s__GGB9061_SGB13979
CRC_CRA	s__GGB9062_SGB13981
CRC_CRA	s__GGB9063_SGB13982
CRC_CRA	s__GGB9064_SGB13983
CRC_CRA	s__GGB9065_SGB13984
CRC_CRA	s__GGB9075_SGB13997
CRC_CRA	s__GGB9081_SGB14005
CRC_CRA	s__GGB9083_SGB14011
CRC_CRA	s__GGB9085_SGB14013
CRC_CRA	s__GGB9086_SGB14014
CRC_CRA	s__GGB9088_SGB14017
CRC_CRA	s__GGB9089_SGB14018
CRC_CRA	s__GGB9091_SGB14020
CRC_CRA	s__GGB9092_SGB14021
CRC_CRA	s__GGB9092_SGB14022
CRC_CRA	s__GGB9093_SGB14023
CRC_CRA	s__GGB9095_SGB14026
CRC_CRA	s__GGB9101_SGB14033
CRC_CRA	s__GGB9102_SGB54310
CRC_CRA	s__GGB9104_SGB14036
CRC_CRA	s__GGB9104_SGB14037
CRC_CRA	s__GGB9108_SGB14041
CRC_CRA	s__GGB9109_SGB14042
CRC_CRA	s__GGB9110_SGB14043
CRC_CRA	s__GGB9115_SGB14048
CRC_CRA	s__GGB9116_SGB14049
CRC_CRA	s__GGB9117_SGB14050
CRC_CRA	s__GGB9161_SGB14099
CRC_CRA	s__GGB9171_SGB14109
CRC_CRA	s__GGB9172_SGB14110
CRC_CRA	s__GGB9175_SGB14113
CRC_CRA	s__GGB9176_SGB14114
CRC_CRA	s__GGB9184_SGB14123
CRC_CRA	s__GGB9185_SGB14124
CRC_CRA	s__GGB9186_SGB14125
CRC_CRA	s__GGB9189_SGB14128
CRC_CRA	s__GGB9197_SGB14136
CRC_CRA	s__GGB9198_SGB14137
CRC_CRA	s__GGB9199_SGB14138
CRC_CRA	s__GGB9200_SGB14139
CRC_CRA	s__GGB9209_SGB14148
CRC_CRA	s__GGB9210_SGB14149
CRC_CRA	s__GGB9210_SGB14150
CRC_CRA	s__GGB9211_SGB14151
CRC_CRA	s__GGB9224_SGB14165
CRC_CRA	s__GGB9225_SGB14166
CRC_CRA	s__GGB9237_SGB14179
CRC_CRA	s__GGB9238_SGB14180
CRC_CRA	s__GGB9239_SGB14181
CRC_CRA	s__GGB9240_SGB14182
CRC_CRA	s__GGB9247_SGB14190
CRC_CRA	s__GGB9249_SGB14193
CRC_CRA	s__GGB9252_SGB14196
CRC_CRA	s__GGB9253_SGB14198
CRC_CRA	s__GGB9253_SGB14199
CRC_CRA	s__GGB9256_SGB14202
CRC_CRA	s__GGB9258_SGB14205
CRC_CRA	s__GGB9261_SGB14209
CRC_CRA	s__GGB9262_SGB14210
CRC_CRA	s__GGB9266_SGB14215
CRC_CRA	s__GGB9266_SGB14216
CRC_CRA	s__GGB9267_SGB14218
CRC_CRA	s__GGB9270_SGB14221
CRC_CRA	s__GGB9271_SGB14222
CRC_CRA	s__GGB9271_SGB14223
CRC_CRA	s__GGB9279_SGB14232
CRC_CRA	s__GGB9282_SGB14235
CRC_CRA	s__GGB9288_SGB14243
CRC_CRA	s__GGB9289_SGB14244
CRC_CRA	s__GGB9290_SGB14247
CRC_CRA	s__GGB9291_SGB14248
CRC_CRA	s__GGB9293_SGB14250
CRC_CRA	s__GGB9296_SGB14253
CRC_CRA	s__GGB9297_SGB14255
CRC_CRA	s__GGB9299_SGB14259
CRC_CRA	s__GGB9299_SGB14260
CRC_CRA	s__GGB9301_SGB14262
CRC_CRA	s__GGB9302_SGB14263
CRC_CRA	s__GGB9309_SGB14270
CRC_CRA	s__GGB9328_SGB14291
CRC_CRA	s__GGB9332_SGB14295
CRC_CRA	s__GGB9333_SGB14296
CRC_CRA	s__GGB9334_SGB14297
CRC_CRA	s__GGB9342_SGB14306
CRC_CRA	s__GGB9343_SGB14307
CRC_CRA	s__GGB9345_SGB14311
CRC_CRA	s__GGB9347_SGB14313
CRC_CRA	s__GGB9348_SGB14315
CRC_CRA	s__GGB9350_SGB14317
CRC_CRA	s__GGB9354_SGB14327
CRC_CRA	s__GGB9355_SGB14328
CRC_CRA	s__GGB9359_SGB14334
CRC_CRA	s__GGB9361_SGB14336
CRC_CRA	s__GGB9364_SGB14339
CRC_CRA	s__GGB9365_SGB14341
CRC_CRA	s__GGB9365_SGB14342
CRC_CRA	s__GGB9370_SGB14351
CRC_CRA	s__GGB9380_SGB14375
CRC_CRA	s__GGB9380_SGB72486
CRC_CRA	s__GGB9383_SGB72489
CRC_CRA	s__GGB9411_SGB14764
CRC_CRA	s__GGB9411_SGB14765
CRC_CRA	s__GGB9412_SGB14768
CRC_CRA	s__GGB9412_SGB14770
CRC_CRA	s__GGB9420_SGB14786
CRC_CRA	s__GGB9423_SGB14792
CRC_CRA	s__GGB9424_SGB14794
CRC_CRA	s__GGB9425_SGB14795
CRC_CRA	s__GGB9434_SGB14812
CRC_CRA	s__GGB9444_SGB14834
CRC_CRA	s__GGB9445_SGB14835
CRC_CRA	s__GGB9452_SGB14843
CRC_CRA	s__GGB9453_SGB14844
CRC_CRA	s__GGB9453_SGB14845
CRC_CRA	s__GGB9454_SGB14846
CRC_CRA	s__GGB9455_SGB14847
CRC_CRA	s__GGB9464_SGB14857
CRC_CRA	s__GGB9466_SGB14859
CRC_CRA	s__GGB9469_SGB14862
CRC_CRA	s__GGB9469_SGB14863
CRC_CRA	s__GGB9474_SGB14868
CRC_CRA	s__GGB9476_SGB14870
CRC_CRA	s__GGB9480_SGB14873
CRC_CRA	s__GGB9480_SGB14874
CRC_CRA	s__GGB9491_SGB14888
CRC_CRA	s__GGB9495_SGB14892
CRC_CRA	s__GGB9499_SGB72735
CRC_CRA	s__GGB9501_SGB14898
CRC_CRA	s__GGB9502_SGB14899
CRC_CRA	s__GGB9509_SGB14906
CRC_CRA	s__GGB9512_SGB14909
CRC_CRA	s__GGB9513_SGB14911
CRC_CRA	s__GGB9522_SGB14921
CRC_CRA	s__GGB9522_SGB98319
CRC_CRA	s__GGB9523_SGB14922
CRC_CRA	s__GGB9524_SGB14923
CRC_CRA	s__GGB9524_SGB14924
CRC_CRA	s__GGB9525_SGB14925
CRC_CRA	s__GGB9527_SGB14927
CRC_CRA	s__GGB9528_SGB14928
CRC_CRA	s__GGB9529_SGB14929
CRC_CRA	s__GGB9529_SGB53518
CRC_CRA	s__GGB9530_SGB14930
CRC_CRA	s__GGB9531_SGB14932
CRC_CRA	s__GGB9532_SGB14933
CRC_CRA	s__GGB9533_SGB14936
CRC_CRA	s__GGB9534_SGB14937
CRC_CRA	s__GGB9536_SGB14939
CRC_CRA	s__GGB9537_SGB14940
CRC_CRA	s__GGB9545_SGB14951
CRC_CRA	s__GGB9545_SGB14952
CRC_CRA	s__GGB9547_SGB14953
CRC_CRA	s__GGB9547_SGB14954
CRC_CRA	s__GGB9551_SGB14958
CRC_CRA	s__GGB9559_SGB14968
CRC_CRA	s__GGB9559_SGB14969
CRC_CRA	s__GGB9559_SGB69175
CRC_CRA	s__GGB9561_SGB14972
CRC_CRA	s__GGB9563_SGB14975
CRC_CRA	s__GGB9574_SGB14987
CRC_CRA	s__GGB9575_SGB14988
CRC_CRA	s__GGB9580_SGB14996
CRC_CRA	s__GGB9580_SGB14998
CRC_CRA	s__GGB9582_SGB15001
CRC_CRA	s__GGB9582_SGB15002
CRC_CRA	s__GGB9582_SGB15003
CRC_CRA	s__GGB9583_SGB15004
CRC_CRA	s__GGB9589_SGB15011
CRC_CRA	s__GGB9590_SGB15012
CRC_CRA	s__GGB9591_SGB15013
CRC_CRA	s__GGB9593_SGB15015
CRC_CRA	s__GGB9595_SGB15019
CRC_CRA	s__GGB9597_SGB15022
CRC_CRA	s__GGB9602_SGB15028
CRC_CRA	s__GGB9602_SGB15031
CRC_CRA	s__GGB9603_SGB15035
CRC_CRA	s__GGB9606_SGB15038
CRC_CRA	s__GGB9608_SGB15041
CRC_CRA	s__GGB9608_SGB15042
CRC_CRA	s__GGB9611_SGB15045
CRC_CRA	s__GGB9613_SGB15048
CRC_CRA	s__GGB9614_SGB15049
CRC_CRA	s__GGB9616_SGB15051
CRC_CRA	s__GGB9616_SGB15052
CRC_CRA	s__GGB9616_SGB15062
CRC_CRA	s__GGB9618_SGB15064
CRC_CRA	s__GGB9618_SGB15065
CRC_CRA	s__GGB9619_SGB15066
CRC_CRA	s__GGB9619_SGB15067
CRC_CRA	s__GGB9620_SGB15068
CRC_CRA	s__GGB9620_SGB15070
CRC_CRA	s__GGB9621_SGB15072
CRC_CRA	s__GGB9621_SGB15073
CRC_CRA	s__GGB9623_SGB15075
CRC_CRA	s__GGB9627_SGB15081
CRC_CRA	s__GGB9628_SGB15082
CRC_CRA	s__GGB96297_SGB123797
CRC_CRA	s__GGB9630_SGB15084
CRC_CRA	s__GGB9634_SGB15093
CRC_CRA	s__GGB9634_SGB15095
CRC_CRA	s__GGB9634_SGB15097
CRC_CRA	s__GGB9634_SGB15101
CRC_CRA	s__GGB9635_SGB15102
CRC_CRA	s__GGB9635_SGB15103
CRC_CRA	s__GGB9635_SGB15106
CRC_CRA	s__GGB9636_SGB15107
CRC_CRA	s__GGB9636_SGB15108
CRC_CRA	s__GGB9637_SGB15111
CRC_CRA	s__GGB9640_SGB15115
CRC_CRA	s__GGB9641_SGB15117
CRC_CRA	s__GGB9642_SGB15119
CRC_CRA	s__GGB9646_SGB15123
CRC_CRA	s__GGB96534_SGB136060
CRC_CRA	s__GGB9667_SGB15164
CRC_CRA	s__GGB9668_SGB15165
CRC_CRA	s__GGB9673_SGB15172
CRC_CRA	s__GGB9677_SGB15179
CRC_CRA	s__GGB9687_SGB15191
CRC_CRA	s__GGB9690_SGB15196
CRC_CRA	s__GGB9691_SGB15198
CRC_CRA	s__GGB9694_SGB15204
CRC_CRA	s__GGB9694_SGB15207
CRC_CRA	s__GGB9695_SGB15209
CRC_CRA	s__GGB9695_SGB15210
CRC_CRA	s__GGB9695_SGB15211
CRC_CRA	s__GGB9696_SGB15212
CRC_CRA	s__GGB9697_SGB15213
CRC_CRA	s__GGB9699_SGB15216
CRC_CRA	s__GGB9701_SGB15218
CRC_CRA	s__GGB9707_SGB15229
CRC_CRA	s__GGB9708_SGB15233
CRC_CRA	s__GGB9708_SGB15234
CRC_CRA	s__GGB9708_SGB15235
CRC_CRA	s__GGB9710_SGB15239
CRC_CRA	s__GGB9711_SGB15240
CRC_CRA	s__GGB9712_SGB15242
CRC_CRA	s__GGB9712_SGB15244
CRC_CRA	s__GGB9715_SGB15260
CRC_CRA	s__GGB9715_SGB15265
CRC_CRA	s__GGB9715_SGB15266
CRC_CRA	s__GGB9715_SGB15267
CRC_CRA	s__GGB9719_SGB15272
CRC_CRA	s__GGB9719_SGB15273
CRC_CRA	s__GGB9719_SGB53514
CRC_CRA	s__GGB9724_SGB15278
CRC_CRA	s__GGB9730_SGB15290
CRC_CRA	s__GGB9730_SGB15291
CRC_CRA	s__GGB97311_SGB5873
CRC_CRA	s__GGB9734_SGB15304
CRC_CRA	s__GGB9737_SGB15309
CRC_CRA	s__GGB9739_SGB15313
CRC_CRA	s__GGB9743_SGB15349
CRC_CRA	s__GGB9747_SGB15355
CRC_CRA	s__GGB9747_SGB15356
CRC_CRA	s__GGB9758_SGB15368
CRC_CRA	s__GGB9759_SGB15370
CRC_CRA	s__GGB9759_SGB15372
CRC_CRA	s__GGB9760_SGB15373
CRC_CRA	s__GGB9760_SGB15374
CRC_CRA	s__GGB9762_SGB15377
CRC_CRA	s__GGB9764_SGB15381
CRC_CRA	s__GGB9765_SGB15382
CRC_CRA	s__GGB9766_SGB15383
CRC_CRA	s__GGB9767_SGB15384
CRC_CRA	s__GGB9767_SGB15385
CRC_CRA	s__GGB9768_SGB15386
CRC_CRA	s__GGB9769_SGB15388
CRC_CRA	s__GGB9770_SGB15389
CRC_CRA	s__GGB9770_SGB15390
CRC_CRA	s__GGB9770_SGB73065
CRC_CRA	s__GGB9773_SGB15393
CRC_CRA	s__GGB9774_SGB15394
CRC_CRA	s__GGB9775_SGB15395
CRC_CRA	s__GGB9778_SGB15398
CRC_CRA	s__GGB9779_SGB15399
CRC_CRA	s__GGB9780_SGB15400
CRC_CRA	s__GGB9781_SGB15402
CRC_CRA	s__GGB9781_SGB66170
CRC_CRA	s__GGB9782_SGB15403
CRC_CRA	s__GGB9783_SGB15405
CRC_CRA	s__GGB9784_SGB15407
CRC_CRA	s__GGB9785_SGB15408
CRC_CRA	s__GGB9786_SGB15409
CRC_CRA	s__GGB9786_SGB63164
CRC_CRA	s__GGB9787_SGB15410
CRC_CRA	s__GGB9788_SGB15411
CRC_CRA	s__GGB9790_SGB15413
CRC_CRA	s__GGB9813_SGB15447
CRC_CRA	s__GGB9815_SGB15449
CRC_CRA	s__GGB9817_SGB57321
CRC_CRA	s__GGB9818_SGB15459
CRC_CRA	s__GGB9819_SGB15460
CRC_CRA	s__GGB9832_SGB15478
CRC_CRA	s__Gallalistipes_aquisgranensis
CRC_CRA	s__Gardnerella_vaginalis
CRC_CRA	s__Gehongia_tenuis
CRC_CRA	s__Gemella_haemolysans
CRC_CRA	s__Gemella_morbillorum
CRC_CRA	s__Gemella_sanguinis
CRC_CRA	s__Gemmiger_SGB15295
CRC_CRA	s__Gemmiger_SGB15301
CRC_CRA	s__Gemmiger_SGB72777
CRC_CRA	s__Gemmiger_formicilis
CRC_CRA	s__Gemmiger_gallinarum
CRC_CRA	s__Gemmiger_sp_An194
CRC_CRA	s__Gemmiger_sp_An87
CRC_CRA	s__Gordonibacter_massiliensis
CRC_CRA	s__Gordonibacter_pamelaeae
CRC_CRA	s__Gordonibacter_sp_28C
CRC_CRA	s__Gordonibacter_urolithinfaciens
CRC_CRA	s__Granulicatella_SGB8239
CRC_CRA	s__Granulicatella_SGB8255
CRC_CRA	s__Granulicatella_adiacens
CRC_CRA	s__Guopingia_tenuis
CRC_CRA	s__Haemophilus_haemolyticus
CRC_CRA	s__Haemophilus_parahaemolyticus
CRC_CRA	s__Haemophilus_parainfluenzae
CRC_CRA	s__Haemophilus_pittmaniae
CRC_CRA	s__Haemophilus_sputorum
CRC_CRA	s__Hafnia_alvei
CRC_CRA	s__Hafnia_paralvei
CRC_CRA	s__Hallella_faecis
CRC_CRA	s__Hallella_seregens
CRC_CRA	s__Holdemanella_biformis
CRC_CRA	s__Holdemanella_porci
CRC_CRA	s__Holdemania_filiformis
CRC_CRA	s__Holdemania_massiliensis
CRC_CRA	s__Holdemania_sp_1001095H_141210_F2
CRC_CRA	s__Hungatella_hathewayi
CRC_CRA	s__Hydrogeniiclostridium_mannosilyticum
CRC_CRA	s__Hydrogenoanaerobacterium_SGB53821
CRC_CRA	s__Hydrogenoanaerobacterium_saccharovorans
CRC_CRA	s__Intestinibacillus_massiliensis
CRC_CRA	s__Intestinibacillus_sp_Marseille_P6563
CRC_CRA	s__Intestinibacter_bartlettii
CRC_CRA	s__Intestinimonas_SGB15130
CRC_CRA	s__Intestinimonas_butyriciproducens
CRC_CRA	s__Intestinimonas_gabonensis
CRC_CRA	s__Intestinimonas_massiliensis
CRC_CRA	s__Intestinimonas_sp_MSJ_38
CRC_CRA	s__Intestinimonas_timonensis
CRC_CRA	s__Jilunia_laotingensis
CRC_CRA	s__Jingyaoa_shaoxingensis
CRC_CRA	s__Jutongia_hominis
CRC_CRA	s__Jutongia_huaianensis
CRC_CRA	s__Kineothrix_SGB4886
CRC_CRA	s__Kingella_bonacorsii
CRC_CRA	s__Kingella_denitrificans
CRC_CRA	s__Klebsiella_aerogenes
CRC_CRA	s__Klebsiella_grimontii
CRC_CRA	s__Klebsiella_michiganensis
CRC_CRA	s__Klebsiella_oxytoca
CRC_CRA	s__Klebsiella_pneumoniae
CRC_CRA	s__Klebsiella_quasipneumoniae
CRC_CRA	s__Klebsiella_variicola
CRC_CRA	s__Kluyvera_ascorbata
CRC_CRA	s__Kluyvera_sichuanensis
CRC_CRA	s__Lachnoanaerobaculum_orale
CRC_CRA	s__Lachnoanaerobaculum_saburreum
CRC_CRA	s__Lachnoanaerobaculum_sp_ICM7
CRC_CRA	s__Lachnoclostridium_SGB4602
CRC_CRA	s__Lachnoclostridium_edouardi
CRC_CRA	s__Lachnoclostridium_pacaense
CRC_CRA	s__Lachnoclostridium_phocaeense
CRC_CRA	s__Lachnoclostridium_sp_An118
CRC_CRA	s__Lachnoclostridium_sp_An131
CRC_CRA	s__Lachnoclostridium_sp_An138
CRC_CRA	s__Lachnoclostridium_sp_An14
CRC_CRA	s__Lachnospira_SGB5083
CRC_CRA	s__Lachnospira_eligens
CRC_CRA	s__Lachnospira_pectinoschiza
CRC_CRA	s__Lachnospira_sp_NSJ_43
CRC_CRA	s__Lachnospiraceae_bacterium
CRC_CRA	s__Lachnospiraceae_bacterium_2_1_46FAA
CRC_CRA	s__Lachnospiraceae_bacterium_AM48_27BH
CRC_CRA	s__Lachnospiraceae_bacterium_CLA_AA_H215
CRC_CRA	s__Lachnospiraceae_bacterium_CLA_AA_H244
CRC_CRA	s__Lachnospiraceae_bacterium_EP_SM_12S_S03
CRC_CRA	s__Lachnospiraceae_bacterium_NSJ_143
CRC_CRA	s__Lachnospiraceae_bacterium_OF09_6
CRC_CRA	s__Lachnospiraceae_bacterium_OM04_12BH
CRC_CRA	s__Lachnospiraceae_bacterium_oral_taxon_096
CRC_CRA	s__Lachnospiraceae_bacterium_oral_taxon_500
CRC_CRA	s__Lachnospiraceae_unclassified_SGB4708
CRC_CRA	s__Lachnotalea_sp_AF33_28
CRC_CRA	s__Lacrimispora_amygdalina
CRC_CRA	s__Lacrimispora_sp_210928_DFI_3_58
CRC_CRA	s__Lacticaseibacillus_paracasei
CRC_CRA	s__Lacticaseibacillus_rhamnosus
CRC_CRA	s__Lactiplantibacillus_plantarum
CRC_CRA	s__Lactobacillus_acidophilus
CRC_CRA	s__Lactobacillus_amylovorus
CRC_CRA	s__Lactobacillus_crispatus
CRC_CRA	s__Lactobacillus_delbrueckii
CRC_CRA	s__Lactobacillus_gasseri
CRC_CRA	s__Lactobacillus_iners
CRC_CRA	s__Lactococcus_carnosus
CRC_CRA	s__Lactococcus_cremoris
CRC_CRA	s__Lactococcus_lactis
CRC_CRA	s__Lactococcus_laudensis
CRC_CRA	s__Lactococcus_petauri
CRC_CRA	s__Lactonifactor_longoviformis
CRC_CRA	s__Lancefieldella_parvula
CRC_CRA	s__Lancefieldella_rimae
CRC_CRA	s__Latilactobacillus_curvatus
CRC_CRA	s__Latilactobacillus_sakei
CRC_CRA	s__Lautropia_dentalis
CRC_CRA	s__Lautropia_mirabilis
CRC_CRA	s__Lawsonibacter_SGB15145
CRC_CRA	s__Lawsonibacter_asaccharolyticus
CRC_CRA	s__Lawsonibacter_faecis
CRC_CRA	s__Lawsonibacter_hominis
CRC_CRA	s__Lentihominibacter_SGB71368
CRC_CRA	s__Lentihominibacter_faecis
CRC_CRA	s__Lentihominibacter_hominis
CRC_CRA	s__Leptotrichia_SGB6069
CRC_CRA	s__Leptotrichia_buccalis
CRC_CRA	s__Leptotrichia_hongkongensis
CRC_CRA	s__Leptotrichia_sp_oral_taxon_212
CRC_CRA	s__Leptotrichia_sp_oral_taxon_215
CRC_CRA	s__Leptotrichia_sp_oral_taxon_221
CRC_CRA	s__Leptotrichia_wadei
CRC_CRA	s__Leuconostoc_gelidum
CRC_CRA	s__Leuconostoc_lactis
CRC_CRA	s__Leuconostoc_mesenteroides
CRC_CRA	s__Leuconostoc_pseudomesenteroides
CRC_CRA	s__Ligaoa_zhengdingensis
CRC_CRA	s__Ligilactobacillus_animalis
CRC_CRA	s__Ligilactobacillus_ruminis
CRC_CRA	s__Ligilactobacillus_salivarius
CRC_CRA	s__Limosilactobacillus_fermentum
CRC_CRA	s__Limosilactobacillus_mucosae
CRC_CRA	s__Limosilactobacillus_oris
CRC_CRA	s__Limosilactobacillus_portuensis
CRC_CRA	s__Limosilactobacillus_reuteri
CRC_CRA	s__Limosilactobacillus_vaginalis
CRC_CRA	s__Longibaculum_muris
CRC_CRA	s__Longicatena_caecimuris
CRC_CRA	s__Luoshenia_tenuis
CRC_CRA	s__Marseilla_massiliensis
CRC_CRA	s__Marvinbryantia_SGB4691
CRC_CRA	s__Massilicoli_timonensis
CRC_CRA	s__Massiliimalia_massiliensis
CRC_CRA	s__Massiliimalia_timonensis
CRC_CRA	s__Massilimicrobiota_timonensis
CRC_CRA	s__Massilioclostridium_coli
CRC_CRA	s__Massilistercora_timonensis
CRC_CRA	s__Mediterraneibacter_SGB4586
CRC_CRA	s__Mediterraneibacter_SGB4598
CRC_CRA	s__Mediterraneibacter_SGB4607
CRC_CRA	s__Mediterraneibacter_SGB48424
CRC_CRA	s__Mediterraneibacter_butyricigenes
CRC_CRA	s__Mediterraneibacter_faecis
CRC_CRA	s__Mediterraneibacter_glycyrrhizinilyticus
CRC_CRA	s__Mediterraneibacter_massiliensis
CRC_CRA	s__Mediterraneibacter_sp_NSJ_151
CRC_CRA	s__Megamonas_funiformis
CRC_CRA	s__Megasphaera_SGB5863
CRC_CRA	s__Megasphaera_elsdenii
CRC_CRA	s__Megasphaera_hominis
CRC_CRA	s__Megasphaera_lornae
CRC_CRA	s__Megasphaera_massiliensis
CRC_CRA	s__Megasphaera_micronuciformis
CRC_CRA	s__Megasphaera_sp_AM44_1BH
CRC_CRA	s__Megasphaera_sp_DJF_B143
CRC_CRA	s__Megasphaera_sp_NM10
CRC_CRA	s__Meiothermus_silvanus
CRC_CRA	s__Merdibacter_massiliensis
CRC_CRA	s__Merdimonas_faecis
CRC_CRA	s__Mesosutterella_multiformis
CRC_CRA	s__Methanobrevibacter_smithii
CRC_CRA	s__Methanomassiliicoccaceae_archaeon_DOK
CRC_CRA	s__Methanosphaera_stadtmanae
CRC_CRA	s__Mitsuokella_jalaludinii
CRC_CRA	s__Mitsuokella_multacida
CRC_CRA	s__Mitsuokella_sp_oral_taxon_131
CRC_CRA	s__Mogibacterium_SGB3923
CRC_CRA	s__Mogibacterium_diversum
CRC_CRA	s__Mogibacterium_kristiansenii
CRC_CRA	s__Mogibacterium_pumilum
CRC_CRA	s__Mogibacterium_timidum
CRC_CRA	s__Monoglobus_pectinilyticus
CRC_CRA	s__Morganella_morganii
CRC_CRA	s__Muribaculum_gordoncarteri
CRC_CRA	s__Muribaculum_intestinale
CRC_CRA	s__Murimonas_intestini
CRC_CRA	s__Negativibacillus_massiliensis
CRC_CRA	s__Neglectibacter_timonensis
CRC_CRA	s__Neisseria_bacilliformis
CRC_CRA	s__Neisseria_cinerea
CRC_CRA	s__Neisseria_elongata
CRC_CRA	s__Neisseria_sicca
CRC_CRA	s__Neisseria_sp_oral_taxon_014
CRC_CRA	s__Neisseria_subflava
CRC_CRA	s__Neobittarella_massiliensis
CRC_CRA	s__Odoribacter_laneus
CRC_CRA	s__Odoribacter_splanchnicus
CRC_CRA	s__Oliverpabstia_intestinalis
CRC_CRA	s__Olsenella_profusa
CRC_CRA	s__Olsenella_sp_oral_taxon_807
CRC_CRA	s__Olsenella_timonensis
CRC_CRA	s__Olsenella_uli
CRC_CRA	s__Oribacterium_SGB5287
CRC_CRA	s__Oribacterium_SGB96555
CRC_CRA	s__Oribacterium_asaccharolyticum
CRC_CRA	s__Oribacterium_parvum
CRC_CRA	s__Oribacterium_sinus
CRC_CRA	s__Oribacterium_sp_oral_taxon_078
CRC_CRA	s__Oribacterium_sp_oral_taxon_102
CRC_CRA	s__Oscillibacter_hominis
CRC_CRA	s__Oscillibacter_sp_ER4
CRC_CRA	s__Oscillibacter_sp_MSJ_31
CRC_CRA	s__Oscillibacter_sp_PC13
CRC_CRA	s__Oscillibacter_valericigenes
CRC_CRA	s__Oscillospiraceae_bacterium
CRC_CRA	s__Oscillospiraceae_bacterium_CLA_AA_H250
CRC_CRA	s__Oscillospiraceae_bacterium_Marseille_Q3528
CRC_CRA	s__Oscillospiraceae_unclassified_SGB15252
CRC_CRA	s__Oscillospiraceae_unclassified_SGB15253
CRC_CRA	s__Oscillospiraceae_unclassified_SGB15256
CRC_CRA	s__Oscillospiraceae_unclassified_SGB15257
CRC_CRA	s__Oscillospiraceae_unclassified_SGB4196
CRC_CRA	s__Oscillospiraceae_unclassified_SGB4197
CRC_CRA	s__Ottowia_sp_Marseille_P4747
CRC_CRA	s__Oxalobacter_formigenes
CRC_CRA	s__Parabacteroides_SGB1950
CRC_CRA	s__Parabacteroides_acidifaciens
CRC_CRA	s__Parabacteroides_bouchesdurhonensis
CRC_CRA	s__Parabacteroides_distasonis
CRC_CRA	s__Parabacteroides_faecis
CRC_CRA	s__Parabacteroides_goldsteinii
CRC_CRA	s__Parabacteroides_gordonii
CRC_CRA	s__Parabacteroides_johnsonii
CRC_CRA	s__Parabacteroides_merdae
CRC_CRA	s__Parabacteroides_sp_AGMB00274
CRC_CRA	s__Parabacteroides_sp_N37
CRC_CRA	s__Parabacteroides_sp_TM07_1AC
CRC_CRA	s__Paraeggerthella_hongkongensis
CRC_CRA	s__Paraprevotella_clara
CRC_CRA	s__Paraprevotella_xylaniphila
CRC_CRA	s__Parascardovia_denticolens
CRC_CRA	s__Parasutterella_SGB9260
CRC_CRA	s__Parasutterella_excrementihominis
CRC_CRA	s__Parasutterella_secunda
CRC_CRA	s__Paratractidigestivibacter_faecalis
CRC_CRA	s__Parolsenella_catena
CRC_CRA	s__Parvibacter_caecicola
CRC_CRA	s__Parvimonas_micra
CRC_CRA	s__Parvimonas_parva
CRC_CRA	s__Pauljensenia_hongkongensis
CRC_CRA	s__Peptidiphaga_SGB15895
CRC_CRA	s__Peptidiphaga_gingivicola
CRC_CRA	s__Peptoniphilus_harei
CRC_CRA	s__Peptoniphilus_lacrimalis
CRC_CRA	s__Peptostreptococcus_SGB749
CRC_CRA	s__Peptostreptococcus_anaerobius
CRC_CRA	s__Peptostreptococcus_stomatis
CRC_CRA	s__Phascolarctobacterium_SGB5790
CRC_CRA	s__Phascolarctobacterium_faecium
CRC_CRA	s__Phascolarctobacterium_sp_ET69
CRC_CRA	s__Phascolarctobacterium_succinatutens
CRC_CRA	s__Phocaeicola_coprocola
CRC_CRA	s__Phocaeicola_coprophilus
CRC_CRA	s__Phocaeicola_dorei
CRC_CRA	s__Phocaeicola_faecalis
CRC_CRA	s__Phocaeicola_faecicola
CRC_CRA	s__Phocaeicola_massiliensis
CRC_CRA	s__Phocaeicola_plebeius
CRC_CRA	s__Phocaeicola_sartorii
CRC_CRA	s__Phocaeicola_vulgatus
CRC_CRA	s__Phocea_massiliensis
CRC_CRA	s__Porphyromonas_SGB1977
CRC_CRA	s__Porphyromonas_SGB1979
CRC_CRA	s__Porphyromonas_SGB1980
CRC_CRA	s__Porphyromonas_SGB1982
CRC_CRA	s__Porphyromonas_SGB1983
CRC_CRA	s__Porphyromonas_asaccharolytica
CRC_CRA	s__Porphyromonas_bobii
CRC_CRA	s__Porphyromonas_catoniae
CRC_CRA	s__Porphyromonas_endodontalis
CRC_CRA	s__Porphyromonas_gingivalis
CRC_CRA	s__Porphyromonas_somerae
CRC_CRA	s__Porphyromonas_sp_oral_taxon_278
CRC_CRA	s__Porphyromonas_uenonis
CRC_CRA	s__Prevotella_SGB1459
CRC_CRA	s__Prevotella_SGB1671
CRC_CRA	s__Prevotella_SGB1687
CRC_CRA	s__Prevotella_SGB63829
CRC_CRA	s__Prevotella_baroniae
CRC_CRA	s__Prevotella_bivia
CRC_CRA	s__Prevotella_buccae
CRC_CRA	s__Prevotella_buccalis
CRC_CRA	s__Prevotella_conceptionensis
CRC_CRA	s__Prevotella_corporis
CRC_CRA	s__Prevotella_dentalis
CRC_CRA	s__Prevotella_denticola
CRC_CRA	s__Prevotella_disiens
CRC_CRA	s__Prevotella_enoeca
CRC_CRA	s__Prevotella_histicola
CRC_CRA	s__Prevotella_intermedia
CRC_CRA	s__Prevotella_jejuni
CRC_CRA	s__Prevotella_koreensis
CRC_CRA	s__Prevotella_lascolaii
CRC_CRA	s__Prevotella_loescheii
CRC_CRA	s__Prevotella_maculosa
CRC_CRA	s__Prevotella_marseillensis
CRC_CRA	s__Prevotella_marshii
CRC_CRA	s__Prevotella_melaninogenica
CRC_CRA	s__Prevotella_micans
CRC_CRA	s__Prevotella_multiformis
CRC_CRA	s__Prevotella_multisaccharivorax
CRC_CRA	s__Prevotella_nanceiensis
CRC_CRA	s__Prevotella_nigrescens
CRC_CRA	s__Prevotella_oris
CRC_CRA	s__Prevotella_oulorum
CRC_CRA	s__Prevotella_pallens
CRC_CRA	s__Prevotella_pectinovora
CRC_CRA	s__Prevotella_pleuritidis
CRC_CRA	s__Prevotella_saccharolytica
CRC_CRA	s__Prevotella_salivae
CRC_CRA	s__Prevotella_shahii
CRC_CRA	s__Prevotella_sp_885
CRC_CRA	s__Prevotella_sp_HJM029
CRC_CRA	s__Prevotella_sp_Marseille_P4119
CRC_CRA	s__Prevotella_sp_oral_taxon_475
CRC_CRA	s__Prevotella_stercorea
CRC_CRA	s__Prevotella_timonensis
CRC_CRA	s__Prevotella_veroralis
CRC_CRA	s__Prevotella_vespertina
CRC_CRA	s__Prevotellaceae_bacterium_Marseille_P2826
CRC_CRA	s__Prevotellamassilia_timonensis
CRC_CRA	s__Propionibacterium_acidifaciens
CRC_CRA	s__Propionibacterium_freudenreichii
CRC_CRA	s__Provencibacterium_massiliense
CRC_CRA	s__Pseudoflavonifractor_capillosus
CRC_CRA	s__Pseudoflavonifractor_gallinarum
CRC_CRA	s__Pseudoflavonifractor_phocaeensis
CRC_CRA	s__Pseudoflavonifractor_sp_AF19_9AC
CRC_CRA	s__Pseudoflavonifractor_sp_MSJ_37
CRC_CRA	s__Pseudomonas_aeruginosa
CRC_CRA	s__Pseudoruminococcus_massiliensis
CRC_CRA	s__Puniceicoccaceae_bacterium_Marseille_Q1082
CRC_CRA	s__Puniceicoccaceae_unclassified_SGB8769
CRC_CRA	s__Pyramidobacter_piscolens
CRC_CRA	s__Qiania_dongpingensis
CRC_CRA	s__Qingrenia_yutianensis
CRC_CRA	s__Ralstonia_pickettii
CRC_CRA	s__Raoultella_ornithinolytica
CRC_CRA	s__Raoultibacter_massiliensis
CRC_CRA	s__Raoultibacter_timonensis
CRC_CRA	s__Rikenellaceae_bacterium
CRC_CRA	s__Romboutsia_timonensis
CRC_CRA	s__Roseburia_SGB4939
CRC_CRA	s__Roseburia_faecis
CRC_CRA	s__Roseburia_hominis
CRC_CRA	s__Roseburia_intestinalis
CRC_CRA	s__Roseburia_inulinivorans
CRC_CRA	s__Roseburia_lenta
CRC_CRA	s__Roseburia_sp_AF02_12
CRC_CRA	s__Roseburia_sp_AM23_20
CRC_CRA	s__Roseburia_sp_AM59_24XD
CRC_CRA	s__Roseburia_sp_BX1005
CRC_CRA	s__Rothia_SGB49305
CRC_CRA	s__Rothia_aeria
CRC_CRA	s__Rothia_mucilaginosa
CRC_CRA	s__Rubneribacter_badeniensis
CRC_CRA	s__Ruminococcaceae_bacterium_Marseille_P2935
CRC_CRA	s__Ruminococcus_SGB4253
CRC_CRA	s__Ruminococcus_SGB4421
CRC_CRA	s__Ruminococcus_bicirculans
CRC_CRA	s__Ruminococcus_bovis
CRC_CRA	s__Ruminococcus_bromii
CRC_CRA	s__Ruminococcus_callidus
CRC_CRA	s__Ruminococcus_champanellensis
CRC_CRA	s__Ruminococcus_gauvreauii
CRC_CRA	s__Ruminococcus_gnavus
CRC_CRA	s__Ruminococcus_lactaris
CRC_CRA	s__Ruminococcus_sp_210702_SL_1_03
CRC_CRA	s__Ruminococcus_sp_AF13_28
CRC_CRA	s__Ruminococcus_sp_AF41_9
CRC_CRA	s__Ruminococcus_torques
CRC_CRA	s__Ruthenibacterium_lactatiformans
CRC_CRA	s__SR1_bacterium_human_oral_taxon_HOT_345
CRC_CRA	s__Saccharomyces_cerevisiae
CRC_CRA	s__Sanguibacteroides_justesenii
CRC_CRA	s__Scardovia_inopinata
CRC_CRA	s__Scardovia_wiggsiae
CRC_CRA	s__Schaalia_SGB17153
CRC_CRA	s__Schaalia_SGB17154
CRC_CRA	s__Schaalia_SGB17157
CRC_CRA	s__Schaalia_SGB17158
CRC_CRA	s__Schaalia_SGB17168
CRC_CRA	s__Schaalia_cardiffensis
CRC_CRA	s__Schaalia_georgiae
CRC_CRA	s__Schaalia_meyeri
CRC_CRA	s__Schaalia_odontolytica
CRC_CRA	s__Schaalia_turicensis
CRC_CRA	s__Segatella_brasiliensis
CRC_CRA	s__Segatella_brunsvicensis
CRC_CRA	s__Segatella_copri
CRC_CRA	s__Segatella_hominis
CRC_CRA	s__Segatella_sanihominis
CRC_CRA	s__Segatella_sinensis
CRC_CRA	s__Segatella_sinica
CRC_CRA	s__Selenomonas_SGB5880
CRC_CRA	s__Selenomonas_SGB5891
CRC_CRA	s__Selenomonas_SGB5896
CRC_CRA	s__Selenomonas_SGB5897
CRC_CRA	s__Selenomonas_SGB5900
CRC_CRA	s__Selenomonas_SGB69112
CRC_CRA	s__Selenomonas_artemidis
CRC_CRA	s__Selenomonas_felix
CRC_CRA	s__Selenomonas_flueggei
CRC_CRA	s__Selenomonas_infelix
CRC_CRA	s__Selenomonas_massiliensis
CRC_CRA	s__Selenomonas_noxia
CRC_CRA	s__Sellimonas_intestinalis
CRC_CRA	s__Senegalimassilia_SGB14826
CRC_CRA	s__Senegalimassilia_anaerobia
CRC_CRA	s__Senegalimassilia_faecalis
CRC_CRA	s__Sgatella_sinensis
CRC_CRA	s__Shuttleworthia_satelles
CRC_CRA	s__Simiaoa_sunii
CRC_CRA	s__Slackia_SGB14778
CRC_CRA	s__Slackia_SGB14780
CRC_CRA	s__Slackia_SGB14781
CRC_CRA	s__Slackia_equolifaciens
CRC_CRA	s__Slackia_exigua
CRC_CRA	s__Slackia_isoflavoniconvertens
CRC_CRA	s__Slackia_piriformis
CRC_CRA	s__Solobacterium_SGB6828
CRC_CRA	s__Solobacterium_SGB6829
CRC_CRA	s__Solobacterium_SGB6833
CRC_CRA	s__Solobacterium_SGB6834
CRC_CRA	s__Solobacterium_moorei
CRC_CRA	s__Streptococcus_agalactiae
CRC_CRA	s__Streptococcus_anginosus
CRC_CRA	s__Streptococcus_australis
CRC_CRA	s__Streptococcus_constellatus
CRC_CRA	s__Streptococcus_cristatus
CRC_CRA	s__Streptococcus_gallolyticus
CRC_CRA	s__Streptococcus_gordonii
CRC_CRA	s__Streptococcus_infantarius
CRC_CRA	s__Streptococcus_infantis
CRC_CRA	s__Streptococcus_intermedius
CRC_CRA	s__Streptococcus_lutetiensis
CRC_CRA	s__Streptococcus_mitis
CRC_CRA	s__Streptococcus_mutans
CRC_CRA	s__Streptococcus_oralis
CRC_CRA	s__Streptococcus_parasanguinis
CRC_CRA	s__Streptococcus_pneumoniae
CRC_CRA	s__Streptococcus_rubneri
CRC_CRA	s__Streptococcus_salivarius
CRC_CRA	s__Streptococcus_sanguinis
CRC_CRA	s__Streptococcus_sinensis
CRC_CRA	s__Streptococcus_sobrinus
CRC_CRA	s__Streptococcus_sp_F0442
CRC_CRA	s__Streptococcus_sp_HF_1907
CRC_CRA	s__Streptococcus_thermophilus
CRC_CRA	s__Streptococcus_vestibularis
CRC_CRA	s__Succinatimonas_hippei
CRC_CRA	s__Sutterella_SGB9281
CRC_CRA	s__Sutterella_SGB9293
CRC_CRA	s__Sutterella_parvirubra
CRC_CRA	s__Sutterella_seckii
CRC_CRA	s__Sutterella_sp_AM11_39
CRC_CRA	s__Sutterella_wadsworthensis
CRC_CRA	s__TM7_phylum_sp_oral_taxon_348
CRC_CRA	s__TM7_phylum_sp_oral_taxon_349
CRC_CRA	s__TM7_phylum_sp_oral_taxon_350
CRC_CRA	s__TM7_phylum_sp_oral_taxon_351
CRC_CRA	s__TM7_phylum_sp_oral_taxon_352
CRC_CRA	s__Tannerella_forsythia
CRC_CRA	s__Tannerella_serpentiformis
CRC_CRA	s__Tannerella_sp_oral_taxon_808
CRC_CRA	s__Terrisporobacter_mayombei
CRC_CRA	s__Thermophilibacter_provencensis
CRC_CRA	s__Traorella_massiliensis
CRC_CRA	s__Treponema_SGB3588
CRC_CRA	s__Treponema_SGB3601
CRC_CRA	s__Treponema_denticola
CRC_CRA	s__Treponema_socranskii
CRC_CRA	s__Treponema_sp_Marseille_Q4130
CRC_CRA	s__Treponema_vincentii
CRC_CRA	s__Turicibacter_bilis
CRC_CRA	s__Turicibacter_sanguinis
CRC_CRA	s__Turicimonas_muris
CRC_CRA	s__Tyzzerella_SGB4587
CRC_CRA	s__Tyzzerella_nexilis
CRC_CRA	s__Veillonella_atypica
CRC_CRA	s__Veillonella_denticariosi
CRC_CRA	s__Veillonella_dispar
CRC_CRA	s__Veillonella_parvula
CRC_CRA	s__Veillonella_ratti
CRC_CRA	s__Veillonella_rogosae
CRC_CRA	s__Veillonella_tobetsuensis
CRC_CRA	s__Veillonellaceae_bacterium
CRC_CRA	s__Veillonellaceae_bacterium_DNF00626
CRC_CRA	s__Vescimonas_SGB15086
CRC_CRA	s__Vescimonas_SGB15087
CRC_CRA	s__Vescimonas_coprocola
CRC_CRA	s__Vescimonas_fastidiosa
CRC_CRA	s__Victivallis_lenta
CRC_CRA	s__Victivallis_sp_Marseille_Q1083
CRC_CRA	s__Victivallis_vadensis
CRC_CRA	s__Wansuia_hejianensis
CRC_CRA	s__Weissella_cibaria
CRC_CRA	s__Weissella_confusa
CRC_CRA	s__Wujia_chipingensis
CRC_CRA	s__Yanshouia_hominis
CRC_CRA	s__Yeguia_hominis
CRC_CRA	s__Youxingia_wuxianensis
CRC_CRA	s__Zhenhengia_yiwuensis
CRC_CRA	s__Zhenpiania_hominis
CRC_CRA	s__bacterium_210820_DFI_6_37
CRC_CRA	s__bacterium_210917_DFI_7_65
CRC_CRA	s__bacterium_210917_SL_2_15
CRC_CRA	s__bacterium_OL_1
IBD	s__Abiotrophia_defectiva
IBD	s__Acidaminococcus_SGB5735
IBD	s__Acidaminococcus_intestini
IBD	s__Acidaminococcus_massiliensis
IBD	s__Acidaminococcus_provencensis
IBD	s__Actinobaculum_sp_oral_taxon_183
IBD	s__Actinomyces_SGB17132
IBD	s__Actinomyces_bouchesdurhonensis
IBD	s__Actinomyces_dentalis
IBD	s__Actinomyces_graevenitzii
IBD	s__Actinomyces_naeslundii
IBD	s__Actinomyces_oris
IBD	s__Actinomyces_sp_ICM47
IBD	s__Actinomyces_sp_oral_taxon_448
IBD	s__Actinomyces_sp_ph3
IBD	s__Adlercreutzia_caecimuris
IBD	s__Adlercreutzia_equolifaciens
IBD	s__Agathobaculum_butyriciproducens
IBD	s__Aggregatibacter_segnis
IBD	s__Akkermansia_muciniphila
IBD	s__Akkermansia_sp_BIOML_A66
IBD	s__Akkermansia_sp_KLE1798
IBD	s__Alistipes_SGB2300
IBD	s__Alistipes_SGB2302
IBD	s__Alistipes_SGB2313
IBD	s__Alistipes_communis
IBD	s__Alistipes_dispar
IBD	s__Alistipes_finegoldii
IBD	s__Alistipes_ihumii
IBD	s__Alistipes_indistinctus
IBD	s__Alistipes_montrealensis
IBD	s__Alistipes_onderdonkii
IBD	s__Alistipes_provencensis
IBD	s__Alistipes_putredinis
IBD	s__Alistipes_senegalensis
IBD	s__Alistipes_shahii
IBD	s__Alistipes_sp_AF17_16
IBD	s__Alistipes_sp_An31A
IBD	s__Alistipes_timonensis
IBD	s__Allisonella_histaminiformans
IBD	s__Alloscardovia_omnicolens
IBD	s__Amedibacillus_dolichus
IBD	s__Amedibacterium_intestinale
IBD	s__Anaerobutyricum_hallii
IBD	s__Anaerobutyricum_soehngenii
IBD	s__Anaerococcus_obesiensis
IBD	s__Anaerofilum_hominis
IBD	s__Anaerofilum_sp_An201
IBD	s__Anaerofustis_stercorihominis
IBD	s__Anaeroglobus_geminatus
IBD	s__Anaeromassilibacillus_senegalensis
IBD	s__Anaeromassilibacillus_sp_An172
IBD	s__Anaerosacchariphilus_sp_NSJ_68
IBD	s__Anaerostipes_butyraticus
IBD	s__Anaerostipes_caccae
IBD	s__Anaerostipes_hadrus
IBD	s__Anaerostipes_rhamnosivorans
IBD	s__Anaerotignum_faecicola
IBD	s__Anaerotignum_lactatifermentans
IBD	s__Anaerotignum_sp_MSJ_24
IBD	s__Anaerotruncus_colihominis
IBD	s__Anaerotruncus_massiliensis
IBD	s__Anaerotruncus_rubiinfantis
IBD	s__Anaerovorax_odorimutans
IBD	s__Angelakisella_massiliensis
IBD	s__Bacteroidales_bacterium
IBD	s__Bacteroides_SGB63885
IBD	s__Bacteroides_bouchesdurhonensis
IBD	s__Bacteroides_caccae
IBD	s__Bacteroides_caecigallinarum
IBD	s__Bacteroides_cellulosilyticus
IBD	s__Bacteroides_clarus
IBD	s__Bacteroides_congonensis
IBD	s__Bacteroides_cutis
IBD	s__Bacteroides_eggerthii
IBD	s__Bacteroides_faecalis
IBD	s__Bacteroides_faecis
IBD	s__Bacteroides_finegoldii
IBD	s__Bacteroides_fluxus
IBD	s__Bacteroides_fragilis
IBD	s__Bacteroides_gallinarum
IBD	s__Bacteroides_ilei
IBD	s__Bacteroides_intestinalis
IBD	s__Bacteroides_mediterraneensis
IBD	s__Bacteroides_nordii
IBD	s__Bacteroides_oleiciplenus
IBD	s__Bacteroides_ovatus
IBD	s__Bacteroides_propionicigenes
IBD	s__Bacteroides_salyersiae
IBD	s__Bacteroides_sp_AF16_49
IBD	s__Bacteroides_stercorirosoris
IBD	s__Bacteroides_stercoris
IBD	s__Bacteroides_thetaiotaomicron
IBD	s__Bacteroides_uniformis
IBD	s__Bacteroides_xylanisolvens
IBD	s__Bariatricus_massiliensis
IBD	s__Barnesiella_intestinihominis
IBD	s__Bianquea_SGB71281
IBD	s__Bianquea_renquensis
IBD	s__Bifidobacterium_adolescentis
IBD	s__Bifidobacterium_angulatum
IBD	s__Bifidobacterium_animalis
IBD	s__Bifidobacterium_bifidum
IBD	s__Bifidobacterium_breve
IBD	s__Bifidobacterium_catenulatum
IBD	s__Bifidobacterium_dentium
IBD	s__Bifidobacterium_longum
IBD	s__Bifidobacterium_pseudocatenulatum
IBD	s__Bifidobacterium_pseudolongum
IBD	s__Bifidobacterium_pullorum
IBD	s__Bifidobacterium_ruminantium
IBD	s__Bifidobacterium_scardovii
IBD	s__Bilophila_SGB15451
IBD	s__Bilophila_SGB69261
IBD	s__Bilophila_wadsworthia
IBD	s__Bittarella_massiliensis
IBD	s__Blautia_SGB101324
IBD	s__Blautia_SGB4793
IBD	s__Blautia_SGB4815
IBD	s__Blautia_SGB4833
IBD	s__Blautia_SGB59878
IBD	s__Blautia_SGB71764
IBD	s__Blautia_argi
IBD	s__Blautia_caecimuris
IBD	s__Blautia_faecicola
IBD	s__Blautia_faecis
IBD	s__Blautia_glucerasea
IBD	s__Blautia_hansenii
IBD	s__Blautia_hydrogenotrophica
IBD	s__Blautia_luti
IBD	s__Blautia_marasmi
IBD	s__Blautia_massiliensis
IBD	s__Blautia_obeum
IBD	s__Blautia_producta
IBD	s__Blautia_schinkii
IBD	s__Blautia_sp_An249
IBD	s__Blautia_sp_An46
IBD	s__Blautia_sp_MCC283
IBD	s__Blautia_sp_Marseille_P3201T
IBD	s__Blautia_sp_OF03_15BH
IBD	s__Blautia_stercoris
IBD	s__Blautia_wexlerae
IBD	s__Brachyspira_aalborgi
IBD	s__Bradyrhizobium_SGB11337
IBD	s__Brotolimicola_acetigignens
IBD	s__Butyricicoccus_SGB14985
IBD	s__Butyricicoccus_SGB14990
IBD	s__Butyricicoccus_intestinisimiae
IBD	s__Butyricimonas_faecalis
IBD	s__Butyricimonas_faecihominis
IBD	s__Butyricimonas_paravirosa
IBD	s__Butyricimonas_synergistica
IBD	s__Butyricimonas_virosa
IBD	s__Butyrivibrio_crossotus
IBD	s__Campylobacter_concisus
IBD	s__Campylobacter_hominis
IBD	s__Candidatus_Borkfalkia_ceftriaxoniphila
IBD	s__Candidatus_Cibionibacter_quicibialis
IBD	s__Candidatus_Gastranaerophilales_bacterium
IBD	s__Candidatus_Methanomassiliicoccus_intestinalis
IBD	s__Candidatus_Nanosynbacter_sp_HMT_352
IBD	s__Candidatus_Nanosynsacchari_sp_TM7_ANC_38_39_G1_1
IBD	s__Candidatus_Stoquefichus_sp_SB1
IBD	s__Caproicibacterium_amylolyticum
IBD	s__Catenibacillus_scindens
IBD	s__Catenibacterium_tridentinum
IBD	s__Christensenella_hongkongensis
IBD	s__Christensenella_intestinihominis
IBD	s__Christensenella_minuta
IBD	s__Christensenella_sp_Marseille_P3954
IBD	s__Christensenella_sp_NSJ_35
IBD	s__Christensenella_timonensis
IBD	s__Christensenellaceae_bacterium
IBD	s__Citrobacter_amalonaticus
IBD	s__Citrobacter_braakii
IBD	s__Citrobacter_freundii
IBD	s__Citrobacter_portucalensis
IBD	s__Cloacibacillus_evryensis
IBD	s__Cloacibacillus_porcorum
IBD	s__Clostridia_bacterium
IBD	s__Clostridia_bacterium_UC5_1_1D1
IBD	s__Clostridia_bacterium_UC5_1_1E11
IBD	s__Clostridiaceae_bacterium
IBD	s__Clostridiaceae_bacterium_AF18_31LB
IBD	s__Clostridiaceae_bacterium_CLA_AA_H274
IBD	s__Clostridiaceae_bacterium_Marseille_Q3526
IBD	s__Clostridiaceae_bacterium_Marseille_Q4143
IBD	s__Clostridiaceae_bacterium_Marseille_Q4145
IBD	s__Clostridiaceae_bacterium_Marseille_Q4149
IBD	s__Clostridiaceae_unclassified_SGB15090
IBD	s__Clostridiaceae_unclassified_SGB4771
IBD	s__Clostridiales_bacterium
IBD	s__Clostridiales_bacterium_CHKCI006
IBD	s__Clostridiales_bacterium_KLE1615
IBD	s__Clostridiales_bacterium_Marseille_P2846
IBD	s__Clostridioides_difficile
IBD	s__Clostridium_SGB26969
IBD	s__Clostridium_SGB47280
IBD	s__Clostridium_SGB4750
IBD	s__Clostridium_SGB4751
IBD	s__Clostridium_SGB48024
IBD	s__Clostridium_SGB4909
IBD	s__Clostridium_SGB6173
IBD	s__Clostridium_SGB6176
IBD	s__Clostridium_SGB6177
IBD	s__Clostridium_SGB6179
IBD	s__Clostridium_butyricum
IBD	s__Clostridium_cadaveris
IBD	s__Clostridium_celatum
IBD	s__Clostridium_culturomicium
IBD	s__Clostridium_cuniculi
IBD	s__Clostridium_disporicum
IBD	s__Clostridium_fessum
IBD	s__Clostridium_hylemonae
IBD	s__Clostridium_innocuum
IBD	s__Clostridium_leptum
IBD	s__Clostridium_methylpentosum
IBD	s__Clostridium_neonatale
IBD	s__Clostridium_paraputrificum
IBD	s__Clostridium_perfringens
IBD	s__Clostridium_saccharogumia
IBD	s__Clostridium_saudiense
IBD	s__Clostridium_scindens
IBD	s__Clostridium_sp_1001270J_160509_D11
IBD	s__Clostridium_sp_AF12_28
IBD	s__Clostridium_sp_AF20_17LB
IBD	s__Clostridium_sp_AF27_2AA
IBD	s__Clostridium_sp_AF32_12BH
IBD	s__Clostridium_sp_AF36_4
IBD	s__Clostridium_sp_AM22_11AC
IBD	s__Clostridium_sp_AM29_11AC
IBD	s__Clostridium_sp_AM33_3
IBD	s__Clostridium_sp_AM42_4
IBD	s__Clostridium_sp_AM49_4BH
IBD	s__Clostridium_sp_AM58_1XD
IBD	s__Clostridium_sp_AT4
IBD	s__Clostridium_sp_C5_48
IBD	s__Clostridium_sp_D5
IBD	s__Clostridium_sp_MCC353
IBD	s__Clostridium_sp_Marseille_P299
IBD	s__Clostridium_sp_Marseille_P3244
IBD	s__Clostridium_sp_NSJ_42
IBD	s__Clostridium_sp_NSJ_6
IBD	s__Clostridium_sp_chh4_2
IBD	s__Clostridium_spiroforme
IBD	s__Clostridium_symbiosum
IBD	s__Clostridium_tertium
IBD	s__Clostridium_transplantifaecale
IBD	s__Colidextribacter_sp_210702_DFI_3_9
IBD	s__Collinsella_SGB14745
IBD	s__Collinsella_aerofaciens
IBD	s__Collinsella_bouchesdurhonensis
IBD	s__Collinsella_intestinalis
IBD	s__Collinsella_phocaeensis
IBD	s__Collinsella_sp_AF08_23
IBD	s__Collinsella_stercoris
IBD	s__Collinsella_tanakaei
IBD	s__Congzhengia_minquanensis
IBD	s__Coprobacillus_cateniformis
IBD	s__Coprobacter_fastidiosus
IBD	s__Coprobacter_secundus
IBD	s__Coprococcus_SGB106014
IBD	s__Coprococcus_SGB26904
IBD	s__Coprococcus_catus
IBD	s__Coprococcus_comes
IBD	s__Coprococcus_eutactus
IBD	s__Coprococcus_sp_AF21_14LB
IBD	s__Corynebacterium_durum
IBD	s__Cuneatibacter_caecimuris
IBD	s__Cuneatibacter_sp_NSJ_177
IBD	s__Cutibacterium_acnes
IBD	s__Dakarella_massiliensis
IBD	s__Dellaglioa_algida
IBD	s__Desulfovibrio_desulfuricans
IBD	s__Desulfovibrio_fairfieldensis
IBD	s__Desulfovibrio_legallii
IBD	s__Desulfovibrio_piger
IBD	s__Dialister_hominis
IBD	s__Dialister_invisus
IBD	s__Dialister_micraerophilus
IBD	s__Dialister_pneumosintes
IBD	s__Dialister_succinatiphilus
IBD	s__Dielma_fastidiosa
IBD	s__Diplocloster_agilis
IBD	s__Diplocloster_modestus
IBD	s__Dorea_formicigenerans
IBD	s__Dorea_longicatena
IBD	s__Dorea_phocaeensis
IBD	s__Dorea_sp_AF36_15AT
IBD	s__Drancourtella_massiliensis
IBD	s__Duodenibacillus_massiliensis
IBD	s__Dysgonomonas_capnocytophagoides
IBD	s__Dysgonomonas_gadei
IBD	s__Dysgonomonas_mossii
IBD	s__Dysosmobacter_SGB15074
IBD	s__Dysosmobacter_SGB15077
IBD	s__Dysosmobacter_sp_Marseille_Q4140
IBD	s__Dysosmobacter_welbionis
IBD	s__Eggerthella_lenta
IBD	s__Eggerthella_sinensis
IBD	s__Eisenbergiella_massiliensis
IBD	s__Eisenbergiella_sp_OF01_20
IBD	s__Eisenbergiella_tayi
IBD	s__Ellagibacter_isourolithinifaciens
IBD	s__Emergencia_timonensis
IBD	s__Enorma_massiliensis
IBD	s__Enterobacter_asburiae
IBD	s__Enterobacter_hormaechei
IBD	s__Enterobacter_kobei
IBD	s__Enterobacter_ludwigii
IBD	s__Enterobacter_roggenkampii
IBD	s__Enterocloster_aldenensis
IBD	s__Enterocloster_asparagiformis
IBD	s__Enterocloster_bolteae
IBD	s__Enterocloster_citroniae
IBD	s__Enterocloster_clostridioformis
IBD	s__Enterocloster_hominis
IBD	s__Enterocloster_lavalensis
IBD	s__Enterococcus_avium
IBD	s__Enterococcus_casseliflavus
IBD	s__Enterococcus_durans
IBD	s__Enterococcus_faecalis
IBD	s__Enterococcus_faecium
IBD	s__Enterococcus_gallinarum
IBD	s__Enterococcus_raffinosus
IBD	s__Enteroscipio_rubneri
IBD	s__Erysipelatoclostridium_SGB66626
IBD	s__Erysipelatoclostridium_ramosum
IBD	s__Erysipelatoclostridium_sp_An15
IBD	s__Erysipelotrichaceae_bacterium_7770_A6
IBD	s__Erysipelotrichaceae_bacterium_LH1062
IBD	s__Escherichia_coli
IBD	s__Escherichia_marmotae
IBD	s__Eubacteriaceae_bacterium
IBD	s__Eubacteriaceae_bacterium_CHKCI004
IBD	s__Eubacteriaceae_bacterium_Marseille_Q4139
IBD	s__Eubacteriales_Family_XIII_Incertae_Sedis_unclassified_SGB3978
IBD	s__Eubacteriales_bacterium
IBD	s__Eubacteriales_unclassified_SGB15148
IBD	s__Eubacteriales_unclassified_SGB15150
IBD	s__Eubacterium_SGB4961
IBD	s__Eubacterium_callanderi
IBD	s__Eubacterium_hominis
IBD	s__Eubacterium_limosum
IBD	s__Eubacterium_maltosivorans
IBD	s__Eubacterium_ramulus
IBD	s__Eubacterium_rectale
IBD	s__Eubacterium_siraeum
IBD	s__Eubacterium_sp_AF16_48
IBD	s__Eubacterium_sp_AF34_35BH
IBD	s__Eubacterium_sp_An11
IBD	s__Eubacterium_sp_c_25
IBD	s__Eubacterium_sulci
IBD	s__Eubacterium_ventriosum
IBD	s__Evtepia_gabavorous
IBD	s__Faecalibacillus_SGB6753
IBD	s__Faecalibacillus_faecis
IBD	s__Faecalibacillus_intestinalis
IBD	s__Faecalibacterium_SGB15346
IBD	s__Faecalibacterium_prausnitzii
IBD	s__Faecalibacterium_sp_CLA_AA_H233
IBD	s__Faecalibacterium_sp_HTFF
IBD	s__Faecalicatena_SGB4872
IBD	s__Faecalicatena_contorta
IBD	s__Faecalicatena_fissicatena
IBD	s__Faecalicatena_orotica
IBD	s__Faecalicoccus_pleomorphus
IBD	s__Faecalimonas_umbilicata
IBD	s__Faecalitalea_cylindroides
IBD	s__Fenollaria_massiliensis
IBD	s__Fenollaria_timonensis
IBD	s__Finegoldia_magna
IBD	s__Firmicutes_bacterium
IBD	s__Firmicutes_bacterium_AM41_11
IBD	s__Firmicutes_unclassified_SGB47659
IBD	s__Firmicutes_unclassified_SGB47660
IBD	s__Flavonifractor_plautii
IBD	s__Flavonifractor_sp_An10
IBD	s__Flavonifractor_sp_An100
IBD	s__Fournierella_massiliensis
IBD	s__Frisingicoccus_SGB4674
IBD	s__Frisingicoccus_caecimuris
IBD	s__Fumia_xinanensis
IBD	s__Fusicatenibacter_saccharivorans
IBD	s__Fusicatenibacter_sp_CLA_AA_H277
IBD	s__Fusobacterium_SGB6028
IBD	s__Fusobacterium_mortiferum
IBD	s__Fusobacterium_nucleatum
IBD	s__Fusobacterium_periodonticum
IBD	s__Fusobacterium_ulcerans
IBD	s__Fusobacterium_varium
IBD	s__GGB10692_SGB17347
IBD	s__GGB1096_SGB1408
IBD	s__GGB1123_SGB1437
IBD	s__GGB1146_SGB1472
IBD	s__GGB1153_SGB1481
IBD	s__GGB1215_SGB1581
IBD	s__GGB1239_SGB1657
IBD	s__GGB1246_SGB1667
IBD	s__GGB1266_SGB1699
IBD	s__GGB12785_SGB19823
IBD	s__GGB12785_SGB19827
IBD	s__GGB12798_SGB135773
IBD	s__GGB1331_SGB1787
IBD	s__GGB1332_SGB1789
IBD	s__GGB13404_SGB14252
IBD	s__GGB13489_SGB15224
IBD	s__GGB13493_SGB15238
IBD	s__GGB13818_SGB6606
IBD	s__GGB1387_SGB1894
IBD	s__GGB1418_SGB1954
IBD	s__GGB1420_SGB1957
IBD	s__GGB1425_SGB1964
IBD	s__GGB1455_SGB2018
IBD	s__GGB1456_SGB2019
IBD	s__GGB1458_SGB2021
IBD	s__GGB1495_SGB2071
IBD	s__GGB1530_SGB2113
IBD	s__GGB1543_SGB2126
IBD	s__GGB1549_SGB2133
IBD	s__GGB1550_SGB2135
IBD	s__GGB1551_SGB2136
IBD	s__GGB1627_SGB2227
IBD	s__GGB1632_SGB2240
IBD	s__GGB1661_SGB2275
IBD	s__GGB1662_SGB2276
IBD	s__GGB1680_SGB2312
IBD	s__GGB25053_SGB36975
IBD	s__GGB25063_SGB36986
IBD	s__GGB2652_SGB3573
IBD	s__GGB2653_SGB3574
IBD	s__GGB27106_SGB6188
IBD	s__GGB2734_SGB3677
IBD	s__GGB28319_SGB40892
IBD	s__GGB28474_SGB41058
IBD	s__GGB2848_SGB3813
IBD	s__GGB28640_SGB4673
IBD	s__GGB29535_SGB36365
IBD	s__GGB29535_SGB42321
IBD	s__GGB2958_SGB3940
IBD	s__GGB2970_SGB3952
IBD	s__GGB2977_SGB3959
IBD	s__GGB2980_SGB3962
IBD	s__GGB2982_SGB3964
IBD	s__GGB2983_SGB3965
IBD	s__GGB2987_SGB3969
IBD	s__GGB2996_SGB3983
IBD	s__GGB2998_SGB3988
IBD	s__GGB2998_SGB3989
IBD	s__GGB2999_SGB3990
IBD	s__GGB3000_SGB3991
IBD	s__GGB3001_SGB3992
IBD	s__GGB3002_SGB3993
IBD	s__GGB3004_SGB3995
IBD	s__GGB3005_SGB3996
IBD	s__GGB3032_SGB4027
IBD	s__GGB3033_SGB4028
IBD	s__GGB3033_SGB4029
IBD	s__GGB3034_SGB4030
IBD	s__GGB3052_SGB4053
IBD	s__GGB3057_SGB71294
IBD	s__GGB3058_SGB4060
IBD	s__GGB3061_SGB4063
IBD	s__GGB3109_SGB4119
IBD	s__GGB3109_SGB4121
IBD	s__GGB3118_SGB4130
IBD	s__GGB31234_SGB14869
IBD	s__GGB3123_SGB4135
IBD	s__GGB3124_SGB4136
IBD	s__GGB3130_SGB4143
IBD	s__GGB3132_SGB4145
IBD	s__GGB3138_SGB4151
IBD	s__GGB3142_SGB4155
IBD	s__GGB3152_SGB4165
IBD	s__GGB3167_SGB4181
IBD	s__GGB3169_SGB4183
IBD	s__GGB3175_SGB4191
IBD	s__GGB32024_SGB48242
IBD	s__GGB32387_SGB47381
IBD	s__GGB3256_SGB4303
IBD	s__GGB3257_SGB4304
IBD	s__GGB3267_SGB4317
IBD	s__GGB3277_SGB4327
IBD	s__GGB3278_SGB4328
IBD	s__GGB3280_SGB4333
IBD	s__GGB3281_SGB4335
IBD	s__GGB3287_SGB4341
IBD	s__GGB3288_SGB4342
IBD	s__GGB32900_SGB53446
IBD	s__GGB3304_SGB4365
IBD	s__GGB3304_SGB4367
IBD	s__GGB3306_SGB4373
IBD	s__GGB3321_SGB4394
IBD	s__GGB3321_SGB4395
IBD	s__GGB3328_SGB4406
IBD	s__GGB33406_SGB48103
IBD	s__GGB3340_SGB4419
IBD	s__GGB3344_SGB4424
IBD	s__GGB3345_SGB4425
IBD	s__GGB33469_SGB15236
IBD	s__GGB33469_SGB15237
IBD	s__GGB33512_SGB15201
IBD	s__GGB33512_SGB15202
IBD	s__GGB33512_SGB15203
IBD	s__GGB3351_SGB4434
IBD	s__GGB3352_SGB4436
IBD	s__GGB3352_SGB62935
IBD	s__GGB33539_SGB53381
IBD	s__GGB33544_SGB53490
IBD	s__GGB33586_SGB53517
IBD	s__GGB3363_SGB4447
IBD	s__GGB3363_SGB4448
IBD	s__GGB33665_SGB47358
IBD	s__GGB33896_SGB14872
IBD	s__GGB34228_SGB53814
IBD	s__GGB34228_SGB72916
IBD	s__GGB34231_SGB47113
IBD	s__GGB3433_SGB4573
IBD	s__GGB3433_SGB4574
IBD	s__GGB3441_SGB4591
IBD	s__GGB3444_SGB4594
IBD	s__GGB3446_SGB4597
IBD	s__GGB3449_SGB4601
IBD	s__GGB3451_SGB4604
IBD	s__GGB3451_SGB4605
IBD	s__GGB34540_SGB54300
IBD	s__GGB3474_SGB4637
IBD	s__GGB3475_SGB4638
IBD	s__GGB3478_SGB4643
IBD	s__GGB34797_SGB14322
IBD	s__GGB34797_SGB14323
IBD	s__GGB3480_SGB4648
IBD	s__GGB3486_SGB4658
IBD	s__GGB34900_SGB14891
IBD	s__GGB3490_SGB4664
IBD	s__GGB3491_SGB4665
IBD	s__GGB3493_SGB4668
IBD	s__GGB3496_SGB4671
IBD	s__GGB3497_SGB4672
IBD	s__GGB3504_SGB4680
IBD	s__GGB35068_SGB47850
IBD	s__GGB3510_SGB4687
IBD	s__GGB3511_SGB4688
IBD	s__GGB3534_SGB4722
IBD	s__GGB3537_SGB4727
IBD	s__GGB3538_SGB4728
IBD	s__GGB3548_SGB4744
IBD	s__GGB3550_SGB4746
IBD	s__GGB3550_SGB4747
IBD	s__GGB35551_SGB53794
IBD	s__GGB3569_SGB4776
IBD	s__GGB3576_SGB4784
IBD	s__GGB3583_SGB4799
IBD	s__GGB3585_SGB4803
IBD	s__GGB3588_SGB4808
IBD	s__GGB3593_SGB4817
IBD	s__GGB3600_SGB47662
IBD	s__GGB3600_SGB4859
IBD	s__GGB3600_SGB4860
IBD	s__GGB3600_SGB4861
IBD	s__GGB3602_SGB4865
IBD	s__GGB3602_SGB66069
IBD	s__GGB3606_SGB4870
IBD	s__GGB3609_SGB4877
IBD	s__GGB3612_SGB4882
IBD	s__GGB3616_SGB4888
IBD	s__GGB3616_SGB4890
IBD	s__GGB3619_SGB4894
IBD	s__GGB36267_SGB14177
IBD	s__GGB3626_SGB4905
IBD	s__GGB3627_SGB4906
IBD	s__GGB3632_SGB4921
IBD	s__GGB36331_SGB15121
IBD	s__GGB3637_SGB4930
IBD	s__GGB3649_SGB4958
IBD	s__GGB3653_SGB4964
IBD	s__GGB36599_SGB9269
IBD	s__GGB3662_SGB4973
IBD	s__GGB3677_SGB4990
IBD	s__GGB3678_SGB4991
IBD	s__GGB3678_SGB4992
IBD	s__GGB3680_SGB4994
IBD	s__GGB3680_SGB4995
IBD	s__GGB3722_SGB5050
IBD	s__GGB3724_SGB5054
IBD	s__GGB3730_SGB5060
IBD	s__GGB3733_SGB5066
IBD	s__GGB3737_SGB5071
IBD	s__GGB3738_SGB5072
IBD	s__GGB3740_SGB5076
IBD	s__GGB3740_SGB5077
IBD	s__GGB3816_SGB5181
IBD	s__GGB3817_SGB5182
IBD	s__GGB3818_SGB5183
IBD	s__GGB3819_SGB5184
IBD	s__GGB38239_SGB47716
IBD	s__GGB3828_SGB5197
IBD	s__GGB38744_SGB14842
IBD	s__GGB3883_SGB5265
IBD	s__GGB38987_SGB63305
IBD	s__GGB39037_SGB4393
IBD	s__GGB40351_SGB14301
IBD	s__GGB41458_SGB58520
IBD	s__GGB41473_SGB58537
IBD	s__GGB42378_SGB59548
IBD	s__GGB4237_SGB5728
IBD	s__GGB42389_SGB59559
IBD	s__GGB4239_SGB5731
IBD	s__GGB4250_SGB5751
IBD	s__GGB42639_SGB59836
IBD	s__GGB4266_SGB5805
IBD	s__GGB4266_SGB5809
IBD	s__GGB42689_SGB59892
IBD	s__GGB4277_SGB5832
IBD	s__GGB43675_SGB61016
IBD	s__GGB4456_SGB6141
IBD	s__GGB4487_SGB6184
IBD	s__GGB45432_SGB63101
IBD	s__GGB45491_SGB63163
IBD	s__GGB45495_SGB63167
IBD	s__GGB45497_SGB63169
IBD	s__GGB45503_SGB63175
IBD	s__GGB4552_SGB6276
IBD	s__GGB45540_SGB63220
IBD	s__GGB4554_SGB6285
IBD	s__GGB45596_SGB63306
IBD	s__GGB45599_SGB63311
IBD	s__GGB45613_SGB63326
IBD	s__GGB45620_SGB63333
IBD	s__GGB4562_SGB6298
IBD	s__GGB4564_SGB6302
IBD	s__GGB45656_SGB63370
IBD	s__GGB45656_SGB72339
IBD	s__GGB4566_SGB6305
IBD	s__GGB4567_SGB6308
IBD	s__GGB4571_SGB6317
IBD	s__GGB4571_SGB6320
IBD	s__GGB4571_SGB6321
IBD	s__GGB4578_SGB6328
IBD	s__GGB4583_SGB6334
IBD	s__GGB4584_SGB6338
IBD	s__GGB4585_SGB6340
IBD	s__GGB4586_SGB6343
IBD	s__GGB4586_SGB6344
IBD	s__GGB4588_SGB6347
IBD	s__GGB4591_SGB6350
IBD	s__GGB4593_SGB6353
IBD	s__GGB4596_SGB6358
IBD	s__GGB4597_SGB6359
IBD	s__GGB4598_SGB6360
IBD	s__GGB4599_SGB6362
IBD	s__GGB4603_SGB6367
IBD	s__GGB4604_SGB6369
IBD	s__GGB4604_SGB6370
IBD	s__GGB4604_SGB6371
IBD	s__GGB4605_SGB6376
IBD	s__GGB4605_SGB6378
IBD	s__GGB4617_SGB6392
IBD	s__GGB4626_SGB6403
IBD	s__GGB4632_SGB6411
IBD	s__GGB4651_SGB6438
IBD	s__GGB4659_SGB6447
IBD	s__GGB4682_SGB6472
IBD	s__GGB4683_SGB6473
IBD	s__GGB4684_SGB6478
IBD	s__GGB4698_SGB6498
IBD	s__GGB4699_SGB6502
IBD	s__GGB4711_SGB6524
IBD	s__GGB47150_SGB65079
IBD	s__GGB4723_SGB6540
IBD	s__GGB4723_SGB6541
IBD	s__GGB4724_SGB6543
IBD	s__GGB4729_SGB6550
IBD	s__GGB4745_SGB6570
IBD	s__GGB4745_SGB6571
IBD	s__GGB4750_SGB6579
IBD	s__GGB47687_SGB2286
IBD	s__GGB4768_SGB6601
IBD	s__GGB4769_SGB6602
IBD	s__GGB4774_SGB6609
IBD	s__GGB4802_SGB6641
IBD	s__GGB48165_SGB66168
IBD	s__GGB49418_SGB69331
IBD	s__GGB4964_SGB6927
IBD	s__GGB51139_SGB71360
IBD	s__GGB51269_SGB5062
IBD	s__GGB51441_SGB71759
IBD	s__GGB51647_SGB4348
IBD	s__GGB51884_SGB49168
IBD	s__GGB51959_SGB72479
IBD	s__GGB51960_SGB72480
IBD	s__GGB52106_SGB72838
IBD	s__GGB52130_SGB14966
IBD	s__GGB52384_SGB61014
IBD	s__GGB52930_SGB73859
IBD	s__GGB55957_SGB77276
IBD	s__GGB58067_SGB79698
IBD	s__GGB58071_SGB79702
IBD	s__GGB58158_SGB79798
IBD	s__GGB58233_SGB79883
IBD	s__GGB58485_SGB80143
IBD	s__GGB5973_SGB8589
IBD	s__GGB5980_SGB8599
IBD	s__GGB6001_SGB8624
IBD	s__GGB6002_SGB8625
IBD	s__GGB6006_SGB8630
IBD	s__GGB6007_SGB8633
IBD	s__GGB6007_SGB8634
IBD	s__GGB6012_SGB8640
IBD	s__GGB6123_SGB8767
IBD	s__GGB6132_SGB8779
IBD	s__GGB6470_SGB9153
IBD	s__GGB6518_SGB9205
IBD	s__GGB6519_SGB9208
IBD	s__GGB6544_SGB9242
IBD	s__GGB6554_SGB9256
IBD	s__GGB6565_SGB9274
IBD	s__GGB6567_SGB9277
IBD	s__GGB6574_SGB9290
IBD	s__GGB6601_SGB9333
IBD	s__GGB6606_SGB9340
IBD	s__GGB6608_SGB9342
IBD	s__GGB6609_SGB9343
IBD	s__GGB6610_SGB9344
IBD	s__GGB6611_SGB9345
IBD	s__GGB6612_SGB9346
IBD	s__GGB6613_SGB9347
IBD	s__GGB6649_SGB9391
IBD	s__GGB70869_SGB2145
IBD	s__GGB71580_SGB98325
IBD	s__GGB74220_SGB4052
IBD	s__GGB74463_SGB54347
IBD	s__GGB74505_SGB47518
IBD	s__GGB74511_SGB47635
IBD	s__GGB74700_SGB54319
IBD	s__GGB74701_SGB54318
IBD	s__GGB74708_SGB54312
IBD	s__GGB74802_SGB47402
IBD	s__GGB77016_SGB104875
IBD	s__GGB781_SGB1024
IBD	s__GGB79087_SGB105683
IBD	s__GGB79097_SGB105802
IBD	s__GGB79118_SGB105839
IBD	s__GGB79342_SGB106059
IBD	s__GGB79394_SGB105952
IBD	s__GGB79395_SGB105947
IBD	s__GGB79417_SGB106068
IBD	s__GGB81342_SGB47944
IBD	s__GGB87445_SGB15180
IBD	s__GGB87445_SGB53522
IBD	s__GGB9052_SGB13957
IBD	s__GGB9059_SGB13976
IBD	s__GGB9060_SGB13977
IBD	s__GGB9061_SGB13979
IBD	s__GGB9062_SGB13981
IBD	s__GGB9063_SGB13982
IBD	s__GGB9064_SGB13983
IBD	s__GGB9065_SGB13984
IBD	s__GGB9082_SGB14007
IBD	s__GGB9083_SGB14011
IBD	s__GGB9085_SGB14013
IBD	s__GGB9086_SGB14014
IBD	s__GGB9088_SGB14016
IBD	s__GGB9089_SGB14018
IBD	s__GGB9090_SGB14019
IBD	s__GGB9091_SGB106149
IBD	s__GGB9091_SGB14020
IBD	s__GGB9092_SGB14022
IBD	s__GGB9095_SGB14026
IBD	s__GGB9104_SGB14036
IBD	s__GGB9104_SGB14037
IBD	s__GGB9109_SGB14042
IBD	s__GGB9110_SGB14043
IBD	s__GGB9115_SGB14048
IBD	s__GGB9117_SGB14050
IBD	s__GGB9176_SGB14114
IBD	s__GGB9184_SGB14123
IBD	s__GGB9185_SGB14124
IBD	s__GGB9186_SGB14125
IBD	s__GGB9189_SGB14128
IBD	s__GGB9198_SGB14137
IBD	s__GGB9209_SGB14148
IBD	s__GGB9210_SGB14149
IBD	s__GGB9211_SGB14151
IBD	s__GGB9225_SGB14166
IBD	s__GGB9237_SGB14179
IBD	s__GGB9238_SGB14180
IBD	s__GGB9239_SGB14181
IBD	s__GGB9240_SGB14182
IBD	s__GGB9249_SGB14193
IBD	s__GGB9253_SGB14198
IBD	s__GGB9253_SGB14199
IBD	s__GGB9258_SGB14205
IBD	s__GGB9261_SGB14209
IBD	s__GGB9266_SGB14215
IBD	s__GGB9267_SGB14218
IBD	s__GGB9271_SGB14222
IBD	s__GGB9271_SGB14223
IBD	s__GGB9282_SGB14235
IBD	s__GGB9288_SGB14243
IBD	s__GGB9289_SGB14244
IBD	s__GGB9290_SGB14247
IBD	s__GGB9291_SGB14248
IBD	s__GGB9293_SGB14250
IBD	s__GGB9296_SGB14253
IBD	s__GGB9297_SGB14255
IBD	s__GGB9299_SGB14259
IBD	s__GGB9301_SGB14262
IBD	s__GGB9302_SGB14263
IBD	s__GGB9309_SGB14270
IBD	s__GGB9342_SGB14306
IBD	s__GGB9343_SGB14307
IBD	s__GGB9345_SGB14311
IBD	s__GGB9347_SGB14313
IBD	s__GGB9348_SGB14315
IBD	s__GGB9350_SGB14317
IBD	s__GGB9359_SGB14334
IBD	s__GGB9361_SGB14336
IBD	s__GGB9364_SGB14339
IBD	s__GGB9365_SGB14341
IBD	s__GGB9365_SGB14342
IBD	s__GGB9370_SGB14351
IBD	s__GGB9412_SGB14770
IBD	s__GGB9424_SGB14794
IBD	s__GGB9444_SGB14834
IBD	s__GGB9450_SGB14840
IBD	s__GGB9452_SGB14843
IBD	s__GGB9453_SGB14844
IBD	s__GGB9453_SGB14845
IBD	s__GGB9454_SGB14846
IBD	s__GGB9457_SGB14849
IBD	s__GGB9464_SGB14857
IBD	s__GGB9469_SGB14862
IBD	s__GGB9469_SGB14863
IBD	s__GGB9474_SGB14868
IBD	s__GGB9476_SGB14870
IBD	s__GGB9480_SGB14873
IBD	s__GGB9480_SGB14874
IBD	s__GGB9480_SGB14875
IBD	s__GGB9491_SGB14888
IBD	s__GGB9495_SGB14892
IBD	s__GGB9499_SGB72735
IBD	s__GGB9501_SGB14898
IBD	s__GGB9502_SGB14899
IBD	s__GGB9509_SGB14906
IBD	s__GGB9512_SGB14909
IBD	s__GGB9513_SGB14911
IBD	s__GGB9522_SGB14921
IBD	s__GGB9523_SGB14922
IBD	s__GGB9524_SGB14923
IBD	s__GGB9524_SGB14924
IBD	s__GGB9525_SGB14925
IBD	s__GGB9529_SGB14929
IBD	s__GGB9529_SGB53518
IBD	s__GGB9530_SGB14930
IBD	s__GGB9531_SGB14932
IBD	s__GGB9532_SGB14933
IBD	s__GGB9533_SGB14936
IBD	s__GGB9534_SGB14937
IBD	s__GGB9536_SGB14939
IBD	s__GGB9537_SGB14940
IBD	s__GGB9545_SGB14951
IBD	s__GGB9545_SGB14952
IBD	s__GGB9547_SGB14953
IBD	s__GGB9547_SGB14954
IBD	s__GGB9551_SGB14958
IBD	s__GGB9559_SGB14968
IBD	s__GGB9559_SGB14969
IBD	s__GGB9559_SGB69175
IBD	s__GGB9561_SGB14972
IBD	s__GGB9563_SGB14975
IBD	s__GGB9574_SGB14987
IBD	s__GGB9575_SGB14988
IBD	s__GGB9580_SGB14996
IBD	s__GGB9580_SGB14998
IBD	s__GGB9583_SGB15004
IBD	s__GGB9590_SGB15012
IBD	s__GGB9593_SGB15015
IBD	s__GGB9595_SGB15018
IBD	s__GGB9597_SGB15022
IBD	s__GGB9602_SGB15028
IBD	s__GGB9602_SGB15031
IBD	s__GGB9603_SGB15035
IBD	s__GGB9604_SGB15036
IBD	s__GGB9608_SGB15041
IBD	s__GGB9611_SGB15045
IBD	s__GGB9613_SGB15048
IBD	s__GGB9614_SGB15049
IBD	s__GGB9616_SGB15051
IBD	s__GGB9616_SGB15052
IBD	s__GGB9618_SGB15064
IBD	s__GGB9618_SGB15065
IBD	s__GGB9619_SGB15066
IBD	s__GGB9619_SGB15067
IBD	s__GGB9620_SGB15068
IBD	s__GGB9620_SGB15070
IBD	s__GGB9621_SGB15072
IBD	s__GGB9621_SGB15073
IBD	s__GGB9623_SGB15075
IBD	s__GGB9627_SGB15081
IBD	s__GGB9634_SGB15093
IBD	s__GGB9634_SGB15097
IBD	s__GGB9635_SGB15103
IBD	s__GGB9635_SGB15106
IBD	s__GGB9636_SGB15107
IBD	s__GGB9637_SGB15111
IBD	s__GGB9640_SGB15115
IBD	s__GGB9641_SGB15117
IBD	s__GGB9642_SGB15119
IBD	s__GGB9646_SGB15123
IBD	s__GGB9667_SGB15164
IBD	s__GGB9690_SGB15196
IBD	s__GGB9691_SGB15198
IBD	s__GGB9694_SGB15204
IBD	s__GGB9694_SGB15207
IBD	s__GGB9695_SGB15209
IBD	s__GGB9695_SGB15210
IBD	s__GGB9695_SGB15211
IBD	s__GGB9697_SGB15213
IBD	s__GGB9699_SGB15216
IBD	s__GGB9707_SGB15229
IBD	s__GGB9708_SGB15233
IBD	s__GGB9708_SGB15234
IBD	s__GGB9711_SGB15240
IBD	s__GGB9712_SGB15244
IBD	s__GGB9715_SGB15260
IBD	s__GGB9715_SGB15265
IBD	s__GGB9715_SGB15266
IBD	s__GGB9715_SGB15267
IBD	s__GGB9719_SGB15272
IBD	s__GGB9719_SGB15273
IBD	s__GGB9719_SGB53514
IBD	s__GGB9724_SGB15278
IBD	s__GGB9730_SGB15290
IBD	s__GGB9730_SGB15291
IBD	s__GGB9734_SGB15304
IBD	s__GGB9737_SGB15309
IBD	s__GGB9739_SGB15313
IBD	s__GGB9743_SGB15349
IBD	s__GGB9747_SGB15356
IBD	s__GGB9758_SGB15368
IBD	s__GGB9759_SGB15370
IBD	s__GGB9760_SGB15373
IBD	s__GGB9760_SGB15374
IBD	s__GGB9765_SGB15382
IBD	s__GGB9766_SGB15383
IBD	s__GGB9767_SGB15385
IBD	s__GGB9770_SGB15389
IBD	s__GGB9770_SGB15390
IBD	s__GGB9770_SGB73065
IBD	s__GGB9774_SGB15394
IBD	s__GGB9775_SGB15395
IBD	s__GGB9781_SGB15402
IBD	s__GGB9781_SGB66170
IBD	s__GGB9782_SGB15403
IBD	s__GGB9784_SGB15407
IBD	s__GGB9787_SGB15410
IBD	s__GGB9788_SGB15411
IBD	s__GGB9790_SGB15413
IBD	s__GGB9813_SGB15447
IBD	s__GGB9817_SGB57321
IBD	s__GGB9818_SGB15459
IBD	s__GGB9819_SGB15460
IBD	s__GGB9832_SGB15478
IBD	s__Gardnerella_vaginalis
IBD	s__Gehongia_tenuis
IBD	s__Gemella_haemolysans
IBD	s__Gemella_morbillorum
IBD	s__Gemella_sanguinis
IBD	s__Gemmiger_SGB15295
IBD	s__Gemmiger_SGB72777
IBD	s__Gemmiger_formicilis
IBD	s__Gemmiger_sp_An50
IBD	s__Gemmiger_sp_An87
IBD	s__Gordonibacter_pamelaeae
IBD	s__Gordonibacter_urolithinfaciens
IBD	s__Granulicatella_SGB8255
IBD	s__Granulicatella_adiacens
IBD	s__Guopingia_tenuis
IBD	s__Haemophilus_haemolyticus
IBD	s__Haemophilus_parainfluenzae
IBD	s__Haemophilus_pittmaniae
IBD	s__Haemophilus_sputorum
IBD	s__Hafnia_paralvei
IBD	s__Holdemanella_biformis
IBD	s__Holdemanella_porci
IBD	s__Holdemania_filiformis
IBD	s__Holdemania_massiliensis
IBD	s__Holdemania_sp_1001095H_141210_F2
IBD	s__Hungatella_hathewayi
IBD	s__Hydrogeniiclostridium_mannosilyticum
IBD	s__Hydrogenoanaerobacterium_SGB53821
IBD	s__Hydrogenoanaerobacterium_saccharovorans
IBD	s__Intestinibacillus_sp_Marseille_P6563
IBD	s__Intestinibacter_bartlettii
IBD	s__Intestinimonas_SGB15130
IBD	s__Intestinimonas_butyriciproducens
IBD	s__Intestinimonas_gabonensis
IBD	s__Intestinimonas_massiliensis
IBD	s__Intestinimonas_sp_MSJ_38
IBD	s__Intestinimonas_timonensis
IBD	s__Jilunia_laotingensis
IBD	s__Jingyaoa_shaoxingensis
IBD	s__Jutongia_hominis
IBD	s__Jutongia_huaianensis
IBD	s__Kineothrix_SGB4886
IBD	s__Klebsiella_aerogenes
IBD	s__Klebsiella_grimontii
IBD	s__Klebsiella_michiganensis
IBD	s__Klebsiella_oxytoca
IBD	s__Klebsiella_pneumoniae
IBD	s__Klebsiella_quasipneumoniae
IBD	s__Klebsiella_variicola
IBD	s__Kluyvera_ascorbata
IBD	s__Lachnoclostridium_SGB4602
IBD	s__Lachnoclostridium_edouardi
IBD	s__Lachnoclostridium_pacaense
IBD	s__Lachnoclostridium_phocaeense
IBD	s__Lachnoclostridium_sp_An118
IBD	s__Lachnoclostridium_sp_An131
IBD	s__Lachnoclostridium_sp_An138
IBD	s__Lachnoclostridium_sp_An14
IBD	s__Lachnoclostridium_sp_An181
IBD	s__Lachnospira_SGB5083
IBD	s__Lachnospira_eligens
IBD	s__Lachnospira_pectinoschiza
IBD	s__Lachnospira_sp_NSJ_43
IBD	s__Lachnospiraceae_bacterium
IBD	s__Lachnospiraceae_bacterium_2_1_46FAA
IBD	s__Lachnospiraceae_bacterium_AM48_27BH
IBD	s__Lachnospiraceae_bacterium_CLA_AA_H215
IBD	s__Lachnospiraceae_bacterium_CLA_AA_H244
IBD	s__Lachnospiraceae_bacterium_EP_SM_12S_S03
IBD	s__Lachnospiraceae_bacterium_NSJ_143
IBD	s__Lachnospiraceae_bacterium_OF09_6
IBD	s__Lachnospiraceae_bacterium_OM04_12BH
IBD	s__Lachnospiraceae_bacterium_oral_taxon_096
IBD	s__Lachnospiraceae_unclassified_SGB47637
IBD	s__Lachnospiraceae_unclassified_SGB4892
IBD	s__Lachnotalea_sp_AF33_28
IBD	s__Lacrimispora_amygdalina
IBD	s__Lacrimispora_sp_210928_DFI_3_58
IBD	s__Lacticaseibacillus_paracasei
IBD	s__Lacticaseibacillus_rhamnosus
IBD	s__Lactiplantibacillus_plantarum
IBD	s__Lactobacillus_acidophilus
IBD	s__Lactobacillus_amylovorus
IBD	s__Lactobacillus_apis
IBD	s__Lactobacillus_crispatus
IBD	s__Lactobacillus_delbrueckii
IBD	s__Lactobacillus_gasseri
IBD	s__Lactobacillus_helveticus
IBD	s__Lactobacillus_johnsonii
IBD	s__Lactococcus_cremoris
IBD	s__Lactococcus_lactis
IBD	s__Lactococcus_petauri
IBD	s__Lactonifactor_longoviformis
IBD	s__Lancefieldella_parvula
IBD	s__Lancefieldella_rimae
IBD	s__Latilactobacillus_curvatus
IBD	s__Latilactobacillus_sakei
IBD	s__Lawsonibacter_SGB15145
IBD	s__Lawsonibacter_asaccharolyticus
IBD	s__Lawsonibacter_faecis
IBD	s__Lawsonibacter_hominis
IBD	s__Lentihominibacter_SGB71368
IBD	s__Lentihominibacter_faecis
IBD	s__Lentihominibacter_hominis
IBD	s__Leuconostoc_carnosum
IBD	s__Leuconostoc_citreum
IBD	s__Leuconostoc_gelidum
IBD	s__Leuconostoc_lactis
IBD	s__Leuconostoc_mesenteroides
IBD	s__Ligaoa_zhengdingensis
IBD	s__Ligilactobacillus_animalis
IBD	s__Ligilactobacillus_ruminis
IBD	s__Ligilactobacillus_salivarius
IBD	s__Limosilactobacillus_fermentum
IBD	s__Limosilactobacillus_mucosae
IBD	s__Limosilactobacillus_oris
IBD	s__Limosilactobacillus_portuensis
IBD	s__Limosilactobacillus_reuteri
IBD	s__Limosilactobacillus_vaginalis
IBD	s__Longibaculum_muris
IBD	s__Longicatena_caecimuris
IBD	s__Luoshenia_tenuis
IBD	s__Luxibacter_massiliensis
IBD	s__Marvinbryantia_SGB4691
IBD	s__Marvinbryantia_formatexigens
IBD	s__Massilicoli_timonensis
IBD	s__Massiliimalia_massiliensis
IBD	s__Massiliimalia_timonensis
IBD	s__Massilimicrobiota_timonensis
IBD	s__Massilioclostridium_coli
IBD	s__Massilistercora_timonensis
IBD	s__Mediterraneibacter_SGB4586
IBD	s__Mediterraneibacter_SGB4598
IBD	s__Mediterraneibacter_SGB4607
IBD	s__Mediterraneibacter_SGB48424
IBD	s__Mediterraneibacter_butyricigenes
IBD	s__Mediterraneibacter_faecis
IBD	s__Mediterraneibacter_glycyrrhizinilyticus
IBD	s__Mediterraneibacter_massiliensis
IBD	s__Mediterraneibacter_sp_NSJ_151
IBD	s__Megamonas_funiformis
IBD	s__Megasphaera_elsdenii
IBD	s__Megasphaera_hominis
IBD	s__Megasphaera_massiliensis
IBD	s__Megasphaera_micronuciformis
IBD	s__Megasphaera_sp_AM44_1BH
IBD	s__Megasphaera_sp_NM10
IBD	s__Merdibacter_massiliensis
IBD	s__Merdimonas_faecis
IBD	s__Mesosutterella_multiformis
IBD	s__Methanobrevibacter_smithii
IBD	s__Methanomassiliicoccaceae_archaeon_DOK
IBD	s__Methanomassiliicoccus_SGB58821
IBD	s__Methanosphaera_stadtmanae
IBD	s__Methylobacterium_fujisawaense
IBD	s__Methylobacterium_sp_Leaf111
IBD	s__Mitsuokella_jalaludinii
IBD	s__Mitsuokella_multacida
IBD	s__Mogibacterium_diversum
IBD	s__Mogibacterium_kristiansenii
IBD	s__Monoglobus_pectinilyticus
IBD	s__Morganella_morganii
IBD	s__Murimonas_intestini
IBD	s__Negativibacillus_massiliensis
IBD	s__Neglectibacter_timonensis
IBD	s__Neisseria_subflava
IBD	s__Neobittarella_massiliensis
IBD	s__Odoribacter_laneus
IBD	s__Odoribacter_splanchnicus
IBD	s__Oliverpabstia_intestinalis
IBD	s__Olsenella_SGB74421
IBD	s__Oribacterium_parvum
IBD	s__Oribacterium_sinus
IBD	s__Oscillibacter_sp_ER4
IBD	s__Oscillibacter_sp_MSJ_31
IBD	s__Oscillibacter_sp_PC13
IBD	s__Oscillibacter_valericigenes
IBD	s__Oscillospiraceae_bacterium
IBD	s__Oscillospiraceae_bacterium_CLA_AA_H250
IBD	s__Oscillospiraceae_bacterium_Marseille_Q3528
IBD	s__Oscillospiraceae_unclassified_SGB15252
IBD	s__Oscillospiraceae_unclassified_SGB15256
IBD	s__Oxalobacter_SGB9385
IBD	s__Oxalobacter_formigenes
IBD	s__Parabacteroides_SGB1944
IBD	s__Parabacteroides_acidifaciens
IBD	s__Parabacteroides_bouchesdurhonensis
IBD	s__Parabacteroides_distasonis
IBD	s__Parabacteroides_faecis
IBD	s__Parabacteroides_goldsteinii
IBD	s__Parabacteroides_gordonii
IBD	s__Parabacteroides_johnsonii
IBD	s__Parabacteroides_massiliensis
IBD	s__Parabacteroides_merdae
IBD	s__Parabacteroides_sp_AGMB00274
IBD	s__Parabacteroides_sp_N37
IBD	s__Parabacteroides_sp_TM07_1AC
IBD	s__Paraeggerthella_hongkongensis
IBD	s__Parafannyhessea_umbonata
IBD	s__Paraprevotella_clara
IBD	s__Paraprevotella_xylaniphila
IBD	s__Parasutterella_SGB9260
IBD	s__Parasutterella_excrementihominis
IBD	s__Paratractidigestivibacter_faecalis
IBD	s__Parvimonas_micra
IBD	s__Parvimonas_parva
IBD	s__Pediococcus_acidilactici
IBD	s__Peptococcus_niger
IBD	s__Peptoniphilus_harei
IBD	s__Peptoniphilus_lacrimalis
IBD	s__Peptoniphilus_senegalensis
IBD	s__Peptostreptococcus_SGB749
IBD	s__Peptostreptococcus_anaerobius
IBD	s__Peptostreptococcus_russellii
IBD	s__Peptostreptococcus_stomatis
IBD	s__Phascolarctobacterium_SGB5790
IBD	s__Phascolarctobacterium_faecium
IBD	s__Phascolarctobacterium_sp_ET69
IBD	s__Phascolarctobacterium_succinatutens
IBD	s__Phocaeicola_coprocola
IBD	s__Phocaeicola_coprophilus
IBD	s__Phocaeicola_dorei
IBD	s__Phocaeicola_faecalis
IBD	s__Phocaeicola_massiliensis
IBD	s__Phocaeicola_plebeius
IBD	s__Phocaeicola_sartorii
IBD	s__Phocaeicola_vulgatus
IBD	s__Phocea_massiliensis
IBD	s__Porphyromonas_SGB1977
IBD	s__Porphyromonas_SGB1980
IBD	s__Porphyromonas_SGB1983
IBD	s__Porphyromonas_asaccharolytica
IBD	s__Porphyromonas_bennonis
IBD	s__Porphyromonas_somerae
IBD	s__Porphyromonas_sp_HMSC065F10
IBD	s__Porphyromonas_uenonis
IBD	s__Prevotella_bergensis
IBD	s__Prevotella_bivia
IBD	s__Prevotella_buccae
IBD	s__Prevotella_buccalis
IBD	s__Prevotella_corporis
IBD	s__Prevotella_dentalis
IBD	s__Prevotella_disiens
IBD	s__Prevotella_lascolaii
IBD	s__Prevotella_marseillensis
IBD	s__Prevotella_pectinovora
IBD	s__Prevotella_sp_885
IBD	s__Prevotella_stercorea
IBD	s__Prevotella_timonensis
IBD	s__Propionibacterium_freudenreichii
IBD	s__Proteus_mirabilis
IBD	s__Proteus_penneri
IBD	s__Proteus_vulgaris
IBD	s__Provencibacterium_massiliense
IBD	s__Pseudoflavonifractor_capillosus
IBD	s__Pseudoflavonifractor_gallinarum
IBD	s__Pseudoflavonifractor_phocaeensis
IBD	s__Pseudoflavonifractor_sp_AF19_9AC
IBD	s__Pseudomonas_aeruginosa
IBD	s__Pseudomonas_guguanensis
IBD	s__Pseudoruminococcus_massiliensis
IBD	s__Pyramidobacter_piscolens
IBD	s__Qiania_dongpingensis
IBD	s__Qingrenia_yutianensis
IBD	s__Raoultella_ornithinolytica
IBD	s__Raoultibacter_massiliensis
IBD	s__Raoultibacter_timonensis
IBD	s__Rikenellaceae_bacterium
IBD	s__Robinsoniella_peoriensis
IBD	s__Romboutsia_timonensis
IBD	s__Roseburia_SGB4939
IBD	s__Roseburia_SGB4949
IBD	s__Roseburia_faecis
IBD	s__Roseburia_hominis
IBD	s__Roseburia_intestinalis
IBD	s__Roseburia_inulinivorans
IBD	s__Roseburia_lenta
IBD	s__Roseburia_sp_AF02_12
IBD	s__Roseburia_sp_AM23_20
IBD	s__Roseburia_sp_AM59_24XD
IBD	s__Roseburia_sp_BX1005
IBD	s__Rothia_SGB49305
IBD	s__Rothia_mucilaginosa
IBD	s__Rubneribacter_badeniensis
IBD	s__Ruminococcus_SGB4421
IBD	s__Ruminococcus_bicirculans
IBD	s__Ruminococcus_bovis
IBD	s__Ruminococcus_bromii
IBD	s__Ruminococcus_callidus
IBD	s__Ruminococcus_champanellensis
IBD	s__Ruminococcus_gauvreauii
IBD	s__Ruminococcus_gnavus
IBD	s__Ruminococcus_lactaris
IBD	s__Ruminococcus_sp_AF13_28
IBD	s__Ruminococcus_sp_AF41_9
IBD	s__Ruminococcus_torques
IBD	s__Ruthenibacterium_lactatiformans
IBD	s__Saccharomyces_cerevisiae
IBD	s__Sanguibacteroides_justesenii
IBD	s__Scardovia_wiggsiae
IBD	s__Schaalia_SGB17153
IBD	s__Schaalia_SGB17154
IBD	s__Schaalia_SGB17157
IBD	s__Schaalia_SGB17158
IBD	s__Schaalia_SGB17168
IBD	s__Schaalia_meyeri
IBD	s__Schaalia_odontolytica
IBD	s__Schaalia_turicensis
IBD	s__Segatella_brunsvicensis
IBD	s__Segatella_copri
IBD	s__Segatella_hominis
IBD	s__Segatella_sinensis
IBD	s__Segatella_sinica
IBD	s__Sellimonas_intestinalis
IBD	s__Senegalimassilia_SGB14826
IBD	s__Senegalimassilia_anaerobia
IBD	s__Sgatella_sinensis
IBD	s__Simiaoa_sunii
IBD	s__Slackia_SGB14778
IBD	s__Slackia_exigua
IBD	s__Slackia_isoflavoniconvertens
IBD	s__Slackia_piriformis
IBD	s__Solobacterium_SGB6828
IBD	s__Solobacterium_SGB6829
IBD	s__Solobacterium_SGB6833
IBD	s__Solobacterium_SGB6834
IBD	s__Solobacterium_moorei
IBD	s__Staphylococcus_aureus
IBD	s__Staphylococcus_epidermidis
IBD	s__Streptococcus_agalactiae
IBD	s__Streptococcus_anginosus
IBD	s__Streptococcus_australis
IBD	s__Streptococcus_constellatus
IBD	s__Streptococcus_cristatus
IBD	s__Streptococcus_gallolyticus
IBD	s__Streptococcus_gordonii
IBD	s__Streptococcus_infantarius
IBD	s__Streptococcus_infantis
IBD	s__Streptococcus_intermedius
IBD	s__Streptococcus_lutetiensis
IBD	s__Streptococcus_mitis
IBD	s__Streptococcus_mutans
IBD	s__Streptococcus_oralis
IBD	s__Streptococcus_parasanguinis
IBD	s__Streptococcus_rubneri
IBD	s__Streptococcus_salivarius
IBD	s__Streptococcus_sanguinis
IBD	s__Streptococcus_sp_F0442
IBD	s__Streptococcus_thermophilus
IBD	s__Streptococcus_vestibularis
IBD	s__Sutterella_SGB9281
IBD	s__Sutterella_SGB9298
IBD	s__Sutterella_faecalis
IBD	s__Sutterella_parvirubra
IBD	s__Sutterella_seckii
IBD	s__Sutterella_sp_AM11_39
IBD	s__Sutterella_wadsworthensis
IBD	s__TM7_phylum_sp_oral_taxon_348
IBD	s__TM7_phylum_sp_oral_taxon_352
IBD	s__Terrisporobacter_mayombei
IBD	s__Tractidigestivibacter_sp_KD21
IBD	s__Traorella_massiliensis
IBD	s__Turicibacter_bilis
IBD	s__Turicibacter_sanguinis
IBD	s__Turicimonas_muris
IBD	s__Tyzzerella_SGB4587
IBD	s__Tyzzerella_nexilis
IBD	s__Varibaculum_cambriense
IBD	s__Veillonella_atypica
IBD	s__Veillonella_dispar
IBD	s__Veillonella_parvula
IBD	s__Veillonella_ratti
IBD	s__Veillonella_rogosae
IBD	s__Veillonella_seminalis
IBD	s__Veillonella_tobetsuensis
IBD	s__Veillonellaceae_bacterium
IBD	s__Vescimonas_SGB15087
IBD	s__Vescimonas_coprocola
IBD	s__Vescimonas_fastidiosa
IBD	s__Victivallis_lenta
IBD	s__Victivallis_vadensis
IBD	s__Wansuia_hejianensis
IBD	s__Weissella_confusa
IBD	s__Wujia_chipingensis
IBD	s__Yanshouia_hominis
IBD	s__Yeguia_hominis
IBD	s__Youxingia_wuxianensis
IBD	s__Zhenhengia_yiwuensis
IBD	s__Zhenpiania_hominis
IBD	s__bacterium_210820_DFI_6_37
IBD	s__bacterium_210917_DFI_7_65
IBD	s__bacterium_210917_SL_2_15
IBD	s__bacterium_OL_1
IBS_Mars_2020	s__Acidaminococcus_intestini
IBS_Mars_2020	s__Adlercreutzia_equolifaciens
IBS_Mars_2020	s__Agathobaculum_butyriciproducens
IBS_Mars_2020	s__Akkermansia_muciniphila
IBS_Mars_2020	s__Akkermansia_sp_KLE1798
IBS_Mars_2020	s__Alistipes_SGB2313
IBS_Mars_2020	s__Alistipes_communis
IBS_Mars_2020	s__Alistipes_finegoldii
IBS_Mars_2020	s__Alistipes_ihumii
IBS_Mars_2020	s__Alistipes_indistinctus
IBS_Mars_2020	s__Alistipes_onderdonkii
IBS_Mars_2020	s__Alistipes_putredinis
IBS_Mars_2020	s__Alistipes_senegalensis
IBS_Mars_2020	s__Alistipes_shahii
IBS_Mars_2020	s__Alistipes_sp_AF17_16
IBS_Mars_2020	s__Allisonella_histaminiformans
IBS_Mars_2020	s__Amedibacillus_dolichus
IBS_Mars_2020	s__Anaerobutyricum_hallii
IBS_Mars_2020	s__Anaerobutyricum_soehngenii
IBS_Mars_2020	s__Anaeromassilibacillus_senegalensis
IBS_Mars_2020	s__Anaerostipes_caccae
IBS_Mars_2020	s__Anaerostipes_hadrus
IBS_Mars_2020	s__Anaerotignum_faecicola
IBS_Mars_2020	s__Anaerotignum_lactatifermentans
IBS_Mars_2020	s__Anaerotruncus_massiliensis
IBS_Mars_2020	s__Bacteroidales_bacterium
IBS_Mars_2020	s__Bacteroides_caccae
IBS_Mars_2020	s__Bacteroides_cellulosilyticus
IBS_Mars_2020	s__Bacteroides_clarus
IBS_Mars_2020	s__Bacteroides_cutis
IBS_Mars_2020	s__Bacteroides_eggerthii
IBS_Mars_2020	s__Bacteroides_faecis
IBS_Mars_2020	s__Bacteroides_finegoldii
IBS_Mars_2020	s__Bacteroides_fragilis
IBS_Mars_2020	s__Bacteroides_intestinalis
IBS_Mars_2020	s__Bacteroides_nordii
IBS_Mars_2020	s__Bacteroides_ovatus
IBS_Mars_2020	s__Bacteroides_salyersiae
IBS_Mars_2020	s__Bacteroides_stercoris
IBS_Mars_2020	s__Bacteroides_thetaiotaomicron
IBS_Mars_2020	s__Bacteroides_uniformis
IBS_Mars_2020	s__Bacteroides_xylanisolvens
IBS_Mars_2020	s__Barnesiella_intestinihominis
IBS_Mars_2020	s__Bianquea_renquensis
IBS_Mars_2020	s__Bifidobacterium_adolescentis
IBS_Mars_2020	s__Bifidobacterium_animalis
IBS_Mars_2020	s__Bifidobacterium_bifidum
IBS_Mars_2020	s__Bifidobacterium_catenulatum
IBS_Mars_2020	s__Bifidobacterium_longum
IBS_Mars_2020	s__Bifidobacterium_pseudocatenulatum
IBS_Mars_2020	s__Bilophila_wadsworthia
IBS_Mars_2020	s__Blautia_SGB4793
IBS_Mars_2020	s__Blautia_SGB4815
IBS_Mars_2020	s__Blautia_argi
IBS_Mars_2020	s__Blautia_caecimuris
IBS_Mars_2020	s__Blautia_faecicola
IBS_Mars_2020	s__Blautia_faecis
IBS_Mars_2020	s__Blautia_glucerasea
IBS_Mars_2020	s__Blautia_hansenii
IBS_Mars_2020	s__Blautia_hydrogenotrophica
IBS_Mars_2020	s__Blautia_luti
IBS_Mars_2020	s__Blautia_massiliensis
IBS_Mars_2020	s__Blautia_obeum
IBS_Mars_2020	s__Blautia_producta
IBS_Mars_2020	s__Blautia_schinkii
IBS_Mars_2020	s__Blautia_sp_MCC283
IBS_Mars_2020	s__Blautia_sp_OF03_15BH
IBS_Mars_2020	s__Blautia_stercoris
IBS_Mars_2020	s__Blautia_wexlerae
IBS_Mars_2020	s__Brotolimicola_acetigignens
IBS_Mars_2020	s__Butyricimonas_faecihominis
IBS_Mars_2020	s__Butyricimonas_paravirosa
IBS_Mars_2020	s__Butyricimonas_virosa
IBS_Mars_2020	s__Candidatus_Cibionibacter_quicibialis
IBS_Mars_2020	s__Candidatus_Gastranaerophilales_bacterium
IBS_Mars_2020	s__Candidatus_Methanomassiliicoccus_intestinalis
IBS_Mars_2020	s__Catenibacterium_tridentinum
IBS_Mars_2020	s__Clostridia_bacterium
IBS_Mars_2020	s__Clostridia_bacterium_UC5_1_1D1
IBS_Mars_2020	s__Clostridia_bacterium_UC5_1_1E11
IBS_Mars_2020	s__Clostridiaceae_bacterium
IBS_Mars_2020	s__Clostridiaceae_bacterium_AF18_31LB
IBS_Mars_2020	s__Clostridiaceae_bacterium_Marseille_Q3526
IBS_Mars_2020	s__Clostridiaceae_bacterium_Marseille_Q4143
IBS_Mars_2020	s__Clostridiaceae_bacterium_Marseille_Q4149
IBS_Mars_2020	s__Clostridiaceae_unclassified_SGB15090
IBS_Mars_2020	s__Clostridiales_bacterium
IBS_Mars_2020	s__Clostridiales_bacterium_KLE1615
IBS_Mars_2020	s__Clostridium_SGB4750
IBS_Mars_2020	s__Clostridium_SGB48024
IBS_Mars_2020	s__Clostridium_SGB6173
IBS_Mars_2020	s__Clostridium_fessum
IBS_Mars_2020	s__Clostridium_innocuum
IBS_Mars_2020	s__Clostridium_leptum
IBS_Mars_2020	s__Clostridium_scindens
IBS_Mars_2020	s__Clostridium_sp_1001270J_160509_D11
IBS_Mars_2020	s__Clostridium_sp_AF12_28
IBS_Mars_2020	s__Clostridium_sp_AF20_17LB
IBS_Mars_2020	s__Clostridium_sp_AF27_2AA
IBS_Mars_2020	s__Clostridium_sp_AF36_4
IBS_Mars_2020	s__Clostridium_sp_AM22_11AC
IBS_Mars_2020	s__Clostridium_sp_AM29_11AC
IBS_Mars_2020	s__Clostridium_sp_AM33_3
IBS_Mars_2020	s__Clostridium_sp_AM49_4BH
IBS_Mars_2020	s__Clostridium_sp_AT4
IBS_Mars_2020	s__Clostridium_sp_Marseille_P3244
IBS_Mars_2020	s__Clostridium_spiroforme
IBS_Mars_2020	s__Clostridium_symbiosum
IBS_Mars_2020	s__Colidextribacter_sp_210702_DFI_3_9
IBS_Mars_2020	s__Collinsella_aerofaciens
IBS_Mars_2020	s__Collinsella_intestinalis
IBS_Mars_2020	s__Collinsella_sp_AF08_23
IBS_Mars_2020	s__Collinsella_stercoris
IBS_Mars_2020	s__Collinsella_tanakaei
IBS_Mars_2020	s__Coprobacillus_cateniformis
IBS_Mars_2020	s__Coprobacter_fastidiosus
IBS_Mars_2020	s__Coprococcus_SGB106014
IBS_Mars_2020	s__Coprococcus_catus
IBS_Mars_2020	s__Coprococcus_comes
IBS_Mars_2020	s__Coprococcus_eutactus
IBS_Mars_2020	s__Cuneatibacter_sp_NSJ_177
IBS_Mars_2020	s__Desulfovibrio_piger
IBS_Mars_2020	s__Dialister_hominis
IBS_Mars_2020	s__Dialister_invisus
IBS_Mars_2020	s__Dorea_formicigenerans
IBS_Mars_2020	s__Dorea_longicatena
IBS_Mars_2020	s__Dorea_phocaeensis
IBS_Mars_2020	s__Dorea_sp_AF36_15AT
IBS_Mars_2020	s__Dysosmobacter_welbionis
IBS_Mars_2020	s__Eggerthella_lenta
IBS_Mars_2020	s__Eisenbergiella_massiliensis
IBS_Mars_2020	s__Eisenbergiella_tayi
IBS_Mars_2020	s__Ellagibacter_isourolithinifaciens
IBS_Mars_2020	s__Emergencia_timonensis
IBS_Mars_2020	s__Enterocloster_aldenensis
IBS_Mars_2020	s__Enterocloster_bolteae
IBS_Mars_2020	s__Enterocloster_clostridioformis
IBS_Mars_2020	s__Enterocloster_hominis
IBS_Mars_2020	s__Enterocloster_lavalensis
IBS_Mars_2020	s__Erysipelatoclostridium_ramosum
IBS_Mars_2020	s__Escherichia_coli
IBS_Mars_2020	s__Eubacteriaceae_bacterium
IBS_Mars_2020	s__Eubacterium_callanderi
IBS_Mars_2020	s__Eubacterium_ramulus
IBS_Mars_2020	s__Eubacterium_rectale
IBS_Mars_2020	s__Eubacterium_siraeum
IBS_Mars_2020	s__Eubacterium_sp_AF16_48
IBS_Mars_2020	s__Eubacterium_sp_AF34_35BH
IBS_Mars_2020	s__Eubacterium_ventriosum
IBS_Mars_2020	s__Evtepia_gabavorous
IBS_Mars_2020	s__Faecalibacillus_faecis
IBS_Mars_2020	s__Faecalibacillus_intestinalis
IBS_Mars_2020	s__Faecalibacterium_SGB15346
IBS_Mars_2020	s__Faecalibacterium_prausnitzii
IBS_Mars_2020	s__Faecalibacterium_sp_CLA_AA_H233
IBS_Mars_2020	s__Faecalibacterium_sp_HTFF
IBS_Mars_2020	s__Faecalicatena_contorta
IBS_Mars_2020	s__Faecalicatena_fissicatena
IBS_Mars_2020	s__Faecalimonas_umbilicata
IBS_Mars_2020	s__Faecalitalea_cylindroides
IBS_Mars_2020	s__Firmicutes_bacterium
IBS_Mars_2020	s__Firmicutes_unclassified_SGB47659
IBS_Mars_2020	s__Flavonifractor_plautii
IBS_Mars_2020	s__Frisingicoccus_SGB4674
IBS_Mars_2020	s__Fusicatenibacter_saccharivorans
IBS_Mars_2020	s__Fusicatenibacter_sp_CLA_AA_H277
IBS_Mars_2020	s__Fusobacterium_SGB6028
IBS_Mars_2020	s__GGB1123_SGB1437
IBS_Mars_2020	s__GGB1146_SGB1472
IBS_Mars_2020	s__GGB1239_SGB1657
IBS_Mars_2020	s__GGB1266_SGB1699
IBS_Mars_2020	s__GGB13489_SGB15224
IBS_Mars_2020	s__GGB1380_SGB1883
IBS_Mars_2020	s__GGB1385_SGB1890
IBS_Mars_2020	s__GGB1458_SGB2021
IBS_Mars_2020	s__GGB1495_SGB2071
IBS_Mars_2020	s__GGB1631_SGB2239
IBS_Mars_2020	s__GGB2653_SGB3574
IBS_Mars_2020	s__GGB2848_SGB3813
IBS_Mars_2020	s__GGB2980_SGB3962
IBS_Mars_2020	s__GGB2982_SGB3964
IBS_Mars_2020	s__GGB2998_SGB3988
IBS_Mars_2020	s__GGB2999_SGB3990
IBS_Mars_2020	s__GGB3000_SGB3991
IBS_Mars_2020	s__GGB3001_SGB3992
IBS_Mars_2020	s__GGB3002_SGB3993
IBS_Mars_2020	s__GGB3004_SGB3995
IBS_Mars_2020	s__GGB3005_SGB3996
IBS_Mars_2020	s__GGB3033_SGB4029
IBS_Mars_2020	s__GGB3109_SGB4119
IBS_Mars_2020	s__GGB3109_SGB4121
IBS_Mars_2020	s__GGB3167_SGB4181
IBS_Mars_2020	s__GGB3175_SGB4191
IBS_Mars_2020	s__GGB32387_SGB47381
IBS_Mars_2020	s__GGB32451_SGB47419
IBS_Mars_2020	s__GGB3256_SGB4303
IBS_Mars_2020	s__GGB3277_SGB4327
IBS_Mars_2020	s__GGB3278_SGB4328
IBS_Mars_2020	s__GGB3281_SGB4335
IBS_Mars_2020	s__GGB32900_SGB53446
IBS_Mars_2020	s__GGB3304_SGB4365
IBS_Mars_2020	s__GGB3304_SGB4367
IBS_Mars_2020	s__GGB3345_SGB4425
IBS_Mars_2020	s__GGB33469_SGB15236
IBS_Mars_2020	s__GGB33512_SGB15201
IBS_Mars_2020	s__GGB33512_SGB15203
IBS_Mars_2020	s__GGB33586_SGB53517
IBS_Mars_2020	s__GGB3363_SGB4448
IBS_Mars_2020	s__GGB3433_SGB4573
IBS_Mars_2020	s__GGB3433_SGB4574
IBS_Mars_2020	s__GGB3446_SGB4597
IBS_Mars_2020	s__GGB3475_SGB4638
IBS_Mars_2020	s__GGB3478_SGB4643
IBS_Mars_2020	s__GGB3480_SGB4648
IBS_Mars_2020	s__GGB3486_SGB4658
IBS_Mars_2020	s__GGB3490_SGB4664
IBS_Mars_2020	s__GGB3493_SGB4668
IBS_Mars_2020	s__GGB3496_SGB4671
IBS_Mars_2020	s__GGB3497_SGB4672
IBS_Mars_2020	s__GGB3510_SGB4687
IBS_Mars_2020	s__GGB3511_SGB4688
IBS_Mars_2020	s__GGB3548_SGB4744
IBS_Mars_2020	s__GGB3550_SGB4746
IBS_Mars_2020	s__GGB3550_SGB4747
IBS_Mars_2020	s__GGB3600_SGB4860
IBS_Mars_2020	s__GGB3606_SGB4870
IBS_Mars_2020	s__GGB3612_SGB4882
IBS_Mars_2020	s__GGB36267_SGB14177
IBS_Mars_2020	s__GGB36331_SGB15121
IBS_Mars_2020	s__GGB3637_SGB4930
IBS_Mars_2020	s__GGB3653_SGB4964
IBS_Mars_2020	s__GGB36599_SGB9269
IBS_Mars_2020	s__GGB3680_SGB4995
IBS_Mars_2020	s__GGB3722_SGB5050
IBS_Mars_2020	s__GGB3730_SGB5060
IBS_Mars_2020	s__GGB3740_SGB5077
IBS_Mars_2020	s__GGB3819_SGB5184
IBS_Mars_2020	s__GGB38744_SGB14842
IBS_Mars_2020	s__GGB4197_SGB5684
IBS_Mars_2020	s__GGB42389_SGB59559
IBS_Mars_2020	s__GGB4239_SGB5731
IBS_Mars_2020	s__GGB45432_SGB63101
IBS_Mars_2020	s__GGB45495_SGB63167
IBS_Mars_2020	s__GGB45497_SGB63169
IBS_Mars_2020	s__GGB4552_SGB6276
IBS_Mars_2020	s__GGB4563_SGB6300
IBS_Mars_2020	s__GGB4566_SGB6305
IBS_Mars_2020	s__GGB4567_SGB6307
IBS_Mars_2020	s__GGB4567_SGB6308
IBS_Mars_2020	s__GGB4571_SGB6317
IBS_Mars_2020	s__GGB4585_SGB6340
IBS_Mars_2020	s__GGB4599_SGB6362
IBS_Mars_2020	s__GGB4651_SGB6438
IBS_Mars_2020	s__GGB4684_SGB6478
IBS_Mars_2020	s__GGB4745_SGB6571
IBS_Mars_2020	s__GGB47687_SGB2286
IBS_Mars_2020	s__GGB48165_SGB66168
IBS_Mars_2020	s__GGB51269_SGB5062
IBS_Mars_2020	s__GGB51441_SGB71759
IBS_Mars_2020	s__GGB51647_SGB4348
IBS_Mars_2020	s__GGB6612_SGB9346
IBS_Mars_2020	s__GGB6613_SGB9347
IBS_Mars_2020	s__GGB74505_SGB47518
IBS_Mars_2020	s__GGB74511_SGB47635
IBS_Mars_2020	s__GGB9064_SGB13983
IBS_Mars_2020	s__GGB9169_SGB14107
IBS_Mars_2020	s__GGB9176_SGB14114
IBS_Mars_2020	s__GGB9184_SGB14123
IBS_Mars_2020	s__GGB9198_SGB14137
IBS_Mars_2020	s__GGB9211_SGB14151
IBS_Mars_2020	s__GGB9239_SGB14181
IBS_Mars_2020	s__GGB9290_SGB14247
IBS_Mars_2020	s__GGB9293_SGB14250
IBS_Mars_2020	s__GGB9342_SGB14306
IBS_Mars_2020	s__GGB9343_SGB14307
IBS_Mars_2020	s__GGB9345_SGB14311
IBS_Mars_2020	s__GGB9347_SGB14313
IBS_Mars_2020	s__GGB9350_SGB14317
IBS_Mars_2020	s__GGB9359_SGB14334
IBS_Mars_2020	s__GGB9361_SGB14336
IBS_Mars_2020	s__GGB9364_SGB14339
IBS_Mars_2020	s__GGB9365_SGB14341
IBS_Mars_2020	s__GGB9412_SGB14770
IBS_Mars_2020	s__GGB9453_SGB14844
IBS_Mars_2020	s__GGB9453_SGB14845
IBS_Mars_2020	s__GGB9469_SGB14862
IBS_Mars_2020	s__GGB9480_SGB14874
IBS_Mars_2020	s__GGB9491_SGB14888
IBS_Mars_2020	s__GGB9495_SGB14892
IBS_Mars_2020	s__GGB9502_SGB14899
IBS_Mars_2020	s__GGB9509_SGB14906
IBS_Mars_2020	s__GGB9512_SGB14909
IBS_Mars_2020	s__GGB9522_SGB14921
IBS_Mars_2020	s__GGB9523_SGB14922
IBS_Mars_2020	s__GGB9524_SGB14923
IBS_Mars_2020	s__GGB9524_SGB14924
IBS_Mars_2020	s__GGB9531_SGB14932
IBS_Mars_2020	s__GGB9534_SGB14937
IBS_Mars_2020	s__GGB9547_SGB14953
IBS_Mars_2020	s__GGB9547_SGB14954
IBS_Mars_2020	s__GGB9580_SGB14998
IBS_Mars_2020	s__GGB9583_SGB15004
IBS_Mars_2020	s__GGB9602_SGB15031
IBS_Mars_2020	s__GGB9621_SGB15073
IBS_Mars_2020	s__GGB9627_SGB15081
IBS_Mars_2020	s__GGB9634_SGB15093
IBS_Mars_2020	s__GGB9634_SGB15097
IBS_Mars_2020	s__GGB9635_SGB15103
IBS_Mars_2020	s__GGB9635_SGB15106
IBS_Mars_2020	s__GGB9640_SGB15115
IBS_Mars_2020	s__GGB9641_SGB15117
IBS_Mars_2020	s__GGB9642_SGB15119
IBS_Mars_2020	s__GGB9667_SGB15164
IBS_Mars_2020	s__GGB9690_SGB15196
IBS_Mars_2020	s__GGB9694_SGB15204
IBS_Mars_2020	s__GGB9699_SGB15216
IBS_Mars_2020	s__GGB9707_SGB15229
IBS_Mars_2020	s__GGB9708_SGB15233
IBS_Mars_2020	s__GGB9708_SGB15234
IBS_Mars_2020	s__GGB9712_SGB15244
IBS_Mars_2020	s__GGB9715_SGB15260
IBS_Mars_2020	s__GGB9715_SGB15265
IBS_Mars_2020	s__GGB9715_SGB15267
IBS_Mars_2020	s__GGB9719_SGB15272
IBS_Mars_2020	s__GGB9719_SGB15273
IBS_Mars_2020	s__GGB9719_SGB53514
IBS_Mars_2020	s__GGB9730_SGB15291
IBS_Mars_2020	s__GGB9739_SGB15313
IBS_Mars_2020	s__GGB9747_SGB15356
IBS_Mars_2020	s__GGB9758_SGB15368
IBS_Mars_2020	s__GGB9759_SGB15370
IBS_Mars_2020	s__GGB9760_SGB15373
IBS_Mars_2020	s__GGB9760_SGB15374
IBS_Mars_2020	s__GGB9765_SGB15382
IBS_Mars_2020	s__GGB9770_SGB15389
IBS_Mars_2020	s__GGB9770_SGB15390
IBS_Mars_2020	s__GGB9775_SGB15395
IBS_Mars_2020	s__GGB9781_SGB15402
IBS_Mars_2020	s__GGB9781_SGB66170
IBS_Mars_2020	s__GGB9782_SGB15403
IBS_Mars_2020	s__GGB9790_SGB15413
IBS_Mars_2020	s__Gemmiger_SGB15295
IBS_Mars_2020	s__Gemmiger_formicilis
IBS_Mars_2020	s__Gordonibacter_pamelaeae
IBS_Mars_2020	s__Gordonibacter_urolithinfaciens
IBS_Mars_2020	s__Guopingia_tenuis
IBS_Mars_2020	s__Haemophilus_parainfluenzae
IBS_Mars_2020	s__Holdemanella_porci
IBS_Mars_2020	s__Holdemania_filiformis
IBS_Mars_2020	s__Hungatella_hathewayi
IBS_Mars_2020	s__Hydrogeniiclostridium_mannosilyticum
IBS_Mars_2020	s__Hydrogenoanaerobacterium_saccharovorans
IBS_Mars_2020	s__Intestinibacter_bartlettii
IBS_Mars_2020	s__Intestinimonas_butyriciproducens
IBS_Mars_2020	s__Intestinimonas_massiliensis
IBS_Mars_2020	s__Jutongia_hominis
IBS_Mars_2020	s__Kineothrix_SGB4886
IBS_Mars_2020	s__Lachnospira_eligens
IBS_Mars_2020	s__Lachnospira_pectinoschiza
IBS_Mars_2020	s__Lachnospira_sp_NSJ_43
IBS_Mars_2020	s__Lachnospiraceae_bacterium
IBS_Mars_2020	s__Lachnospiraceae_bacterium_AM48_27BH
IBS_Mars_2020	s__Lachnospiraceae_bacterium_CLA_AA_H244
IBS_Mars_2020	s__Lachnospiraceae_bacterium_EP_SM_12S_S03
IBS_Mars_2020	s__Lachnotalea_sp_AF33_28
IBS_Mars_2020	s__Lacrimispora_amygdalina
IBS_Mars_2020	s__Lactobacillus_gasseri
IBS_Mars_2020	s__Lactococcus_lactis
IBS_Mars_2020	s__Lawsonibacter_asaccharolyticus
IBS_Mars_2020	s__Lawsonibacter_faecis
IBS_Mars_2020	s__Lawsonibacter_hominis
IBS_Mars_2020	s__Lentihominibacter_SGB71368
IBS_Mars_2020	s__Lentihominibacter_faecis
IBS_Mars_2020	s__Lentihominibacter_hominis
IBS_Mars_2020	s__Longibaculum_muris
IBS_Mars_2020	s__Longicatena_caecimuris
IBS_Mars_2020	s__Massilimicrobiota_timonensis
IBS_Mars_2020	s__Massilioclostridium_coli
IBS_Mars_2020	s__Massilistercora_timonensis
IBS_Mars_2020	s__Mediterraneibacter_butyricigenes
IBS_Mars_2020	s__Mediterraneibacter_faecis
IBS_Mars_2020	s__Mediterraneibacter_glycyrrhizinilyticus
IBS_Mars_2020	s__Mediterraneibacter_sp_NSJ_151
IBS_Mars_2020	s__Megamonas_funiformis
IBS_Mars_2020	s__Megasphaera_massiliensis
IBS_Mars_2020	s__Methanobrevibacter_smithii
IBS_Mars_2020	s__Monoglobus_pectinilyticus
IBS_Mars_2020	s__Negativibacillus_massiliensis
IBS_Mars_2020	s__Neglectibacter_timonensis
IBS_Mars_2020	s__Odoribacter_splanchnicus
IBS_Mars_2020	s__Oliverpabstia_intestinalis
IBS_Mars_2020	s__Oscillibacter_sp_ER4
IBS_Mars_2020	s__Oscillibacter_sp_MSJ_31
IBS_Mars_2020	s__Oscillibacter_valericigenes
IBS_Mars_2020	s__Oscillospiraceae_bacterium
IBS_Mars_2020	s__Oscillospiraceae_bacterium_CLA_AA_H250
IBS_Mars_2020	s__Oscillospiraceae_unclassified_SGB15256
IBS_Mars_2020	s__Parabacteroides_distasonis
IBS_Mars_2020	s__Parabacteroides_goldsteinii
IBS_Mars_2020	s__Parabacteroides_merdae
IBS_Mars_2020	s__Parabacteroides_sp_AGMB00274
IBS_Mars_2020	s__Paraprevotella_clara
IBS_Mars_2020	s__Parasutterella_SGB9260
IBS_Mars_2020	s__Parasutterella_excrementihominis
IBS_Mars_2020	s__Phascolarctobacterium_faecium
IBS_Mars_2020	s__Phascolarctobacterium_succinatutens
IBS_Mars_2020	s__Phocaeicola_coprocola
IBS_Mars_2020	s__Phocaeicola_coprophilus
IBS_Mars_2020	s__Phocaeicola_dorei
IBS_Mars_2020	s__Phocaeicola_massiliensis
IBS_Mars_2020	s__Phocaeicola_plebeius
IBS_Mars_2020	s__Phocaeicola_vulgatus
IBS_Mars_2020	s__Prevotella_SGB1671
IBS_Mars_2020	s__Prevotella_dentalis
IBS_Mars_2020	s__Prevotella_pectinovora
IBS_Mars_2020	s__Prevotella_stercorea
IBS_Mars_2020	s__Pseudoflavonifractor_phocaeensis
IBS_Mars_2020	s__Pseudoruminococcus_massiliensis
IBS_Mars_2020	s__Rikenellaceae_bacterium
IBS_Mars_2020	s__Romboutsia_timonensis
IBS_Mars_2020	s__Roseburia_faecis
IBS_Mars_2020	s__Roseburia_hominis
IBS_Mars_2020	s__Roseburia_intestinalis
IBS_Mars_2020	s__Roseburia_inulinivorans
IBS_Mars_2020	s__Roseburia_sp_AF02_12
IBS_Mars_2020	s__Roseburia_sp_AM59_24XD
IBS_Mars_2020	s__Roseburia_sp_BX1005
IBS_Mars_2020	s__Ruminococcus_SGB4421
IBS_Mars_2020	s__Ruminococcus_bicirculans
IBS_Mars_2020	s__Ruminococcus_bovis
IBS_Mars_2020	s__Ruminococcus_bromii
IBS_Mars_2020	s__Ruminococcus_callidus
IBS_Mars_2020	s__Ruminococcus_gnavus
IBS_Mars_2020	s__Ruminococcus_lactaris
IBS_Mars_2020	s__Ruminococcus_sp_AF41_9
IBS_Mars_2020	s__Ruminococcus_torques
IBS_Mars_2020	s__Ruthenibacterium_lactatiformans
IBS_Mars_2020	s__Segatella_brunsvicensis
IBS_Mars_2020	s__Segatella_copri
IBS_Mars_2020	s__Segatella_sinensis
IBS_Mars_2020	s__Sellimonas_intestinalis
IBS_Mars_2020	s__Senegalimassilia_anaerobia
IBS_Mars_2020	s__Simiaoa_sunii
IBS_Mars_2020	s__Slackia_SGB14778
IBS_Mars_2020	s__Slackia_isoflavoniconvertens
IBS_Mars_2020	s__Slackia_piriformis
IBS_Mars_2020	s__Streptococcus_australis
IBS_Mars_2020	s__Streptococcus_parasanguinis
IBS_Mars_2020	s__Streptococcus_salivarius
IBS_Mars_2020	s__Streptococcus_thermophilus
IBS_Mars_2020	s__Streptococcus_vestibularis
IBS_Mars_2020	s__Sutterella_wadsworthensis
IBS_Mars_2020	s__Turicibacter_bilis
IBS_Mars_2020	s__Turicibacter_sanguinis
IBS_Mars_2020	s__Tyzzerella_SGB4587
IBS_Mars_2020	s__Tyzzerella_nexilis
IBS_Mars_2020	s__Veillonella_dispar
IBS_Mars_2020	s__Veillonella_parvula
IBS_Mars_2020	s__Veillonella_ratti
IBS_Mars_2020	s__Veillonella_rogosae
IBS_Mars_2020	s__Vescimonas_SGB15087
IBS_Mars_2020	s__Vescimonas_coprocola
IBS_Mars_2020	s__Wansuia_hejianensis
IBS_Mars_2020	s__Wujia_chipingensis
IBS_Mars_2020	s__bacterium_210917_DFI_7_65
