disease	species	n_arms_tested	n_arms_total	n_diff_support	n_ml_support	required_support	direction	direction_consistency	meta_log2fc	meta_z	meta_p	median_rf_rank	mean_rf_importance	ml_stability	meta_q	rank_score	eligible_for_top_key	ml_stability_rank	strict_ml_supported	is_strict_key_species	is_top50_key_species	ibs_association_sources	ibs_external_source_count	ibs_source_pass_count	association_set
CRA	s__Prevotella_histicola	2	6	0	0	2	down	1.0	-6.842426280467856	-4.169614887700887	3.0511477809957595e-05	501.0	0.0008943783393131	0.0	0.0217056891620288	11.381872656133451	True	345.0	False	False	True				top_300
CRA	s__Propionibacterium_acidifaciens	2	6	0	0	2	down	1.0	-12.099645832533591	-2.884444213703084	0.0039210522325341	516.0	0.0008241604017637	0.0	0.220286276471749	7.949619258696698	True	345.0	False	False	True				top_300
CRA	s__GGB9059_SGB13976	4	6	0	0	2	down	1.0	-3.1093224046474703	-4.217449480520306	2.4708115249377625e-05	431.0	0.0004826371097442	0.0	0.0217056891620288	5.172129038142935	True	345.0	False	False	True				top_300
CRA	s__Actinomyces_sp_oral_taxon_448	3	6	0	0	2	down	1.0	-7.5022719996062515	-2.8836252493347208	0.0039312627801112	568.0	0.000477661922826	0.0	0.220286276471749	4.929086916882306	True	345.0	False	False	True				top_300
CRA	s__Anaeroglobus_geminatus	2	6	0	0	2	down	1.0	-4.770274669225542	-3.116107362772709	0.0018325553962028	594.5	0.0004202261637846	0.0	0.1751707364017447	3.608896177096447	True	345.0	False	False	True				top_300
CRA	s__Streptococcus_intermedius	3	6	0	0	2	down	1.0	-5.310853196938815	-2.780440669518994	0.0054285178283615	619.0	0.0001725189541021	0.0	0.2450372630857661	3.2436984789083176	True	345.0	False	False	True				top_300
CRA	s__GGB1568_SGB2155	2	6	0	0	2	down	1.0	-6.404528179237892	-2.5536901744743528	0.0106588053818093	679.5	0.0001541135761981	0.0	0.3330876681815434	3.057787193455193	True	345.0	False	False	True				top_300
CRA	s__GGB3883_SGB5266	2	6	0	0	2	down	1.0	-6.343211179680357	-2.268058941404991	0.0233256144448886	695.0	0.0001737282691985	0.0	0.436129214748476	2.285997022420231	True	345.0	False	False	True				top_300
CRA	s__Actinomyces_naeslundii	2	6	0	0	2	down	1.0	-8.027482740047029	-1.970553659891131	0.0487749515367856	644.5	0.0002904966785332	0.0	0.5382405897099691	2.1595819395635285	True	345.0	False	False	True				top_300
CRA	s__Streptococcus_mutans	5	6	0	1	2	down	1.0	-2.554585644203478	-2.996652653020792	0.0027296153491594	304.0	0.0015528868504989	0.12	0.2006611756980943	1.995747158725512	True	154.0	True	False	True				top_300
CRA	s__GGB9522_SGB98319	2	6	0	1	2	up	1.0	3.688468719225049	2.5064795208323423	0.0121940121301852	381.0	0.0009541785458913	0.1	0.3416425812336373	1.8924456190280048	True	188.0	False	False	True				top_300
CRA	s__Schaalia_meyeri	2	6	0	0	2	down	1.0	-8.796470830360873	-1.4463523356572447	0.1480784035359137	664.0	0.0001751098907272	0.0	0.6206670078418502	1.822112749322704	True	345.0	False	False	True				top_300
CRA	s__GGB2734_SGB3677	2	6	0	0	2	down	1.0	-4.42340631134536	-2.3252706740502056	0.0200574913684813	1000.0	1.8685750095956087e-05	0.0	0.4305761600200838	1.6187456267843432	True	345.0	False	False	True				top_300
CRA	s__GGB74701_SGB54318	3	6	0	0	2	down	1.0	-5.075048424214	-2.157798487468941	0.0309435025440118	836.0	0.0001403102058468	0.0	0.493716618549319	1.5556152828597571	True	345.0	False	False	True				top_300
CRA	s__Massilimicrobiota_timonensis	5	6	0	1	2	down	1.0	-2.1517502144625165	-2.9559963966242977	0.0031166073204908	331.0	0.0012162777052918	0.04	0.2032305936606591	1.5485960183919836	True	253.0	False	False	True				top_300
CRA	s__Pseudoflavonifractor_sp_MSJ_37	2	6	0	0	2	down	1.0	-2.798967670435645	-2.622469177903688	0.0087295163466308	947.5	7.736366728488927e-05	0.0	0.3223969105289787	1.3759980574763764	True	345.0	False	False	True				top_300
CRA	s__Alistipes_shahii	6	6	0	6	2	up	1.0	0.5196246549945929	4.046187440591857	5.205855406987515e-05	31.0	0.0050253122741354	0.5666666666666667	0.0217056891620288	1.3541598952205445	True	7.0	True	False	True				top_300
CRA	s__GGB3303_SGB4364	2	6	0	0	2	down	1.0	-3.2448238756038683	-2.395189394306365	0.0166117821276443	951.0	5.092358343393689e-05	0.0	0.3903751214662718	1.3255685304960358	True	345.0	False	False	True				top_300
CRA	s__Parascardovia_denticolens	2	6	0	0	2	down	1.0	-6.3254491859484405	-1.6766427358477556	0.0936123646176775	609.5	0.0004019117227689	0.0	0.6172643708857154	1.3253637155266973	True	345.0	False	False	True				top_300
CRA	s__GGB9759_SGB15372	3	6	0	0	2	down	1.0	-2.799074392324931	-2.5121366636613884	0.0120002606316583	772.0	8.514288138363889e-05	0.0	0.3416425812336373	1.305566686172071	True	345.0	False	False	True				top_300
CRA	s__GGB9088_SGB14017	2	6	0	0	2	down	1.0	-5.173724810259402	-1.9241568704131549	0.0543349233954304	1036.5	1.1787542978743093e-05	0.0	0.5623837612584367	1.2932616492098623	True	345.0	False	False	True				top_300
CRA	s__Gemella_haemolysans	2	6	0	0	2	down	1.0	-6.239157686437227	-1.4078368988375414	0.159179371468258	693.0	0.0001754990683231	0.0	0.6206670078418502	1.2923874795621446	True	345.0	False	False	True				top_300
CRA	s__Phocaeicola_coprophilus	5	6	1	1	2	down	1.0	-4.042592728510336	-2.006709046182003	0.0447806522420607	424.0	0.0014132791071662	0.12	0.5308707200127667	1.245169394529657	True	154.0	True	False	True				top_300
CRA	s__GGB4717_SGB6533	3	6	0	0	2	down	1.0	-7.824400847153206	-1.0449480449208397	0.2960469827010562	738.0	0.0001741284702744	0.0	0.7043577553282817	1.190926226459894	True	345.0	False	False	True				top_300
CRA	s__Phocaeicola_massiliensis	6	6	0	3	2	up	1.0	0.6193317019684672	3.930015641257551	8.494033595823498e-05	95.5	0.0035839105070472	0.2333333333333333	0.0276056091864263	1.1908323875125102	True	77.0	True	False	True				top_300
CRA	s__Paraprevotella_clara	6	6	0	2	2	up	1.0	0.7390150532851582	3.82085946322644	0.0001329874205698	128.0	0.0020664821795655	0.1	0.0360174264043217	1.1734347466612247	True	160.0	True	False	True				top_300
CRA	s__Mogibacterium_timidum	2	6	0	0	2	down	1.0	-5.592886364400442	-1.5507803385915506	0.1209543339374632	732.0	7.612275697675724e-05	0.0	0.6172643708857154	1.1718707137679618	True	345.0	False	False	True				top_300
CRA	s__GGB3189_SGB4212	2	6	0	0	2	down	1.0	-5.440249133810246	-1.517747651635518	0.1290780263520345	837.5	8.405219921442322e-05	0.0	0.6172643708857154	1.1398888194999433	True	345.0	False	False	True				top_300
CRA	s__GGB4642_SGB6422	4	6	0	0	2	down	1.0	-3.675690815337957	-2.104821883074002	0.0353068155630105	698.5	0.0001898555297377	0.0	0.5032769762271248	1.096065040206057	True	345.0	False	False	True				top_300
CRA	s__GGB34540_SGB54300	3	6	0	0	2	down	1.0	-4.567744891768377	-1.8840128156805	0.0595632419769105	612.0	0.0005282225787135	0.0	0.575897090998541	1.0946834282204922	True	345.0	False	False	True				top_300
CRA	s__Blautia_SGB4815	6	6	1	3	2	down	1.0	-1.588376687523667	-2.718079707560161	0.0065662017932974	142.0	0.003934466295382	0.1999999999999999	0.2667519478527076	1.0938687723592906	True	99.0	True	False	True				top_300
CRA	s__Haemophilus_haemolyticus	2	6	0	0	2	down	1.0	-5.22054862622364	-1.6170794598809717	0.1058611299837257	687.0	0.0001869213254513	0.0	0.6172643708857154	1.0938552379347115	True	345.0	False	False	True				top_300
CRA	s__Bifidobacterium_breve	4	6	0	0	2	down	0.75	-6.901401179153801	-1.4913500874257637	0.1358696051057693	528.5	0.0004469255604414	0.0	0.6172643708857154	1.0845316799156446	True	345.0	False	False	True				top_300
CRA	s__Enterococcus_avium	2	6	0	0	2	down	1.0	-5.110194120343055	-1.488771990524831	0.136547420388043	572.0	0.0003826815493706	0.0	0.6172643708857154	1.070732791822282	True	345.0	False	False	True				top_300
CRA	s__GGB6123_SGB8768	2	6	0	0	2	down	1.0	-4.8491535586278784	-1.70297390399549	0.0885729521304701	933.0	8.647481677374608e-05	0.0	0.6172643708857154	1.0160372787278822	True	345.0	False	False	True				top_300
CRA	s__Muribaculum_gordoncarteri	2	6	0	0	2	down	1.0	-4.826721946173105	-1.5610997268452158	0.1185002225387615	822.0	9.189831373684024e-05	0.0	0.6172643708857154	1.0113372101075608	True	345.0	False	False	True				top_300
CRA	s__GGB3486_SGB4658	5	6	0	0	2	down	1.0	-2.297326258857314	-2.442723771214694	0.0145768896404006	385.0	0.0006070068447508	0.0	0.3644222410100171	1.0071366336025531	True	345.0	False	False	True				top_300
CRA	s__GGB9618_SGB15065	6	6	0	0	2	down	0.8333333333333334	-2.202486222262359	-2.67749941001409	0.0074173983179647	452.5	0.0004299176577115	0.0	0.286982673016494	0.9950545027019037	True	345.0	False	False	True				top_300
CRA	s__GGB4699_SGB6503	2	6	0	0	2	down	1.0	-3.958420340188212	-1.93154919624251	0.05341517158274	868.5	7.227872693377842e-05	0.0	0.5623837612584367	0.9894753596608477	True	345.0	False	False	True				top_300
CRA	s__GGB9668_SGB15165	2	6	0	0	2	up	1.0	4.615783331203922	1.770298096493249	0.0766774950115837	659.0	0.0003001881880781	0.0	0.6172643708857154	0.9671394973024908	True	345.0	False	False	True				top_300
CRA	s__Youxingia_wuxianensis	6	6	0	1	2	up	0.8333333333333334	1.4199635794813303	3.1405237951441736	0.0016864600672646	326.5	0.0009207902067005	0.0333333333333333	0.1751707364017447	0.9250546710691476	True	296.0	False	False	True				top_300
CRA	s__Prevotellamassilia_timonensis	3	6	0	0	2	up	1.0	1.9322829524480076	2.5818853921961757	0.0098262210472868	337.0	0.0012443042811211	0.0	0.3330876681815434	0.9225519664791904	True	345.0	False	False	True				top_300
CRA	s__Enterococcus_durans	2	6	0	0	2	up	1.0	3.610161475669978	1.938507588747986	0.0525613258737339	535.5	0.000489104175376	0.0	0.5582493761099198	0.9139909116338684	True	345.0	False	False	True				top_300
CRA	s__GGB9603_SGB15035	3	6	0	0	2	down	1.0	-4.329801131678254	-1.5568877368456484	0.1194971414917438	725.0	0.0001662003290808	0.0	0.6172643708857154	0.907217993011566	True	345.0	False	False	True				top_300
CRA	s__Fusobacterium_nucleatum	2	6	0	0	2	down	1.0	-5.344249509962163	-1.2465485207448093	0.2125630876030917	753.5	9.31177065117106e-05	0.0	0.6792351611307831	0.897726180778823	True	345.0	False	False	True				top_300
CRA	s__GGB4676_SGB6465	4	6	0	0	2	down	1.0	-3.296235537623234	-1.9783410024132364	0.0478902504965399	678.5	0.0001476256818967	0.0	0.5367010831508784	0.8908654312322545	True	345.0	False	False	True				top_300
CRA	s__Campylobacter_concisus	2	6	0	0	2	down	1.0	-4.222700564948213	-1.8114261365634725	0.0700749131917871	619.5	0.0003547108373452	0.0	0.6172643708857154	0.8847773408327979	True	345.0	False	False	True				top_300
CRA	s__GGB9758_SGB15368	6	6	1	3	2	down	0.8333333333333334	-0.6304186189032136	-3.7095146169861386	0.0002076569691243	175.0	0.0025912336876998	0.2666666666666666	0.0482060821181485	0.876319183945994	True	56.0	True	False	True				top_300
CRA	s__Alloscardovia_omnicolens	5	6	1	0	2	down	0.8	-2.4336596901801992	-2.464826311817184	0.0137079682087526	430.0	0.0008557648350968	0.0	0.3644222410100171	0.8535236362714822	True	345.0	False	False	True				top_300
CRA	s__Clostridium_sp_NSJ_6	2	6	0	0	2	down	1.0	-5.414415742248994	-1.1037040264496922	0.2697215484393651	680.0	0.0001467395704004	0.0	0.7037536030488808	0.8261281355707173	True	345.0	False	False	True				top_300
CRA	s__GGB4567_SGB6308	6	6	0	0	2	down	1.0	-2.223902012585556	-2.3454760742246967	0.0190027981720042	616.5	0.000203477819948	0.0	0.428882597632041	0.817643317403145	True	345.0	False	False	False				top_300
CRA	s__Hafnia_paralvei	2	6	0	0	2	up	1.0	3.875179269022617	1.619376391801136	0.1053663032062351	672.0	0.0001104142120964	0.0	0.6172643708857154	0.8119616241219949	True	345.0	False	False	False				top_300
CRA	s__Klebsiella_pneumoniae	5	6	0	2	2	down	1.0	-1.1250031139174468	-2.7320052579158407	0.0062950136358319	233.0	0.0028363730424606	0.2	0.2667519478527076	0.7747568853077371	True	92.0	True	False	False				top_300
CRA	s__GGB9334_SGB14297	2	6	0	0	2	down	1.0	-3.4587222027423623	-1.4723506805703188	0.1409262040606771	629.5	0.0006749121834455	0.0	0.6172643708857154	0.7247018788459311	True	345.0	False	False	False				top_300
CRA	s__GGB1661_SGB2275	2	6	0	0	2	down	1.0	-3.7744826709707824	-1.3618285051365329	0.1732520133947582	585.0	0.0003493196459008	0.0	0.6472057971643268	0.7132171916829879	True	345.0	False	False	False				top_300
CRA	s__Clostridium_sp_AM42_4	3	6	0	2	2	down	1.0	-1.360965991604595	-2.249313711817236	0.0244925440554316	24.0	0.0044018572539115	0.4666666666666667	0.4522770919326861	0.6878411942230594	True	17.0	True	False	False				top_300
CRA	s__GGB6002_SGB8625	2	6	0	0	2	up	1.0	3.274626188191675	1.593390386341256	0.1110726410457513	671.5	0.0002270460283213	0.0	0.6172643708857154	0.6861284636328941	True	345.0	False	False	False				top_300
CRA	s__Clostridium_SGB6173	5	6	0	0	2	down	0.8	-4.061086876251835	-1.5146682195919987	0.129856446462414	661.0	0.0006811345743882	0.0	0.6172643708857154	0.680731696125868	True	345.0	False	False	False				top_300
CRA	s__Phocaeicola_faecalis	2	6	1	0	2	down	1.0	-4.240875975812287	-1.1411652969801396	0.2538011426810116	621.5	0.0008585728056863	0.0	0.6964687713858901	0.6662346264803802	True	345.0	False	False	False				top_300
CRA	s__Candidatus_Gastranaerophilales_bacterium	5	6	0	0	2	up	1.0	1.3145330971939	2.639426030948941	0.008304654399859	320.0	0.0008822719615706	0.0	0.3138386837156044	0.6615959980141256	True	345.0	False	False	False				top_300
CRA	s__Gemella_sanguinis	4	6	0	0	2	down	0.75	-2.381910315924412	-2.29748404209993	0.0215911723739822	281.0	0.0009620241127791	0.0	0.4305761600200838	0.6537450952797152	True	345.0	False	False	False				top_300
CRA	s__Pseudoflavonifractor_phocaeensis	5	6	0	1	2	up	1.0	1.0700254036898649	2.7034108024301795	0.0068631865692008	205.0	0.0014137250090367	0.08	0.272016540852471	0.6533971681206164	True	199.0	False	False	False				top_300
CRA	s__GGB9445_SGB14835	2	6	0	0	2	up	1.0	2.3728367154462573	1.999947717298533	0.0455059097787009	466.0	0.0005727344440106	0.0	0.5308707200127667	0.6525567374330955	True	345.0	False	False	False				top_300
CRA	s__GGB9199_SGB14138	3	6	0	0	2	down	1.0	-3.136590779758579	-1.4430920148364008	0.1489945524559192	665.0	0.0002004405462547	0.0	0.6206670078418502	0.6497176151008373	True	345.0	False	False	False				top_300
CRA	s__GGB3583_SGB4799	2	6	0	0	2	down	1.0	-3.093837185457667	-1.4727324981521754	0.1408231800320776	875.5	0.0001610531134171	0.0	0.6172643708857154	0.6482479626050476	True	345.0	False	False	False				top_300
CRA	s__Gemmiger_SGB15301	2	6	0	0	2	down	1.0	-3.074894548415058	-1.654851851798143	0.0979545529930742	723.5	0.0004076137053102	0.0	0.6172643708857154	0.6442789347819425	True	345.0	False	False	False				top_300
CRA	s__GGB9545_SGB14951	6	6	0	0	2	down	0.8333333333333334	-3.613218080106758	-1.4538221899554908	0.1459956097259093	701.0	0.0001028075513247	0.0	0.6206670078418502	0.6237056937200246	True	345.0	False	False	False				top_300
CRA	s__Megamonas_funiformis	6	6	1	1	2	down	0.8333333333333334	-3.021135445761421	-1.626787527460596	0.1037822315152525	385.5	0.0033482397030264	0.1666666666666666	0.6172643708857154	0.6154311090663168	True	110.0	True	False	False				top_300
CRA	s__Massiliimalia_timonensis	5	6	0	1	2	down	0.8	-0.9619227307540232	-3.159183161990495	0.0015821202399092	275.0	0.0011588615304696	0.04	0.1751707364017447	0.605472629842294	True	253.0	False	False	False				top_300
CRA	s__Mediterraneibacter_SGB4598	2	6	0	0	2	down	1.0	-6.5405740585373175	-0.678704805408977	0.4973249207707726	944.5	4.397913901746471e-05	0.0	0.8082192900185801	0.6048120393209957	True	345.0	False	False	False				top_300
CRA	s__Clostridiales_bacterium_KLE1615	6	6	1	5	2	down	1.0	-0.6021680988876474	-2.9855706072345587	0.0028304978519139	58.5	0.0040050395508376	0.4333333333333333	0.2006611756980943	0.6020491875975177	True	20.0	True	False	False				top_300
CRA	s__GGB9091_SGB14020	3	6	0	0	2	down	1.0	-3.748970026488888	-1.1690965496985015	0.2423647338869219	774.0	0.000112062844115	0.0	0.6909030251631317	0.60202050033232	True	345.0	False	False	False				top_300
CRA	s__GGB4659_SGB6447	2	6	0	0	2	down	1.0	-2.1950074374956188	-1.9654098413399996	0.0493668213618877	744.0	0.0002826340018493	0.0	0.5382405897099691	0.5905087027562251	True	345.0	False	False	False				top_300
CRA	s__GGB9240_SGB14182	5	6	0	0	2	down	1.0	-2.1024947140541035	-1.9898384577579584	0.0466087334997028	515.0	0.0003999800484513	0.0	0.5308707200127667	0.5782096518240383	True	345.0	False	False	False				top_300
CRA	s__Actinomyces_graevenitzii	5	6	0	1	2	down	0.8	-3.209757050550145	-1.5721579449491545	0.1159139259241014	466.0	0.0009194117535727	0.04	0.6172643708857154	0.5595503777346349	True	253.0	False	False	False				top_300
CRA	s__GGB4611_SGB6385	2	6	0	0	2	down	1.0	-5.485452131335577	-0.7504198996673267	0.4530018495632731	698.5	0.0001452658025313	0.0	0.7910632736165916	0.558357468337153	True	345.0	False	False	False				top_300
CRA	s__Turicibacter_sanguinis	6	6	0	0	2	down	1.0	-2.644587224874301	-1.6800238523568587	0.0929526749976144	474.5	0.0005179164854539	0.0	0.6172643708857154	0.554117161857857	True	345.0	False	False	False				top_300
CRA	s__GGB51269_SGB5061	2	6	0	0	2	down	1.0	-3.465905742296097	-1.1335110939187871	0.2569996850464987	939.0	5.009159235883097e-05	0.0	0.6964687713858901	0.5444880800110087	True	345.0	False	False	False				top_300
CRA	s__GGB9813_SGB15447	5	6	0	0	2	up	1.0	2.5903102257522685	1.6286030414498909	0.1033970800008928	616.0	0.0001748522303816	0.0	0.6172643708857154	0.5427445678950725	True	345.0	False	False	False				top_300
CRA	s__GGB9636_SGB15108	2	6	0	0	2	down	1.0	-3.543756193902815	-1.0814143732075985	0.2795128308961681	957.0	5.987252085349576e-05	0.0	0.7037536030488808	0.5407040827215964	True	345.0	False	False	False				top_300
CRA	s__Granulicatella_adiacens	3	6	0	0	2	down	1.0	-3.217873532633004	-1.1973792912286374	0.2311587515802233	357.0	0.0008566603540226	0.0	0.6792351611307831	0.5405378830638352	True	345.0	False	False	False				top_300
CRA	s__GGB9547_SGB14953	2	6	0	0	2	down	1.0	-3.014882061955511	-1.2802113067264724	0.2004708304689736	639.5	0.0003953692544344	0.0	0.669016398799966	0.5262875711838841	True	345.0	False	False	False				top_300
CRA	s__Eubacterium_maltosivorans	2	6	0	0	2	up	1.0	1.1278738951069085	2.518782389107863	0.0117761411581001	873.5	0.0001344755607815	0.0	0.3416425812336373	0.5260719713960984	True	345.0	False	False	False				top_300
CRA	s__GGB3052_SGB4053	3	6	0	0	2	down	1.0	-3.5404025748172527	-1.0241748526323309	0.3057526943205868	682.0	0.0002343971467935	0.0	0.7135743522701183	0.5188841205069299	True	345.0	False	False	False				top_300
CRA	s__GGB52002_SGB72669	2	6	0	0	2	down	1.0	-2.454080752765996	-1.5027147699608288	0.1329126123134454	829.0	0.0001282184158513	0.0	0.6172643708857154	0.5142005712280188	True	345.0	False	False	False				top_300
CRA	s__Propionibacterium_freudenreichii	3	6	0	1	2	down	1.0	-2.161315466656387	-1.5387977616995614	0.1238536764912281	777.0	0.0020016501912196	0.1333333333333333	0.6172643708857154	0.5132388570127009	True	133.0	True	False	False				top_300
CRA	s__Massilistercora_timonensis	5	6	0	1	2	down	0.8	-1.991816729321845	-2.1074646521510165	0.0350773225798414	324.0	0.0015273247957814	0.08	0.5032769762271248	0.5131690681597306	True	199.0	False	False	False				top_300
CRA	s__Faecalibacillus_SGB6753	2	6	0	0	2	down	1.0	-4.222568724496028	-0.8391499960700762	0.4013851433280994	727.5	0.0001226068664515	0.0	0.7580029966391206	0.5080977991019884	True	345.0	False	False	False				top_300
CRA	s__Enterobacter_asburiae	2	6	0	0	2	up	1.0	2.418004035025879	1.5647754579143358	0.1176355681963031	435.0	0.0004003956331629	0.0	0.6172643708857154	0.5066414602048417	True	345.0	False	False	False				top_300
CRA	s__Lactococcus_lactis	5	6	0	0	2	down	1.0	-2.404449533028468	-1.6829784974426898	0.0923792540828419	519.0	0.0005076095851814	0.0	0.6172643708857154	0.5038014017992964	True	345.0	False	False	False				top_300
CRA	s__GGB9667_SGB15164	6	6	0	3	2	up	0.8333333333333334	0.6553352989355545	3.212311961897615	0.0013167131205442	147.5	0.0020675557152615	0.1666666666666666	0.1645891400680272	0.4992555258620394	True	110.0	True	False	False				top_300
CRA	s__GGB1332_SGB1789	2	6	0	0	2	up	1.0	1.489321103460564	2.20803752625104	0.0272416573489869	635.0	0.0003609015632766	0.0	0.4652996027970152	0.4948527289885432	True	345.0	False	False	False				top_300
CRA	s__Streptococcus_constellatus	3	6	0	0	2	down	0.6666666666666666	-4.204384629894619	-1.3143013066696865	0.1887448277339936	635.0	0.0004355630883353	0.0	0.6682142594068401	0.4907477170891964	True	345.0	False	False	False				top_300
CRA	s__Streptococcus_sanguinis	5	6	0	2	2	down	1.0	-2.04453252105863	-1.643242281367462	0.1003328150296651	212.0	0.0019172597683748	0.12	0.6172643708857154	0.4797950367860596	True	154.0	True	False	False				top_300
CRA	s__Intestinibacillus_sp_Marseille_P6563	4	6	0	0	2	up	1.0	1.4040443310886168	2.230045895939722	0.0257443961007621	523.5	0.00059079679695	0.0	0.4562112304195166	0.4785460848927123	True	345.0	False	False	False				top_300
CRA	s__GGB38987_SGB63305	3	6	0	0	2	down	1.0	-1.6069879763347918	-2.095603943897732	0.0361173390808545	688.0	0.0002118719212407	0.0	0.5059541035033501	0.475489868357266	True	345.0	False	False	False				top_300
CRA	s__Lacrimispora_sp_210928_DFI_3_58	3	6	0	1	2	down	0.6666666666666666	-1.4116736784696955	-2.535790543878885	0.0112193816761421	667.0	0.0005612523767763	0.0666666666666666	0.3416425812336373	0.4682269428073788	True	214.0	False	False	False				top_300
CRA	s__Clostridium_sp_D5	2	6	0	0	2	up	1.0	2.260071799584368	1.4555574422304007	0.1455149999606047	700.0	0.000318746016079	0.0	0.6206670078418502	0.4681542995849893	True	345.0	False	False	False				top_300
CRA	s__Lachnospira_SGB5083	4	6	0	0	2	down	0.75	-3.97432744929868	-1.119239598560017	0.2630379362480824	618.5	0.0001961169483486	0.0	0.7007158137756295	0.4604002439834561	True	345.0	False	False	False				top_300
CRA	s__GGB3632_SGB4921	2	6	0	0	2	up	1.0	1.5765217417621729	2.061481717315539	0.0392571059183367	439.0	0.0002932437469579	0.0	0.5137312011523434	0.4560310747551306	True	345.0	False	False	False				top_300
CRA	s__Streptococcus_infantis	3	6	0	0	2	down	0.6666666666666666	-4.799371495687056	-0.9438513236409496	0.3452456292280331	786.0	0.0002003350392197	0.0	0.7212644536717594	0.4540380476615649	True	345.0	False	False	False				top_300
CRA	s__Streptococcus_anginosus	5	6	0	0	2	down	1.0	-2.1572244667271594	-1.6801715109504485	0.092923950585774	288.0	0.0009237151502953	0.0	0.6172643708857154	0.4520006327452475	True	345.0	False	False	False				top_300
CRA	s__GGB4599_SGB6362	6	6	0	0	2	down	0.8333333333333334	-2.722112546922084	-1.38398001507197	0.1663645741928333	525.5	0.0004490231337874	0.0	0.6354527503312676	0.4466912654201449	True	345.0	False	False	False				top_300
CRA	s__Acidaminococcus_massiliensis	3	6	1	2	2	down	0.6666666666666666	-3.139373104403484	1.3550867606252182	0.1753899163031451	111.0	0.0020685938173942	0.1333333333333333	0.6521936246970501	0.440293403262246	True	133.0	True	False	False				top_300
CRA	s__GGB2980_SGB3962	5	6	0	1	2	down	0.8	-1.102923983172771	-2.5716292520690405	0.0101221223785377	365.0	0.0009232384984381	0.04	0.3330876681815434	0.4381159087677452	True	253.0	False	False	False				top_300
CRA	s__Ruminococcus_bicirculans	6	6	0	5	2	down	0.8333333333333334	-0.5932787232309563	-2.984531732351688	0.0028401274098807	75.0	0.0030860707375437	0.2666666666666666	0.2006611756980943	0.4368244100587228	True	56.0	True	False	False				top_300
CRA	s__Gemella_morbillorum	3	6	0	0	2	down	0.6666666666666666	-4.45510373075956	-1.0162335556025948	0.3095181807903568	553.0	0.0003732388468573	0.0	0.7135743522701183	0.4352956162942647	True	345.0	False	False	False				top_300
CRA	s__Phocea_massiliensis	6	6	0	4	2	up	0.8333333333333334	0.7532977562718891	2.722229072568937	0.0064843177715838	140.0	0.0022437852231034	0.2	0.2667519478527076	0.4323118577321423	True	82.0	True	False	False				top_300
CRA	s__Rothia_SGB49305	5	6	0	0	2	down	0.8	-2.5894163708751248	-1.4542516002475685	0.1458765637389587	557.0	0.0003863283179995	0.0	0.6206670078418502	0.4291001401509045	True	345.0	False	False	False				top_300
CRA	s__GGB9476_SGB14870	3	6	0	0	2	down	1.0	-2.034245837370181	-1.533815477078971	0.1250750543145202	721.0	0.0001531133408521	0.0	0.6172643708857154	0.4262330693132276	True	345.0	False	False	False				top_300
CRA	s__GGB3288_SGB4342	6	6	0	0	2	down	0.6666666666666666	-1.8461368714928523	-2.2374995999639085	0.0252537054398678	462.0	0.0005048648199725	0.0	0.4559696815531701	0.4197672586333991	True	345.0	False	False	False				top_300
CRA	s__GGB9093_SGB14023	2	6	0	0	2	up	1.0	2.501469644520087	1.1930048035682763	0.232867491791869	919.5	6.180810950574756e-05	0.0	0.6799970589228084	0.4189785692960507	True	345.0	False	False	False				top_300
CRA	s__Alistipes_sp_An31A	2	6	0	0	2	down	1.0	-5.211997204253867	-0.6119070329786721	0.5405992681873739	950.0	7.821924451767824e-05	0.0	0.8340012327490616	0.4108789779009142	True	345.0	False	False	False				top_300
CRA	s__GGB3353_SGB4437	3	6	0	0	2	down	1.0	-2.5554291481795426	-1.16801169551366	0.2428020473136476	811.0	0.0002996312609809	0.0	0.6909030251631317	0.4103582379909439	True	345.0	False	False	False				top_300
CRA	s__Cloacibacillus_porcorum	4	6	0	0	2	up	1.0	1.9454378544521065	1.7407547831605772	0.0817265709707251	618.5	0.0004233143253299	0.0	0.6172643708857154	0.4076252400905694	True	345.0	False	False	False				top_300
CRA	s__GGB9380_SGB14375	2	6	0	1	2	up	1.0	1.7463974431575702	1.578946940626563	0.114348227874298	634.0	0.0005741601417862	0.1	0.6172643708857154	0.4025125978579569	True	188.0	False	False	False				top_300
CRA	s__Fusobacterium_ulcerans	3	6	0	0	2	up	1.0	1.931715890453025	1.4545179214179078	0.1458027685069846	301.0	0.0009338073233857	0.0	0.6206670078418502	0.4001382167852101	True	345.0	False	False	False				top_300
CRA	s__Klebsiella_quasipneumoniae	3	6	0	1	2	down	1.0	-1.9746963623696767	-1.2009098866793273	0.2297861587309708	629.0	0.0026566437239089	0.2	0.6792351611307831	0.3980510162072539	True	82.0	True	False	False				top_300
CRA	s__GGB1680_SGB2312	2	6	0	0	2	down	1.0	-3.8854748727821615	-0.7562187990637715	0.4495180234049338	861.0	0.0001165137457817	0.0	0.7910632736165916	0.3954977386205085	True	345.0	False	False	False				top_300
CRA	s__Methanosphaera_stadtmanae	3	6	0	0	2	down	1.0	-3.1341753666618524	-0.860095376047009	0.3897364699020236	707.0	0.000244660614759	0.0	0.7502239771540968	0.3911734811195765	True	345.0	False	False	False				top_300
CRA	s__TM7_phylum_sp_oral_taxon_348	3	6	0	0	2	down	1.0	-2.60540484572105	-1.00329826368496	0.3157169736401474	472.0	0.0008053340505517	0.0	0.7135743522701183	0.3818501352226145	True	345.0	False	False	False				top_300
CRA	s__GGB3569_SGB4776	2	6	0	0	2	down	1.0	-2.438967908711781	-1.0825539115537215	0.2790064737138159	772.5	0.0001862324276765	0.0	0.7037536030488808	0.3721361836732439	True	345.0	False	False	False				top_300
CRA	s__Jutongia_hominis	6	6	0	0	2	down	0.6666666666666666	-2.2922623013184023	-1.8871303407400528	0.0591427967096844	437.0	0.0006309926000237	0.0	0.575897090998541	0.3662349239205376	True	345.0	False	False	False				top_300
CRA	s__Raoultella_ornithinolytica	2	6	0	0	2	down	1.0	-1.733282114252201	-1.825806189887356	0.0678794606088971	473.5	0.0004380717286409	0.0	0.6172643708857154	0.3631725045083607	True	345.0	False	False	False				top_300
CRA	s__Enterobacter_ludwigii	3	6	0	0	2	down	0.6666666666666666	-3.234808454706192	-1.2101124193068873	0.226235758250633	453.0	0.0005738001375472	0.0	0.6792351611307831	0.3622550723827757	True	345.0	False	False	False				top_300
CRA	s__Dysosmobacter_sp_Marseille_Q4140	2	6	0	0	2	down	1.0	-1.7288175454414063	-1.7498110432840412	0.0801509244765648	594.0	0.0003872598588019	0.0	0.6172643708857154	0.3622370488065832	True	345.0	False	False	False				top_300
CRA	s__Christensenella_minuta	6	6	0	0	2	up	0.8333333333333334	1.4206053838093342	2.1413548864828744	0.0322454300656773	349.0	0.0007752977106708	0.0	0.4956792536490402	0.3608328888946072	True	345.0	False	False	False				top_300
CRA	s__Jilunia_laotingensis	2	6	0	0	2	down	1.0	-2.02619332495488	-1.3212321559049762	0.1864239675337673	669.5	0.0002791556692526	0.0	0.6636214493552994	0.3608236670389268	True	345.0	False	False	False				top_300
CRA	s__Streptococcus_cristatus	5	6	0	0	2	down	1.0	-2.360409423364008	-1.0760761983833629	0.2818931794954193	698.0	0.0002379561587141	0.0	0.7037536030488808	0.360149779576639	True	345.0	False	False	False				top_300
CRA	s__Phascolarctobacterium_succinatutens	6	6	1	1	2	up	0.8333333333333334	0.5620774371360553	2.916674946427706	0.0035378425722732	311.5	0.0021795569386406	0.1666666666666666	0.220286276471749	0.3590338254393011	True	110.0	True	False	False				top_300
CRA	s__GGB1689_SGB2321	3	6	0	0	2	down	1.0	-2.788359311683328	-0.8749258243942667	0.3816142667033533	544.0	0.0001937400982137	0.0	0.7452254364210485	0.3561078644561037	True	345.0	False	False	False				top_300
CRA	s__Megasphaera_elsdenii	3	6	0	0	2	down	1.0	-1.7109052155461182	-1.4075013065762028	0.1592787900878292	815.0	0.0002388040129479	0.0	0.6206670078418502	0.3543991978430055	True	345.0	False	False	False				top_300
CRA	s__GGB9355_SGB14328	2	6	1	1	2	up	1.0	1.5259665383114114	1.6638005663768816	0.0961522907759936	562.5	0.0009483560410104	0.1	0.6172643708857154	0.351707314956611	True	188.0	False	False	False				top_300
CRA	s__Ligilactobacillus_ruminis	2	6	0	0	2	down	1.0	-1.6721204075208431	-1.8153040707419956	0.0694771937731528	948.5	4.20405181752183e-05	0.0	0.6172643708857154	0.3503573660891795	True	345.0	False	False	False				top_300
CRA	s__GGB9711_SGB15240	2	6	0	0	2	down	1.0	-2.29402036226332	-1.0845319448423534	0.2781290110741193	695.0	0.0001841093822749	0.0	0.7037536030488808	0.3500201785485103	True	345.0	False	False	False				top_300
CRA	s__Parasutterella_secunda	3	6	0	0	2	up	1.0	1.6524432902473958	1.486862945490779	0.1370510125995539	420.0	0.0005736542334877	0.0	0.6172643708857154	0.3462344435118668	True	345.0	False	False	False				top_300
CRA	s__Romboutsia_timonensis	6	6	1	2	2	down	0.6666666666666666	-1.0190819533233382	-2.497562170356948	0.0125050535447672	128.5	0.0027640181509016	0.1	0.3444188476313012	0.3459473428852996	True	160.0	True	False	False				top_300
CRA	s__GGB3281_SGB4335	4	6	0	0	2	down	1.0	-1.6398024151367527	-1.6743609750816235	0.0940596775828125	630.5	0.0002460521100028	0.0	0.6172643708857154	0.3435858162426179	True	345.0	False	False	False				top_300
CRA	s__GGB4644_SGB6428	5	6	0	0	2	down	0.8	-2.756634329024318	-1.0901603192777007	0.2756425293467885	680.0	0.000167659959015	0.0	0.7037536030488808	0.3364844204211265	True	345.0	False	False	False				top_300
CRA	s__Streptococcus_rubneri	5	6	0	0	2	down	1.0	-1.599636194995813	-1.549814504694599	0.1211860446174089	578.0	0.0005051719326366	0.0	0.6172643708857154	0.3351698367287968	True	345.0	False	False	False				top_300
CRA	s__GGB58233_SGB79883	6	6	0	1	2	up	1.0	1.5498625435298932	1.4464822415658891	0.148041989380994	442.5	0.0006610391109663	0.0333333333333333	0.6206670078418502	0.3317419565052924	True	296.0	False	False	False				top_300
CRA	s__GGB4555_SGB6286	2	6	0	0	2	down	1.0	-1.9457364234138008	-1.1998518839882544	0.230196869683657	855.5	0.0001995234946141	0.0	0.6792351611307831	0.3268444942432871	True	345.0	False	False	False				top_300
CRA	s__Collinsella_sp_AF08_23	2	6	0	0	2	up	1.0	2.007612436855689	1.176635667785474	0.2393409551308305	496.5	0.0008190316863225	0.0	0.6883700036948667	0.3255906956246069	True	345.0	False	False	False				top_300
CRA	s__GGB3433_SGB4574	5	6	0	0	2	down	0.8	-3.0369040656954702	-0.8904195803561563	0.3732406324536783	628.0	0.0004142015117865	0.0	0.7423696789929343	0.3143311706841365	True	345.0	False	False	False				top_300
CRA	s__GGB4884_SGB6823	2	6	0	0	2	down	1.0	-3.2769002181692346	-0.7095092819185592	0.4780084935614423	700.0	0.0001288028992364	0.0	0.8023908450753472	0.3133176523721584	True	345.0	False	False	False				top_300
CRA	s__GGB5997_SGB8620	2	6	0	0	2	down	1.0	-3.973605789575514	-0.6129769818675915	0.5398915597690997	633.0	0.0002905975593179	0.0	0.8340012327490616	0.3132524867951594	True	345.0	False	False	False				top_300
CRA	s__Rubneribacter_badeniensis	3	6	0	0	2	down	1.0	-3.2793122780506607	-0.6901939417227646	0.4900722326750283	691.0	0.0001740292786391	0.0	0.8027896956622188	0.3128405233452174	True	345.0	False	False	False				top_300
CRA	s__GGB3828_SGB5197	5	6	0	0	2	down	0.8	-1.4526697956994463	-1.9637878666498176	0.0495546977549224	355.0	0.0009473628039709	0.0	0.5382405897099691	0.3126419134398375	True	345.0	False	False	False				top_300
CRA	s__Desulfovibrio_piger	6	6	0	0	2	up	1.0	0.6649264547934416	2.5177094845307963	0.0118120704327159	378.5	0.0005961569110858	0.0	0.3416425812336373	0.3101403201405312	True	345.0	False	False	False				top_300
CRA	s__GGB9370_SGB14351	2	6	0	0	2	up	1.0	1.4783386443745252	1.645660170743653	0.0998337435032192	812.0	0.0002228332855786	0.0	0.6172643708857154	0.3097545076905297	True	345.0	False	False	False				top_300
CRA	s__Schaalia_SGB17153	5	6	0	0	2	down	0.8	-3.789833526465464	-0.7467874898543727	0.4551918482586591	669.0	0.0002797448069306	0.0	0.7910632736165916	0.3086100182945256	True	345.0	False	False	False				top_300
CRA	s__Roseburia_sp_AM23_20	2	6	0	1	2	down	1.0	-1.3389065683957553	-1.5595663157519832	0.1188624017777937	422.0	0.001087540015427	0.1	0.6172643708857154	0.3085934208421952	True	188.0	False	False	False				top_300
CRA	s__Anaerotignum_sp_MSJ_24	6	6	0	1	2	down	0.6666666666666666	-0.9121621599331402	-2.604668723891262	0.0091963129089437	496.0	0.0005761078726569	0.0333333333333333	0.3258822098002416	0.305982156746332	True	296.0	False	False	False				top_300
CRA	s__GGB9347_SGB14313	6	6	0	0	2	down	1.0	-1.3239238359973289	-1.8640260069762928	0.062318052241475	537.5	0.0004754102485335	0.0	0.5887606679790516	0.3045835205105633	True	345.0	False	False	False				top_300
CRA	s__Streptococcus_thermophilus	6	6	2	4	2	down	0.8333333333333334	-1.236113146272092	-1.8217103699027657	0.0684989436702236	53.5	0.0042144668581179	0.4000000000000001	0.6172643708857154	0.3021681741316131	True	25.0	True	False	False				top_300
CRA	s__GGB4569_SGB6312	2	6	0	0	2	down	1.0	-2.7319553434016486	-0.8036407918346163	0.4216044575306041	912.5	7.6127313119481e-05	0.0	0.7758858929640224	0.301067337068926	True	345.0	False	False	False				top_300
CRA	s__Hydrogenoanaerobacterium_saccharovorans	6	6	0	4	2	up	0.8333333333333334	0.4489062505130901	2.832574329362449	0.0046174829495793	91.0	0.0031711559793799	0.2333333333333333	0.227376054335349	0.2967824608150805	True	66.0	True	False	False				top_300
CRA	s__Anaerobutyricum_hallii	6	6	1	5	2	down	0.8333333333333334	-0.7085069380475301	-2.301069027670753	0.0213877296767595	70.5	0.0048430047326792	0.3666666666666667	0.4305761600200838	0.2952889790394819	True	33.0	True	False	False				top_300
CRA	s__Alistipes_provencensis	2	6	0	0	2	up	1.0	1.907271745223644	1.0666950772498505	0.2861095507961837	542.0	0.0005807916831251	0.0	0.7037536030488808	0.2910103187336398	True	345.0	False	False	False				top_300
CRA	s__GGB9061_SGB13979	3	6	0	0	2	up	1.0	1.3842398023816025	1.7700561497856553	0.0767177874014585	579.0	0.0003505554076792	0.0	0.6172643708857154	0.2900380911666967	True	345.0	False	False	False				top_300
CRA	s__Streptococcus_vestibularis	5	6	0	0	2	down	0.8	-2.415941412645172	-0.9935702589363749	0.320432129450852	472.0	0.0008694356472774	0.0	0.7135743522701183	0.2832657831656599	True	345.0	False	False	False				top_300
CRA	s__GGB2982_SGB3964	6	6	1	2	2	up	0.6666666666666666	0.5416346371182319	2.9550065115875	0.0031266245178562	230.0	0.0021998058303019	0.1333333333333333	0.2032305936606591	0.2831951274147412	True	133.0	True	False	False				top_300
CRA	s__GGB42639_SGB59836	5	6	0	0	2	down	0.8	-2.252810325546486	-1.1408291021754835	0.253941047469885	675.0	0.0002394842024321	0.0	0.6964687713858901	0.2831302314582077	True	345.0	False	False	False				top_300
CRA	s__Leuconostoc_mesenteroides	2	6	0	0	2	down	1.0	-1.9064986601648664	-0.970671062287442	0.3317121064377374	597.5	0.0002653914402068	0.0	0.7135743522701183	0.2794179078853341	True	345.0	False	False	False				top_300
CRA	s__GGB9695_SGB15211	4	6	0	0	2	up	1.0	1.3062271187649788	1.80073990727583	0.0717438844089553	668.0	0.000357599506296	0.0	0.6172643708857154	0.273692187946729	True	345.0	False	False	False				top_300
CRA	s__Blautia_producta	5	6	0	0	2	down	0.8	-1.78995180073337	-1.3620876158790525	0.1731702361259087	118.0	0.001874498793999	0.0	0.6472057971643268	0.2705799989779513	True	345.0	False	False	False				top_300
CRA	s__Enterococcus_faecalis	5	6	0	0	2	up	0.8	1.6318855831576236	1.4391636035155475	0.1501041748353049	506.0	0.0006829467508997	0.0	0.6206670078418502	0.2704247722843125	True	345.0	False	False	False				top_300
CRA	s__GGB2848_SGB3813	6	6	0	0	2	down	1.0	-0.8781262924180542	-2.1424339296785893	0.0321585800223743	388.0	0.000636165387595	0.0	0.4956792536490402	0.2676522422218644	True	345.0	False	False	False				top_300
CRA	s__Dysosmobacter_welbionis	6	6	0	5	2	up	0.8333333333333334	0.3438842736317629	2.83377071799014	0.0046002324929698	73.0	0.0036394820276934	0.4333333333333333	0.227376054335349	0.2642175285011594	True	20.0	True	False	False				top_300
CRA	s__Schaalia_SGB17158	5	6	0	0	2	down	0.6	-3.0998883768082144	-0.945286238465528	0.3445127621705296	509.0	0.0006920766511248	0.0	0.7212644536717594	0.2639346716659956	True	345.0	False	False	False				top_300
CRA	s__Hydrogenoanaerobacterium_SGB53821	5	6	0	1	2	up	0.6	0.996902517033014	2.3907028008864826	0.016816159078547	315.0	0.0009760853232887	0.08	0.3903751214662718	0.2638996138395494	True	199.0	False	False	False				top_300
CRA	s__GGB9116_SGB14049	3	6	0	0	2	up	1.0	2.054160661282637	0.876734658226335	0.3806307772297806	655.0	0.0002207401049741	0.0	0.7452254364210485	0.2623416441611647	True	345.0	False	False	False				top_300
CRA	s__Blautia_sp_MCC283	5	6	0	3	2	down	0.8	-1.3938294642277462	-1.195261358945071	0.2319849319554366	38.0	0.0036512861132253	0.36	0.6792351611307831	0.2547391533234542	True	37.0	True	False	False				top_300
CRA	s__Holdemania_filiformis	6	6	0	0	2	up	0.8333333333333334	0.6306269383494083	2.5733813724324297	0.0100710164992641	148.0	0.0020450165797023	0.0	0.3330876681815434	0.2509061976628619	True	345.0	False	False	False				top_300
CRA	s__GGB4597_SGB6359	3	6	0	0	2	down	0.6666666666666666	-3.0131242914458847	-0.8604308138921638	0.3895516061591396	662.0	0.0001676986443492	0.0	0.7502239771540968	0.2507101401468387	True	345.0	False	False	False				top_300
CRA	s__GGB3001_SGB3992	3	6	0	0	2	down	1.0	-2.4421455292752148	-0.7687400955460493	0.4420476172282269	508.0	0.0004409060722841	0.0	0.7910632736165916	0.248583008727305	True	345.0	False	False	False				top_300
CRA	s__Bifidobacterium_animalis	4	6	0	0	2	down	1.0	-1.6719062409413497	-0.9914146847220208	0.3214831326501899	451.5	0.0007364592732506	0.0	0.7135743522701183	0.2450358627495008	True	345.0	False	False	False				top_300
CRA	s__Bacteroides_nordii	6	6	0	2	2	up	0.6666666666666666	0.5055979416269059	2.898713461910708	0.0037469715237607	193.5	0.0017966835007763	0.1	0.220286276471749	0.2436017444090948	True	160.0	True	False	False				top_300
CRA	s__Eubacterium_brachy	3	6	0	0	2	down	0.6666666666666666	-3.669418508517297	-0.7255576114192671	0.4681100148401974	535.0	0.0003495845465311	0.0	0.7951406682806583	0.2435418347371854	True	345.0	False	False	False				top_300
CRA	s__Streptococcus_salivarius	6	6	1	6	2	down	0.6666666666666666	-0.7681558323933431	-2.058754267381561	0.0395177847040264	21.0	0.0061755052653234	0.6333333333333334	0.5137312011523434	0.241950972148429	True	1.0	True	False	False				top_300
CRA	s__Peptostreptococcus_stomatis	3	6	0	0	2	down	0.6666666666666666	-3.2486054950827805	-0.8088954128321214	0.4185753076950759	560.0	0.0008948427424595	0.0	0.7736883878642707	0.2413365661213657	True	345.0	False	False	False				top_300
CRA	s__GGB9636_SGB15107	5	6	0	0	2	down	0.6	-2.6079586826286256	-1.073317752547178	0.283128572720464	511.0	0.0004664526656728	0.0	0.7037536030488808	0.238752413559273	True	345.0	False	False	False				top_300
CRA	s__GGB4588_SGB6347	6	6	0	0	2	down	1.0	-1.3607530939871937	-1.2779373329833326	0.2012715232700316	693.0	0.0003237600281679	0.0	0.669016398799966	0.2375374645172583	True	345.0	False	False	False				top_300
CRA	s__GGB3511_SGB4688	5	6	0	0	2	down	0.8	-2.086610868617231	-0.9437320910841924	0.3453065706494621	680.0	0.0004528421391051	0.0	0.7212644536717594	0.2368811980988133	True	345.0	False	False	False				top_300
CRA	s__Lachnoclostridium_sp_An14	2	6	0	0	2	down	1.0	-1.1269872665755805	-1.743691728942894	0.0812128583976475	764.5	0.0004343767747715	0.0	0.6172643708857154	0.2361362785583624	True	345.0	False	False	False				top_300
CRA	s__Actinomyces_oris	5	6	0	0	2	down	0.8	-2.390123435967246	-0.8551753433228764	0.3924540840862717	550.0	0.0005879973737225	0.0	0.7526919373136046	0.2359199751583215	True	345.0	False	False	False				top_300
CRA	s__GGB9691_SGB15198	5	6	0	0	2	up	0.8	1.0159001950588111	2.0466843649592903	0.0406890853675982	662.0	0.0002982637524604	0.0	0.5165252625971981	0.2331762663017697	True	345.0	False	False	False				top_300
CRA	s__GGB9238_SGB14180	4	6	0	0	2	down	0.75	-2.018535262666963	-1.0758502621676898	0.281994229242319	692.0	0.000263895449006	0.0	0.7037536030488808	0.23099012698434	True	345.0	False	False	False				top_300
CRA	s__Alistipes_indistinctus	6	6	0	5	2	up	0.8333333333333334	0.6290484432709451	2.2943405656541835	0.0217709441916664	118.0	0.002500338242247	0.1999999999999999	0.4305761600200838	0.2302002902081674	True	99.0	True	False	False				top_300
CRA	s__Clostridium_sp_NSJ_42	5	6	0	0	2	down	1.0	-1.503635791922456	-1.1031987234275946	0.2699408755945305	516.0	0.0005425262832769	0.0	0.7037536030488808	0.2294237998137773	True	345.0	False	False	False				top_300
CRA	s__Clostridium_sp_C5_48	2	6	0	0	2	up	1.0	2.333758623528163	0.7050561196926227	0.480775312551802	511.0	0.0006210938893911	0.0	0.8023908450753472	0.2231400788686941	True	345.0	False	False	False				top_300
CRA	s__GGB2657_SGB3578	5	6	0	0	2	down	0.6	-2.4259599863819026	-1.112691610878157	0.2658408997431241	815.0	0.0001917376950467	0.0	0.7037536030488808	0.2220908658580076	True	345.0	False	False	False				top_300
CRA	s__GGB3167_SGB4181	5	6	0	0	2	down	0.8	-2.762169616271726	-0.7173897967747587	0.4731336135403596	680.0	0.0001598371119215	0.0	0.7967275875679631	0.218079135183358	True	345.0	False	False	False				top_300
CRA	s__GGB9342_SGB14306	6	6	0	1	2	down	0.8333333333333334	-0.6772621848193957	-2.3537064225090547	0.0185872845074356	362.0	0.0008495927154676	0.0333333333333333	0.4254132017546891	0.2164767011278028	True	296.0	False	False	False				top_300
CRA	s__GGB3057_SGB71294	2	6	0	0	2	up	1.0	0.7538984571206917	2.047763386967442	0.0405831894857305	535.0	0.0005012795228961	0.0	0.5165252625971981	0.2162998248463411	True	345.0	False	False	False				top_300
CRA	s__GGB3619_SGB4894	6	6	0	0	2	down	0.8333333333333334	-0.943710442814641	-1.9976549698817	0.0457540792886635	257.0	0.0011469029597322	0.0	0.5308707200127667	0.216275805956882	True	345.0	False	False	False				top_300
CRA	s__GGB1627_SGB2230	4	6	0	0	2	down	1.0	-1.872632993415944	-0.8188870211922133	0.41285087550776	588.0	0.0005088816289625	0.0	0.7702441707234329	0.2123033608078766	True	345.0	False	False	False				top_300
CRA	s__GGB40351_SGB14301	2	6	0	0	2	up	1.0	1.4417993605870545	1.0120004653068009	0.3115378309454043	695.0	0.0002544858361314	0.0	0.7135743522701183	0.2113112216353769	True	345.0	False	False	False				top_300
CRA	s__Anaerostipes_hadrus	6	6	1	6	2	down	0.8333333333333334	-0.8046699133931008	-1.7026219599906496	0.0886388377594342	52.0	0.0060383796343315	0.5000000000000001	0.6172643708857154	0.2107518918491077	True	12.0	True	False	False				top_300
CRA	s__Clostridium_saccharogumia	4	6	0	0	2	down	0.75	-1.3213911427397504	-1.6226530380116682	0.1046635957253811	564.0	0.0004480167722005	0.0	0.6172643708857154	0.2076521156587668	True	345.0	False	False	False				top_300
CRA	s__Bacteroides_mediterraneensis	2	6	0	0	2	up	1.0	2.059073301944984	0.7406584539248942	0.4589005559513849	825.0	0.0001035580933283	0.0	0.793096887591876	0.2072946399999173	True	345.0	False	False	False				top_300
CRA	s__GGB9089_SGB14018	3	6	0	0	2	down	1.0	-0.9870065341772338	-1.5402492617485122	0.1234996062683242	823.0	0.0002322770280996	0.0	0.6172643708857154	0.2068062850448973	True	345.0	False	False	False				top_300
CRA	s__Clostridium_SGB47280	4	6	0	0	2	down	1.0	-2.0685239611253112	-0.7252858430374907	0.468276688950517	713.0	0.0003163099438839	0.0	0.7951406682806583	0.2059340408518221	True	345.0	False	False	False				top_300
CRA	s__Streptococcus_gallolyticus	2	6	0	1	2	down	1.0	-0.1888420826381235	-3.4181442154454778	0.0006304968946056	442.5	0.0018413410363348	0.1	0.1023452564281419	0.2056349610861736	True	188.0	False	False	False				top_300
CRA	s__Parabacteroides_faecis	2	6	1	1	2	up	1.0	1.167081924903682	0.976577950569707	0.3287781395108556	444.5	0.0025874189546635	0.2	0.7135743522701183	0.2052581079238788	True	92.0	True	False	False				top_300
CRA	s__GGB9210_SGB14149	2	6	0	0	2	down	1.0	-1.10496357650064	-1.3488064117094982	0.1773991547348428	625.0	0.000386964561339	0.0	0.6532073463544495	0.2043618417443741	True	345.0	False	False	False				top_300
CRA	s__GGB1550_SGB2135	2	6	0	0	2	up	1.0	0.9747760780964342	1.533711247672029	0.1251007054522847	534.5	0.0005027661175858	0.0	0.6172643708857154	0.2042436523784546	True	345.0	False	False	False				top_300
CRA	s__Lactococcus_laudensis	2	6	0	0	2	down	1.0	-1.2014246753831452	-1.213671074124804	0.2248733543613313	693.5	0.0001317921870301	0.0	0.6792351611307831	0.2018151254567424	True	345.0	False	False	False				top_300
CRA	s__GGB3717_SGB5040	3	6	0	0	2	down	0.6666666666666666	-2.4493789140012634	-0.8497745238331228	0.3954504561909603	814.0	1.9878059197779445e-05	0.0	0.7551198487782732	0.1991902109383625	True	345.0	False	False	False				top_300
CRA	s__Bianquea_renquensis	5	6	0	0	2	down	0.8	-1.3272667514854617	-1.3464453581670148	0.1781589312178723	401.0	0.00067315062581	0.0	0.6532073463544495	0.1963812625778326	True	345.0	False	False	False				top_300
CRA	s__Oribacterium_sinus	3	6	0	0	2	down	0.6666666666666666	-1.525052709278822	1.3724532654515182	0.1699223780533657	424.0	0.000484603032832	0.0	0.6409825489503717	0.1963798114252215	True	345.0	False	False	False				top_300
CRA	s__Bacteroides_caccae	6	6	0	5	2	up	1.0	0.5255981596778333	2.122768481611086	0.0337732572155309	69.5	0.0032137419010994	0.2333333333333333	0.5032769762271248	0.1932999127472605	True	66.0	True	False	False				top_300
CRA	s__GGB51441_SGB71759	6	6	1	3	2	down	0.6666666666666666	-1.211882221418706	-1.3709108606167248	0.1704027453209603	128.0	0.0039661115457573	0.2333333333333333	0.6409825489503717	0.1924654893250666	True	77.0	True	False	False				top_300
CRA	s__Turicibacter_bilis	6	6	0	1	2	down	0.8333333333333334	-1.1705523540243656	-1.346520871887668	0.1781345938089533	317.0	0.0016883080838534	0.0666666666666666	0.6532073463544495	0.1924377036404459	True	214.0	False	False	False				top_300
CRA	s__GGB74802_SGB47402	2	6	0	0	2	down	1.0	-1.308546719907172	-1.022286059062053	0.3066455294631925	940.5	0.0001514995182575	0.0	0.7135743522701183	0.1917816122750697	True	345.0	False	False	False				top_300
CRA	s__GGB45432_SGB63101	5	6	0	3	2	down	0.8	-0.5647221411979834	-2.29049729155867	0.0219925054041027	80.0	0.0022138754322811	0.16	0.4305761600200838	0.1917805530310441	True	129.0	True	False	False				top_300
CRA	s__Veillonella_dispar	6	6	0	3	2	down	0.6666666666666666	-1.4984403970669442	-1.2550406675906571	0.2094639972898208	265.5	0.0017732035216816	0.1333333333333333	0.678518310417376	0.1906984028670426	True	133.0	True	False	False				top_300
CRA	s__Clostridium_sp_AF12_28	6	6	0	0	2	down	1.0	-0.8308248019071452	-1.8530837770486115	0.0638703517049633	363.5	0.0006563038801577	0.0	0.5897120540941221	0.1905579723054485	True	345.0	False	False	False				top_300
CRA	s__Ruminococcus_sp_AF41_9	5	6	0	0	2	down	0.8	-1.4881928968106666	-1.1651199122368776	0.2439704577788147	355.0	0.0008443332019984	0.0	0.6918882964931483	0.1904458493629302	True	345.0	False	False	False				top_300
CRA	s__GGB9623_SGB15075	4	6	0	0	2	up	1.0	0.918576617381004	1.449734399051193	0.1471325992638956	641.0	0.0001841864904987	0.0	0.6206670078418502	0.190275190816609	True	345.0	False	False	False				top_300
CRA	s__GGB35597_SGB49163	2	6	0	0	2	down	1.0	-1.5226488899736963	-0.8609285411616402	0.3892774011140182	798.5	0.0001090963528358	0.0	0.7502239771540968	0.1900403765371472	True	345.0	False	False	False				top_300
CRA	s__Senegalimassilia_faecalis	5	6	0	0	2	down	0.6	-2.0650376374933628	1.0733272763359334	0.2831243011105488	552.0	0.0003212647006988	0.0	0.7037536030488808	0.1890492833825648	True	345.0	False	False	False				top_300
CRA	s__Scardovia_wiggsiae	4	6	0	0	2	down	0.75	-2.499457584222291	-0.7279880083377059	0.4666209269808273	685.0	0.0001922970884662	0.0	0.7951406682806583	0.1866270623147429	True	345.0	False	False	False				top_300
CRA	s__Enterococcus_faecium	5	6	0	1	2	down	0.8	-2.2008711393309546	-0.7637887176296247	0.4449931613464172	394.0	0.0010809583268699	0.04	0.7910632736165916	0.1863879542314691	True	253.0	False	False	False				top_300
CRA	s__Bacteroides_uniformis	6	6	0	6	2	up	1.0	0.3093686454471897	2.3266116818514755	0.0199859422277263	21.0	0.0060168235495112	0.6333333333333334	0.4305761600200838	0.1849153210974685	True	1.0	True	False	False				top_300
CRA	s__GGB3600_SGB4860	2	6	0	0	2	up	1.0	1.645721142295943	0.8138671820255141	0.4157210430519543	913.5	9.279214718088524e-05	0.0	0.7720533656679153	0.1849011799459782	True	345.0	False	False	False				top_300
CRA	s__GGB9712_SGB15244	6	6	0	1	2	up	0.8333333333333334	0.7771543650264666	1.98886031304392	0.0467166233611234	329.0	0.001137750253871	0.0333333333333333	0.5308707200127667	0.1840419846924968	True	296.0	False	False	False				top_300
CRA	s__Pyramidobacter_piscolens	4	6	0	0	2	down	0.75	-2.86571656853402	-0.6414255314362395	0.5212462493845564	332.0	0.0010638602163608	0.0	0.8231536980076815	0.1816557667271465	True	345.0	False	False	False				top_300
CRA	s__GGB3169_SGB4183	2	6	0	0	2	up	1.0	1.4333477003031303	0.8702904756642087	0.3841416825509501	806.5	0.0002601067591325	0.0	0.747581118736879	0.1810915506065772	True	345.0	False	False	False				top_300
CRA	s__Eubacterium_ventriosum	6	6	0	4	2	down	0.6666666666666666	-0.9841596393322024	-1.5889355579667317	0.1120749423376265	74.5	0.0041489009873984	0.3	0.6172643708857154	0.1787151414638509	True	49.0	True	False	False				top_300
CRA	s__GGB9302_SGB14263	5	6	0	0	2	down	0.6	-1.41308727374756	-1.497450651152515	0.1342760371349842	415.0	0.0006351756351251	0.0	0.6172643708857154	0.1776494801657385	True	345.0	False	False	False				top_300
CRA	s__GGB3818_SGB5183	3	6	0	0	2	up	0.6666666666666666	1.5850804804235594	1.227682374016405	0.2195662256182873	436.0	0.0005606623935437	0.0	0.6792351611307831	0.177507710953635	True	345.0	False	False	False				top_300
CRA	s__GGB9719_SGB15273	5	6	0	0	2	up	1.0	0.4188452055839804	2.4194416210599483	0.0155443556207495	351.0	0.0010124387362745	0.0	0.3770086251301199	0.1774432327005511	True	345.0	False	False	False				top_300
CRA	s__GGB4578_SGB6328	5	6	1	0	2	down	0.6	-1.924687465894192	-1.0985951505563472	0.2719446939031447	643.0	0.0007106925357709	0.0	0.7037536030488808	0.1762005590389009	True	345.0	False	False	False				top_300
CRA	s__Holdemanella_porci	5	6	0	1	2	down	0.6	-1.785639300080164	1.152850976408197	0.2489715568149196	200.0	0.0014551834735632	0.04	0.6964687713858901	0.1750450984832663	True	253.0	False	False	False				top_300
CRA	s__Jingyaoa_shaoxingensis	4	6	0	0	2	down	1.0	-1.0342574563387503	-1.2142664463301462	0.2246459942067802	402.0	0.0006968806518881	0.0	0.6792351611307831	0.1737344026490972	True	345.0	False	False	False				top_300
CRA	s__GGB4266_SGB5809	3	6	0	0	2	down	0.6666666666666666	-2.9333785895633566	-0.6581167762790778	0.5104630966412089	766.0	6.963693771903877e-05	0.0	0.8151298764474217	0.1736035806003878	True	345.0	False	False	False				top_300
CRA	s__GGB3550_SGB4746	6	6	0	1	2	up	0.6666666666666666	0.3956440883383858	2.815978091046281	0.0048628982787286	222.0	0.0013657901016899	0.0333333333333333	0.2324179324392347	0.172726263712199	True	296.0	False	False	False				top_300
CRA	s__Lactobacillus_acidophilus	2	6	0	0	2	up	1.0	0.8206370864898773	1.5161128700499815	0.1294908145285875	637.0	0.0005136038659647	0.0	0.6172643708857154	0.1719470959414791	True	345.0	False	False	False				top_300
CRA	s__Blautia_caecimuris	6	6	0	2	2	down	0.8333333333333334	-1.3203347750203605	-0.9342211814385524	0.3501898117684375	152.0	0.0018437195833233	0.1	0.7234939413089087	0.1701269089091293	True	160.0	True	False	False				top_300
CRA	s__GGB9380_SGB72486	2	6	0	0	2	up	1.0	1.38245448461422	0.8517542858778939	0.3943504836419583	813.5	0.0002733455547284	0.0	0.7539053363743321	0.169603915981357	True	345.0	False	False	False				top_300
CRA	s__GGB4750_SGB6579	3	6	0	0	2	down	0.6666666666666666	-2.49125707781886	0.744694987583163	0.4564561300127452	807.0	0.0002083074320005	0.0	0.7916128188588164	0.1685537731929879	True	345.0	False	False	False				top_300
CRA	s__Frisingicoccus_caecimuris	3	6	0	0	2	up	0.6666666666666666	1.2059912366965897	1.6907105110602294	0.090892105808709	507.0	0.0003728990387009	0.0	0.6172643708857154	0.1684599232269033	True	345.0	False	False	False				top_300
CRA	s__GGB4710_SGB6522	2	6	0	0	2	down	1.0	-1.6059452600493531	-0.7629208651700583	0.4455105917799968	903.0	5.048066006230881e-05	0.0	0.7910632736165916	0.163467205295051	True	345.0	False	False	False				top_300
CRA	s__GGB9185_SGB14124	4	6	0	1	2	down	0.75	-1.2272494573972934	-1.230686856044072	0.2184400059324426	309.0	0.001230106481393	0.05	0.6792351611307831	0.1623456199755005	True	245.0	False	False	False				top_300
CRA	s__Eubacteriaceae_bacterium_CHKCI004	2	6	0	0	2	up	1.0	0.9154649172959208	1.2719778615790134	0.2033809852351896	718.0	0.0002637298099458	0.0	0.669016398799966	0.1598065191031791	True	345.0	False	False	False				top_300
CRA	s__GGB4651_SGB6438	4	6	0	0	2	down	1.0	-1.3811265769103116	-0.8213723674066902	0.4114341982406245	550.0	0.0002605314699938	0.0	0.76848341625404	0.157953231623806	True	345.0	False	False	False				top_300
CRA	s__Anaerotignum_faecicola	6	6	0	2	2	up	1.0	0.4913067382441749	2.083897692328	0.0371694743121581	144.0	0.0023498999379407	0.1	0.5118677606547201	0.1571820183608424	True	160.0	True	False	False				top_300
CRA	s__Megasphaera_massiliensis	2	6	0	0	2	up	1.0	0.7499518069514565	1.6776619712665362	0.0934131073577922	527.5	0.0005374113500687	0.0	0.6172643708857154	0.1571364948334666	True	345.0	False	False	False				top_300
CRA	s__GGB4559_SGB6293	4	6	0	0	2	down	0.75	-1.467166899486653	0.94488021734222	0.3447200322508925	742.5	0.0001419852023291	0.0	0.7212644536717594	0.1561492571766174	True	345.0	False	False	False				top_300
CRA	s__Eubacterium_sp_AF16_48	6	6	0	2	2	down	0.6666666666666666	-1.4513086868245044	-0.9668311727683838	0.3336284382434411	253.5	0.0014369591131187	0.1	0.7135743522701183	0.1559836049142818	True	160.0	True	False	False				top_300
CRA	s__GGB3654_SGB4965	2	6	0	0	2	up	1.0	0.7418310619173129	1.5646791970382443	0.1176581486535448	857.0	0.0001642368895274	0.0	0.6172643708857154	0.1554349649507815	True	345.0	False	False	False				top_300
CRA	s__GGB9782_SGB15403	5	6	0	0	2	down	0.6	-1.5325922719093752	-1.2321713463712547	0.2178850844351457	441.0	0.0009681969892253	0.0	0.6792351611307831	0.1544667633187003	True	345.0	False	False	False				top_300
CRA	s__Parabacteroides_gordonii	4	6	0	0	2	down	0.75	-1.2967087968401432	-1.134655903709527	0.256519520066872	414.0	0.0004769790577669	0.0	0.6964687713858901	0.1527831111739499	True	345.0	False	False	False				top_300
CRA	s__GGB12785_SGB19823	3	6	0	0	2	down	0.6666666666666666	-2.9234613357176955	0.6074119580141267	0.5435775546221819	516.0	0.0003403714535827	0.0	0.8356797788657008	0.1519422379145089	True	345.0	False	False	False				top_300
CRA	s__GGB4769_SGB6602	3	6	0	0	2	up	1.0	0.8914555762761825	1.199310109715155	0.2304073855054302	634.0	0.0005895036907616	0.0	0.6792351611307831	0.1497465655996417	True	345.0	False	False	False				top_300
CRA	s__Lachnoclostridium_phocaeense	3	6	0	0	2	down	0.6666666666666666	-1.0840044462197218	-1.457992663716917	0.1448425651720405	815.0	0.0001133011821215	0.0	0.6206670078418502	0.1496947552316213	True	345.0	False	False	False				top_300
CRA	s__GGB34797_SGB14322	5	6	0	1	2	down	1.0	-0.6668018903848879	-1.40966972636894	0.1586372278255333	385.0	0.0013354583925297	0.08	0.6206670078418502	0.1491720155852975	True	199.0	False	False	False				top_300
CRA	s__Clostridiaceae_bacterium	6	6	1	4	2	down	0.8333333333333334	-0.4316489296197112	-2.064675768676668	0.0389536887988488	86.5	0.0047395975676296	0.4333333333333333	0.5137312011523434	0.1491389550684776	True	20.0	True	False	False				top_300
CRA	s__Dialister_pneumosintes	3	6	0	0	2	down	0.6666666666666666	-1.067217297923703	-1.7149005322169564	0.0863634650732695	672.0	0.0003204498672984	0.0	0.6172643708857154	0.149075166223518	True	345.0	False	False	False				top_300
CRA	s__Intestinibacter_bartlettii	6	6	1	3	2	down	0.6666666666666666	-1.304171652445174	-1.0182513771845396	0.3085585090208489	162.5	0.0020718144653452	0.1666666666666666	0.7135743522701183	0.1486647547992821	True	110.0	True	False	False				top_300
CRA	s__Megasphaera_micronuciformis	5	6	0	0	2	down	0.6	-1.6742886514096045	-1.0235940778670471	0.3060270435797889	406.0	0.0006585186567892	0.0	0.7135743522701183	0.1472310183944971	True	345.0	False	False	False				top_300
CRA	s__GGB32900_SGB53446	5	6	0	0	2	down	0.8	-1.9108192596963571	-0.6953019765530343	0.4868660758426414	633.0	0.0003946766538785	0.0	0.8023908450753472	0.1461609117631421	True	345.0	False	False	False				top_300
CRA	s__Lachnoclostridium_edouardi	3	6	0	0	2	down	0.6666666666666666	-1.7677446360896574	0.8538685795922288	0.3931778106610213	353.0	0.0010021079741643	0.0	0.7526919373136046	0.145406113186701	True	345.0	False	False	False				top_300
CRA	s__GGB9715_SGB15260	6	6	0	0	2	up	0.8333333333333334	0.7222926071932507	1.8955908853005887	0.0580141634565302	309.5	0.0010451863334316	0.0	0.574835461078425	0.1447332625733494	True	345.0	False	False	False				top_300
CRA	s__GGB4579_SGB6329	3	6	0	0	2	up	0.6666666666666666	1.0356877312622734	1.7929788018882364	0.0729763136837054	657.0	6.26109503794056e-05	0.0	0.6172643708857154	0.1446709315843751	True	345.0	False	False	False				top_300
CRA	s__Lactobacillus_crispatus	2	6	0	0	2	down	1.0	-6.223120244652487	-0.1861163977642395	0.8523534830224931	679.0	0.0002011930726574	0.0	0.948031765853218	0.1442339452098168	True	345.0	False	False	False				top_300
CRA	s__GGB9064_SGB13983	5	6	0	1	2	up	0.8	0.8201123897810456	1.5913025704669546	0.1115414986163572	372.0	0.0007317879105825	0.04	0.6172643708857154	0.1429685145198714	True	253.0	False	False	False				top_300
CRA	s__GGB3304_SGB4367	6	6	0	2	2	up	0.8333333333333334	0.7437321573301819	1.822960360130622	0.0683093948306932	256.0	0.0016847182324011	0.1	0.6172643708857154	0.1428471909083375	True	160.0	True	False	False				top_300
CRA	s__Actinomyces_sp_ICM47	5	6	0	3	2	down	0.6	-1.1282498905288083	-1.2998682840778677	0.1936461169805775	163.0	0.0025367491318282	0.2	0.669016398799966	0.1418046859904762	True	92.0	True	False	False				top_300
CRA	s__Collinsella_SGB14754	3	6	0	0	2	down	0.6666666666666666	-2.7940976838066454	-0.5985146896942889	0.5494965602259904	556.0	0.0001902385388899	0.0	0.839221720269957	0.1417972619381573	True	345.0	False	False	False				top_300
CRA	s__GGB8965_SGB13825	3	6	0	0	2	down	0.6666666666666666	-3.773486134355153	-0.4447191184341421	0.6565227512341935	709.0	0.0002726543013378	0.0	0.8790754011794563	0.1408110877600134	True	345.0	False	False	False				top_300
CRA	s__GGB9533_SGB14936	4	6	0	0	2	down	0.75	-2.3304615983703787	-0.6155573184256178	0.5381867283217154	743.0	0.0001761117462079	0.0	0.8340012327490616	0.1377884967197757	True	345.0	False	False	False				top_300
CRA	s__GGB9724_SGB15278	5	6	1	1	2	up	1.0	0.6078186928253019	1.6139547349276304	0.1065372449294696	438.0	0.0013131561843202	0.08	0.6172643708857154	0.137543956610922	True	199.0	False	False	False				top_300
CRA	s__GGB6132_SGB8779	3	6	0	0	2	down	1.0	-2.361129143398695	-0.5098401752879418	0.6101634369553454	592.0	0.0001925220060163	0.0	0.8746220241942053	0.1373695271923796	True	345.0	False	False	False				top_300
CRA	s__Phocaeicola_plebeius	6	6	0	3	2	down	1.0	-0.6802168196322407	-1.177343064990053	0.2390586046903485	178.5	0.0038517232200062	0.2333333333333333	0.6883700036948667	0.1360567034139989	True	77.0	True	False	False				top_300
CRA	s__GGB9359_SGB14334	5	6	0	0	2	down	0.8	-1.071870488505966	-1.1416878952356275	0.2535837741247988	595.0	0.0004565390767404	0.0	0.6964687713858901	0.1347112697693706	True	345.0	False	False	False				top_300
CRA	s__GGB9616_SGB15051	6	6	0	0	2	down	0.6666666666666666	-0.9628366675183174	-1.5975094127435985	0.110152201196115	497.5	0.00082868198185	0.0	0.6172643708857154	0.1344946680827252	True	345.0	False	False	False				top_300
CRA	s__Collinsella_stercoris	2	6	0	0	2	up	1.0	1.4402512661360982	0.683441541788971	0.49432787762852	735.0	0.0002369603957779	0.0	0.808131590690488	0.1332490454962213	True	345.0	False	False	False				top_300
CRA	s__Anaerotruncus_rubiinfantis	6	6	0	2	2	up	0.8333333333333334	0.7048440575227926	1.6694021719821115	0.0950377034988602	183.5	0.0015348254441475	0.0666666666666666	0.6172643708857154	0.1312756645921372	True	214.0	False	False	False				top_300
CRA	s__Lacticaseibacillus_paracasei	5	6	0	0	2	down	0.6	-1.6795795847358763	-0.8977814101199211	0.3693020973319786	441.0	0.0010324906749159	0.0	0.7412234761611671	0.1310584355428008	True	345.0	False	False	False				top_300
CRA	s__Schaalia_odontolytica	6	6	0	0	2	down	0.6666666666666666	-1.3343088004854462	-0.9874983656336648	0.3233983837390337	265.0	0.0011963317335203	0.0	0.7135743522701183	0.1303715483938122	True	345.0	False	False	False				top_300
CRA	s__GGB9551_SGB14958	5	6	0	0	2	down	0.6	-1.3950827806368298	-1.1197698364494504	0.2628118562302313	514.0	0.0004363618092608	0.0	0.7007158137756295	0.129289085668199	True	345.0	False	False	False				top_300
CRA	s__Lachnospira_eligens	6	6	1	5	2	down	0.6666666666666666	-0.631437565944859	-1.857729433709008	0.0632074464882649	90.5	0.0055068418431008	0.3333333333333333	0.5889207842836667	0.1290619758894614	True	38.0	True	False	False				top_300
CRA	s__GGB9117_SGB14050	3	6	0	0	2	down	0.6666666666666666	-1.94104286230448	-0.7303689291051211	0.4651647052773553	797.0	8.160358756819741e-05	0.0	0.7951406682806583	0.128828352201277	True	345.0	False	False	False				top_300
CRA	s__Blautia_wexlerae	6	6	1	6	2	down	0.8333333333333334	-0.4905856169278499	-1.727888174092566	0.084008274926513	48.5	0.0065270124429989	0.5000000000000001	0.6172643708857154	0.1284897635174743	True	12.0	True	False	False				top_300
CRA	s__Ruminococcus_SGB4421	6	6	0	0	2	down	0.8333333333333334	-0.7338560684868172	-1.475988985363415	0.1399468491679532	395.0	0.0008600815120333	0.0	0.6172643708857154	0.1281366451877344	True	345.0	False	False	False				top_300
CRA	s__GGB9597_SGB15022	6	6	0	0	2	down	0.6666666666666666	-0.9160327716955128	-1.7650743751793618	0.0775512666613	581.5	0.000181071400144	0.0	0.6172643708857154	0.1279568256365174	True	345.0	False	False	False				top_300
CRA	s__GGB3626_SGB4905	3	6	0	0	2	down	0.6666666666666666	-0.5186051663453154	-2.328638150375505	0.0198782432123341	358.0	0.0008240480479579	0.0	0.4305761600200838	0.1265223805608938	True	345.0	False	False	False				top_300
CRA	s__GGB6518_SGB9205	4	6	0	0	2	down	0.75	-2.1337576984371056	-0.6188805401753874	0.5359950590498026	628.5	0.0002306285507173	0.0	0.8340012327490616	0.1261583824584312	True	345.0	False	False	False				top_300
CRA	s__GGB9770_SGB73065	3	6	0	0	2	down	0.6666666666666666	-1.454631087817686	-0.8867532610490408	0.3752117563014656	577.0	0.0002956214285019	0.0	0.7425790731135394	0.1253477854002451	True	345.0	False	False	False				top_300
CRA	s__Fusicatenibacter_saccharivorans	6	6	0	6	2	down	0.8333333333333334	-0.2916976420674326	-2.2147100088982508	0.0267799754264556	38.0	0.0044151240908443	0.5333333333333333	0.4629517028509613	0.1246631328361754	True	9.0	True	False	False				top_300
CRA	s__Oscillospiraceae_unclassified_SGB15256	5	6	0	1	2	up	0.8	0.855472227421671	1.2902593974072074	0.1969606092220208	504.0	0.0007259529944278	0.04	0.669016398799966	0.1242458888127024	True	253.0	False	False	False				top_300
CRA	s__GGB3304_SGB4365	5	6	0	0	2	up	0.8	1.5150785229533217	0.7478545606659673	0.4545478880842315	636.0	0.0003923978152502	0.0	0.7910632736165916	0.1233743929439398	True	345.0	False	False	False				top_300
CRA	s__Lachnospiraceae_bacterium_OF09_6	5	6	0	0	2	down	0.8	-1.0858180033933698	-0.9479366145758396	0.3431617236396006	504.0	0.0005408826773966	0.0	0.7212644536717594	0.123266811953075	True	345.0	False	False	False				top_300
CRA	s__Ligaoa_zhengdingensis	5	6	0	0	2	up	0.6	1.6349946418187953	0.8668330030286344	0.3860335163969031	459.0	0.0004025497267281	0.0	0.7494676990979301	0.1228669826600168	True	345.0	False	False	False				top_300
CRA	s__GGB9198_SGB14137	4	6	0	0	2	down	0.75	-0.3863084097968203	2.42007087584711	0.0155174822780324	537.0	0.0004548563056435	0.0	0.3770086251301199	0.1227442957563224	True	345.0	False	False	False				top_300
CRA	s__Oscillibacter_sp_ER4	6	6	0	2	2	up	1.0	0.3519890865291325	2.1647514104203807	0.0304067276803705	116.0	0.0029054959978267	0.1333333333333333	0.493716618549319	0.1222781533336699	True	133.0	True	False	False				top_300
CRA	s__Clostridium_spiroforme	5	6	0	1	2	down	0.8	-0.8691345412705656	-1.2030420055102078	0.2289600658906859	285.0	0.001135276363164	0.04	0.6792351611307831	0.1214695719723214	True	253.0	False	False	False				top_300
CRA	s__GGB9719_SGB15272	6	6	0	2	2	down	0.6666666666666666	-0.5877207978329074	-2.079084211753022	0.0376096109796464	206.0	0.0015596569235861	0.0666666666666666	0.5126771568354148	0.1212663005214225	True	214.0	False	False	False				top_300
CRC	s__Fusobacterium_nucleatum	9	9	6	8	2	up	1.0	6.507226424272722	12.426884760213984	1.8677197946307305e-35	10.0	0.0069433409803095	0.711111111111111	1.5408688305703526e-32	354.21610471502106	True	5.0	True	True	True				top_300
CRC	s__Parvimonas_micra	9	9	7	7	2	up	1.0	5.834252260370377	12.594149484413222	2.2739780476664257e-36	9.0	0.008957465422144	0.6444444444444444	3.752063778649603e-33	311.0958146869245	True	7.0	True	True	True				top_300
CRC	s__Gemella_morbillorum	9	9	6	8	2	up	0.8888888888888888	6.684227895373945	11.224773993758372	3.081733592082546e-29	16.0	0.0092202064615773	0.6444444444444444	1.6949534756454e-26	251.79467655684263	True	7.0	True	True	True				top_300
CRC	s__Dialister_pneumosintes	9	9	6	6	2	up	0.8888888888888888	6.846960101353336	10.589050629666666	3.349718024779405e-26	33.0	0.0055008113404714	0.4888888888888889	1.105406948177204e-23	208.02370116262517	True	16.0	True	True	True				top_300
CRC	s__Peptostreptococcus_stomatis	9	9	7	8	2	up	0.8888888888888888	6.2147401592578335	10.792939139435768	3.717080910211167e-27	15.0	0.0064514682773649	0.5777777777777778	1.5332958754621064e-24	207.56563779580813	True	13.0	True	True	True				top_300
CRC	s__Solobacterium_moorei	9	9	5	5	2	up	1.0	6.159218613103843	9.022666431336352	1.835658348803989e-19	113.0	0.0024513514992126	0.2	5.04806045921097e-17	120.451222345556	True	85.0	True	True	True				top_300
CRC	s__Prevotella_intermedia	5	9	3	1	2	up	1.0	9.078647233343668	7.058710923960116	1.680542621906623e-12	319.0	0.0023820188584153	0.12	3.9612790373513257e-10	95.60200754604097	True	156.0	True	True	True				top_300
CRC	s__Porphyromonas_somerae	5	9	2	1	2	up	1.0	10.462764030253505	5.4046303702205245	6.494217441533895e-08	467.0	0.0011609938006302	0.04	5.6397151465952245e-06	57.113012004241504	True	328.0	False	False	True				top_300
CRC	s__Peptostreptococcus_anaerobius	6	9	3	0	2	up	1.0	9.855636017351427	5.559523332656058	2.70512432420465e-08	457.0	0.000671897286121	0.0	2.975636756625115e-06	54.46638483967155	True	453.0	False	False	True				top_300
CRC	s__Porphyromonas_uenonis	3	9	2	1	2	up	1.0	11.957289164359386	4.818493519292008	1.4464622321071647e-06	255.0	0.0012702165984306	0.0666666666666666	8.839491418432673e-05	51.70105725801813	True	252.0	False	False	True				top_300
CRC	s__Anaerococcus_obesiensis	5	9	2	0	2	up	1.0	8.200983417117538	5.22413433069218	1.749717280398994e-07	556.0	0.000568037171447	0.0	1.2552319620253649e-05	40.19528328746131	True	453.0	False	False	True				top_300
CRC	s__Porphyromonas_asaccharolytica	3	9	2	1	2	up	1.0	9.14490616354412	4.355445703361658	1.3279643227949404e-05	623.0	0.0020939223055182	0.2	0.0005217002696694	36.022651643577674	True	83.0	True	True	True				top_300
CRC	s__Granulicatella_adiacens	8	9	2	1	2	up	1.0	3.85625069294005	6.201233084760187	5.60224700470478e-10	191.0	0.0017230594984505	0.025	1.02707861752921e-07	27.622733324281363	True	365.0	False	False	True				top_300
CRC	s__Eubacteriales_Family_XIII_Incertae_Sedis_unclassified_SGB3978	4	9	2	0	2	up	1.0	7.344118504480786	4.46822947969623	7.886967169658115e-06	567.0	0.0003945022915415	0.0	0.0003586754745264	25.30267913399108	True	453.0	False	False	True				top_300
CRC	s__GGB4596_SGB6358	7	9	2	0	2	down	1.0	-4.297042362343908	-5.323482727948462	1.0179912308566546e-07	389.0	0.0006476337791284	0.0	7.634934231424909e-06	21.988802400866515	True	453.0	False	False	True				top_300
CRC	s__Alloprevotella_tannerae	4	9	2	0	2	up	1.0	4.966451996481857	4.871267298694343	1.1088470581301336e-06	491.0	0.0006283816060878	0.0	7.036914022748925e-05	20.623776740763763	True	453.0	False	False	True				top_300
CRC	s__Segatella_sinica	2	9	1	1	2	up	1.0	6.326043090404918	3.5984810372928084	0.0003200811838123	275.5	0.003898097515437	0.3	0.0062873089677421	18.105108479673284	True	52.0	True	False	True				top_300
CRC	s__Porphyromonas_endodontalis	3	9	1	0	2	up	1.0	6.292206085126664	3.8688121133032864	0.0001093668750894	383.0	0.0005815135412257	0.0	0.0028643705380574	16.00089635419204	True	453.0	False	False	True				top_300
CRC	s__Peptostreptococcus_SGB749	4	9	2	0	2	up	1.0	4.556623523959177	4.452748994927292	8.477783943352688e-06	311.5	0.0008377070431342	0.0	0.0003586754745264	15.698927364909922	True	453.0	False	False	True				top_300
CRC	s__Prevotella_nigrescens	3	9	1	0	2	up	1.0	6.929846318873502	3.6542064869632394	0.000257978593161	576.0	0.0005426280830878	0.0	0.0054810673181141	15.66931711320088	True	453.0	False	False	True				top_300
CRC	s__Slackia_exigua	3	9	1	0	2	up	1.0	4.755127020976514	4.279463558864848	1.873443073927856e-05	559.0	0.0006161280181182	0.0	0.0006869291271068	15.040885543385883	True	453.0	False	False	True				top_300
CRC	s__Porphyromonas_SGB1980	4	9	3	2	2	up	0.75	6.445179619568418	3.6687681954767313	0.0002437219335356	293.5	0.00152825439167	0.1	0.0053618825377839	12.073840257783452	True	175.0	False	False	True				top_300
CRC	s__GGB9694_SGB15204	7	9	1	1	2	up	1.0	2.7370731607328604	4.591917734383882	4.391914989430394e-06	477.0	0.0009208392714499	0.0571428571428571	0.0002195957494715	10.585428265854796	True	259.0	False	False	True				top_300
CRC	s__Ruminococcus_torques	9	9	3	8	2	up	1.0	1.0677052340896582	5.850659791822185	4.896268116212018e-09	29.0	0.0061590770130653	0.6000000000000001	6.732368659791524e-07	10.54351591708648	True	10.0	True	True	True				top_300
CRC	s__GGB1497_SGB2076	2	9	1	0	2	up	1.0	9.03042223265888	2.6273867159427104	0.0086043486383019	602.0	0.0004052116386274	0.0	0.0704801475884379	10.402443136145594	True	453.0	False	False	True				top_300
CRC	s__Solobacterium_SGB6829	8	9	2	4	2	up	1.0	1.5484406149486374	5.586648554209778	2.314935323091445e-08	152.0	0.0024449585253627	0.2	2.728316630786346e-06	10.338823828184088	True	85.0	True	True	True				top_300
CRC	s__Bacteroides_fragilis	9	9	2	7	2	up	1.0	1.3596229334908525	5.501448864763217	3.7668286666121866e-08	35.0	0.0046802888125537	0.4	3.741516660236851e-06	10.330052360071765	True	27.0	True	True	True				top_300
CRC	s__GGB4604_SGB6370	7	9	0	0	2	down	0.8571428571428571	-4.9942117692067605	-3.776691541234071	0.000158925351007	612.0	0.0004389757409656	0.0	0.0039138332710694	10.305474705053726	True	453.0	False	False	True				top_300
CRC	s__Clostridium_symbiosum	9	9	3	7	2	up	0.8888888888888888	1.5194350582157636	5.497373528480652	3.854895952971301e-08	59.0	0.0040606030442797	0.3777777777777778	3.741516660236851e-06	10.09868443981205	True	34.0	True	True	True				top_300
CRC	s__GGB4587_SGB6346	2	9	0	0	2	down	1.0	-8.6190548243477	-2.6523222901469268	0.0079940196586366	775.5	0.0002061763567574	0.0	0.0683426551126971	10.043854856806322	True	453.0	False	False	True				top_300
CRC	s__Fusobacterium_periodonticum	6	9	1	2	2	up	1.0	2.5388014039341926	4.467553825864889	7.91191076869347e-06	228.5	0.0013881114049924	0.1	0.0003586754745264	9.621621028640511	True	171.0	False	False	True				top_300
CRC	s__Porphyromonas_SGB1982	3	9	1	0	2	up	1.0	7.487864798891411	2.707435586038788	0.00678052275021	538.0	0.0004664637919766	0.0	0.0599025520407991	9.154324114746744	True	453.0	False	False	True				top_300
CRC	s__GGB51269_SGB5061	4	9	0	0	2	down	1.0	-5.365720328383268	-3.186455517629132	0.00144027633655	554.5	0.0003578412503213	0.0	0.0203115893616036	9.080172914509822	True	453.0	False	False	True				top_300
CRC	s__GGB45495_SGB63167	7	9	2	1	2	up	1.0	2.794910798128369	4.090438566313952	4.305582499482215e-05	689.0	0.0005667143329761	0.0285714285714285	0.001366194446951	8.23472948653099	True	346.0	False	False	True				top_300
CRC	s__Porphyromonas_SGB1977	4	9	0	0	2	up	1.0	6.354609807907451	2.7909566362887563	0.0052552512490695	733.0	0.0002788091242777	0.0	0.0510068503586163	8.212516565232688	True	453.0	False	False	True				top_300
CRC	s__GGB4578_SGB6328	7	9	1	0	2	down	0.8571428571428571	-3.944980391277503	-3.709343660321669	0.0002077972212604	789.0	0.0005914604350874	0.0	0.0047620196538843	7.852344210467337	True	453.0	False	False	True				top_300
CRC	s__Faecalibacterium_prausnitzii	9	9	3	7	2	down	1.0	-0.6026959078821625	-6.727792462473472	1.7225636852529187e-11	25.0	0.0056985955306393	0.5333333333333333	3.5527876008341452e-09	7.808403921763656	True	15.0	True	True	True				top_300
CRC	s__Christensenella_sp_Marseille_P3954	4	9	1	0	2	up	1.0	3.330249480919776	3.5864808604035434	0.0003351706525956	801.5	0.0001845050398607	0.0	0.0063566847906076	7.315789899045823	True	453.0	False	False	True				top_300
CRC	s__GGB9380_SGB14375	2	9	0	0	2	up	1.0	5.2021096823187	2.8658364847407443	0.0041590901007207	506.0	0.0004524521069746	0.0	0.0425950200480534	7.1302257171088375	True	453.0	False	False	True				top_300
CRC	s__Aggregatibacter_segnis	4	9	1	1	2	up	1.0	3.6090085890654966	3.337359531592752	0.0008457846219051	374.0	0.0010816015978374	0.05	0.0138172735261728	7.046793277664189	True	271.0	False	False	True				top_300
CRC	s__Lancefieldella_rimae	6	9	0	0	2	up	1.0	3.4762863370903263	3.4172153404561247	0.0006326521638692	463.5	0.0007988983556571	0.0	0.0105442027311534	6.872570298465305	True	453.0	False	False	True				top_300
CRC	s__Anaerotruncus_massiliensis	9	9	1	1	2	up	1.0	2.9698497175454683	3.649817334723822	0.0002624268594733	360.0	0.000672322146829	0.0222222222222222	0.0054810673181141	6.864458086649799	True	395.0	False	False	True				top_300
CRC	s__GGB9770_SGB15389	7	9	0	0	2	up	1.0	2.376672767570635	4.049127804639489	5.1408866210298686e-05	454.0	0.0005681783532948	0.0	0.0014881513902981	6.719692607454268	True	453.0	False	False	True				top_300
CRC	s__Bacteroides_nordii	9	9	2	3	2	up	0.8888888888888888	2.0763979699637867	4.344383122247623	1.3966757925770046e-05	194.0	0.0019150428929786	0.1111111111111111	0.0005359337343609	6.707819341423538	True	159.0	True	True	True				top_300
CRC	s__Mogibacterium_timidum	3	9	0	0	2	up	1.0	4.239927530195706	3.090357731032264	0.0019991555300346	414.0	0.0006751328938071	0.0	0.0261794176552157	6.707735027406982	True	453.0	False	False	True				top_300
CRC	s__GGB4571_SGB6321	2	9	0	0	2	down	1.0	-8.29279666327718	-2.0859464593734347	0.036983473200293	752.5	0.0001815939339487	0.0	0.1773916592455918	6.228444286587846	True	453.0	False	False	True				top_300
CRC	s__Morganella_morganii	4	9	0	0	2	up	1.0	4.394069626867425	2.895037861991036	0.0037911280241213	369.5	0.0007754225713215	0.0	0.0403571692890338	6.125681524593242	True	453.0	False	False	True				top_300
CRC	s__GGB4588_SGB6347	8	9	0	1	2	down	1.0	-2.929693190439468	-3.4223796656110617	0.0006207556813824	672.0	0.0004053743270682	0.025	0.0104603403193514	5.9471762206463605	True	365.0	False	False	True				top_300
CRC	s__GGB9102_SGB54310	2	9	0	0	2	down	1.0	-5.11528099535256	-2.6261259090931195	0.0086362864883169	608.5	0.0005360004157745	0.0	0.0704801475884379	5.892461981137498	True	453.0	False	False	True				top_300
CRC	s__Eisenbergiella_tayi	9	9	2	4	2	up	0.7777777777777778	1.9064141952533595	4.32335673990442	1.536729408281738e-05	123.0	0.0030443895786089	0.2222222222222222	0.0005762735281056	5.870616401162672	True	72.0	True	True	True				top_300
CRC	s__Haemophilus_haemolyticus	2	9	0	0	2	up	1.0	3.451636864753425	3.194398220034853	0.0014012268463291	379.0	0.0008022236039006	0.0	0.0199989319016656	5.864307556617994	True	453.0	False	False	False				top_300
CRC	s__GGB4774_SGB6609	3	9	1	0	2	down	1.0	-3.39843147823329	-3.1978619886971185	0.0013845052359742	879.0	2.5462962962963016e-05	0.0	0.0199989319016656	5.773911966801189	True	453.0	False	False	False				top_300
CRC	s__Lancefieldella_parvula	8	9	1	1	2	up	0.875	1.5471320409448217	4.633615646822864	3.5933387186771194e-06	347.0	0.0016728584231583	0.125	0.0001912583511553	5.662936329871636	True	150.0	True	False	False				top_300
CRC	s__Faecalibacterium_SGB15346	9	9	2	6	2	down	1.0	-0.7853024914531155	-5.483715791776125	4.1648368825011694e-08	73.0	0.0039118214976721	0.3111111111111111	3.817767142292738e-06	5.578670986701668	True	44.0	True	True	False				top_300
CRC	s__Clostridiales_bacterium_KLE1615	9	9	2	6	2	down	1.0	-0.8010644590827585	-5.379528843634907	7.468102938680378e-08	61.0	0.0033177783117794	0.3111111111111111	6.082887268983663e-06	5.478168732299238	True	44.0	True	True	False				top_300
CRC	s__Enterocloster_bolteae	9	9	2	6	2	up	0.8888888888888888	1.2239256516531505	4.620314157862935	3.831594195880435e-06	55.0	0.0041331758244349	0.3333333333333333	0.000197566575725	5.373358580083981	True	40.0	True	True	False				top_300
CRC	s__Prevotella_stercorea	7	9	0	2	2	up	0.8571428571428571	2.617738295282668	3.653660427937751	0.0002585281302675	205.0	0.0016524179608373	0.0571428571428571	0.0054810673181141	5.363392530388809	True	259.0	False	False	False				top_300
CRC	s__GGB51269_SGB5062	9	9	2	0	2	down	1.0	-1.886709793939878	-4.068285391908123	4.736035284937566e-05	588.0	0.0004404917080972	0.0	0.0014471218926198	5.357302811735784	True	453.0	False	False	False				top_300
CRC	s__GGB9719_SGB53514	4	9	0	0	2	up	1.0	3.592632528870822	2.9582063786897583	0.0030943487840739	474.5	0.0006573243175934	0.0	0.036281567072514	5.174518795873955	True	453.0	False	False	False				top_300
CRC	s__GGB1568_SGB2155	2	9	0	0	2	down	1.0	-7.745247243976864	-1.954438302970384	0.0506494046173156	428.5	0.0003653947721787	0.0	0.2170688769313529	5.13821592540776	True	453.0	False	False	False				top_300
CRC	s__Roseburia_intestinalis	9	9	3	7	2	down	0.7777777777777778	-0.6179801408988609	-6.058706616829783	1.372204072074771e-09	35.0	0.0056220906759058	0.5777777777777778	2.058306108112157e-07	5.070772033276514	True	13.0	True	True	False				top_300
CRC	s__GGB9589_SGB15011	2	9	0	0	2	down	1.0	-3.77008644121576	-2.8091116831766976	0.004967840951573	897.5	0.0001011735797834	0.0	0.0486943017258764	4.948320858945712	True	453.0	False	False	False				top_300
CRC	s__Clostridiaceae_bacterium	9	9	2	8	2	down	0.8888888888888888	-0.7249243681339491	-5.37304367985521	7.741856524161027e-08	48.0	0.0056263018303092	0.4666666666666667	6.082887268983663e-06	4.929467880026296	True	18.0	True	True	False				top_300
CRC	s__Dialister_hominis	7	9	0	1	2	down	1.0	-3.344113661691569	-2.88684739767492	0.0038912291002185	453.0	0.0006937424718123	0.0285714285714285	0.040895082900386	4.775379084134883	True	346.0	False	False	False				top_300
CRC	s__Eubacterium_nodatum	2	9	0	0	2	up	1.0	4.933338759826556	2.387597932673056	0.0169588837430281	747.5	0.0002250555965078	0.0	0.1081531711383222	4.765411569834155	True	453.0	False	False	False				top_300
CRC	s__Ruthenibacterium_lactatiformans	9	9	3	8	2	up	0.7777777777777778	0.8236948782371311	5.03618160434453	4.749100184709469e-07	15.0	0.0084730058438498	0.6444444444444445	3.13440612190825e-05	4.744872120057894	True	6.0	True	True	False				top_300
CRC	s__Streptococcus_thermophilus	9	9	1	3	2	down	0.8888888888888888	-1.9326513037555335	-3.746779037876225	0.0001791197341543	150.0	0.0025207745712918	0.1555555555555555	0.004237582146792	4.710509993934284	True	119.0	True	False	False				top_300
CRC	s__GGB3490_SGB4664	8	9	0	0	2	down	0.875	-2.378861462760007	-3.652006012428109	0.0002601997914413	475.0	0.0005718427154826	0.0	0.0054810673181141	4.7065607661435775	True	453.0	False	False	False				top_300
CRC	s__Ruminococcus_champanellensis	2	9	0	0	2	down	1.0	-4.846668942449466	-2.300552700210934	0.0214169272195723	606.0	0.0004798056422188	0.0	0.1257577576949979	4.3642567906123535	True	453.0	False	False	False				top_300
CRC	s__Solobacterium_SGB6828	6	9	1	0	2	up	0.8333333333333334	1.8940820486757053	3.893604031704419	9.876581780574669e-05	344.0	0.000876668490153	0.0	0.002671534416057	4.06160518844537	True	453.0	False	False	False				top_300
CRC	s__GGB33512_SGB15201	8	9	1	2	2	up	0.875	2.2228963957004466	3.3301145852130456	0.0008681025171286	337.5	0.0018129040118797	0.125	0.0140428348359046	4.053672073582435	True	150.0	True	False	False				top_300
CRC	s__Faecalibacterium_sp_HTFF	9	9	1	2	2	down	0.8888888888888888	-1.7689871670729094	-3.692389293203607	0.0002221570565582	457.0	0.0012824066813128	0.0888888888888888	0.0050213581276863	3.936665127714011	True	186.0	False	False	False				top_300
CRC	s__Streptococcus_mitis	9	9	1	4	2	up	0.8888888888888888	1.2512949074591238	4.211521239801175	2.5365669860258423e-05	156.0	0.0022744159234918	0.1555555555555555	0.0008719449014463	3.9323303699573726	True	119.0	True	False	False				top_300
CRC	s__GGB51441_SGB71759	9	9	2	4	2	down	1.0	-1.261345891433994	-3.9252765990131326	8.663013643478123e-05	236.0	0.0020827042602761	0.1777777777777777	0.0023823287519564	3.896687363446608	True	104.0	True	True	False				top_300
CRC	s__GGB27106_SGB6188	2	9	0	0	2	down	1.0	-3.7266214008667222	-2.5049491708436435	0.0122468991909006	535.0	0.0004339185373894	0.0	0.0900441279193531	3.89634889580564	True	453.0	False	False	False				top_300
CRC	s__Prevotella_buccae	3	9	0	0	2	up	1.0	4.6172668092046285	2.209312547020493	0.0271529090778025	785.0	0.0002588207932992	0.0	0.144523548317336	3.878787547190127	True	453.0	False	False	False				top_300
CRC	s__GGB9758_SGB15368	9	9	1	3	2	down	0.8888888888888888	-1.0426255311532686	-4.572779404318442	4.812967817103617e-06	191.0	0.0018753957892729	0.1333333333333333	0.0002335704970064	3.814427387665845	True	138.0	True	False	False				top_300
CRC	s__Enterocloster_clostridioformis	9	9	2	5	2	up	0.7777777777777778	2.3291310172489537	3.2135859635551483	0.0013108855109595	188.0	0.0028749203175249	0.2222222222222222	0.0193121526168153	3.79536319628297	True	72.0	True	True	False				top_300
CRC	s__Lachnospira_SGB5083	7	9	0	0	2	down	0.8571428571428571	-3.807778865583309	-2.639369529671752	0.008306038792573	719.0	0.0001980660522813	0.0	0.0695683452169823	3.77814888512399	True	453.0	False	False	False				top_300
CRC	s__Fusicatenibacter_saccharivorans	9	9	1	7	2	down	0.8888888888888888	-0.6407580549320755	-5.078324547403549	3.807778420157118e-07	64.0	0.0050233726683416	0.4444444444444444	2.6178476638580187e-05	3.769664956402788	True	20.0	True	False	False				top_300
CRC	s__GGB9603_SGB15035	5	9	0	0	2	down	1.0	-3.295947752771903	-2.5763980296863185	0.0099835647745475	754.0	0.0001986888089556	0.0	0.0772583425809144	3.6652739026358527	True	453.0	False	False	False				top_300
CRC	s__GGB4603_SGB6367	8	9	2	0	2	down	0.875	-2.8279137188203167	-2.957601672764353	0.0031004248225602	596.5	0.0003922082074243	0.0	0.036281567072514	3.563948163876555	True	453.0	False	False	False				top_300
CRC	s__GGB4769_SGB6602	5	9	0	0	2	down	1.0	-2.266573036261359	-3.0741514987078324	0.0021110220159055	802.0	0.0004475691323664	0.0	0.0271728351041791	3.549147493231092	True	453.0	False	False	False				top_300
CRC	s__GGB3892_SGB5290	5	9	1	0	2	up	1.0	1.716278858039464	3.480050336012594	0.0005013195847334	740.0	0.0002163974590361	0.0	0.0088225602082962	3.5259325009621083	True	453.0	False	False	False				top_300
CRC	s__GGB58067_SGB79698	4	9	0	0	2	down	1.0	-2.0201651569582104	-3.24308991206718	0.0011824089076499	659.0	0.0006288357719621	0.0	0.0182334083889947	3.5133341539092275	True	453.0	False	False	False				top_300
CRC	s__GGB3828_SGB5197	8	9	1	2	2	down	0.875	-1.2189400611722816	-4.084365110233261	4.419749143759911e-05	302.5	0.0023664928708866	0.15	0.001375959639095	3.509667325151339	True	132.0	True	False	False				top_300
CRC	s__GGB3496_SGB4671	5	9	0	1	2	up	1.0	1.5423795958309872	3.550286078753775	0.0003848127364642	345.0	0.0010641970287636	0.04	0.0071341687097311	3.443397752160021	True	328.0	False	False	False				top_300
CRC	s__Clostridia_bacterium	8	9	0	0	2	up	0.75	2.5692092892266736	3.279632272853616	0.0010394247172067	608.0	0.0004599846766228	0.0	0.0163338169846771	3.44321378876813	True	453.0	False	False	False				top_300
CRC	s__Clostridium_sp_chh4_2	2	9	1	0	2	up	1.0	5.172740460042324	1.904953053017371	0.0567861739776724	484.0	0.0002867591493279	0.0	0.2290884769270402	3.3105371095406046	True	453.0	False	False	False				top_300
CRC	s__Bacteroides_caccae	9	9	0	6	2	up	1.0	0.6470199188898248	4.7306204675655925	2.238346510879751e-06	51.0	0.0038107736211857	0.3111111111111111	0.0001273541980328	3.3041756903478934	True	44.0	True	False	False				top_300
CRC	s__GGB48165_SGB66168	7	9	1	0	2	up	0.8571428571428571	2.2614395829331797	3.193419460615575	0.001405985515511	534.0	0.0003113107253311	0.0	0.0199989319016656	3.2932889743133016	True	453.0	False	False	False				top_300
CRC	s__Candidatus_Nanoperiomorbus_periodonticus	4	9	0	0	2	up	0.75	3.054665867631406	2.9180588331534136	0.0035221788751596	543.0	0.0006778934823166	0.0	0.0388996810606367	3.2304327760877265	True	453.0	False	False	False				top_300
CRC	s__Lachnoanaerobaculum_orale	2	9	1	0	2	up	1.0	1.614454967738727	3.422149765655794	0.0006212808189675	355.0	0.0008638106662744	0.0	0.0104603403193514	3.1973540986318687	True	453.0	False	False	False				top_300
CRC	s__GGB3491_SGB4665	7	9	0	0	2	down	1.0	-1.3392306585673095	-3.745860868758185	0.0001797762122881	612.0	0.0005337634349454	0.0	0.004237582146792	3.177836149167067	True	453.0	False	False	False				top_300
CRC	s__Streptococcus_lutetiensis	2	9	0	0	2	down	1.0	-4.819951141558892	-1.9325241149319168	0.0532948485568762	633.0	0.0004719232104274	0.0	0.2209459801981051	3.1605089387085266	True	453.0	False	False	False				top_300
CRC	s__Faecalicoccus_pleomorphus	7	9	1	1	2	up	0.8571428571428571	3.476958316777929	2.438960006398043	0.0147295983162646	672.0	0.0007516391100431	0.0571428571428571	0.099605890253429	3.155953110659486	True	259.0	False	False	False				top_300
CRC	s__GGB3532_SGB4720	5	9	0	0	2	up	1.0	1.956014618960668	3.0996165385353125	0.0019377133145276	659.0	0.000369727823324	0.0	0.0255778157517646	3.1142423581287013	True	453.0	False	False	False				top_300
CRC	s__Bacteroides_cellulosilyticus	9	9	1	5	2	up	1.0	1.0658883588978736	3.719488148443933	0.0001996269136592	87.0	0.0028180614957015	0.2444444444444444	0.0046392170075746	3.0953184167444285	True	65.0	True	False	False				top_300
CRC	s__Alistipes_SGB2300	3	9	0	0	2	down	1.0	-3.985033793681234	-2.0989853997789143	0.0358181877926287	690.0	0.000174043415758	0.0	0.1737673927668171	3.028752068770134	True	453.0	False	False	False				top_300
CRC	s__GGB4689_SGB6486	2	9	0	0	2	down	1.0	-5.688364011973315	-1.7132388438668276	0.0866686081789323	863.5	0.0	0.0	0.2973039573705578	2.9966262361080607	True	453.0	False	False	False				top_300
CRC	s__Coprobacillus_sp_AF33_1AC	2	9	0	0	2	down	1.0	-2.333051819548617	-2.744688622775867	0.0060568336138495	553.0	0.000342227007277	0.0	0.055831147837161	2.923601929654294	True	453.0	False	False	False				top_300
CRC	s__GGB1543_SGB2126	2	9	0	0	2	down	1.0	-4.759003430823463	-1.8384624882555425	0.0659942844976814	465.0	0.0005762274533758	0.0	0.2532338823748242	2.838641736972462	True	453.0	False	False	False				top_300
CRC	s__GGB34231_SGB47113	2	9	0	0	2	up	1.0	4.538290664797385	1.8809400466966264	0.0599800748153213	912.5	4.827240013182333e-05	0.0	0.2376895990678567	2.831847183730793	True	453.0	False	False	False				top_300
CRC	s__Alistipes_provencensis	3	9	0	0	2	up	1.0	2.8811343858210514	2.420619251778502	0.0154940963458636	354.0	0.0005050917708228	0.0	0.1041830755697062	2.829858335796944	True	453.0	False	False	False				top_300
CRC	s__GGB9249_SGB14193	5	9	0	0	2	down	1.0	-2.4479793075564418	-2.6093817346442223	0.0090705993537241	814.0	0.0002028976689477	0.0	0.0726528589011886	2.7876298060666325	True	453.0	False	False	False				top_300
CRC	s__Prevotellamassilia_timonensis	2	9	0	1	2	up	1.0	3.8118507758370552	1.9505371203505149	0.0511121335021169	292.0	0.0020036888103151	0.1	0.2179199490400334	2.774544450805726	True	175.0	False	False	False				top_300
CRC	s__Acidaminococcus_massiliensis	4	9	0	0	2	up	1.0	1.5853893688331386	3.227909846880089	0.0012469826695375	351.0	0.0008391103685206	0.0	0.018876343162725	2.7333414894018584	True	453.0	False	False	False				top_300
CRC	s__Prevotella_sp_885	3	9	1	1	2	up	1.0	4.701925085513387	1.7467971196106105	0.0806725364158033	732.0	0.0012559886586927	0.0666666666666666	0.2856431010430805	2.7292544119499187	True	252.0	False	False	False				top_300
CRC	s__GGB9266_SGB14215	4	9	0	0	2	down	1.0	-2.344307839630308	-2.636083718287817	0.0083869036515019	679.0	0.0002700378196957	0.0	0.069890863762516	2.709034297225722	True	453.0	False	False	False				top_300
CRC	s__Alistipes_onderdonkii	9	9	1	7	2	up	1.0	1.141621747383263	3.1510951377500858	0.0016265949753722	43.0	0.0042010709538882	0.4	0.0222759970188908	2.640603053935614	True	27.0	True	False	False				top_300
CRC	s__Faecalicatena_contorta	9	9	1	2	2	up	0.8888888888888888	0.9642709474973762	4.148227455244474	3.350594203938348e-05	270.0	0.0018149560943844	0.0444444444444444	0.001128261313571	2.638754718598696	True	291.0	False	False	False				top_300
CRC	s__Schaalia_SGB17154	8	9	1	3	2	up	0.75	1.3300539595021832	3.813506544499967	0.0001370088957481	274.0	0.001363212617067	0.075	0.00350840866587	2.6325158450188844	True	215.0	False	False	False				top_300
CRC	s__Clostridiales_bacterium_Marseille_P2846	2	9	0	0	2	up	1.0	2.574854097737564	2.448234376361197	0.0143558237681014	460.5	0.00080303601801	0.0	0.097880616600692	2.598808746788944	True	453.0	False	False	False				top_300
CRC	s__Butyricimonas_virosa	9	9	1	2	2	up	1.0	1.076957418335153	3.619559675656984	0.0002951047510626	188.0	0.0017993941414647	0.0666666666666666	0.0059380834055284	2.5575340162343934	True	226.0	False	False	False				top_300
CRC	s__GGB9813_SGB15447	9	9	1	2	2	up	0.7777777777777778	1.757517733982982	3.163234296069506	0.0015602670560946	362.0	0.0017893905387091	0.1111111111111111	0.0216339549794631	2.528666295952126	True	159.0	True	False	False				top_300
CRC	s__GGB3002_SGB3993	7	9	0	0	2	up	1.0	1.702931235485958	2.9921236108984037	0.0027704406112092	640.0	0.0004307668569825	0.0	0.033611963297759	2.5092795963241925	True	453.0	False	False	False				top_300
CRC	s__Streptococcus_anginosus	9	9	1	3	2	up	0.7777777777777778	1.756142845282851	3.2029096872891283	0.0013604663829477	184.0	0.001389662529501	0.0666666666666666	0.0198652170961393	2.479589775433337	True	226.0	False	False	False				top_300
CRC	s__Mogibacterium_diversum	8	9	2	3	2	up	0.75	0.8005693807118762	4.436164295221059	9.157596593119625e-06	141.5	0.0023233575730999	0.2	0.0003777508594661	2.4661660538602104	True	85.0	True	True	False				top_300
CRC	s__Klebsiella_oxytoca	2	9	0	0	2	up	1.0	3.796328881366197	1.896604559054007	0.0578801484392895	677.5	0.0003096414413649	0.0	0.2323655594278047	2.4062204587402536	True	453.0	False	False	False				top_300
CRC	s__Bulleidia_extructa	2	9	0	0	2	up	1.0	1.6283751034474594	2.9032947981391177	0.0036925886850644	740.5	0.0002796032604146	0.0	0.0397892372850482	2.280106812682597	True	453.0	False	False	False				top_300
CRC	s__Megasphaera_micronuciformis	6	9	0	0	2	up	0.8333333333333334	1.9773823319653887	2.8800570285846097	0.003976032441498	291.5	0.0011054885709237	0.0	0.0415218577751374	2.276829241475548	True	453.0	False	False	False				top_300
CRC	s__Eisenbergiella_sp_OF01_20	4	9	0	0	2	up	1.0	2.1884431630956542	2.4544488009252525	0.0141100755945458	726.0	0.0001359793296356	0.0	0.0966042519958534	2.221278034434356	True	453.0	False	False	False				top_300
CRC	s__GGB9480_SGB14874	7	9	1	1	2	up	0.8571428571428571	0.7843817291642322	4.103106887054743	4.076388062521436e-05	411.0	0.0019790440450532	0.1428571428571428	0.0013188314319922	2.2127714987569567	True	136.0	True	False	False				top_300
CRC	s__GGB9710_SGB15239	3	9	0	0	2	up	1.0	3.7428283275912473	1.8300039794230705	0.0672493437882444	483.0	0.0004052958537015	0.0	0.2568148785282422	2.2096903109435893	True	453.0	False	False	False				top_300
CRC	s__GGB4554_SGB6285	2	9	0	0	2	down	1.0	-4.109740166129599	-1.7343624573188574	0.0828537919455195	726.0	0.0001637555545778	0.0	0.2902521373887626	2.2078534078416783	True	453.0	False	False	False				top_300
CRC	s__Cloacibacillus_evryensis	5	9	2	0	2	up	0.8	2.79447160115198	2.3867994097747003	0.0169957616877451	421.0	0.0010027963626657	0.0	0.1081531711383222	2.1594798894646856	True	453.0	False	False	False				top_300
CRC	s__GGB4659_SGB6447	2	9	0	0	2	down	1.0	-2.390258082422	-2.287118964017749	0.0221888802664774	342.5	0.0009108203253264	0.0	0.1292845153464716	2.123633131229372	True	453.0	False	False	False				top_300
CRC	s__Anaerostipes_hadrus	9	9	1	8	2	down	0.8888888888888888	-0.4691444953155249	-4.672045570837865	2.982147714791537e-06	67.0	0.0038915026704842	0.3333333333333333	0.0001640181243135	2.1046075934096136	True	40.0	True	False	False				top_300
CRC	s__Flavonifractor_plautii	9	9	1	9	2	up	0.8888888888888888	0.4385587419951294	4.377888515842903	1.198346170346898e-05	29.0	0.0048951599227923	0.6222222222222222	0.0004822612636761	2.097461965747303	True	9.0	True	False	False				top_300
CRC	s__Streptococcus_oralis	9	9	1	3	2	up	0.8888888888888888	1.4594151257933363	2.9881705774381246	0.0028065286878256	189.0	0.001830683032259	0.0888888888888888	0.0336696509576164	2.0803781118305817	True	186.0	False	False	False				top_300
CRC	s__GGB3819_SGB5184	9	9	1	1	2	up	0.8888888888888888	1.131578540477667	3.379728503269941	0.0007255746509312	477.0	0.0008504146852952	0.0666666666666666	0.0119719817403648	2.061943524458507	True	226.0	False	False	False				top_300
CRC	s__Parascardovia_denticolens	4	9	0	0	2	up	0.75	3.3014090797860867	2.176551675523542	0.0295140340897981	370.0	0.0006930655941162	0.0	0.1498404807635904	2.041189037651484	True	453.0	False	False	False				top_300
CRC	s__Lachnoclostridium_pacaense	8	9	0	0	2	up	0.875	1.982249774226332	2.6670071242118367	0.0076530049578746	463.0	0.0004867433012381	0.0	0.0668119480449373	2.03825354786609	True	453.0	False	False	False				top_300
CRC	s__Dysosmobacter_sp_Marseille_Q4140	4	9	1	0	2	up	0.75	2.750237829053425	2.4144097664574966	0.0157607262371175	628.5	0.0003439619755288	0.0	0.1048596705292096	2.0201696876267627	True	453.0	False	False	False				top_300
CRC	s__Enterocloster_citroniae	9	9	1	5	2	up	0.8888888888888888	0.8805827051418661	3.479356974039224	0.0005026185815635	98.0	0.0031003532533442	0.2444444444444444	0.0088225602082962	2.001148343646514	True	65.0	True	False	False				top_300
CRC	s__GGB3486_SGB4658	7	9	0	0	2	down	1.0	-1.7954471919108468	-2.579921921567226	0.009882265581531	489.0	0.000613740530678	0.0	0.0769138594788974	2.000119904709295	True	453.0	False	False	False				top_300
CRC	s__GGB9189_SGB14128	8	9	0	1	2	down	0.875	-1.9932304626356607	-2.5458666597101955	0.0109006817886628	481.0	0.0006167374619348	0.025	0.0821284244351309	1.9405367244178509	True	365.0	False	False	False				top_300
CRC	s__Mogibacterium_SGB3923	2	9	0	0	2	up	1.0	1.3565029238910251	2.929263910764035	0.003397658104317	552.0	0.0005390871047228	0.0	0.0382707467037242	1.9223451450445583	True	453.0	False	False	False				top_300
CRC	s__GGB13404_SGB14252	8	9	0	1	2	down	0.875	-0.7843885683478	-3.972873173796301	7.101086278640581e-05	314.0	0.0010645449044795	0.025	0.0020201366137511	1.8956606000098248	True	365.0	False	False	False				top_300
CRC	s__Enterocloster_aldenensis	9	9	2	6	2	up	0.7777777777777778	0.9154613630689578	3.6303888005894103	0.0002829946077667	106.0	0.0027116803359781	0.1777777777777777	0.0057647049730261	1.8778298388158663	True	115.0	True	True	False				top_300
CRC	s__GGB58233_SGB79883	9	9	2	2	2	up	0.7777777777777778	1.5093886758532755	2.9126300915983063	0.0035839887919374	223.0	0.002015670952674	0.1333333333333333	0.0389051414914265	1.875993101929918	True	138.0	True	True	False				top_300
CRC	s__Anaerotignum_faecicola	9	9	0	5	2	up	1.0	0.91109791929841	3.126949303167522	0.0017663038258266	84.0	0.0032873960288332	0.2666666666666666	0.0238885353492946	1.8716623245300488	True	63.0	True	False	False				top_300
CRC	s__Bacteroides_thetaiotaomicron	9	9	0	7	2	up	1.0	0.6374366390598443	3.512323059026121	0.0004442076800107	41.0	0.0041957149977884	0.4	0.0081438074668642	1.864401137621076	True	27.0	True	False	False				top_300
CRC	s__GGB4642_SGB6422	4	9	0	0	2	down	1.0	-1.7635637160929143	-2.497067916727812	0.0125224970309105	557.0	0.0002938256862526	0.0	0.0900670592433041	1.8436895000627576	True	453.0	False	False	False				top_300
CRC	s__Haemophilus_parahaemolyticus	2	9	0	0	2	up	1.0	2.6683317940165563	1.991032492948832	0.0464773151296065	610.0	0.0004394813009514	0.0	0.2061493816232549	1.8299898771647496	True	453.0	False	False	False				top_300
CRC	s__Gemmiger_formicilis	9	9	1	6	2	down	1.0	-0.6429029307523167	-3.5889708888717764	0.0003319859062008	81.0	0.0035590423318837	0.2888888888888889	0.0063566847906076	1.8203099400149532	True	54.0	True	False	False				top_300
CRC	s__GGB3001_SGB3992	3	9	0	0	2	up	1.0	2.1372928652484844	2.222808105444556	0.0262287423046073	546.0	0.000323173615734	0.0	0.1418337697132162	1.8128953109837431	True	453.0	False	False	False				top_300
CRC	s__Christensenella_minuta	9	9	0	1	2	up	0.8888888888888888	1.3144583378623234	3.0303271456665333	0.002442889747442	452.0	0.0009899193831821	0.0222222222222222	0.030536121843026	1.8096959078904489	True	395.0	False	False	False				top_300
CRC	s__GGB3887_SGB5270	2	9	0	0	2	up	1.0	2.4189178090572168	2.0785861084595045	0.0376554088844059	914.0	0.0001321922062182	0.0	0.1790530970007774	1.8069755376644887	True	453.0	False	False	False				top_300
CRC	s__Clostridium_SGB6179	9	9	1	2	2	down	0.6666666666666666	-1.398456383152104	-3.322904222578739	0.0008908549611604	297.0	0.0013625625730933	0.0444444444444444	0.014270977533153	1.7970822325449158	True	291.0	False	False	False				top_300
CRC	s__Lachnoclostridium_sp_An131	7	9	1	0	2	up	0.8571428571428571	1.5005685153067914	2.891786025138189	0.0038305873674483	402.0	0.000746177623676	0.0	0.0405158279249344	1.7908752940334742	True	453.0	False	False	False				top_300
CRC	s__GGB9618_SGB15065	9	9	0	0	2	down	0.7777777777777778	-1.6108966722525495	-2.940934044275127	0.0032722420029521	681.0	0.0004695524775081	0.0	0.0374944396171597	1.7867049108779465	True	453.0	False	False	False				top_300
CRC	s__Actinomyces_SGB17132	8	9	1	2	2	up	0.75	1.3234025229861703	3.100407141523253	0.0019325479891479	258.0	0.0016276068648518	0.125	0.0255778157517646	1.7778129084141816	True	150.0	True	False	False				top_300
CRC	s__Fusicatenibacter_sp_CLA_AA_H277	9	9	1	7	2	down	0.8888888888888888	-0.7806249750270643	-3.485809110757858	0.000490650990447	84.0	0.0028012972704025	0.2444444444444444	0.0087997188504089	1.774963825702044	True	65.0	True	False	False				top_300
CRC	s__Candidatus_Cibionibacter_quicibialis	9	9	0	4	2	down	1.0	-0.5316319756962601	-4.141282294763727	3.453695836433593e-05	118.0	0.0029387372280271	0.1333333333333333	0.001139719626023	1.7733269838043582	True	144.0	True	False	False				top_300
CRC	s__Anaerovorax_odorimutans	5	9	0	0	2	up	0.8	2.5666776347416187	2.233205905035359	0.0255353691053129	693.0	0.000190863778685	0.0	0.1390539901774468	1.7593374894109204	True	453.0	False	False	False				top_300
CRC	s__GGB4552_SGB6276	9	9	1	2	2	down	0.7777777777777778	-1.4299104358850587	-2.9320325530087934	0.0033675144673132	309.0	0.001726445916267	0.1111111111111111	0.0382707467037242	1.7511868521149856	True	159.0	True	False	False				top_300
CRC	s__GGB9350_SGB14317	6	9	0	0	2	up	0.8333333333333334	1.2319975597040216	3.1652496698652026	0.0015494992962178	585.0	0.0004594247415986	0.0	0.0216339549794631	1.7092570681895358	True	453.0	False	False	False				top_300
CRC	s__Jutongia_huaianensis	8	9	0	0	2	down	1.0	-1.8313152467079303	-2.344664092970721	0.0190442283344116	651.0	0.0002614444480034	0.0	0.1168140399694395	1.7077105433670874	True	453.0	False	False	False				top_300
CRC	s__Schaalia_turicensis	2	9	1	0	2	up	1.0	1.9959435502823129	2.2213632531802467	0.0263263678273604	742.5	0.0002122748307566	0.0	0.1418337697132162	1.692999944990864	True	453.0	False	False	False				top_300
CRC	s__Ruminococcus_bovis	7	9	1	0	2	down	0.7142857142857143	-3.8558363342127	-1.848337309341708	0.0645535616139998	628.0	0.0004724337451843	0.0	0.2482829292846147	1.6664184849527155	True	453.0	False	False	False				top_300
CRC	s__GGB4599_SGB6362	9	9	0	0	2	down	0.7777777777777778	-2.122584553087004	-2.4458464943889555	0.0144512514243446	653.0	0.0005210402976982	0.0	0.0981257812764143	1.6644643240446302	True	453.0	False	False	False				top_300
CRC	s__Fumia_xinanensis	5	9	0	0	2	down	0.8	-2.4521864411414818	-2.193488590996637	0.0282721956996319	471.0	0.0004831544022624	0.0	0.1462354949980965	1.6379569632915545	True	453.0	False	False	False				top_300
CRC	s__GGB34900_SGB14891	7	9	1	1	2	up	1.0	1.3819074723658713	2.562427623444256	0.0103943249776262	374.0	0.0011445885808108	0.0571428571428571	0.0790351899220431	1.61014494723483	True	259.0	False	False	False				top_300
CRC	s__GGB9630_SGB15084	2	9	0	0	2	up	1.0	1.2010493409250882	2.815831195135961	0.0048651222032042	767.0	0.0001541194849202	0.0	0.0480685726663888	1.5831497051461203	True	453.0	False	False	False				top_300
CRC	s__Fusobacterium_SGB6028	2	9	0	0	2	up	1.0	3.982173518456811	1.4325197653639177	0.1519951256136319	702.5	0.0002403605289213	0.0	0.4063036832135896	1.5576241480827897	True	453.0	False	False	False				top_300
CRC	s__Prevotella_vespertina	2	9	0	0	2	up	1.0	2.8087670452357494	1.7516826903250922	0.0798283849325622	789.0	0.0002422240121757	0.0	0.2838724895231199	1.5360492345545709	True	453.0	False	False	False				top_300
CRC	s__GGB3351_SGB4434	6	9	0	0	2	down	0.8333333333333334	-1.9680495545843495	-2.3492477581008933	0.0188113850240699	646.0	0.0003114464293762	0.0	0.1158163630213263	1.5354559888956425	True	453.0	False	False	False				top_300
CRC	s__GGB9383_SGB72489	2	9	0	0	2	up	1.0	2.936575322273048	1.6958370643162648	0.0899167410969164	623.0	0.0003378786903398	0.0	0.3017345847961426	1.528120113662342	True	453.0	False	False	False				top_300
CRC	s__Odoribacter_splanchnicus	9	9	1	6	2	up	0.8888888888888888	0.5427699173629659	3.7985169843113056	0.0001455644558029	76.0	0.0029854175459629	0.2888888888888889	0.0036391113950728	1.5166709025653575	True	54.0	True	False	False				top_300
CRC	s__GGB9719_SGB15273	6	9	1	1	2	up	0.8333333333333334	1.6854939784634184	2.403058983382228	0.0162585647710118	396.0	0.0017206726733134	0.1	0.1064548883816249	1.503064299181973	True	171.0	False	False	False				top_300
CRC	s__Oribacterium_parvum	3	9	0	0	2	up	1.0	1.2805150798019895	2.645356909872502	0.0081604792655421	547.0	0.0004840161923788	0.0	0.0686979121844111	1.4893113376030662	True	453.0	False	False	False				top_300
CRC	s__GGB3818_SGB5183	5	9	1	0	2	up	0.8	2.20567788002924	2.2025184628402643	0.0276287064212721	445.0	0.0007584038158643	0.0	0.1448846849653203	1.4804113247495918	True	453.0	False	False	False				top_300
CRC	s__GGB9781_SGB66170	7	9	0	0	2	up	1.0	1.3349904968177178	2.5650063670049725	0.0103173911752304	379.0	0.0008911573594914	0.0	0.0789827705009149	1.4717838177262197	True	453.0	False	False	False				top_300
CRC	s__Tyzzerella_nexilis	8	9	0	1	2	up	0.875	1.5300469931818048	2.4610538246267284	0.0138529581771796	362.0	0.0012761874831215	0.075	0.095507308672357	1.467931777023466	True	215.0	False	False	False				top_300
CRC	s__Bacteroides_pectinophilus	2	9	0	1	2	down	1.0	-2.498568162865392	-1.722772370857808	0.0849296970192829	346.0	0.0013459279043506	0.1	0.2943793954209222	1.4596681432520902	True	175.0	False	False	False				top_300
CRC	s__Leuconostoc_pseudomesenteroides	2	9	0	0	2	down	1.0	-2.818475833411874	-1.6626353738924544	0.0963854457400353	841.5	0.000159334772562	0.0	0.309421716286439	1.4358702847005205	True	453.0	False	False	False				top_300
CRC	s__GGB4698_SGB6498	2	9	0	0	2	down	1.0	-5.2542038694582125	-1.1553973690953656	0.2479277387999128	560.5	0.0003917197669394	0.0	0.5354656510901771	1.4252993873411448	True	453.0	False	False	False				top_300
CRC	s__Eubacterium_ventriosum	9	9	3	4	2	down	0.7777777777777778	-0.5772667580949326	-3.8771317976316007	0.0001056951091411	162.0	0.0027387489583186	0.2444444444444444	0.0028128537110138	1.425256401096907	True	65.0	True	True	False				top_300
CRC	s__Lawsonibacter_hominis	9	9	0	0	2	up	0.8888888888888888	1.639767482925004	2.40906269935883	0.0159935500594759	363.0	0.0007024771325049	0.0	0.1055574303925413	1.4233344860527888	True	453.0	False	False	False				top_300
CRC	s__Parabacteroides_distasonis	9	9	1	5	2	up	1.0	0.5453887032144211	3.4865903403584144	0.000489220118864	65.0	0.0031251461722311	0.2666666666666667	0.0087997188504089	1.420013763330629	True	58.0	True	False	False				top_300
CRC	s__GGB33512_SGB15203	7	9	0	0	2	up	0.8571428571428571	1.9916068881744209	2.186991405443897	0.0287431514170797	482.0	0.0006236469932453	0.0	0.1477451708354565	1.417716894119282	True	453.0	False	False	False				top_300
CRC	s__Agathobaculum_butyriciproducens	9	9	2	8	2	down	1.0	-0.3741798696989717	-3.951975469277091	7.750868760362748e-05	47.0	0.0039965496860229	0.4222222222222222	0.0021676158397624	1.4177021011868918	True	25.0	True	False	False				top_300
CRC	s__GGB9474_SGB14868	4	9	0	0	2	up	0.75	1.8089959658964212	2.486216743222165	0.0129109305215203	646.5	0.0005318530118099	0.0	0.0906512143000363	1.4145801784119685	True	453.0	False	False	False				top_300
CRC	s__GGB3289_SGB4343	2	9	0	0	2	down	1.0	-4.862375063102642	-1.2026894760336342	0.2290965079287326	698.0	0.0002714103979054	0.0	0.5131793764309951	1.4087798427138385	True	453.0	False	False	False				top_300
CRC	s__Pseudoflavonifractor_sp_AF19_9AC	7	9	0	0	2	up	0.8571428571428571	1.8832470078518653	2.2583724785377206	0.0239224470596576	475.0	0.0006003216625878	0.0	0.1342586314572621	1.40768589639431	True	453.0	False	False	False				top_300
CRC	s__Clostridium_sp_AF27_2AA	9	9	1	3	2	down	0.7777777777777778	-0.7576242506802252	-3.436147384602743	0.0005900498866398	196.0	0.0022894562584001	0.1777777777777777	0.010248234873218	1.3806517735723325	True	104.0	True	False	False				top_300
CRC	s__GGB9781_SGB15402	7	9	0	0	2	up	1.0	1.209657296006488	2.599717611139234	0.0093300502226382	455.0	0.0006325025833905	0.0	0.0733075374635865	1.3727812384029945	True	453.0	False	False	False				top_300
CRC	s__Christensenella_hongkongensis	9	9	1	2	2	up	0.7777777777777778	1.6804282624488929	2.374212056993195	0.0175864470678547	306.0	0.0013882723738133	0.0888888888888888	0.1095005194790956	1.367081295651999	True	186.0	False	False	False				top_300
CRC	s__GGB9616_SGB15051	9	9	1	0	2	down	0.7777777777777778	-1.1045917589697551	-3.0860200383666165	0.0020285515087969	529.0	0.0006568173132579	0.0	0.0263551967678349	1.3566763094859364	True	453.0	False	False	False				top_300
CRC	s__Pseudomonas_aeruginosa	3	9	0	0	2	up	0.6666666666666666	3.43023114537572	1.8143228370006472	0.0696280376694656	517.0	0.0007107124425351	0.0	0.2609154511290605	1.3343603767838452	True	453.0	False	False	False				top_300
CRC	s__Veillonella_parvula	9	9	0	5	2	up	0.7777777777777778	1.158952902569296	2.7127761794960183	0.0066722155864033	91.0	0.002795761456356	0.2	0.059832368030247	1.3229751274107675	True	85.0	True	False	False				top_300
CRC	s__Alistipes_indistinctus	9	9	0	2	2	up	0.8888888888888888	0.6093568706243097	3.6017923351534087	0.0003160307761778	242.0	0.001869579994866	0.0888888888888888	0.0062825395264271	1.2986538246846933	True	186.0	False	False	False				top_300
CRC	s__Adlercreutzia_equolifaciens	9	9	0	2	2	down	1.0	-0.8859326579466653	-2.835910744541124	0.0045695214431396	174.0	0.0017500384981747	0.0888888888888888	0.0459738437876859	1.2902520455048252	True	186.0	False	False	False				top_300
CRC	s__Clostridium_scindens	9	9	2	2	2	up	0.7777777777777778	1.1295849810342435	2.8440136988516724	0.0044549132528949	203.0	0.0020164305058265	0.0888888888888888	0.0450957476520042	1.2875358030475208	True	186.0	False	False	False				top_300
CRC	s__Segatella_hominis	4	9	0	0	2	up	0.75	2.268502636420858	2.0864126060643904	0.0369412640711358	500.0	0.0004927323193607	0.0	0.1773916592455918	1.2778477688497891	True	453.0	False	False	False				top_300
CRC	s__Schaalia_SGB17168	8	9	1	0	2	up	0.875	0.9311435198744724	3.0722634110068268	0.0021244216535994	345.5	0.0009465376079112	0.0	0.0271728351041791	1.2757894548130115	True	453.0	False	False	False				top_300
CRC	s__Roseburia_faecis	9	9	2	7	2	down	0.6666666666666666	-0.452438071319684	-4.461008151405916	8.157498703612032e-06	78.0	0.0034101155843249	0.2222222222222222	0.0003586754745264	1.2701203992243817	True	72.0	True	False	False				top_300
CRC	s__Intestinimonas_butyriciproducens	9	9	1	3	2	up	0.7777777777777778	0.9567560692194303	2.9865394975599524	0.0028215438731222	169.0	0.0026699691850679	0.1555555555555555	0.0336696509576164	1.266426458137338	True	119.0	True	False	False				top_300
CRC	s__Clostridium_sp_AF12_28	9	9	1	1	2	down	0.7777777777777778	-0.665823305472185	-3.762688948906886	0.0001680962200862	293.0	0.0011484582409509	0.0222222222222222	0.0040788053403288	1.264913657491149	True	395.0	False	False	False				top_300
CRC	s__GGB3345_SGB4425	9	9	1	1	2	down	0.7777777777777778	-1.0494451140291805	-2.9849320738714376	0.0028364130200658	261.0	0.001093975307764	0.0444444444444444	0.0336696509576164	1.2555470545769305	True	291.0	False	False	False				top_300
CRC	s__GGB2998_SGB3988	9	9	1	4	2	up	0.7777777777777778	1.0978611020325189	2.7606981149938234	0.005767796360497	108.0	0.002119132948657	0.1555555555555555	0.0540730908796596	1.250192298231614	True	119.0	True	False	False				top_300
CRC	s__Jutongia_hominis	9	9	0	1	2	down	0.6666666666666666	-1.0563271027112453	-3.2311225229847937	0.0012330507182706	404.0	0.0009344385334657	0.0222222222222222	0.0188382748624684	1.2417415864775552	True	395.0	False	False	False				top_300
CRC	s__Congzhengia_minquanensis	7	9	0	1	2	down	0.8571428571428571	-1.539144400121171	-2.2860282232108884	0.0222526074899381	725.0	0.000634334309127	0.0571428571428571	0.1292845153464716	1.239084583266032	True	259.0	False	False	False				top_300
CRC	s__GGB40351_SGB14301	2	9	0	0	2	up	1.0	2.488288644583512	1.628929809536946	0.1033278787232368	865.0	8.538185097151743e-05	0.0	0.3193078325086494	1.2336696926809014	True	453.0	False	False	False				top_300
CRC	s__GGB87445_SGB53522	5	9	0	0	2	down	1.0	-1.693346570381484	-2.0140570858981315	0.0440035403809102	777.0	0.0001884118762438	0.0	0.1981013513902778	1.1906132451494644	True	453.0	False	False	False				top_300
CRC	s__Streptococcus_constellatus	8	9	0	1	2	up	0.75	2.1462213344881493	2.0347762889443564	0.0418733879198412	550.0	0.0007447900100052	0.025	0.1913334844318514	1.1849785559681114	True	365.0	False	False	False				top_300
CRC	s__Lachnospira_sp_NSJ_43	9	9	1	3	2	down	0.7777777777777778	-0.59494380710777	-3.595010882422825	0.0003243780174567	371.0	0.0017214385304107	0.1555555555555555	0.0062967497506318	1.176845297434717	True	119.0	True	False	False				top_300
CRC	s__GGB2999_SGB3990	2	9	0	0	2	down	1.0	-1.97510502194534	-1.829034434230734	0.0673944499410478	841.5	0.0001211588598807	0.0	0.2568148785282422	1.166062145547936	True	453.0	False	False	False				top_300
CRC	s__Roseburia_SGB4939	4	9	0	0	2	up	0.75	1.8088140907200352	2.2383501495642406	0.0251982301538393	417.0	0.0008323348637901	0.0	0.1382825707605785	1.1656439648495125	True	453.0	False	False	False				top_300
CRC	s__GGB9634_SGB15097	4	9	0	0	2	down	0.75	-2.648985240837999	-1.8130531542073327	0.0698236234596518	718.5	0.0001470268284332	0.0	0.2609154511290605	1.1592625667304146	True	453.0	False	False	False				top_300
CRC	s__GGB3033_SGB4029	7	9	0	0	2	up	0.8571428571428571	1.158588218371955	2.646919589436072	0.0081228665288215	578.0	0.0005013575501068	0.0	0.0686979121844111	1.1550030116462482	True	453.0	False	False	False				top_300
CRC	s__Lachnospira_eligens	9	9	1	6	2	down	0.7777777777777778	-0.4614870808574731	-3.6865364902235616	0.0002273268586171	53.0	0.0038678993333623	0.4	0.0050687745502475	1.153304970899134	True	27.0	True	False	False				top_300
CRC	s__Clostridium_sp_Marseille_P3244	9	9	0	0	2	up	1.0	1.1856199286502025	2.3996980078529395	0.0164086026964181	400.0	0.0006008463200875	0.0	0.1070126262809877	1.15072117931335	True	453.0	False	False	False				top_300
CRC	s__Akkermansia_muciniphila	9	9	0	2	2	up	0.8888888888888888	1.065855433667318	2.603025209702349	0.009240515871414	144.0	0.0018534808087448	0.0666666666666666	0.0733075374635865	1.1468681463102053	True	226.0	False	False	False				top_300
CRC	s__GGB1631_SGB2239	2	9	0	0	2	down	1.0	-3.6598620270996087	-1.253811654878994	0.2099104719466419	779.5	0.0001621940804963	0.0	0.4878201108619143	1.140926484229026	True	453.0	False	False	False				top_300
CRC	s__GGB9117_SGB14050	4	9	0	0	2	down	1.0	-2.2178619898496708	-1.675657109998382	0.0938053754393199	790.0	8.99594897259685e-05	0.0	0.3075638942702028	1.135688721015044	True	453.0	False	False	False				top_300
CRC	s__GGB9454_SGB14846	5	9	0	0	2	up	0.6	2.844964835538617	1.9595351428591825	0.0500501484346955	671.0	0.0003021700241768	0.0	0.2161851961184493	1.1354380671543851	True	453.0	False	False	False				top_300
CRC	s__GGB3883_SGB5265	2	9	0	0	2	up	1.0	2.067574939793867	1.7201151891520254	0.0854115052686937	589.5	0.0005741332722543	0.0	0.2943793954209222	1.0980737317904554	True	453.0	False	False	False				top_300
CRC	s__Eubacteriales_bacterium	9	9	0	0	2	up	0.7777777777777778	1.9429524890126375	2.048360764723401	0.0405246630097958	506.0	0.000548130598587	0.0	0.1878249830510202	1.0974932267332462	True	453.0	False	False	False				top_300
CRC	s__Eubacterium_sp_AF34_35BH	9	9	0	0	2	down	0.7777777777777778	-0.8199192257910421	-3.221331962819438	0.0012759626134675	286.0	0.0011416447777167	0.0	0.0191394392020138	1.09563943471641	True	453.0	False	False	False				top_300
CRC	s__Enterocloster_lavalensis	9	9	2	1	2	up	0.7777777777777778	0.9107639125812524	2.998681253153596	0.0027115081848114	167.0	0.0017051820932602	0.0444444444444444	0.0332703655339005	1.093463285413493	True	291.0	False	False	False				top_300
CRC	s__GGB2970_SGB3952	7	9	0	0	2	down	0.8571428571428571	-0.7983154558522149	-3.099830671699609	0.0019363130466852	441.0	0.0006941070883897	0.0	0.0255778157517646	1.089451895997796	True	453.0	False	False	False				top_300
CRC	s__Merdibacter_massiliensis	2	9	0	0	2	down	1.0	-2.121516975123971	-1.6658607460490853	0.0957411536160835	796.0	7.812500000000019e-05	0.0	0.3091446251791347	1.0816306075704183	True	453.0	False	False	False				top_300
CRC	s__Candidatus_Saccharibacteria_unclassified_SGB19846	4	9	1	0	2	up	0.75	1.802994134116632	2.143888533924457	0.0320418191429302	608.5	0.000703168077738	0.0	0.1592439806802258	1.079006763629729	True	453.0	False	False	False				top_300
CRC	s__GGB3304_SGB4367	9	9	1	4	2	up	0.8888888888888888	0.727755095404044	2.9158446758710648	0.0035472704860479	247.0	0.0021236562792914	0.1777777777777777	0.0388996810606367	1.0743154479125083	True	104.0	True	False	False				top_300
CRC	s__Methanobrevibacter_smithii	8	9	1	2	2	up	0.75	1.1288920631971688	2.5642614499840506	0.0103395626837561	355.5	0.0018464059835404	0.15	0.0789827705009149	1.0734390070830724	True	132.0	True	False	False				top_300
CRC	s__Latilactobacillus_curvatus	2	9	0	0	2	up	1.0	3.6858456924120175	1.202370220928595	0.2292201214725111	477.0	0.0005593870821353	0.0	0.5131793764309951	1.0679030406820078	True	453.0	False	False	False				top_300
CRC	s__Alistipes_finegoldii	9	9	1	4	2	up	0.8888888888888888	0.8651039442899472	2.624752630646001	0.008671193915426	141.0	0.0025015449847147	0.1999999999999999	0.0704801475884379	1.062978080741105	True	103.0	True	False	False				top_300
CRC	s__Lachnospiraceae_bacterium_OF09_6	8	9	1	1	2	down	0.75	-0.9568252948489232	-2.914734701508515	0.0035599102061552	405.0	0.0012141245841929	0.05	0.0388996810606367	1.0624755452090826	True	271.0	False	False	False				top_300
CRC	s__Butyricicoccus_intestinisimiae	7	9	0	0	2	down	0.8571428571428571	-1.0763553662397845	-2.616516699450181	0.0088832018966501	388.0	0.0008566151024658	0.0	0.0714989420949892	1.057012076944616	True	453.0	False	False	False				top_300
CRC	s__Clostridium_sp_AM49_4BH	9	9	2	2	2	down	0.7777777777777778	-0.6648238143433799	-3.3175486690969427	0.0009081109305702	261.0	0.0017206225234709	0.0888888888888888	0.0144075291869314	1.0368030781004562	True	186.0	False	False	False				top_300
CRC	s__Anaerotruncus_colihominis	9	9	0	4	2	up	0.7777777777777778	0.7110576047532724	3.213713088016364	0.0013103053190592	152.0	0.0017194913099738	0.0888888888888888	0.0193121526168153	1.032280204177988	True	186.0	False	False	False				top_300
CRC	s__GGB9253_SGB14198	7	9	1	0	2	down	0.7142857142857143	-1.2852665404517778	-2.583492599702849	0.0097805565323951	848.0	0.0003040528999554	0.0	0.0764830250163599	1.024940340964417	True	453.0	False	False	False				top_300
CRC	s__Schaalia_cardiffensis	2	9	0	0	2	up	1.0	1.6006291408553786	1.8938665259737548	0.0582427286293757	656.5	0.0002518701542178	0.0	0.2332536462098786	1.0118722188075784	True	453.0	False	False	False				top_300
CRC	s__Eisenbergiella_massiliensis	9	9	1	1	2	up	0.7777777777777778	1.483400663156894	2.20253757984655	0.0276273576120772	338.0	0.0012736154115858	0.0444444444444444	0.1448846849653203	1.0109965356737158	True	291.0	False	False	False				top_300
CRC	s__Mediterraneibacter_SGB48424	7	9	0	0	2	up	0.8571428571428571	1.4259306615000162	2.1735653093599385	0.0297377960721985	267.0	0.0009559064962122	0.0	0.1505133850279989	1.0051892989448794	True	453.0	False	False	False				top_300
CRC	s__Eubacterium_rectale	9	9	1	7	2	down	0.8888888888888888	-0.5064738536143948	-3.2610273179907265	0.0011100934482819	56.0	0.003258046112689	0.2666666666666666	0.0172797565062753	1.0050477730777982	True	63.0	True	False	False				top_300
CRC	s__Fusobacterium_varium	4	9	0	0	2	up	1.0	2.4602034866692715	1.454626606704568	0.1457726609910361	419.5	0.000530772846057	0.0	0.3930145271817152	0.9978373673297068	True	453.0	False	False	False				top_300
CRC	s__GGB3740_SGB5076	9	9	1	0	2	down	0.6666666666666666	-1.006531519542146	-2.9974907923599017	0.00272212081641	391.0	0.001061282295918	0.0	0.0332703655339005	0.991730424972586	True	453.0	False	False	False				top_300
CRC	s__Fusobacterium_mortiferum	5	9	0	0	2	up	0.6	1.8945446139920703	-2.259182962292039	0.0238720061945859	188.0	0.0012210305077871	0.0	0.1342586314572621	0.9912914267013412	True	453.0	False	False	False				top_300
CRC	s__Negativibacillus_massiliensis	9	9	1	0	2	up	0.8888888888888888	0.9572515985048736	2.6472674040843778	0.0081145159871682	408.0	0.0007632639959574	0.0	0.0686979121844111	0.9896334728139548	True	453.0	False	False	False				top_300
CRC	s__Actinomyces_sp_ph3	8	9	0	1	2	up	0.75	1.1315823023177205	2.6014635157333137	0.0092826938293553	359.5	0.0008739304967247	0.025	0.0733075374635865	0.9872116260399656	True	365.0	False	False	False				top_300
CRC	s__Clostridium_SGB6177	4	9	0	0	2	down	1.0	-2.2385045988142886	-1.5095977592840577	0.1311460934664838	664.5	0.0002281434837625	0.0	0.366143915769371	0.9767674034930572	True	453.0	False	False	False				top_300
CRC	s__GGB9760_SGB15373	9	9	1	3	2	down	0.7777777777777778	-0.5035831232735691	-3.555769337455905	0.0003768746272004	253.0	0.0017390471516801	0.1555555555555555	0.0070663992600082	0.9734595821452016	True	119.0	True	False	False				top_300
CRC	s__Lacticaseibacillus_rhamnosus	2	9	0	0	2	up	1.0	2.3075891065463003	1.4773509148200417	0.1395815964984698	808.5	0.0002006724244299	0.0	0.3806770813594631	0.9679027185234732	True	453.0	False	False	False				top_300
CRC	s__Desulfovibrio_desulfuricans	6	9	0	0	2	up	0.8333333333333334	1.589482894624077	2.041315892166071	0.0412194384361362	648.5	0.0002414565242603	0.0	0.1901253026454648	0.9549614312005243	True	453.0	False	False	False				top_300
CRC	s__GGB1663_SGB2279	6	9	1	1	2	up	0.6666666666666666	2.531535272433671	1.752191339131675	0.0797409124001434	686.0	0.0006141414577473	0.0333333333333333	0.2838724895231199	0.9537237070781944	True	337.0	False	False	False				top_300
CRC	s__GGB3281_SGB4335	4	9	0	0	2	down	0.75	-3.706844493321505	-1.3366684810219562	0.1813308746533156	732.0	0.0001972785809036	0.0	0.4560913767956872	0.9478812980513432	True	453.0	False	False	False				top_300
CRC	s__Raoultella_ornithinolytica	5	9	0	0	2	up	0.8	2.1983547053948893	1.7345513307079778	0.0828203063559731	354.0	0.0009077436793643	0.0	0.2902521373887626	0.9448081351618642	True	453.0	False	False	False				top_300
CRC	s__GGB87445_SGB15180	8	9	0	1	2	down	0.625	-1.126299031493111	-2.7701304355770198	0.0056033848224057	643.0	0.0006396144673386	0.05	0.0532599257565088	0.9413603190434326	True	271.0	False	False	False				top_300
CRC	s__Cloacibacillus_porcorum	7	9	0	0	2	up	0.8571428571428571	1.6982336741453656	1.9067006043347663	0.0565593686932065	731.0	0.000501526387121	0.0	0.2287327410387029	0.9325801684889752	True	453.0	False	False	False				top_300
CRC	s__Escherichia_coli	9	9	1	7	2	up	0.6666666666666666	0.737977165784673	2.8641263482366512	0.0041816117883718	61.0	0.0050750824163854	0.3777777777777778	0.0425950200480534	0.9290832157977964	True	34.0	True	False	False				top_300
CRC	s__Clostridium_methylpentosum	8	9	1	1	2	up	0.75	1.3587401389735183	2.2711756925466484	0.0231363442905816	374.0	0.000912734503695	0.025	0.1325393801767073	0.9167383453008612	True	365.0	False	False	False				top_300
CRC	s__Granulicatella_SGB8239	2	9	0	0	2	up	1.0	1.6607110586560878	1.7590050599475917	0.0785766491283354	566.0	0.0005805088576212	0.0	0.2824650785659115	0.9117888893084396	True	453.0	False	False	False				top_300
CRC	s__GGB45491_SGB63163	7	9	0	0	2	up	1.0	1.042524360484082	2.262263398596909	0.0236811343662862	589.0	0.0004412674008151	0.0	0.1338146291245629	0.9106412812652884	True	453.0	False	False	False				top_300
CRC	s__GGB4584_SGB6338	7	9	0	0	2	down	0.8571428571428571	-2.072867643890918	-1.664381765865405	0.0960361616160659	602.0	0.00022555872279	0.0	0.309421716286439	0.9051606703868146	True	453.0	False	False	False				top_300
CRC	s__Raoultibacter_massiliensis	8	9	1	0	2	up	0.75	2.785863931856175	1.5011387859157197	0.1333196687745425	678.0	0.000351700020183	0.0	0.3697100058453701	0.9029099129665392	True	453.0	False	False	False				top_300
CRC	s__Ruminococcus_gnavus	9	9	0	5	2	up	0.7777777777777778	0.7952186069937267	2.575132374956563	0.0100201729165549	75.0	0.0035134027857532	0.3111111111111111	0.0772583425809144	0.9017946984184833	True	44.0	True	False	False				top_300
CRC	s__Abiotrophia_defectiva	4	9	0	0	2	up	0.75	3.0421085688628087	1.430279658074914	0.1526367707090066	438.5	0.0008473924767363	0.0	0.4068669978511485	0.8910660034223077	True	453.0	False	False	False				top_300
CRC	s__GGB9593_SGB15015	7	9	0	0	2	down	0.7142857142857143	-1.445815521421742	-2.245428125633143	0.0247406615265094	505.0	0.0004771218292766	0.0	0.1374992594276677	0.8898990826264359	True	453.0	False	False	False				top_300
CRC	s__Candidatus_Nanosynsacchari_sp_TM7_ANC_38_39_G1_1	8	9	1	1	2	up	0.75	1.13864966103476	2.325380437151613	0.0200516265965225	408.5	0.0015193766893892	0.125	0.1216367054568464	0.8790110107915916	True	150.0	True	False	False				top_300
CRC	s__GGB9695_SGB15210	5	9	1	0	2	up	0.8	3.7841030180598487	1.2031969982785122	0.2289000962263709	638.0	0.0004012243941353	0.0	0.5131793764309951	0.8770969718150318	True	453.0	False	False	False				top_300
CRC	s__GGB9512_SGB14909	9	9	0	2	2	up	0.8888888888888888	0.791239251217848	2.632635030905823	0.008472533669762	379.0	0.0011490108821381	0.0666666666666666	0.0699271750632914	0.8667604827306786	True	226.0	False	False	False				top_300
CRC	s__Neglectibacter_timonensis	5	9	0	0	2	up	0.8	2.175554697275716	1.6303166284189163	0.1030345949377765	591.0	0.0002809866124913	0.0	0.3193078325086494	0.8628953560161767	True	453.0	False	False	False				top_300
CRC	s__GGB9061_SGB13979	3	9	0	0	2	down	0.6666666666666666	-1.6492333950430598	-2.1197865425112417	0.0340240507114215	762.0	0.0003625937226514	0.0	0.1673682344870121	0.8535629041847571	True	453.0	False	False	False				top_300
CRC	s__GGB34797_SGB14322	6	9	0	0	2	down	1.0	-1.093125188646945	-2.119097136727223	0.0340822586591733	307.0	0.001078862679718	0.0	0.1673682344870121	0.8486225601513204	True	453.0	False	False	False				top_300
CRC	s__Streptococcus_infantis	7	9	0	0	2	up	1.0	1.528321915544708	1.7657681352217174	0.0774347564725724	481.0	0.0007400791158938	0.0	0.2794419684490455	0.8462446337821253	True	453.0	False	False	False				top_300
CRC	s__Brotolimicola_acetigignens	9	9	1	8	2	down	0.7777777777777778	-0.305993851684619	-3.811349776158215	0.0001382100383524	59.0	0.0041703023174562	0.4222222222222222	0.00350840866587	0.8309362332395002	True	25.0	True	False	False				top_300
CRC	s__GGB3653_SGB4964	9	9	0	1	2	down	0.8888888888888888	-0.8724683386657596	-2.4962404228197235	0.0125517496619687	252.0	0.0012545199061906	0.0222222222222222	0.0900670592433041	0.8287796875536182	True	395.0	False	False	False				top_300
CRC	s__TM7_phylum_sp_oral_taxon_349	3	9	0	0	2	up	0.6666666666666666	2.718939334878846	1.5518491268087324	0.12069832796024	313.0	0.0007562053943496	0.0	0.3500039387247734	0.8264253599720007	True	453.0	False	False	False				top_300
CRC	s__Dielma_fastidiosa	9	9	1	1	2	up	0.6666666666666666	1.2925200532870322	2.2734550453390474	0.0229987722379025	425.0	0.0010468166478046	0.0666666666666666	0.1325393801767073	0.8066750371765731	True	226.0	False	False	False				top_300
CRC	s__Bacteroides_sp_AF16_49	2	9	0	0	2	down	1.0	-3.5026760770347254	-1.0224857312944329	0.3065510625760786	439.0	0.0003334481393261	0.0	0.5895212741847667	0.8038659733825059	True	453.0	False	False	False				top_300
CRC	s__GGB4684_SGB6478	9	9	0	0	2	up	0.7777777777777778	1.0462219843217353	2.4186580287670707	0.0155778774415602	585.0	0.0003686107209483	0.0	0.1041830755697062	0.7992461474735015	True	453.0	False	False	False				top_300
CRC	s__Massilicoli_timonensis	3	9	1	0	2	up	1.0	2.24673393934752	1.3685636604922558	0.1711357097900446	647.0	0.0003003825042824	0.0	0.4412092518024589	0.7983890137401396	True	453.0	False	False	False				top_300
CRC	s__Eubacteriales_unclassified_SGB15148	2	9	0	0	2	up	1.0	1.3877989227291194	1.7988253275339718	0.0720463155673405	605.0	0.0002937516210465	0.0	0.265942775584143	0.7982783204389853	True	453.0	False	False	False				top_300
CRC	s__Jingyaoa_shaoxingensis	8	9	0	0	2	down	0.875	-0.9969255359248592	-2.323875663328612	0.0201321589619837	540.5	0.0004980471579314	0.0	0.1216778838361653	0.7979788845069152	True	453.0	False	False	False				top_300
CRC	s__GGB2987_SGB3969	7	9	2	1	2	up	0.8571428571428571	0.6228355822309134	2.955350211872109	0.0031231431018042	272.0	0.0011122899362719	0.0285714285714285	0.036290043084345	0.7908382442003778	True	346.0	False	False	False				top_300
CRC	s__GGB3433_SGB4574	6	9	0	0	2	down	0.8333333333333334	-1.088143834069107	-2.236639656867611	0.025309900830118	572.0	0.0004945323771655	0.0	0.1382825707605785	0.7791405058511484	True	453.0	False	False	False				top_300
CRC	s__Blautia_hydrogenotrophica	7	9	0	0	2	up	1.0	0.8214122299543065	2.356384151549944	0.0184538227207131	387.0	0.0006240469525246	0.0	0.1142930931872338	0.7737539034906935	True	453.0	False	False	False				top_300
CRC	s__Prevotella_pallens	2	9	0	0	2	up	1.0	1.062093450743002	2.0337440641875952	0.0419774068874728	567.0	0.0004946691330471	0.0	0.1913334844318514	0.7628050957200178	True	453.0	False	False	False				top_300
CRC	s__GGB52930_SGB73859	2	9	0	0	2	up	1.0	2.487545416121679	1.2415777661992249	0.2143923892994891	774.5	8.611428846326309e-05	0.0	0.4940606736650238	0.7617354453623572	True	453.0	False	False	False				top_300
CRC	s__GGB9597_SGB15022	8	9	0	0	2	down	0.75	-0.8723665754387665	-2.617611948499406	0.0088547437872496	738.0	0.0001720071789168	0.0	0.0714989420949892	0.7496030403602322	True	453.0	False	False	False				top_300
CRC	s__Lachnospira_pectinoschiza	9	9	3	7	2	down	0.7777777777777778	-0.2938668305271312	-3.640952169369712	0.0002716316012688	59.0	0.0037134874802484	0.4222222222222223	0.0056024017761699	0.7319303674764388	True	22.0	True	False	False				top_300
CRC	s__GGB4717_SGB6533	5	9	0	0	2	down	0.8	-1.2887000867434422	-2.0234435854044914	0.0430274343765653	748.0	0.0002421454479302	0.0	0.1950419415421233	0.731849674552339	True	453.0	False	False	False				top_300
CRC	s__GGB9784_SGB15407	7	9	0	0	2	down	0.8571428571428571	-0.6698502337157259	-2.764392243914012	0.00570289396433	654.0	0.0002645298775782	0.0	0.0537701430922543	0.728869096359791	True	453.0	False	False	False				top_300
CRC	s__Enterocloster_hominis	9	9	0	1	2	up	0.8888888888888888	0.6683209732487313	2.657876975617978	0.0078634591908673	153.0	0.0018836673244418	0.0444444444444444	0.0675766024215164	0.7260714488777822	True	291.0	False	False	False				top_300
CRC	s__GGB2977_SGB3959	7	9	0	0	2	up	0.8571428571428571	0.671238532766215	2.7262596298844817	0.006405658989114	484.0	0.0005479873665825	0.0	0.0583941289062887	0.7097661760682364	True	453.0	False	False	False				top_300
CRC	s__GGB3175_SGB4191	9	9	1	2	2	down	0.6666666666666666	-1.0158530443083127	-2.3780637071086903	0.0174038187862775	279.0	0.0011617145278743	0.0888888888888888	0.1091874562637185	0.7092841769172156	True	186.0	False	False	False				top_300
CRC	s__GGB38239_SGB47716	7	9	0	0	2	down	0.8571428571428571	-1.5364980711406335	-1.7297721268955633	0.0836709962573252	704.0	0.0001699684166348	0.0	0.2920442258186643	0.7040032784610204	True	453.0	False	False	False				top_300
CRC	s__GGB6470_SGB9153	6	9	0	0	2	up	0.6666666666666666	2.691829011887548	1.4328124554341588	0.1519114408581903	593.0	0.0004185250797227	0.0	0.4063036832135896	0.7019379160639412	True	453.0	False	False	False				top_300
CRC	s__GGB1266_SGB1699	7	9	0	0	2	up	0.8571428571428571	1.7145107768524757	1.5871954589946249	0.1124683829287322	562.0	0.0003718239817898	0.0	0.3349690105278127	0.6980440115697715	True	453.0	False	False	False				top_300
CRC	s__Lachnospiraceae_bacterium_CLA_AA_H215	8	9	0	2	2	down	0.875	-0.5482955024027198	-2.816472736353308	0.0048554163778946	278.0	0.0016346441922796	0.1	0.0480685726663888	0.6956272025071222	True	175.0	False	False	False				top_300
CRC	s__Eubacterium_limosum	2	9	0	1	2	up	1.0	1.4871911234814077	1.4854221877472569	0.1374320217351114	498.0	0.0008276429418574	0.1	0.3779380597715564	0.6913019181541308	True	175.0	False	False	False				top_300
CRC	s__Enterococcus_durans	3	9	0	0	2	up	1.0	2.1896186156472672	1.262397509680966	0.2068057848813573	782.0	0.0001449247002776	0.0	0.4856573602903579	0.6868177259292952	True	453.0	False	False	False				top_300
CRC	s__Mogibacterium_kristiansenii	8	9	0	1	2	up	0.75	0.8277185444223917	2.531267788927008	0.0113651042794421	497.5	0.0010303927420927	0.025	0.0844703696445025	0.6829472573120001	True	365.0	False	False	False				top_300
CRC	s__Streptococcus_cristatus	7	9	0	0	2	up	0.8571428571428571	1.3006783584569654	1.857320601584728	0.0632655550890186	445.0	0.0009386477356391	0.0	0.2450426429504243	0.6809144097442544	True	453.0	False	False	False				top_300
CRC	s__GGB9328_SGB14291	2	9	0	0	2	up	1.0	3.775265020749925	0.8817304603372275	0.3779225847068453	688.0	0.0002457529922117	0.0	0.6610014195588944	0.6787836196461408	True	453.0	False	False	False				top_300
CRC	s__Zhenpiania_hominis	8	9	0	1	2	up	0.75	0.9582766354366454	2.322457610099707	0.0202083083961808	246.0	0.001332258235961	0.025	0.1216923680791915	0.673863776816813	True	365.0	False	False	False				top_300
CRC	s__Clostridiaceae_bacterium_Marseille_Q4145	9	9	1	3	2	down	0.7777777777777778	-0.5528037391949975	-2.869724243737908	0.0041082990960476	183.0	0.0018151580496006	0.1333333333333333	0.0425950200480534	0.6678946096201696	True	138.0	True	False	False				top_300
IBD	s__GGB9747_SGB15356	7	9	6	0	2	down	1.0	-5.695148112361553	-13.625531175477596	2.823484227340581e-42	391.0	0.0007336178477455	0.0	1.5325872386004675e-40	226.74990048825435	True	310.0	False	False	True				top_300
IBD	s__Alistipes_sp_AF17_16	8	9	6	2	2	down	0.875	-3.659197346794653	-16.86611629140948	7.987865492482025e-64	153.0	0.0024304455997456	0.15	1.8065889122163518e-61	223.66033375697296	True	141.0	False	False	True				top_300
IBD	s__GGB9060_SGB13977	2	9	1	0	2	down	1.0	-12.837165734280108	-8.776193272921299	1.6910111936230853e-18	417.0	0.000565075091987	0.0	2.2064444132178145e-17	213.8197735984858	True	310.0	False	False	True				top_300
IBD	s__GGB3653_SGB4964	8	9	5	5	2	down	1.0	-2.762519757916595	-15.818402470086845	2.323127264329012e-56	53.0	0.0064349102450246	0.425	3.9406046221180857e-54	210.23140817303397	True	33.0	True	True	True				top_300
IBD	s__GGB2998_SGB3989	3	9	3	1	2	down	1.0	-4.841690453543102	-13.18162339490211	1.1195549528751536e-39	571.0	0.0012664641859149	0.1333333333333333	5.064120236838612e-38	204.6496798222917	True	151.0	False	False	True				top_300
IBD	s__GGB51884_SGB49168	5	9	3	1	2	down	1.0	-8.635398923236789	-10.13989723636332	3.6748596046119385e-24	348.0	0.000992172863878	0.04	6.312385422099242e-23	199.37235247840707	True	252.0	False	False	True				top_300
IBD	s__Clostridium_sp_AM49_4BH	8	9	7	6	2	down	0.875	-2.1344915061312637	-18.300533651541187	8.194232243568806e-75	78.0	0.0050584612648198	0.375	1.111957315452287e-71	182.21390957289265	True	48.0	True	True	True				top_300
IBD	s__GGB9365_SGB14341	8	9	6	3	2	down	0.875	-4.210163498115721	-13.300531312609216	2.29829317370425e-40	291.0	0.0023297966432811	0.225	1.0754427023160923e-38	171.34267589865868	True	102.0	True	True	True				top_300
IBD	s__GGB13404_SGB14252	8	9	6	0	2	down	1.0	-3.2975227429643232	-15.517559493157632	2.638985192590262e-54	377.0	0.0006261582013257	0.0	3.25554809667726e-52	169.78079295340044	True	310.0	False	False	True				top_300
IBD	s__Faecalimonas_umbilicata	7	9	6	2	2	up	1.0	6.721028084888931	10.10439014137766	5.282319809430298e-24	162.0	0.0022182693524153	0.1428571428571428	8.74159509926453e-23	169.4345011467215	True	145.0	False	False	True				top_300
IBD	s__GGB9290_SGB14247	2	9	2	0	2	down	1.0	-10.78505191639882	-8.450336428841307	2.9046459823904936e-17	453.5	0.000236320259995	0.0	3.397934998365431e-16	166.83164858958034	True	310.0	False	False	True				top_300
IBD	s__Wujia_chipingensis	7	9	6	1	2	down	1.0	-2.892341268497548	-15.287699229575006	9.235569403310764e-53	196.0	0.0017700830128153	0.1428571428571428	1.0443889733577256e-50	165.21429403438506	True	145.0	False	False	True				top_300
IBD	s__GGB9758_SGB15368	9	9	4	2	2	down	0.8888888888888888	-4.092505423732895	-13.981280372854268	2.028062915777885e-44	218.0	0.001621863269258	0.0666666666666666	1.2509460803229956e-42	162.59534538633366	True	211.0	False	False	True				top_300
IBD	s__Alistipes_shahii	9	9	5	7	2	down	0.8888888888888888	-1.97087086361814	-16.937609340043345	2.375854321016084e-64	41.0	0.0055696888821508	0.4888888888888889	6.4480686272376525e-62	159.6071845795172	True	23.0	True	True	True				top_300
IBD	s__Oscillibacter_sp_MSJ_31	9	9	6	6	2	down	0.8888888888888888	-1.9964853899761716	-17.251245204103125	1.0951348742244812e-66	70.0	0.0041163204159845	0.4	4.953660081075404e-64	157.2824150475015	True	40.0	True	True	True				top_300
IBD	s__GGB9707_SGB15229	8	9	6	2	2	down	1.0	-2.2341133116446663	-17.05804414512454	3.0458350892787306e-65	291.5	0.0023585571861025	0.125	1.0332995540378094e-62	155.79364757113103	True	157.0	False	False	True				top_300
IBD	s__Oscillospiraceae_bacterium	8	9	5	3	2	down	0.875	-2.7120894551731047	-15.13315879537805	9.78820152614713e-52	233.5	0.0035109389254002	0.25	1.0217376516139734e-49	145.32334033604934	True	92.0	True	True	True				top_300
IBD	s__GGB9760_SGB15373	8	9	6	5	2	down	1.0	-2.009781191854364	-15.62935999794052	4.5939395780122064e-55	76.5	0.0043459991654201	0.3	6.2339760073625655e-53	136.39742891468347	True	73.0	True	True	True				top_300
IBD	s__GGB3478_SGB4643	7	9	5	2	2	down	1.0	-4.137348605987954	-11.880787306999189	1.48957719197868e-32	268.0	0.0015120500956551	0.0857142857142857	4.491902776700153e-31	136.3206299954248	True	192.0	False	False	True				top_300
IBD	s__GGB6012_SGB8640	2	9	1	0	2	down	1.0	-13.204894857505248	-6.758153404044859	1.3976151264662199e-11	533.5	0.0004175242821136	0.0	1.0837507009226631e-10	131.5877096346136	True	310.0	False	False	True				top_300
IBD	s__GGB9253_SGB14198	3	9	3	0	2	down	1.0	-5.225848203608467	-10.7106982298891	9.067531935566527e-27	399.0	0.00040601197775	0.0	1.9846194897683517e-25	129.0905889576532	True	310.0	False	False	True				top_300
IBD	s__Oscillospiraceae_bacterium_Marseille_Q3528	8	9	7	3	2	down	0.875	-2.672456049271709	-14.531783510625752	7.621004832725048e-48	167.0	0.0034342724397628	0.2	6.463564723754932e-46	126.80537855439373	True	112.0	True	True	True				top_300
IBD	s__Dialister_pneumosintes	7	9	6	1	2	up	1.0	10.938577200627153	6.737991454120829	1.6059101156867444e-11	182.0	0.0015558244412595	0.0571428571428571	1.2381931971516546e-10	114.56341585403923	True	229.0	False	False	True				top_300
IBD	s__Clostridiaceae_bacterium_Marseille_Q4145	7	9	4	3	2	down	0.8571428571428571	-2.3420353481235634	-14.29695965256628	2.2857964385042894e-46	198.0	0.0027126920933447	0.2571428571428572	1.6325398773949057e-44	110.50395708238894	True	89.0	True	True	True				top_300
IBD	s__GGB3058_SGB4060	4	9	3	0	2	down	1.0	-5.239566158744415	-9.773152757527583	1.4681093316572982e-22	361.5	0.0007594567203047	0.0	2.316539957045295e-21	108.11928708739704	True	310.0	False	False	True				top_300
IBD	s__GGB3619_SGB4894	7	9	6	0	2	down	0.8571428571428571	-3.5151440180185656	-12.780104607369603	2.1178449381565885e-37	429.0	0.0003983572317786	0.0	8.452692885524972e-36	105.6742829174412	True	310.0	False	False	True				top_300
IBD	s__GGB2983_SGB3965	6	9	4	0	2	down	0.8333333333333334	-6.268344431168302	-9.660703188321614	4.428138752129605e-22	397.0	0.0005493684211102	0.0	6.82839123481804e-21	105.33786498494122	True	310.0	False	False	True				top_300
IBD	s__Gemmiger_formicilis	9	9	5	7	2	down	0.8888888888888888	-0.966820124709764	-17.740854435928785	2.0282727365336548e-70	35.0	0.011825969012531	0.6666666666666666	1.3761830517380848e-67	95.76721986624456	True	7.0	True	True	True				top_300
IBD	s__GGB9759_SGB15370	7	9	4	0	2	down	1.0	-4.216581990042123	-10.118846812312428	4.5575354159267376e-24	365.0	0.0006169241414808	0.0	7.730719449265729e-23	93.23613368326792	True	310.0	False	False	True				top_300
IBD	s__GGB9699_SGB15216	8	9	5	3	2	down	0.875	-1.3079458677414968	-16.64323634017599	3.3880158030185774e-62	104.5	0.0041243504920854	0.375	6.567910635280299e-60	93.13102054296591	True	48.0	True	True	True				top_300
IBD	s__GGB3061_SGB4063	6	9	4	0	2	down	1.0	-4.263307518437439	-9.97702171051982	1.921477794751915e-23	303.0	0.0006247640810522	0.0	3.104101627950415e-22	91.69549124995844	True	310.0	False	False	True				top_300
IBD	s__GGB9602_SGB15031	8	9	4	1	2	down	1.0	-3.625924910964272	-10.631833145267812	2.1190572525065824e-26	251.0	0.0010516725512599	0.025	4.356910138865807e-25	90.53877188485468	True	293.0	False	False	True				top_300
IBD	s__Jutongia_huaianensis	2	9	2	0	2	down	1.0	-5.533993088228051	-8.677959102025564	4.029338730632853e-18	599.5	0.0003540983090867	0.0	5.06278949765628e-17	90.17979382499044	True	310.0	False	False	True				top_300
IBD	s__Clostridium_symbiosum	8	9	4	7	2	up	1.0	2.813648251364552	10.26610757243575	1.0016488434538591e-24	70.5	0.0081732142047814	0.4	1.812316640755849e-23	89.58226188643954	True	40.0	True	True	True				top_300
IBD	s__GGB9715_SGB15267	7	9	5	0	2	down	1.0	-3.227521708799623	-11.259294021774862	2.0842167296492185e-29	336.0	0.0006759287695491	0.0	5.545651180654882e-28	87.96948484371174	True	310.0	False	False	True				top_300
IBD	s__Ligaoa_zhengdingensis	5	9	5	0	2	down	1.0	-4.148752717700449	-9.632818152629769	5.811340117330923e-22	507.0	0.0003531081636745	0.0	8.860661280020297e-21	83.19300436949584	True	310.0	False	False	True				top_300
IBD	s__GGB4651_SGB6438	3	9	2	0	2	down	1.0	-3.719414806943583	-10.11662560765417	4.662123371541778e-24	395.0	0.0005299196559329	0.0	7.810495574299004e-23	82.22629859181606	True	310.0	False	False	True				top_300
IBD	s__Drancourtella_massiliensis	5	9	3	0	2	up	1.0	10.15141894430764	6.057724660414351	1.380604471048385e-09	522.0	0.0002022231027944	0.0	8.673519755614161e-09	81.83875622584691	True	310.0	False	False	True				top_300
IBD	s__GGB9712_SGB15244	6	9	4	1	2	down	1.0	-4.212802018594092	-9.168222397866105	4.808830889087178e-20	391.0	0.0008279267684876	0.0333333333333333	6.658758690297246e-19	79.12692701210125	True	262.0	False	False	True				top_300
IBD	s__Enterocloster_aldenensis	7	9	6	4	2	up	1.0	2.944328943100236	10.175746278654708	2.5444203129933343e-24	108.0	0.0026953672629365	0.2	4.426638929143531e-23	78.98077322663757	True	112.0	True	True	True				top_300
IBD	s__Eubacterium_siraeum	8	9	5	3	2	down	1.0	-1.5401190635851474	-13.378538597633524	8.071885092635536e-41	167.5	0.0072975038720492	0.325	3.9119814538237226e-39	78.37677351043051	True	67.0	True	True	True				top_300
IBD	s__Jilunia_laotingensis	3	9	1	0	2	down	0.6666666666666666	-6.0438608779834055	-9.465295111940916	2.92733273353672e-21	411.0	0.0002923019572377	0.0	4.2259473610737544e-20	78.06281298739208	True	310.0	False	False	True				top_300
IBD	s__Enterocloster_clostridioformis	7	9	6	3	2	up	1.0	4.137567022424356	8.68860092912025	3.669301431057233e-18	77.0	0.0027083645370157	0.1428571428571428	4.6534972354623036e-17	77.22932240943366	True	145.0	False	False	True				top_300
IBD	s__GGB3730_SGB5060	5	9	3	0	2	down	0.8	-3.688264201009903	-10.996209779869725	3.985329832377519e-28	275.0	0.0007172715339963	0.0	9.832895604611442e-27	76.73748964180128	True	310.0	False	False	True				top_300
IBD	s__GGB13489_SGB15224	7	9	5	0	2	down	1.0	-2.998587607701761	-10.901170817681228	1.1378362836153067e-27	377.0	0.0003991192384111	0.0	2.708848836606967e-26	76.6655347505215	True	310.0	False	False	True				top_300
IBD	s__Clostridiaceae_unclassified_SGB15090	8	9	6	1	2	down	1.0	-5.692311483815577	-7.671972863008856	1.6937079136772105e-14	402.0	0.0011525812352748	0.05	1.618564534408433e-13	76.45009687886761	True	238.0	False	False	True				top_300
IBD	s__GGB9635_SGB15103	2	9	2	0	2	down	1.0	-5.479354783514438	-8.00426175006103	1.2018550321375922e-15	754.5	0.0001070288561589	0.0	1.2642769601633431e-14	76.15293729444785	True	310.0	False	False	True				top_300
IBD	s__GGB33586_SGB53517	8	9	6	3	2	down	1.0	-2.1133237282341257	-12.14534009022192	6.072954864896331e-34	164.0	0.0022807829952458	0.1	1.916511570154493e-32	73.7322532785026	True	177.0	False	False	True				top_300
IBD	s__Butyricicoccus_SGB14985	4	9	4	0	2	up	1.0	8.404347019278434	6.301217236127043	2.9531714218709547e-10	499.0	0.0002794253667422	0.0	1.983887930435092e-09	73.13868592448459	True	310.0	False	False	True				top_300
IBD	s__Erysipelatoclostridium_ramosum	8	9	6	4	2	up	0.875	2.5472618479183926	10.756914878239492	5.498006255422829e-27	107.0	0.0030539765541997	0.3	1.2434657481014632e-25	72.16355630706447	True	73.0	True	True	True				top_300
IBD	s__Fusobacterium_nucleatum	8	9	5	0	2	up	1.0	9.578824362154766	5.78355957555049	7.313626982061272e-09	367.0	0.0004565922934879	0.0	4.135246589440477e-08	70.72523615139696	True	310.0	False	False	False				top_300
IBD	s__Enterococcus_faecium	6	9	5	1	2	up	1.0	8.540191485969459	5.936238927366153	2.916347129177401e-09	419.0	0.0009016574818252	0.0666666666666666	1.7510986965901477e-08	70.65985339911121	True	213.0	False	False	False				top_300
IBD	s__GGB3267_SGB4317	2	9	2	0	2	down	1.0	-7.460995806020036	-6.568679224253924	5.076350726966727e-11	325.0	0.000894979497707	0.0	3.74380866113796e-10	70.33246736172867	True	310.0	False	False	False				top_300
IBD	s__Enterocloster_bolteae	8	9	5	5	2	up	0.875	2.591568742465137	10.29668241641398	7.293331959114051e-25	57.0	0.0038688316847066	0.35	1.337439387637536e-23	70.02312153172132	True	58.0	True	True	False				top_300
IBD	s__GGB9590_SGB15012	7	9	3	0	2	down	0.8571428571428571	-4.170696530615909	-9.347051072366376	9.012543278962291e-21	480.0	0.0002040968607071	0.0	1.2873706557422978e-19	67.53059454372364	True	310.0	False	False	False				top_300
IBD	s__GGB9708_SGB15234	8	9	5	1	2	down	0.875	-2.4194159613329047	-11.989195023591272	4.048199857935376e-33	228.5	0.0014096669403397	0.025	1.24850163800416e-31	67.05816833650415	True	293.0	False	False	False				top_300
IBD	s__Clostridioides_difficile	4	9	4	0	2	up	1.0	12.536745450601067	4.820984349610566	1.4285156556525545e-06	537.5	0.000419772254563	0.0	5.803879475211126e-06	65.64592971249395	True	310.0	False	False	False				top_300
IBD	s__GGB9052_SGB13957	2	9	2	0	2	down	1.0	-8.783239528560987	-5.794940709333134	6.834532219047851e-09	860.5	5.4850852543154194e-05	0.0	3.896832025734426e-08	65.07755399991576	True	310.0	False	False	False				top_300
IBD	s__Ruminococcus_bromii	8	9	6	5	2	down	1.0	-1.3675792675137857	-12.416583021368089	2.1244282323216905e-35	54.5	0.0050945994334042	0.425	7.586445029632983e-34	64.54419644064757	True	33.0	True	True	False				top_300
IBD	s__Faecalicatena_fissicatena	8	9	5	4	2	down	1.0	-1.1775771426259007	-13.999844638553348	1.5621184798009166e-44	129.0	0.0033495413193647	0.25	1.059897388544922e-42	61.7856123635471	True	92.0	True	True	False				top_300
IBD	s__Lactobacillus_acidophilus	6	9	4	0	2	up	1.0	12.092457071678986	4.725096122103499	2.300065342754585e-06	449.5	0.0003900091249695	0.0	9.179966676817564e-06	60.911627704402925	True	310.0	False	False	False				top_300
IBD	s__Lachnospira_sp_NSJ_43	8	9	5	3	2	down	0.875	-1.366516775878343	-13.842569863417884	1.4107147131747652e-43	168.5	0.0029649424172262	0.225	8.323216807731113e-42	60.17089420656125	True	102.0	True	True	False				top_300
IBD	s__Coprococcus_eutactus	8	9	6	4	2	down	0.875	-2.2532025338117063	-11.10274921668889	1.2164350586530035e-28	102.5	0.002547950070247	0.15	3.1145327822492944e-27	60.09803398013776	True	141.0	False	False	False				top_300
IBD	s__GGB9708_SGB15233	6	9	3	0	2	down	1.0	-2.228737583609362	-11.173400564537976	5.503282379519341e-29	411.0	0.0003929841833756	0.0	1.4361450363476432e-27	59.825560994733	True	310.0	False	False	False				top_300
IBD	s__Clostridiaceae_bacterium_AF18_31LB	8	9	5	6	2	down	0.875	-1.0317680798436846	-14.837968845729284	8.323831118507316e-50	47.5	0.0049053304961915	0.4	8.06817059129602e-48	59.52187566525903	True	40.0	True	True	False				top_300
IBD	s__Blautia_producta	8	9	5	3	2	up	0.875	2.879822635674666	9.087201180898338	1.0162123743409468e-19	187.0	0.0034291972677935	0.3	1.3929294868491565e-18	58.4928856668558	True	77.0	True	True	False				top_300
IBD	s__Alistipes_ihumii	8	9	6	3	2	down	1.0	-1.970602269403524	-10.901324989423763	1.1359097636262709e-27	181.0	0.002585437257503	0.15	2.708848836606967e-26	57.9402342065419	True	137.0	False	False	False				top_300
IBD	s__Bacteroidales_bacterium	5	9	3	1	2	down	0.8	-4.937913026151359	-7.549403667880573	4.3725566778967716e-14	352.0	0.0016972884626989	0.16	4.092109939245461e-13	56.76680569866231	True	135.0	True	True	False				top_300
IBD	s__Gemella_morbillorum	6	9	2	0	2	up	1.0	12.220729893910342	4.522474673840244	6.112080177726029e-06	377.0	0.0002838968870196	0.0	2.3039146669928397e-05	56.67404562743617	True	310.0	False	False	False				top_300
IBD	s__Lachnospiraceae_bacterium_OM04_12BH	8	9	4	0	2	down	0.75	-2.2995963632009304	-12.360921486694092	4.252537450688033e-35	368.0	0.0005532052513493	0.0	1.4426733301459153e-33	56.640493368042186	True	310.0	False	False	False				top_300
IBD	s__Clostridiaceae_bacterium_Marseille_Q4143	8	9	5	3	2	down	0.875	-1.1803605977402056	-14.594798320206316	3.0310773872991217e-48	130.0	0.0040454397258669	0.175	2.742114676376606e-46	55.29203661383679	True	129.0	True	True	False				top_300
IBD	s__Clostridiales_bacterium_CHKCI006	4	9	4	0	2	up	1.0	10.167137175853904	4.895805233982846	9.790399686781685e-07	669.5	0.0002551039846679	0.0	4.075328949375075e-06	54.7992154942208	True	310.0	False	False	False				top_300
IBD	s__Klebsiella_oxytoca	4	9	3	0	2	up	1.0	12.949098904999094	4.251284645087736	2.1254782641540477e-05	424.0	0.0001856745080355	0.0	7.570272977577539e-05	53.3617922440965	True	310.0	False	False	False				top_300
IBD	s__Clostridiales_bacterium_KLE1615	8	9	5	4	2	down	1.0	-1.1259813490533486	-12.38869605997677	3.0089608088679487e-35	97.0	0.0107343291396163	0.425	1.0469640558035403e-33	52.91729194451687	True	33.0	True	True	False				top_300
IBD	s__Clostridiaceae_unclassified_SGB4771	7	9	5	1	2	down	0.8571428571428571	-1.6726076472414828	-12.710889778749973	5.144571554456536e-37	264.0	0.0014919685295304	0.0571428571428571	1.9392176664993107e-35	52.60963364180026	True	229.0	False	False	False				top_300
IBD	s__GGB9635_SGB15106	8	9	4	3	2	down	0.875	-2.605110054370358	-9.595368536804385	8.361773398331185e-22	345.0	0.0017867805687874	0.15	1.2469150001687271e-20	52.176613894480326	True	137.0	False	False	False				top_300
IBD	s__GGB2998_SGB3988	8	9	5	3	2	down	0.625	-1.3298359037559704	-15.648048583368968	3.4256363418564254e-55	151.5	0.0026364957082821	0.2	5.165098350999078e-53	52.14976903539392	True	112.0	True	True	False				top_300
IBD	s__GGB4605_SGB6376	5	9	4	0	2	down	1.0	-6.108472879006403	-6.22718511039668	4.748899161749745e-10	497.0	0.0001726303568324	0.0	3.1435395914606853e-09	51.93778584038365	True	310.0	False	False	False				top_300
IBD	s__GGB9690_SGB15196	4	9	3	0	2	down	1.0	-4.340788774904727	-7.331459767320141	2.276591724398379e-13	672.5	0.0001380272263551	0.0	1.955275297473797e-12	50.82539325666188	True	310.0	False	False	False				top_300
IBD	s__GGB9531_SGB14932	7	9	4	1	2	down	0.8571428571428571	-1.9856693982602585	-11.598103677938484	4.213104337893493e-31	206.0	0.0014343546286789	0.0285714285714285	1.2428657796785804e-29	50.60299642774523	True	275.0	False	False	False				top_300
IBD	s__Veillonellaceae_bacterium	6	9	5	0	2	up	1.0	6.382923274888999	5.997294978126388	2.006314239148741e-09	536.0	0.0002430624523605	0.0	1.2319314129071685e-08	50.48517933222016	True	310.0	False	False	False				top_300
IBD	s__Anaerococcus_obesiensis	4	9	3	0	2	up	1.0	12.331320265982804	4.228450452373559	2.353063212281978e-05	409.5	0.0003464572974795	0.0	8.272297355094933e-05	50.34105954849843	True	310.0	False	False	False				top_300
IBD	s__GGB6649_SGB9391	8	9	5	0	2	down	0.875	-3.623802517412616	-8.562685784371578	1.1026815263936862e-17	404.5	0.0004136835453779	0.0	1.348053001185795e-16	50.32195686245586	True	310.0	False	False	False				top_300
IBD	s__GGB3480_SGB4648	7	9	4	0	2	down	0.8571428571428571	-2.0349602609349	-11.4878799485544	1.5179140661429212e-30	305.0	0.0005870096753941	0.0	4.291269557824883e-29	49.4799090952146	True	310.0	False	False	False				top_300
IBD	s__Escherichia_coli	9	9	6	5	2	up	0.8888888888888888	2.690195093509181	8.100129125738095	5.490088425756339e-16	33.0	0.0082541670195297	0.4444444444444444	5.960039995001084e-15	49.13339391774317	True	29.0	True	True	False				top_300
IBD	s__GGB4683_SGB6473	4	9	3	0	2	down	1.0	-4.400045215747538	-7.154523314752016	8.396417591239243e-13	637.0	0.0001408055788278	0.0	7.033295476118304e-12	49.0730052870108	True	310.0	False	False	False				top_300
IBD	s__Eubacterium_ventriosum	8	9	5	6	2	down	0.875	-0.954310735118976	-13.985449209199524	1.912653596468921e-44	63.0	0.0046118434360903	0.4	1.2359385382896789e-42	48.99174015599599	True	40.0	True	True	False				top_300
IBD	s__Lachnospiraceae_bacterium_CLA_AA_H244	9	9	5	7	2	down	0.7777777777777778	-0.8455940855321366	-14.445200984349825	2.687721312097464e-47	20.0	0.0108219558218496	0.6666666666666666	2.1454340120683878e-45	48.9629344675793	True	7.0	True	True	False				top_300
IBD	s__GGB3142_SGB4155	2	9	2	0	2	down	1.0	-5.798684636194733	-6.17246478005938	6.723350843487079e-10	602.5	0.0002217721953884	0.0	4.3653526768478306e-09	48.47689143458	True	310.0	False	False	False				top_300
IBD	s__Bifidobacterium_dentium	7	9	4	0	2	up	1.0	6.130032701945097	5.992533199687202	2.06597241762593e-09	270.0	0.0007038368201072	0.0	1.2615467018977431e-08	48.42172088735701	True	310.0	False	False	False				top_300
IBD	s__GGB79118_SGB105839	4	9	4	0	2	up	1.0	9.392199477820002	4.759765877883024	1.938176520236837e-06	521.0	0.0003017765517632	0.0	7.827695053456513e-06	47.96000903359301	True	310.0	False	False	False				top_300
IBD	s__GGB9198_SGB14137	4	9	2	0	2	down	1.0	-2.367555771691108	-9.62062848227249	6.543014935869439e-22	382.0	0.0007046068773484	0.0	9.86541251997203e-21	47.36504790790413	True	310.0	False	False	False				top_300
IBD	s__Peptostreptococcus_stomatis	5	9	2	0	2	up	1.0	11.850638625108576	4.1597421328340864	3.186071000741095e-05	457.0	0.0001468370510496	0.0	0.0001086306117589	46.97649767068874	True	310.0	False	False	False				top_300
IBD	s__Oscillibacter_sp_ER4	9	9	5	6	2	down	0.8888888888888888	-1.1431587140194386	-13.120557511313136	2.5108100015983783e-39	96.0	0.0025670694441008	0.2444444444444444	1.0990868297319353e-37	46.73576521991728	True	97.0	True	True	False				top_300
IBD	s__Bifidobacterium_breve	7	9	6	0	2	up	1.0	6.237122643348807	5.825742067563912	5.68593765074673e-09	391.0	0.0005171973161257	0.0	3.2973578598561165e-08	46.66511573521273	True	310.0	False	False	False				top_300
IBD	s__Candidatus_Cibionibacter_quicibialis	9	9	5	8	2	down	1.0	-0.9100505114682844	-12.522680703832233	5.610760632698869e-36	53.0	0.0106578160553647	0.5111111111111111	2.057784372587125e-34	46.325389387222174	True	18.0	True	True	False				top_300
IBD	s__Flavonifractor_plautii	9	9	3	6	2	up	1.0	1.604120896313466	9.212302455993711	3.19203192818547e-20	29.0	0.0069296769670193	0.5555555555555556	4.465553944894518e-19	45.78905087071503	True	13.0	True	True	False				top_300
IBD	s__GGB9715_SGB15260	8	9	5	1	2	down	1.0	-1.7296046534067475	-10.888271230660028	1.3110531258724428e-27	273.5	0.0008754964323076	0.025	3.067412227256732e-26	45.23099256300178	True	293.0	False	False	False				top_300
IBD	s__GGB9667_SGB15164	6	9	5	3	2	down	1.0	-1.259759254896996	-11.505620139425645	1.2359772803274161e-30	149.5	0.0034466812005623	0.2333333333333333	3.5685556795836245e-29	44.1989800858071	True	99.0	True	True	False				top_300
IBD	s__GGB2982_SGB3964	8	9	6	1	2	down	1.0	-1.8698647323214768	-10.324331442382274	5.469852326711309e-25	326.0	0.0006507092671663	0.025	1.030915223242673e-23	44.05671780309293	True	293.0	False	False	False				top_300
IBD	s__Lachnospiraceae_bacterium_CLA_AA_H215	7	9	5	1	2	down	0.8571428571428571	-2.650352288769031	-9.304007803380772	1.352491726244954e-20	422.0	0.0003847034329177	0.0285714285714285	1.9118034088691696e-19	43.7384745757835	True	275.0	False	False	False				top_300
IBD	s__Streptococcus_parasanguinis	8	9	4	3	2	up	1.0	3.4856871591751912	6.5812437222295	4.6652910260825506e-11	111.5	0.006910386758037	0.325	3.45945350950493e-10	43.69592959946306	True	67.0	True	True	False				top_300
IBD	s__Leuconostoc_citreum	2	9	2	0	2	up	1.0	15.192345085866087	3.416579709945669	0.000634130965298	696.5	0.0001482077899577	0.0	0.0017454679917028	41.9018263571876	True	310.0	False	False	False				top_300
IBD	s__Fusicatenibacter_sp_CLA_AA_H277	8	9	5	4	2	down	0.75	-1.5032633437728824	-10.8862529942065	1.3404242506290956e-27	71.0	0.0071689347656964	0.45	3.0829757764469194e-26	41.70540324996372	True	27.0	True	True	False				top_300
IBD	s__GGB9502_SGB14899	8	9	4	2	2	down	0.875	-1.3849359776963743	-12.34053572846378	5.479009995399627e-35	261.0	0.0011531706306263	0.05	1.770242038989832e-33	41.67392846709999	True	238.0	False	False	False				top_300
IBD	s__Lachnospiraceae_bacterium_AM48_27BH	9	9	5	3	2	down	0.7777777777777778	-1.0073855159665448	-14.374020843218007	7.532787664390368e-47	112.0	0.0030771466334789	0.2	5.678884922543183e-45	41.60101355981474	True	108.0	True	True	False				top_300
IBD	s__Alistipes_finegoldii	9	9	5	8	2	down	0.7777777777777778	-0.8550023662705925	-13.396235372839577	6.360874871977766e-41	42.0	0.0074443615914905	0.6222222222222222	3.1969285930643806e-39	41.52795358945191	True	9.0	True	True	False				top_300
IBD	s__Clostridium_saccharogumia	4	9	2	0	2	down	1.0	-4.633058220280511	-6.39753274438126	1.5790762525395395e-10	512.0	0.0003008241573224	0.0	1.0932686095388546e-09	41.51810009923967	True	310.0	False	False	False				top_300
IBD	s__Alistipes_putredinis	9	9	5	8	2	down	0.7777777777777778	-0.8750688978036437	-13.5847429182091	4.9326084650868325e-42	51.0	0.0135233727258544	0.5333333333333333	2.5744421873549354e-40	41.31543821096385	True	17.0	True	True	False				top_300
IBD	s__GGB9534_SGB14937	8	9	6	1	2	down	0.75	-1.4943630906791638	-12.790160240402894	1.860898182008824e-37	214.0	0.0011564594187178	0.025	7.652238887836285e-36	40.34120968435621	True	293.0	False	False	False				top_300
IBD	s__GGB9760_SGB15374	7	9	4	2	2	down	0.7142857142857143	-2.018960894518453	-11.00369732979302	3.6677833921512303e-28	399.0	0.0011752129506773	0.0571428571428571	9.217003820646703e-27	39.6915424467135	True	229.0	False	False	False				top_300
IBD	s__GGB33469_SGB15237	4	9	3	0	2	down	1.0	-2.436881321702994	-8.637162937238362	5.762616841460618e-18	564.5	0.0001372736339614	0.0	7.174193627396384e-17	39.341565000910826	True	310.0	False	False	False				top_300
IBD	s__Lactiplantibacillus_plantarum	3	9	3	0	2	up	1.0	10.071178040029697	4.103075655451097	4.076938594829131e-05	363.0	0.000281698469732	0.0	0.0001355981782642	38.95276004087454	True	310.0	False	False	False				top_300
IBD	s__Clostridium_paraputrificum	7	9	4	0	2	up	1.0	6.590993644602817	5.129743191732807	2.90137720908794e-07	376.0	0.0003184346402207	0.0	1.3167788872014496e-06	38.75825340256932	True	310.0	False	False	False				top_300
IBD	s__Dakarella_massiliensis	4	9	3	0	2	up	1.0	9.68921897531596	4.147338648751266	3.363623583676185e-05	551.5	0.0005053623669146	0.0	0.0001138263641658	38.211926477466754	True	310.0	False	False	False				top_300
IBD	s__Ruminococcus_callidus	8	9	6	1	2	down	1.0	-2.11268700331576	-9.006917328853453	2.119297222838906e-19	215.0	0.0011263333508882	0.025	2.8758863313923952e-18	37.98560314177102	True	293.0	False	False	False				top_300
IBD	s__GGB4571_SGB6321	3	9	3	0	2	up	1.0	10.287692693206578	3.940813918957789	8.120560338754824e-05	606.0	0.0003512030245699	0.0	0.0002592847148162	36.89396102489999	True	310.0	False	False	False				top_300
IBD	s__Gemmiger_SGB15295	6	9	4	1	2	down	0.8333333333333334	-1.8429314644595995	-9.887426952964525	4.720035049587626e-23	363.0	0.0027134725571801	0.1333333333333333	7.535397132106365e-22	36.76537649901117	True	151.0	False	False	False				top_300
IBD	s__GGB4583_SGB6334	2	9	2	0	2	down	1.0	-4.394720828239136	-6.122985607341398	9.183799342544208e-10	741.5	0.0001355852904374	0.0	5.850899393348586e-09	36.18075818022195	True	310.0	False	False	False				top_300
IBD	s__Limosilactobacillus_fermentum	4	9	4	0	2	up	1.0	6.640278377246845	4.904324804451126	9.3749251966516e-07	412.0	0.0005337311503177	0.0	3.9264732999556245e-06	35.897327320001374	True	310.0	False	False	False				top_300
IBD	s__Enterocloster_lavalensis	7	9	3	1	2	up	1.0	2.644077377223427	7.366455065102995	1.7522496809693869e-13	156.0	0.0023448243522943	0.1428571428571428	1.564343958602275e-12	35.67439888302273	True	145.0	False	False	False				top_300
IBD	s__Vescimonas_coprocola	8	9	4	4	2	down	0.875	-0.7666168037451219	-13.636411901550815	2.432372043212471e-42	71.5	0.0040968180063223	0.325	1.3753036927663843e-40	35.428846094122804	True	67.0	True	True	False				top_300
IBD	s__Barnesiella_intestinihominis	9	9	6	6	2	down	0.8888888888888888	-0.83073718616128	-12.93056449232441	3.025890121372206e-38	93.0	0.005580493153258	0.3333333333333333	1.2831665295944013e-36	35.33817359181343	True	62.0	True	True	False				top_300
IBD	s__Streptococcus_oralis	6	9	4	0	2	up	1.0	6.676215001227708	4.835440087632104	1.3285138462295052e-06	237.5	0.0006263065687632	0.0	5.413793661661978e-06	35.160274959139144	True	310.0	False	False	False				top_300
IBD	s__Candidatus_Gastranaerophilales_bacterium	5	9	3	1	2	down	1.0	-2.68565356914912	-7.475278530594422	7.704050264646336e-14	441.0	0.0009769458312355	0.04	6.969597472750051e-13	33.9548899455419	True	252.0	False	False	False				top_300
IBD	s__Enterococcus_avium	4	9	3	0	2	up	1.0	8.463263007064606	4.167471908201288	3.0799645468626953e-05	533.0	0.0002322732838918	0.0	0.0001055432295477	33.65475456718348	True	310.0	False	False	False				top_300
IBD	s__GGB9737_SGB15309	3	9	2	0	2	down	1.0	-3.06933213661159	-7.081336736237959	1.4277050435396822e-12	524.0	0.0001151657856849	0.0	1.1885863460634039e-11	33.53235925049841	True	310.0	False	False	False				top_300
IBD	s__Erysipelatoclostridium_sp_An15	4	9	2	0	2	up	0.75	7.597424832908341	5.119417217325705	3.064812623971457e-07	595.0	0.0001682070655279	0.0	1.3817112062223477e-06	33.388304451099245	True	310.0	False	False	False				top_300
IBD	s__Granulicatella_SGB8255	7	9	4	1	2	up	1.0	5.351415741715024	5.137238496298759	2.788050340285782e-07	401.0	0.0007652580470681	0.0571428571428571	1.269592050928794e-06	33.356815347398324	True	229.0	False	False	False				top_300
IBD	s__GGB9616_SGB15051	7	9	3	1	2	down	0.8571428571428571	-1.5904287187154278	-10.459575978332431	1.3244704410628232e-25	506.0	0.0004534431442394	0.0285714285714285	2.5675805550317874e-24	33.07794940904414	True	275.0	False	False	False				top_300
IBD	s__Actinomyces_oris	4	9	2	1	2	up	1.0	5.372527463068443	5.113145570152076	3.1683794365547e-07	333.0	0.0010378684438141	0.05	1.4189738928728474e-06	32.9896120188678	True	238.0	False	False	False				top_300
IBD	s__Lawsonibacter_asaccharolyticus	8	9	3	6	2	down	1.0	-0.8401944484158961	-11.31678690566719	1.0837148623921209e-29	57.0	0.0044776792773075	0.425	2.9412021365322157e-28	32.96280439599435	True	30.0	True	True	False				top_300
IBD	s__GGB4552_SGB6276	8	9	5	0	2	down	0.875	-3.6702404202084975	-6.8494280788901865	7.414581413361733e-12	515.5	0.0001384059348529	0.0	5.883968992942614e-11	32.85429813761062	True	310.0	False	False	False				top_300
IBD	s__Ruminococcus_bicirculans	8	9	5	8	2	down	0.75	-1.354530112434801	-10.341365238081089	4.579661138844058e-25	54.5	0.0053121786219241	0.4	8.752957979452656e-24	32.79417287189256	True	40.0	True	True	False				top_300
IBD	s__GGB9766_SGB15383	6	9	3	0	2	down	1.0	-3.1293420165744785	-6.924035152104585	4.389569120717848e-12	398.0	0.0002854616222786	0.0	3.56685347114618e-11	32.69447268621211	True	310.0	False	False	False				top_300
IBD	s__Rothia_mucilaginosa	6	9	4	0	2	up	1.0	5.6190383704150815	5.080564856759946	3.76314226404064e-07	249.0	0.0010192098636156	0.0	1.6491360884646237e-06	32.49345763768306	True	310.0	False	False	False				top_300
IBD	s__Veillonella_parvula	7	9	4	3	2	up	1.0	3.181921720582754	5.99124275338719	2.082435233788463e-09	99.0	0.003424199441734	0.2571428571428572	1.2615467018977431e-08	31.597414840105323	True	89.0	True	True	False				top_300
IBD	s__Actinomyces_sp_ph3	4	9	2	0	2	up	1.0	8.781379875371988	3.9203282892262417	8.842842453901898e-05	480.0	0.00032979263507	0.0	0.0002803676918211	31.193850149097333	True	310.0	False	False	False				top_300
IBD	s__Lawsonibacter_SGB15145	7	9	4	0	2	down	0.8571428571428571	-1.4636946953018817	-10.73940748151862	6.646960427004756e-27	424.0	0.0004383047910317	0.0	1.478676278597615e-25	31.1517643017065	True	310.0	False	False	False				top_300
IBD	s__GGB9450_SGB14840	2	9	1	0	2	up	1.0	12.837887962937028	3.1741574669273103	0.0015027214158648	698.0	0.0001504962750368	0.0	0.0037693030708478	31.11568898488398	True	310.0	False	False	False				top_300
IBD	s__GGB2652_SGB3573	3	9	3	0	2	down	1.0	-2.687260467699541	-7.268824989778607	3.6262783776616556e-13	538.0	0.0001873106511853	0.0	3.0755373490542908e-12	30.935954783153875	True	310.0	False	False	False				top_300
IBD	s__GGB3345_SGB4425	6	9	4	0	2	down	0.8333333333333334	-2.539468882580204	-8.151360836142363	3.598516231915608e-16	376.0	0.000918972008553	0.0	3.9700703469182756e-15	30.476169864326923	True	310.0	False	False	False				top_300
IBD	s__Lacticaseibacillus_rhamnosus	6	9	3	0	2	up	1.0	6.542928695014948	4.522539557700299	6.110206267032794e-06	489.0	0.0003646391140186	0.0	2.3039146669928397e-05	30.343051734014463	True	310.0	False	False	False				top_300
IBD	s__Ruminococcus_lactaris	8	9	5	4	2	down	1.0	-0.8760124092721797	-11.462922542696814	2.0256210256518578e-30	105.0	0.0050056639881875	0.225	5.60973006491749e-29	30.31663983299198	True	102.0	True	True	False				top_300
IBD	s__Mitsuokella_jalaludinii	2	9	1	0	2	up	1.0	14.496078991768888	2.920363856258525	0.003496229206158	364.5	0.0007156613277161	0.0	0.0081799707461318	30.256915499961472	True	310.0	False	False	False				top_300
IBD	s__Streptococcus_cristatus	3	9	2	0	2	up	1.0	10.503777920093595	3.4958620879167155	0.0004725328573853	600.0	0.0001579774021644	0.0	0.0013442915879915	30.16166677157249	True	310.0	False	False	False				top_300
IBD	s__GGB9627_SGB15081	7	9	4	0	2	down	1.0	-1.949784449888139	-8.326835823229322	8.303176903564734e-17	280.0	0.000612203512414	0.0	9.389509215114457e-16	29.300107211105843	True	310.0	False	False	False				top_300
IBD	s__Veillonella_atypica	8	9	4	2	2	up	0.875	3.8966170878981754	5.868855160926675	4.388145606716026e-09	219.5	0.0016651730368764	0.125	2.5777980901790684e-08	29.10841882734687	True	157.0	False	False	False				top_300
IBD	s__Prevotella_buccae	2	9	1	0	2	up	1.0	12.007849105796804	3.1700459398620437	0.0015241483815875	757.0	0.00010331060399	0.0	0.0038092885525974	29.04886175320508	True	310.0	False	False	False				top_300
IBD	s__Clostridium_butyricum	5	9	2	0	2	up	1.0	11.33573834802474	3.2569264289367683	0.0011262562001854	506.0	0.0001201583534659	0.0	0.0028945637569158	28.774829570267137	True	310.0	False	False	False				top_300
IBD	s__Klebsiella_pneumoniae	7	9	4	1	2	up	1.0	5.119698387937154	4.835797770932939	1.326126919165504e-06	346.0	0.0016478706046304	0.0571428571428571	5.413793661661978e-06	28.503619023658853	True	229.0	False	False	False				top_300
IBD	s__Lactobacillus_gasseri	6	9	3	0	2	up	1.0	8.534786423533625	3.787690663017768	0.0001520539936869	443.5	0.0004387862880549	0.0	0.0004626396175631	28.46144030316975	True	310.0	False	False	False				top_300
IBD	s__Lacticaseibacillus_paracasei	5	9	4	0	2	up	1.0	7.191853598952652	4.09406433874523	4.238766062536041e-05	560.0	0.0002106800240392	0.0	0.0001406358324415	27.70232973027715	True	310.0	False	False	False				top_300
IBD	s__GGB4599_SGB6362	5	9	2	0	2	down	0.8	-4.273786900118632	-6.016228020539706	1.7852805336966523e-09	506.0	0.0002249755900432	0.0	1.1062217736193412e-08	27.202338376599148	True	310.0	False	False	False				top_300
IBD	s__GGB4604_SGB6370	2	9	1	0	2	down	1.0	-5.005403824184597	-4.901583272732058	9.506733569480224e-07	759.0	3.528668406914359e-05	0.0	3.96942690885682e-06	27.035548477983028	True	310.0	False	False	False				top_300
IBD	s__Roseburia_sp_AF02_12	8	9	3	1	2	down	0.625	-1.7069594002516555	-10.66762821423204	1.442617455538843e-26	208.0	0.0014985981164546	0.025	3.0587998236972032e-25	26.80706143298445	True	293.0	False	False	False				top_300
IBD	s__Streptococcus_mitis	7	9	4	0	2	up	1.0	4.593953806346334	5.10382262877773	3.328602736144322e-07	298.0	0.0006388058864411	0.0	1.4809553812943754e-06	26.780260886776727	True	310.0	False	False	False				top_300
IBD	s__Megasphaera_micronuciformis	6	9	5	0	2	up	0.8333333333333334	7.548032209817802	4.311672882181097	1.620240176750878e-05	323.5	0.0006448809597994	0.0	5.8012293399761e-05	26.647572694842967	True	310.0	False	False	False				top_300
IBD	s__GGB9288_SGB14243	2	9	2	1	2	down	1.0	-4.148691275549549	-5.086410616163849	3.649035744237062e-07	407.0	0.0010091797583589	0.1	1.6077082808213291e-06	26.440323183676053	True	177.0	False	False	False				top_300
IBD	s__GGB9618_SGB15065	2	9	2	0	2	down	1.0	-4.299497458172024	-5.2492913150888505	1.526854572174726e-07	723.5	2.466530849295332e-05	0.0	7.295569205778533e-07	26.38576144995353	True	310.0	False	False	False				top_300
IBD	s__Eubacterium_sp_AF34_35BH	8	9	5	2	2	down	0.875	-2.8049152515532563	-6.478920777996439	9.238098941807691e-11	223.0	0.0020816203942744	0.15	6.529218887517209e-10	25.92455792739032	True	141.0	False	False	False				top_300
IBD	s__GGB51959_SGB72479	5	9	4	1	2	down	1.0	-2.3370880799958758	-6.997096365393263	2.613215573670003e-12	326.0	0.0011755748792565	0.04	2.162276544798899e-11	25.92226189205709	True	252.0	False	False	False				top_300
IBD	s__GGB9620_SGB15070	4	9	3	0	2	up	1.0	7.003711331721605	4.00165480773705	6.290101996891057e-05	606.0	0.0001959691018569	0.0	0.0002046922880043	25.83598036278432	True	310.0	False	False	False				top_300
IBD	s__Aggregatibacter_segnis	6	9	3	0	2	up	0.8333333333333334	9.887411224780868	3.6503489584301096	0.0002618842735249	371.0	0.000461292588468	0.0	0.0007708827747795	25.64968867880469	True	310.0	False	False	False				top_300
IBD	s__GGB9597_SGB15022	2	9	1	0	2	down	1.0	-5.652697536236328	-4.439084031943804	9.03425407504139e-06	801.5	8.153744835210714e-05	0.0	3.349585458970264e-05	25.29587199534344	True	310.0	False	False	False				top_300
IBD	s__Alistipes_communis	8	9	5	2	2	down	0.875	-1.1380758193384024	-10.30928639870109	6.397456995229318e-25	179.5	0.0024048653042948	0.1	1.1892259099350936e-23	25.11170902001951	True	177.0	False	False	False				top_300
IBD	s__Actinomyces_SGB17132	3	9	2	0	2	up	1.0	9.443805944143223	3.3077352305289542	0.0009405368579741	665.0	0.0002253537145566	0.0	0.0024591686247994	24.640888874510548	True	310.0	False	False	False				top_300
IBD	s__GGB9767_SGB15385	4	9	2	0	2	down	0.75	-2.6996413466124185	-7.471627116972777	7.920919865038251e-14	765.0	2.09613087170884e-05	0.0	7.118336593944971e-13	24.59566590785381	True	310.0	False	False	False				top_300
IBD	s__Kluyvera_ascorbata	2	9	1	0	2	up	1.0	11.97151980931889	2.87745638011018	0.0040089533089475	703.0	5.67867406013756e-06	0.0	0.0092049909310352	24.37373461764961	True	310.0	False	False	False				top_300
IBD	s__GGB4578_SGB6328	3	9	2	0	2	down	1.0	-4.5259262940799765	-4.83902437386522	1.3047804608130617e-06	683.0	8.292588437042289e-05	0.0	5.349205695840859e-06	23.85937407928126	True	310.0	False	False	False				top_300
IBD	s__Rikenellaceae_bacterium	3	9	3	0	2	down	1.0	-2.293083979224007	-6.902291768754439	5.117019873736847e-12	562.0	0.0003208207363202	0.0	4.13321188610768e-11	23.810724389610527	True	310.0	False	False	False				top_300
IBD	s__Ruminococcus_gnavus	9	9	6	5	2	up	0.8888888888888888	1.6294291738221438	7.335924666919621	2.201958583261793e-13	31.0	0.0078851799439868	0.4000000000000001	1.9211073632048703e-12	23.7578416779942	True	38.0	True	True	False				top_300
IBD	s__GGB9614_SGB15049	8	9	4	2	2	down	0.75	-0.8407384548332322	-12.773061198623155	2.3185325119028443e-37	165.5	0.002105603834494	0.075	8.989281767577599e-36	23.755955571633205	True	205.0	False	False	False				top_300
IBD	s__Lancefieldella_parvula	4	9	3	0	2	up	1.0	7.716959389075911	3.6110947333006176	0.0003049072541733	490.0	0.0002077863064511	0.0	0.0008908081712744	23.538391517400907	True	310.0	False	False	False				top_300
IBD	s__Proteus_mirabilis	6	9	3	0	2	up	1.0	7.053170346343638	3.786348939193356	0.000152876960555	427.5	0.0004850086244915	0.0	0.0004641029876357	23.51093671954085	True	310.0	False	False	False				top_300
IBD	s__GGB4584_SGB6338	4	9	2	0	2	down	0.75	-3.529404578732344	-6.349927931677615	2.1541582144408243e-10	598.0	0.0001933760149994	0.0	1.4689410537669336e-09	23.38141141903027	True	310.0	False	False	False				top_300
IBD	s__Parabacteroides_sp_AGMB00274	4	9	3	0	2	down	0.75	-3.76620517229652	-6.134490295389742	8.543265875609117e-10	473.5	0.0005868889908887	0.0	5.468496128868666e-09	23.33766346144872	True	310.0	False	False	False				top_300
IBD	s__Parabacteroides_faecis	3	9	2	0	2	up	1.0	8.770785656513898	3.333738782217953	0.0008568708805609	353.0	0.0002943350848219	0.0	0.0022666155651486	23.19541387277455	True	310.0	False	False	False				top_300
IBD	s__Victivallis_lenta	4	9	1	0	2	down	1.0	-1.4020657261976333	-8.740936444589892	2.311860536299237e-18	371.5	0.0004473654975376	0.0	2.9878045216743465e-17	23.16864234565641	True	310.0	False	False	False				top_300
IBD	s__Oscillospiraceae_bacterium_CLA_AA_H250	8	9	5	4	2	down	0.875	-0.887405310845048	-10.6184613101387	2.445589394785025e-26	122.5	0.0053440821653111	0.2249999999999999	4.953231057795939e-25	23.118719803896365	True	105.0	True	True	False				top_300
IBD	s__Veillonella_seminalis	2	9	1	0	2	up	1.0	15.56975012823562	2.4021895391241985	0.0162972617428911	973.0	7.303933232470039e-06	0.0	0.0328121427078683	23.104970605650315	True	310.0	False	False	False				top_300
IBD	s__GGB32900_SGB53446	5	9	3	0	2	down	0.8	-2.015251171223656	-8.126575863414617	4.415871698670548e-16	316.0	0.0006220500823688	0.0	4.832530560561237e-15	23.07998710874692	True	310.0	False	False	False				top_300
IBD	s__GGB36599_SGB9269	5	9	4	0	2	up	0.8	5.918612022627553	4.637306739855242	3.529783874119631e-06	415.0	0.000410407437437	0.0	1.3724689734041087e-05	23.023388763209887	True	310.0	False	False	False				top_300
IBD	s__GGB9559_SGB14969	4	9	3	0	2	down	1.0	-3.083535130214953	-5.799440459636805	6.6536557034229964e-09	485.5	0.0002013889957948	0.0	3.8097091939008456e-08	22.877080689426435	True	310.0	False	False	False				top_300
IBD	s__Oscillospiraceae_unclassified_SGB15252	2	9	2	0	2	down	1.0	-4.77000311408386	-4.600991304986496	4.204849824487471e-06	369.0	0.000356586826472	0.0	1.6028037111880612e-05	22.872735713740838	True	310.0	False	False	False				top_300
IBD	s__GGB52130_SGB14966	6	9	2	1	2	down	0.8333333333333334	-2.08495907104791	-7.611078520675448	2.718180224528857e-14	208.5	0.0012350040106128	0.0333333333333333	2.579419975304657e-13	22.601119430667453	True	262.0	False	False	False				top_300
IBD	s__Granulicatella_adiacens	5	9	2	0	2	up	1.0	6.466060663967854	3.882255767726457	0.0001034919398233	506.0	0.0001348029411782	0.0	0.0003250892646765	22.553602602084457	True	310.0	False	False	False				top_300
IBD	s__GGB81342_SGB47944	2	9	1	0	2	up	1.0	13.32935291667172	2.5804271500546503	0.0098678173912421	758.0	4.831806853686313e-05	0.0	0.0207285266252562	22.4390534579289	True	310.0	False	False	False				top_300
IBD	s__Alistipes_SGB2313	3	9	2	0	2	down	1.0	-2.9174172272747545	-5.900101396064247	3.632782484120623e-09	217.0	0.0009562902028564	0.0	2.1621429083121428e-08	22.362340313456443	True	310.0	False	False	False				top_300
IBD	s__Gemella_sanguinis	4	9	2	0	2	up	1.0	6.827680558314454	3.738525445925205	0.0001851027600227	549.0	0.0001392312193385	0.0	0.0005581876563353	22.21194538684452	True	310.0	False	False	False				top_300
IBD	s__Blautia_luti	8	9	6	1	2	down	0.75	-2.198842385381034	-7.723375945410122	1.1328840420410906e-14	224.0	0.0015247049623792	0.025	1.1059882338487485e-13	21.90072697870812	True	293.0	False	False	False				top_300
IBD	s__Ligilactobacillus_salivarius	3	9	2	0	2	up	1.0	10.054213423254	2.982854342329345	0.0028557386599011	368.0	0.0005293525877397	0.0	0.0068106104771279	21.78560998063615	True	310.0	False	False	False				top_300
IBD	s__GGB3321_SGB4395	3	9	1	0	2	down	1.0	-4.7419846412373285	-4.493729086835456	6.9986654831605854e-06	506.0	0.0001938965718128	0.0	2.6235328896820205e-05	21.723569794825885	True	310.0	False	False	False				top_300
IBD	s__Clostridium_sp_AF36_4	9	9	4	4	2	down	0.7777777777777778	-0.8782292786071791	-10.65660225569865	1.6242332610372922e-26	95.0	0.0086251263941237	0.2888888888888889	3.3908992849655472e-25	21.5430556145854	True	80.0	True	True	False				top_300
IBD	s__Enterococcus_faecalis	5	9	3	0	2	up	1.0	6.213787223678789	3.8452464234267634	0.0001204313491336	433.0	0.000405902775379	0.0	0.0003714212290326	21.3141183337337	True	310.0	False	False	False				top_300
IBD	s__Streptococcus_infantis	2	9	2	0	2	up	1.0	10.589406720988295	2.855902223965176	0.0042914726994394	577.0	0.0004628673355226	0.0	0.0097874427783853	21.277620696985444	True	310.0	False	False	False				top_300
IBD	s__Clostridium_scindens	8	9	4	2	2	up	1.0	2.2491942095990027	6.070715098901629	1.273419266217901e-09	181.0	0.00249561174045	0.15	8.037348577942754e-09	20.938019419923396	True	141.0	False	False	False				top_300
IBD	s__Bacteroides_fragilis	9	9	1	5	2	up	1.0	1.464216468409786	6.947465230779246	3.719076826925107e-12	84.0	0.0101484246691414	0.3555555555555555	3.0586589419014365e-11	20.869399419658663	True	52.0	True	False	False				top_300
IBD	s__Streptococcus_salivarius	8	9	4	3	2	up	1.0	2.265547925610906	5.714164844389504	1.1024409338088818e-08	101.5	0.0046196351190594	0.275	6.05673015052086e-08	20.84903615245837	True	81.0	True	True	False				top_300
IBD	s__Simiaoa_sunii	8	9	4	3	2	down	0.625	-1.500460262934202	-8.989636714654342	2.4804896446871125e-19	119.0	0.0038486882945286	0.25	3.332697473109319e-18	20.487383024173276	True	92.0	True	True	False				top_300
IBD	s__GGB9724_SGB15278	5	9	1	0	2	up	1.0	6.164485736703268	3.746598081689572	0.0001792489367008	398.0	0.0006467906496619	0.0	0.0005429482301408	20.128535135780115	True	310.0	False	False	False				top_300
IBD	s__Desulfovibrio_fairfieldensis	2	9	2	0	2	down	1.0	-1.5224554355453457	-7.802613494831793	6.0638051627384205e-15	594.5	0.0005209179441397	0.0	6.050429121938263e-14	20.124141481900047	True	310.0	False	False	False				top_300
IBD	s__GGB3340_SGB4419	2	9	1	0	2	down	1.0	-5.93157840441306	-3.821597382301853	0.000132590035774	807.5	8.81505764595357e-05	0.0	0.0004048888879653	20.123853358878563	True	310.0	False	False	False				top_300
IBD	s__Christensenella_minuta	7	9	5	0	2	down	0.8571428571428571	-1.991605624189836	-7.347838641482185	2.0143746008968258e-13	435.0	0.0003677785383342	0.0	1.775004112608437e-12	20.059680545245783	True	310.0	False	False	False				top_300
IBD	s__Gemmiger_sp_An50	2	9	1	0	2	up	1.0	11.802429809168416	2.5804271500546503	0.0098678173912421	785.0	2.47460685156572e-05	0.0	0.0207285266252562	19.86858289948496	True	310.0	False	False	False				top_300
IBD	s__GGB2653_SGB3574	7	9	4	2	2	down	1.0	-0.7837486155753622	-10.230022643267889	1.4548535883746715e-24	195.0	0.0016846469244818	0.1142857142857143	2.563943271979779e-23	19.72924952854558	True	167.0	False	False	False				top_300
IBD	s__GGB3118_SGB4130	4	9	3	0	2	down	0.75	-2.2330255217553887	-7.350019886702692	1.9817736774048177e-13	734.5	5.236469966707103e-05	0.0	1.757690771397606e-12	19.68700760144468	True	310.0	False	False	False				top_300
IBD	s__Citrobacter_braakii	2	9	1	0	2	up	1.0	11.134624555386516	2.6501955343959724	0.0080445197855611	931.0	2.7470447736737852e-05	0.0	0.0172183175851836	19.6415811123951	True	310.0	False	False	False				top_300
IBD	s__Enteroscipio_rubneri	2	9	1	0	2	down	1.0	-4.431400467717485	-4.384501154045656	1.1625186662739229e-05	526.5	0.000568784180018	0.0	4.218015588592816e-05	19.386897655429195	True	310.0	False	False	False				top_300
IBD	s__Lactococcus_lactis	6	9	3	0	2	up	1.0	5.2981250999747935	3.970594548270268	7.16934975012306e-05	260.5	0.0011221225622025	0.0	0.0002310880667676	19.26516159364885	True	310.0	False	False	False				top_300
IBD	s__Actinomyces_graevenitzii	4	9	2	0	2	up	1.0	4.927583637291254	4.119277153145937	3.800627883948741e-05	306.0	0.0006257197081573	0.0	0.0001273444947782	19.193035957835395	True	310.0	False	False	False				top_300
IBD	s__GGB3352_SGB62935	4	9	4	0	2	down	1.0	-2.078376825820246	-6.463107732189667	1.0257420990870996e-10	447.0	0.0003260333988822	0.0	7.17490736320203e-10	19.005059496924165	True	310.0	False	False	False				top_300
IBD	s__Adlercreutzia_equolifaciens	8	9	4	1	2	down	0.75	-1.5186780163101476	-8.3574495506861	6.40886985930185e-17	169.5	0.002030924510707	0.1	7.370200338197128e-16	18.959676886370797	True	177.0	False	False	False				top_300
IBD	s__GGB3032_SGB4027	5	9	1	1	2	up	1.0	5.034927852549431	3.957560829914464	7.571900837734793e-05	474.0	0.0007419021815038	0.04	0.0002434850577442	18.921605237431308	True	252.0	False	False	False				top_300
IBD	s__Eggerthella_lenta	8	9	5	3	2	up	1.0	1.8028824966302384	6.518534458744239	7.099762881622471e-11	182.0	0.0018405397991034	0.125	5.084963947481716e-10	18.849904777432748	True	157.0	False	False	False				top_300
IBD	s__Bifidobacterium_pullorum	3	9	1	0	2	up	1.0	4.6546861416125545	4.174423264340545	2.9874188992994908e-05	542.0	0.0002380042559194	0.0	0.000102891559552	18.561120715791574	True	310.0	False	False	False				top_300
IBD	s__Blautia_SGB4833	3	9	1	0	2	up	1.0	8.115332551123222	3.012317535460166	0.0025926124517736	728.0	3.146050329414233e-05	0.0	0.0062378991082568	17.893997083048998	True	310.0	False	False	False				top_300
IBD	s__GGB9271_SGB14222	2	9	1	0	2	up	1.0	11.302882761598063	2.489490930520158	0.0127926182411601	560.5	0.0001475064627418	0.0	0.0262626065858612	17.866039215962658	True	310.0	False	False	False				top_300
IBD	s__GGB51269_SGB5062	3	9	2	0	2	down	1.0	-1.5354957161246223	-7.284387648091362	3.231346366887318e-13	551.0	0.0003221641793684	0.0	2.757822025073013e-12	17.749461025869472	True	310.0	False	False	False				top_300
IBD	s__Bacteroides_intestinalis	8	9	4	2	2	down	0.875	-1.996824539203511	-6.565717008638586	5.1783078160528e-11	243.5	0.0013380951689042	0.075	3.7983587602073776e-10	17.693997086215255	True	205.0	False	False	False				top_300
IBD	s__GGB4585_SGB6340	7	9	2	0	2	down	0.8571428571428571	-2.3872172437308965	-6.246939691921615	4.1857257995425474e-10	456.0	0.0005007783515575	0.0	2.7843283872447244e-09	17.505695017948213	True	310.0	False	False	False				top_300
IBD	s__Brotolimicola_acetigignens	8	9	4	7	2	down	0.625	-0.5424602745533685	-12.34119127764777	5.434578362656436e-35	35.5	0.0102554890208878	0.575	1.770242038989832e-33	17.489037432089322	True	12.0	True	True	False				top_300
IBD	s__Akkermansia_sp_KLE1798	3	9	2	0	2	down	1.0	-1.0968323407063745	-8.531889068966208	1.4397708222219138e-17	329.0	0.0005939669578174	0.0	1.7138324611887164e-16	17.292693382509743	True	310.0	False	False	False				top_300
IBD	s__GGB9775_SGB15395	6	9	3	0	2	down	0.8333333333333334	-2.228649706621325	-6.48659883583518	8.779569402582165e-11	437.0	0.0002521683410079	0.0	6.2376312457089e-10	17.095563877008352	True	310.0	False	False	False				top_300
IBD	s__Terrisporobacter_mayombei	3	9	2	0	2	up	1.0	7.727087653488721	3.014942354463416	0.0025702810136639	662.0	0.0001378758092455	0.0	0.0061951533490977	17.061007259230976	True	310.0	False	False	False				top_300
IBD	s__Streptococcus_anginosus	6	9	2	1	2	up	1.0	4.741643839690013	3.873902102778859	0.0001071064523253	391.5	0.0005727406721128	0.0333333333333333	0.000334122886909	17.03181192140483	True	262.0	False	False	False				top_300
IBD	s__Tyzzerella_nexilis	9	9	4	2	2	up	0.7777777777777778	3.442853398910348	4.979730503405812	6.367287581685336e-07	189.0	0.001676408496662	0.1333333333333333	2.725681150898108e-06	16.887284388860923	True	151.0	False	False	False				top_300
IBD	s__GGB4566_SGB6305	6	9	2	0	2	down	0.8333333333333334	-2.3111582943830835	-6.3228917340415896	2.567131728369573e-10	371.5	0.0004521539755303	0.0	1.7331332116405527e-09	16.87370518304769	True	310.0	False	False	False				top_300
IBD	s__GGB3001_SGB3992	4	9	3	0	2	down	0.75	-4.828141358329446	-4.521064543846407	6.152942258523005e-06	256.5	0.0010042203755708	0.0	2.312892699394936e-05	16.786884474221687	True	310.0	False	False	False				top_300
IBD	s__Parvimonas_parva	2	9	0	0	2	up	1.0	15.08738531244539	2.02227504950892	0.0431479447441199	656.0	0.0001839884232887	0.0	0.0772450673057662	16.779122422599592	True	310.0	False	False	False				top_300
IBD	s__GGB6470_SGB9153	2	9	1	0	2	down	1.0	-6.039364200447052	-3.4263240107545814	0.000611810087856	654.0	8.108756931449719e-06	0.0	0.001687451807359	16.745759548914613	True	310.0	False	False	False				top_300
IBD	s__GGB2970_SGB3952	7	9	4	1	2	down	0.8571428571428571	-2.2376171972671783	-6.218634957958911	5.014984998203368e-10	465.0	0.0006819740851572	0.0285714285714285	3.287601276599985e-09	16.735130850330616	True	275.0	False	False	False				top_300
IBD	s__Enterococcus_raffinosus	2	9	1	0	2	up	1.0	11.644370640383755	2.3540596788461645	0.0185696294916467	750.5	1.3612183853585308e-05	0.0	0.0370029180912843	16.67199098407941	True	310.0	False	False	False				top_300
IBD	s__GGB9616_SGB15052	4	9	4	0	2	down	0.75	-1.6916044675995727	-7.753585021529169	8.933393034387055e-15	265.0	0.0010234964680921	0.0	8.784503150480604e-14	16.56454973232799	True	310.0	False	False	False				top_300
IBD	s__GGB33539_SGB53381	2	9	1	0	2	down	1.0	-2.9751886848177675	-4.954683092514154	7.244826940982664e-07	544.0	0.0001735577378567	0.0	3.0626885230260047e-06	16.404884466208795	True	310.0	False	False	False				top_300
IBD	s__GGB4456_SGB6141	8	9	2	0	2	up	0.875	4.763630388446292	4.093492423107855	4.249239683693965e-05	337.5	0.0004831238072535	0.0	0.000140639469531	16.055369313842306	True	310.0	False	False	False				top_300
IBD	s__GGB4684_SGB6478	5	9	3	0	2	down	1.0	-2.310576003358778	-5.5904178818740204	2.2652379453103892e-08	677.0	0.0001885637324879	0.0	1.1914449192969758e-07	15.998257334785295	True	310.0	False	False	False				top_300
IBD	s__Citrobacter_portucalensis	3	9	0	0	2	up	1.0	10.113016243837563	2.4884446853209137	0.0128303194267934	927.0	1.5149809120424497e-05	0.0	0.0263002167102095	15.978976991649622	True	310.0	False	False	False				top_300
IBD	s__Actinomyces_naeslundii	2	9	1	0	2	up	1.0	8.407652843437479	2.763155544186399	0.0057245479081874	833.0	4.868474413513423e-05	0.0	0.0127347729695252	15.932576067317433	True	310.0	False	False	False				top_300
IBD	s__Schaalia_SGB17158	5	9	2	0	2	up	1.0	5.664691426464756	3.439785553508297	0.0005821752764841	582.0	0.0001274525605776	0.0	0.0016155661558057	15.813978873187356	True	310.0	False	False	False				top_300
IBD	s__GGB3175_SGB4191	6	9	2	1	2	down	0.6666666666666666	-0.9107392195067378	-10.607856012936155	2.739633393650901e-26	305.0	0.0009562459863964	0.0666666666666666	5.4671801693886365e-25	15.713116755312386	True	213.0	False	False	False				top_300
IBD	s__Haemophilus_parainfluenzae	8	9	5	2	2	up	0.875	2.932246989343288	5.078869099855336	3.796881929873161e-07	161.0	0.0017233591790909	0.05	1.6567102182758456e-06	15.573360899357125	True	238.0	False	False	False				top_300
IBD	s__Mediterraneibacter_butyricigenes	7	9	4	3	2	down	0.7142857142857143	-1.143240169536445	-8.568655114996991	1.0470059065324565e-17	152.0	0.0028631615323285	0.1999999999999999	1.2916245592404942e-16	15.56981763151193	True	123.0	True	True	False				top_300
IBD	s__Bifidobacterium_animalis	6	9	2	0	2	up	0.8333333333333334	5.16360164955655	3.93557199840682	8.299877624488195e-05	358.0	0.0007697636514284	0.0	0.0002643881205734	15.395097860465867	True	310.0	False	False	False				top_300
IBD	s__Scardovia_wiggsiae	3	9	2	0	2	up	1.0	5.5224240511398905	3.4327576364499657	0.0005974759263167	412.0	0.0003914778133085	0.0	0.0016546425143099	15.359494935901752	True	310.0	False	False	False				top_300
IBD	s__Enterobacter_hormaechei	3	9	1	0	2	up	1.0	7.813887126194778	2.811484636573723	0.0049313445740609	506.0	0.0001765822763052	0.0	0.0111345001447598	15.26309447315217	True	310.0	False	False	False				top_300
IBD	s__GGB9819_SGB15460	3	9	2	0	2	down	0.6666666666666666	-4.215615839877707	-4.913099423885575	8.964778669871942e-07	785.0	4.329834375987109e-05	0.0	3.766317230655178e-06	15.243900430194277	True	310.0	False	False	False				top_300
IBD	s__Peptoniphilus_harei	2	9	0	0	2	up	1.0	10.7633251432805	2.3358029614062925	0.0195015132133044	618.0	6.674813826271328e-05	0.0	0.0386894056000792	15.202205919619937	True	310.0	False	False	False				top_300
IBD	s__Limosilactobacillus_mucosae	3	9	1	0	2	up	1.0	10.485946955356718	2.369400227371214	0.0178169615272935	361.0	0.0003850274190684	0.0	0.0356076830523376	15.188435765458951	True	310.0	False	False	False				top_300
IBD	s__Blautia_SGB59878	3	9	2	0	2	up	1.0	4.712260085025474	3.7134760129677087	0.0002044318495505	516.0	0.0003618204835837	0.0	0.0006137478315045	15.1358266538505	True	310.0	False	False	False				top_300
IBD	s__Haemophilus_sputorum	6	9	3	0	2	up	0.8333333333333334	7.270406803550523	3.221159247978728	0.0012767318467085	311.0	0.0004852338891794	0.0	0.0032505161650722	15.074265588626863	True	310.0	False	False	False				top_300
IBD	s__Fusobacterium_mortiferum	3	9	2	0	2	down	0.6666666666666666	-4.668263926391748	-4.621714913278214	3.8058078564103207e-06	422.0	0.000449052038164	0.0	1.4671821764627288e-05	15.042752121397871	True	310.0	False	False	False				top_300
IBD	s__GGB9347_SGB14313	4	9	3	0	2	down	0.75	-1.985354445535738	-6.790033800915563	1.1210727604551234e-11	513.0	0.0001987456088768	0.0	8.844742650800014e-11	14.969544921317574	True	310.0	False	False	False				top_300
IBD	s__Oscillibacter_valericigenes	8	9	3	5	2	down	0.875	-0.5747440576719306	-10.260703581652992	1.0593206555132368e-24	90.0	0.0053914279138852	0.3	1.89144490727824e-23	14.855781616232058	True	73.0	True	True	False				top_300
IBD	s__GGB9640_SGB15115	4	9	3	0	2	down	1.0	-1.4783566748846462	-6.76389451842528	1.3433090076427168e-11	627.0	0.0001035748344808	0.0	1.0536822678446047e-10	14.74999375443061	True	310.0	False	False	False				top_300
IBD	s__Veillonella_rogosae	8	9	2	0	2	up	0.875	5.519265554309784	3.610802419977544	0.0003052511419621	240.0	0.0008463490448577	0.0	0.0008908081712744	14.730582161483907	True	310.0	False	False	False				top_300
IBD	s__Hydrogeniiclostridium_mannosilyticum	7	9	3	1	2	down	1.0	-2.8909812924688785	-4.679917897932392	2.869898200152658e-06	358.0	0.0007980772208243	0.0285714285714285	1.1255641206957102e-05	14.71515023038645	True	275.0	False	False	False				top_300
IBD	s__GGB4571_SGB6317	7	9	4	0	2	down	0.7142857142857143	-2.9473184797923606	-5.615734746588432	1.957287271906552e-08	422.0	0.0003986639460749	0.0	1.0334781431817864e-07	14.706484917006316	True	310.0	False	False	False				top_300
IBD	s__GGB34797_SGB14323	2	9	1	0	2	up	1.0	11.59738733101577	2.1855021675990054	0.0288520471935277	597.0	0.0002187810200923	0.0	0.0552997571209282	14.581125755098403	True	310.0	False	False	False				top_300
IBD	s__GGB34228_SGB72916	6	9	3	0	2	down	1.0	-2.3006992229384244	-5.330923545192392	9.771455323259452e-08	476.0	0.0002545811934388	0.0	4.752639739664185e-07	14.547470973467846	True	310.0	False	False	False				top_300
IBD	s__Bilophila_SGB69261	2	9	1	0	2	up	1.0	10.549371671983948	2.3043147734308143	0.021204980249904	824.0	6.361492122501909e-06	0.0	0.0419462947509035	14.52971707495067	True	310.0	False	False	False				top_300
IBD	s__Actinobaculum_sp_oral_taxon_183	3	9	1	0	2	up	1.0	6.891487279699049	2.923408077267096	0.0034622243590164	634.0	5.442832765521048e-05	0.0	0.0081284402338845	14.40315867983978	True	310.0	False	False	False				top_300
IBD	s__Alistipes_senegalensis	7	9	5	0	2	down	0.8571428571428571	-0.9870248859808736	-8.857050343050572	8.215943632834386e-19	291.0	0.0007341461185018	0.0	1.082430632015171e-17	14.353259427916653	True	310.0	False	False	False				top_300
IBD	s__GGB9512_SGB14909	8	9	2	3	2	down	0.875	-0.9906287287517312	-8.235620947392366	1.7862867887372918e-16	240.0	0.0014569419613141	0.125	1.986878010095496e-15	14.336490627988182	True	157.0	False	False	False				top_300
IBD	s__Schaalia_SGB17153	3	9	1	0	2	up	1.0	5.344902153615604	3.3131990812318897	0.0009223530101545	551.0	0.0003501501466045	0.0	0.0024209536456086	13.982336328926964	True	310.0	False	False	False				top_300
IBD	s__GGB51647_SGB4348	8	9	4	1	2	down	1.0	-1.432714355459041	-6.587207852568813	4.4817467212815456e-11	308.5	0.0013462942879872	0.025	3.341610055373109e-10	13.915876217622	True	293.0	False	False	False				top_300
IBD	s__Anaerostipes_caccae	7	9	3	1	2	up	0.8571428571428571	3.648413280942955	4.280341125285212	1.866070624475924e-05	194.0	0.0016119863014032	0.0571428571428571	6.663836414246918e-05	13.806388071985833	True	229.0	False	False	False				top_300
IBD	s__Senegalimassilia_anaerobia	8	9	5	0	2	down	0.75	-2.2762775059452585	-6.044811362260774	1.495849127634135e-09	458.0	0.0004677054853155	0.0	9.354227033177518e-09	13.707160573708984	True	310.0	False	False	False				top_300
IBD	s__Anaeroglobus_geminatus	2	9	1	0	2	up	1.0	10.35457037393696	2.2533551364016127	0.0242367658713971	523.0	0.0001861802353744	0.0	0.047459294787137	13.70612445242256	True	310.0	False	False	False				top_300
IBD	s__Lactonifactor_longoviformis	5	9	2	0	2	up	1.0	3.0391138032194247	4.42522966660204	9.633973253292576e-06	304.0	0.0005524053926961	0.0	3.5525276371516373e-05	13.522423006300729	True	310.0	False	False	False				top_300
IBD	s__Anaerostipes_butyraticus	4	9	1	0	2	up	1.0	5.380077507266227	3.234288797532398	0.0012194607674928	561.5	0.0001354752472171	0.0	0.003122279738656	13.479935854504674	True	310.0	False	False	False				top_300
IBD	s__Faecalicatena_orotica	3	9	1	0	2	up	1.0	7.411009766069964	2.6869765734156448	0.0072102009436791	701.0	3.84813953523265e-05	0.0	0.0156547882889161	13.379487241542574	True	310.0	False	False	False				top_300
IBD	s__Rubneribacter_badeniensis	3	9	1	0	2	up	1.0	7.558521404996003	2.647169677724785	0.0081168614833529	613.0	0.0001625266614518	0.0	0.0173457969022202	13.309087898248071	True	310.0	False	False	False				top_300
IBD	s__GGB9309_SGB14270	2	9	1	0	2	up	1.0	6.518907900894948	2.879081201183153	0.0039883562805506	395.0	0.0009205286086446	0.0	0.0091732194452665	13.282132846763371	True	310.0	False	False	False				top_300
IBD	s__Streptococcus_sanguinis	5	9	2	0	2	up	0.8	4.012728285634416	4.243601675427805	2.199606422940186e-05	373.0	0.0004841764937247	0.0	7.773088322733939e-05	13.19194503085599	True	310.0	False	False	False				top_300
IBD	s__Lawsonibacter_faecis	5	9	4	0	2	down	1.0	-1.867360660580912	-5.648656144775608	1.6170693465394922e-08	309.0	0.000656538964511	0.0	8.639224815960987e-08	13.190149128940252	True	310.0	False	False	False				top_300
IBD	s__GGB9545_SGB14951	2	9	1	0	2	down	1.0	-5.306914426771484	-3.189548672572367	0.0014249514130897	757.0	5.292452715367584e-05	0.0	0.0035941618356185	12.97223421095885	True	310.0	False	False	False				top_300
IBD	s__Butyricimonas_faecihominis	6	9	3	0	2	down	0.8333333333333334	-1.2399836288767063	-7.590575023575223	3.184889175904897e-14	337.5	0.0007143774220749	0.0	3.00131570257149e-13	12.93994042150294	True	310.0	False	False	False				top_300
IBD	s__Bariatricus_massiliensis	2	9	1	0	2	up	1.0	6.807766796528354	2.74624629275689	0.0060281490277365	489.0	0.0005495642964947	0.0	0.0133011353343715	12.772128131159382	True	310.0	False	False	False				top_300
IBD	s__Mogibacterium_kristiansenii	3	9	1	0	2	up	1.0	6.531559057062888	2.809940464036031	0.0049550665123037	446.0	0.0002697578667554	0.0	0.0111694771714221	12.74938875139909	True	310.0	False	False	False				top_300
IBD	s__Clostridium_fessum	8	9	5	6	2	down	0.75	-0.5103301592051989	-10.694450764524174	1.080579423879231e-26	57.0	0.0047306308221993	0.35	2.327533774927169e-25	12.728153588870294	True	58.0	True	True	False				top_300
IBD	s__GGB9501_SGB14898	7	9	3	0	2	down	0.8571428571428571	-1.6416406461578172	-6.390934233502604	1.6487528834501375e-10	378.0	0.0003501506466919	0.0	1.135714549665907e-09	12.58631457199806	True	310.0	False	False	False				top_300
IBD	s__Desulfovibrio_piger	5	9	2	0	2	down	1.0	-2.1634533731934917	-5.0922262845178015	3.538833863733298e-07	324.0	0.0009107136842452	0.0	1.5642337306469334e-06	12.560357686313402	True	310.0	False	False	False				top_300
IBD	s__Klebsiella_quasipneumoniae	4	9	2	0	2	up	1.0	7.328437183173016	2.605876187981397	0.0091639580451042	282.5	0.0006950673988276	0.0	0.0193699237806954	12.552675501155834	True	310.0	False	False	False				top_300
IBD	s__GGB38239_SGB47716	3	9	1	0	2	down	0.6666666666666666	-4.819730919680481	-4.108555017709897	3.9814236353633376e-05	741.0	0.000647924171587	0.0	0.0001327467290709	12.457321285097134	True	310.0	False	False	False				top_300
IBD	s__GGB3534_SGB4722	6	9	4	0	2	up	0.8333333333333334	2.484870691808083	5.192295017149252	2.0771751078509602e-07	218.0	0.0009884557134374	0.0	9.753379312642743e-07	12.446810240980398	True	310.0	False	False	False				top_300
IBD	s__Fusobacterium_periodonticum	2	9	1	0	2	up	1.0	8.017665380079228	2.4410989724117385	0.0146426411672551	613.5	0.0002840061915854	0.0	0.02961261410427	12.255187966849892	True	310.0	False	False	False				top_300
IBD	s__GGB9715_SGB15265	8	9	5	1	2	down	1.0	-1.271718986334306	-6.520675197066536	6.999160108857607e-11	267.0	0.0011971707755437	0.025	5.052053333893495e-10	12.118140753298634	True	293.0	False	False	False				top_300
IBD	s__Intestinibacter_bartlettii	8	9	4	3	2	up	0.875	1.4980169792477458	5.845842287636586	5.040113999169251e-09	160.0	0.0027358594391652	0.225	2.9353796982286153e-08	12.094573155850757	True	100.0	True	True	False				top_300
IBD	s__GGB3033_SGB4029	5	9	1	0	2	down	1.0	-1.9782756738027196	-5.234138353901272	1.6575626400222748e-07	313.0	0.0007257273576706	0.0	7.83732579271856e-07	12.07901911077959	True	310.0	False	False	False				top_300
IBD	s__GGB58158_SGB79798	7	9	4	0	2	down	1.0	-1.2636651031615334	-6.604937082458992	3.976862059784564e-11	368.0	0.0005488804072696	0.0	2.9815479641589246e-10	12.03711548517998	True	310.0	False	False	False				top_300
IBD	s__Bacteroides_congonensis	3	9	1	0	2	up	1.0	3.4928928451495587	3.821253820291369	0.0001327749116761	532.0	0.0001942439806129	0.0	0.0004048888879653	11.85021230803763	True	310.0	False	False	False				top_300
IBD	s__Lachnospiraceae_bacterium_oral_taxon_096	2	9	1	0	2	up	1.0	9.244200291385932	2.206344144357074	0.0273599127081845	742.0	4.148936170212876e-05	0.0	0.0528128044736933	11.807254381530964	True	310.0	False	False	False				top_300
IBD	s__GGB3680_SGB4995	2	9	1	0	2	up	1.0	7.402439629789413	2.460860871170032	0.0138604103237707	957.0	1.475532841810192e-05	0.0	0.0281144645879774	11.481703389613102	True	310.0	False	False	False				top_300
IBD	s__Christensenella_sp_Marseille_P3954	4	9	4	0	2	down	1.0	-1.9238273830107624	-5.127995249262697	2.9284383056195696e-07	533.5	0.0002719699101085	0.0	1.3246302602419186e-06	11.308075224800064	True	310.0	False	False	False				top_300
IBD	s__Roseburia_inulinivorans	9	9	1	7	2	down	0.7777777777777778	-0.5048948390920527	-9.510389829066083	1.899493691402152e-21	49.0	0.0071934316606389	0.4666666666666667	2.7716268163792693e-20	11.26408735206354	True	25.0	True	False	False				top_300
IBD	s__Odoribacter_laneus	4	9	1	0	2	down	0.75	-1.5490828085166046	-6.648942247555681	2.952067931762248e-11	402.0	0.000491893739102	0.0	2.250537181686163e-10	11.208830700606402	True	310.0	False	False	False				top_300
IBD	s__GGB9580_SGB14998	4	9	3	0	2	up	0.75	7.26753446516044	2.8927230444608005	0.0038191790273719	619.5	0.0001619316461815	0.0	0.0088743594865474	11.183988708238564	True	310.0	False	False	False				top_300
IBD	s__GGB3548_SGB4744	5	9	1	1	2	up	1.0	2.7481142027973737	4.122021190600325	3.755626435081925e-05	373.0	0.0011405298179871	0.04	0.0001261481453565	11.143833646342722	True	252.0	False	False	False				top_300
IBD	s__bacterium_210917_SL_2_15	6	9	1	0	2	up	1.0	2.888254024255024	4.080839196515083	4.487339253743418e-05	198.5	0.0011744713291373	0.0	0.0001481586220761	11.059913353603712	True	310.0	False	False	False				top_300
IBS	s__Bacteroides_mediterraneensis	1	3	1	0	1	down	1.0	-22.44814275136175	-6.632052185607529	3.310514865861128e-11		0.0	0.0	8.298112801863126e-09	272.1058582241474	True	1.0	False	False	True	Goll_2020_FMT_IBS	1.0	1.0	top_300
IBS	s__Paraprevotella_xylaniphila	1	3	1	0	1	down	1.0	-20.538647049732724	-6.632052185607529	3.310514865861128e-11		0.0	0.0	8.298112801863126e-09	248.95984688494354	True	2.0	False	False	True	Goll_2020_FMT_IBS	1.0	1.0	top_300
IBS	s__Bacteroides_congonensis	1	3	1	0	1	down	1.0	-17.479436165633537	-6.632052185607529	3.310514865861128e-11		0.0	0.0	8.298112801863126e-09	211.87752732173755	True	3.0	False	False	True	Goll_2020_FMT_IBS	1.0	1.0	top_300
IBS	s__Alistipes_montrealensis	1	3	1	0	1	down	1.0	-16.70135182625577	-4.977243549443023	6.449614863521471e-07		0.0	0.0	1.8827914159279987e-05	118.37578611936848	True	4.0	False	False	True	Goll_2020_FMT_IBS	1.0	1.0	top_300
IBS	s__Bacteroides_acidifaciens	1	3	1	0	1	down	1.0	-15.123700636312874	-4.977243549443023	6.449614863521471e-07		0.0	0.0	1.8827914159279987e-05	107.19371524424005	True	5.0	False	False	True	Goll_2020_FMT_IBS	1.0	1.0	top_300
IBS	s__GGB3433_SGB4573	1	3	1	1	1	up	1.0	7.598479740927933	6.322356953940294	2.5760345752689833e-10		0.0	0.0	3.258683737715264e-08	85.33424559519956	True	6.0	False	False	True	Mars_2020_IBS	0.0	1.0	top_300
IBS	s__Oscillospiraceae_unclassified_SGB15253	1	3	1	0	1	down	1.0	-7.272199052916195	-5.858380613416134	4.6740244194411686e-09		0.0	0.0	2.956320445296539e-07	71.22299206186555	True	7.0	False	False	True	Goll_2020_FMT_IBS	1.0	1.0	top_300
IBS	s__Parasutterella_excrementihominis	2	3	2	1	1	up	1.0	6.8299405684849	5.230420694815767	1.691247186461794e-07		0.0	0.0	6.7560874448657975e-06	63.29766468666729	True	9.0	False	False	True	Goll_2020_FMT_IBS;Mars_2020_IBS	1.0	2.0	top_300
IBS	s__GGB9781_SGB15402	2	3	1	0	1	up	1.0	13.388535214038162	3.6771467917381533	0.00023585732724842399		0.0	0.0	0.001945822949799498	54.44240346606129	True	10.0	False	False	True	Goll_2020_FMT_IBS;Mars_2020_IBS	1.0	1.0	top_300
IBS	s__Clostridium_sp_AF32_12BH	1	3	1	0	1	down	1.0	-10.773478619417086	-4.1011290188001706	4.111392347008216e-05		0.0	0.0	0.0005200911318965393	53.068871771620124	True	11.0	False	False	True	Goll_2020_FMT_IBS	1.0	1.0	top_300
IBS	s__Clostridium_SGB4909	1	3	1	0	1	up	1.0	15.421064793946872	3.181322133854559	0.001466045149963299		0.0	0.0	0.0070425839798869865	49.78539562556411	True	12.0	False	False	True	Goll_2020_FMT_IBS	1.0	1.0	top_300
IBS	s__Lactobacillus_gasseri	3	3	1	0	1	up	1.0	11.54529010965919	3.767693069727495	0.00016476310361563358		0.0	0.0	0.0015250633615154377	48.779637739446756	True	13.0	False	False	True	Goll_2020_FMT_IBS;Mars_2020_IBS;PRJEB34103_IBS	2.0	1.0	top_300
IBS	s__Streptococcus_parasanguinis	3	3	2	1	1	up	1.0	3.7453145641020082	6.198933001818065	5.684722245995933e-10		0.0	0.0	6.16386312101559e-08	48.40464518316998	True	14.0	False	False	True	Goll_2020_FMT_IBS;Mars_2020_IBS;PRJEB34103_IBS	2.0	2.0	top_300
IBS	s__Lachnospiraceae_bacterium_CLA_AA_H215	1	3	1	0	1	up	1.0	14.761861154423569	3.1814560476101725	0.0014653675604698005		0.0	0.0	0.0070425839798869865	47.65722131140381	True	15.0	False	False	True	Goll_2020_FMT_IBS	1.0	1.0	top_300
IBS	s__GGB3537_SGB4727	1	3	1	0	1	up	1.0	13.11004647611407	3.3317527791890216	0.0008630088406796988		0.0	0.0	0.004924990301322491	45.37900908245434	True	16.0	False	False	True	Goll_2020_FMT_IBS	1.0	1.0	top_300
IBS	s__GGB2970_SGB3952	1	3	1	0	1	up	1.0	14.765725554121389	3.029984342601704	0.0024456641707199978		0.0	0.0	0.010428421941440889	43.89366050797343	True	17.0	False	False	True	Goll_2020_FMT_IBS	1.0	1.0	top_300
IBS	s__GGB9302_SGB14263	1	3	1	0	1	up	1.0	17.978250432131084	2.722845000577656	0.006472241592050403		0.0	0.0	0.024318967170129976	43.52682409192875	True	18.0	False	False	True	Goll_2020_FMT_IBS	1.0	1.0	top_300
IBS	s__GGB9762_SGB15377	1	3	1	0	1	up	1.0	18.028204971088105	2.565931113048297	0.010289926158655994		0.0	0.0	0.033956756323564784	39.72714542694667	True	21.0	False	False	True	Goll_2020_FMT_IBS	1.0	1.0	top_300
IBS	s__Blautia_caecimuris	2	3	1	1	1	up	1.0	4.406529824794071	5.562971664934517	2.6521896778906475e-08		0.0	0.0	1.258132478449376e-06	38.99959756294166	True	22.0	False	False	True	Goll_2020_FMT_IBS;Mars_2020_IBS	1.0	1.0	top_300
IBS	s__Provencibacterium_massiliense	1	3	1	0	1	up	1.0	11.909929381535765	3.181322133854559	0.001466045149963299		0.0	0.0	0.0070425839798869865	38.45003921940793	True	24.0	False	False	True	Goll_2020_FMT_IBS	1.0	1.0	top_300
IBS	s__Monoglobus_pectinilyticus	2	3	2	1	1	up	1.0	5.842376882136892	4.245779291321241	2.1783497795561375e-05		0.0	0.0	0.000311412550198877	36.72301515010623	True	25.0	False	False	True	Goll_2020_FMT_IBS;Mars_2020_IBS	1.0	2.0	top_300
IBS	s__Youxingia_wuxianensis	1	3	1	0	1	up	1.0	10.951308230464717	3.181322133854559	0.001466045149963299		0.0	0.0	0.0070425839798869865	35.3552248276132	True	27.0	False	False	True	Goll_2020_FMT_IBS	1.0	1.0	top_300
IBS	s__GGB4768_SGB6601	1	3	1	0	1	up	1.0	17.457901310649813	2.4058149001922766	0.016136438306330592		0.0	0.0	0.0493853091713908	34.210561622590646	True	29.0	False	False	True	Goll_2020_FMT_IBS	1.0	1.0	top_300
IBS	s__Dorea_phocaeensis	1	3	1	1	1	up	1.0	6.546630288988358	4.192473627991968	2.7592916705329843e-05		0.0	0.0	0.00037398256748830984	33.65441264871064	True	30.0	False	False	True	Mars_2020_IBS	0.0	1.0	top_300
IBS	s__Bacteroides_fragilis	2	3	2	1	1	up	1.0	6.2050998539696405	3.8456806334424547	0.00012021826278325193		0.0	0.0	0.0011850085902920546	32.547606212465126	True	33.0	False	False	True	Goll_2020_FMT_IBS;Mars_2020_IBS	1.0	2.0	top_300
IBS	s__Lachnospiraceae_bacterium_OM04_12BH	1	3	1	0	1	up	1.0	14.69156235453348	2.565931113048297	0.010289926158655994		0.0	0.0	0.033956756323564784	32.37448404561709	True	34.0	False	False	True	Goll_2020_FMT_IBS	1.0	1.0	top_300
IBS	s__GGB9767_SGB15385	1	3	1	0	1	up	1.0	14.09299419192252	2.565931113048297	0.010289926158655994		0.0	0.0	0.033956756323564784	31.055472836119474	True	36.0	False	False	True	Goll_2020_FMT_IBS	1.0	1.0	top_300
IBS	s__GGB3061_SGB4063	1	3	1	0	1	up	1.0	13.809447260030067	2.565931113048297	0.010289926158655994		0.0	0.0	0.033956756323564784	30.430645782249115	True	37.0	False	False	True	Goll_2020_FMT_IBS	1.0	1.0	top_300
IBS	s__Evtepia_gabavorous	2	3	2	1	1	up	1.0	4.477641352990976	4.411991274384452	1.0242424222943794e-05		0.0	0.0	0.00017275555522698534	30.198702343550003	True	38.0	False	False	True	Goll_2020_FMT_IBS;Mars_2020_IBS	1.0	2.0	top_300
IBS	s__GGB9818_SGB15459	1	3	1	0	1	up	1.0	13.48793319056612	2.565931113048297	0.010289926158655994		0.0	0.0	0.033956756323564784	29.72215393767071	True	39.0	False	False	True	Goll_2020_FMT_IBS	1.0	1.0	top_300
IBS	s__Colidextribacter_sp_210702_DFI_3_9	2	3	1	0	1	down	1.0	-3.995622761311944	-5.088432655856176	3.6103494324625247e-07		0.0	0.0	1.1914153127126332e-05	29.511291064350416	True	40.0	False	False	True	Goll_2020_FMT_IBS;Mars_2020_IBS	1.0	1.0	top_300
IBS	s__Dysosmobacter_SGB15077	1	3	1	0	1	down	1.0	-7.454572639887242	-3.5940955177078258	0.00032552041057769943		0.0	0.0	0.0024222548198869986	29.249284944804238	True	41.0	False	False	True	Goll_2020_FMT_IBS	1.0	1.0	top_300
IBS	s__Butyricimonas_faecalis	1	3	1	0	1	down	1.0	-3.0879620164568187	-5.633844393655321	1.762360501914414e-08		0.0	0.0	8.917544139686934e-07	28.02211923347994	True	42.0	False	False	True	Goll_2020_FMT_IBS	1.0	1.0	top_300
IBS	s__Bifidobacterium_catenulatum	2	3	1	1	1	up	1.0	8.526403285645163	3.2020731609486135	0.00136442340314013		0.0	0.0	0.006903982419889057	27.637061423103724	True	43.0	False	False	True	Goll_2020_FMT_IBS;Mars_2020_IBS	1.0	1.0	top_300
IBS	s__Lactobacillus_plantarum	1	3	1	0	1	up	1.0	2.6001	6.065000000000001	1.319536522985575e-09		0.0	0.0	1.2519102761825643e-07	26.920499867211877	True	44.0	False	False	True	PRJEB34103_IBS	1.0	1.0	top_300
IBS	s__Dialister_sp_Marseille_P5638	1	3	1	0	1	down	1.0	-2.605	-6.0359	1.580791295109491e-09		0.0	0.0	1.333133992209004e-07	26.86455561793708	True	45.0	False	False	True	PRJEB34103_IBS	1.0	1.0	top_300
IBS	s__GGB9301_SGB14262	1	3	1	0	1	up	1.0	12.058068122473172	2.565931113048297	0.010289926158655994		0.0	0.0	0.033956756323564784	26.571287970030724	True	46.0	False	False	True	Goll_2020_FMT_IBS	1.0	1.0	top_300
IBS	s__Ralstonia_pickettii	1	3	1	0	1	up	1.0	11.889221829377318	2.565931113048297	0.010289926158655994		0.0	0.0	0.033956756323564784	26.199216471432994	True	48.0	False	False	True	Goll_2020_FMT_IBS	1.0	1.0	top_300
IBS	s__GGB3828_SGB5197	1	3	1	0	1	down	1.0	-10.498145253036478	-2.765533520360552	0.005682976404560099		0.0	0.0	0.021784742884147047	26.16947563334267	True	49.0	False	False	True	Goll_2020_FMT_IBS	1.0	1.0	top_300
IBS	s__GGB2998_SGB3989	1	3	1	0	1	up	1.0	13.195426806770126	2.4058149001922766	0.016136438306330592		0.0	0.0	0.0493853091713908	25.85780237135452	True	50.0	False	False	True	Goll_2020_FMT_IBS	1.0	1.0	top_300
IBS	s__GGB87445_SGB15180	1	3	1	0	1	up	1.0	14.800324226305548	2.241507763311836	0.02499320322524806		0.0	0.0	0.06923299725534043	25.745612435046162	True	51.0	False	False	True	Goll_2020_FMT_IBS	1.0	1.0	top_300
IBS	s__Streptococcus_salivarius	3	3	2	1	1	up	1.0	1.7664268814138824	6.590849101542615	4.3731819772664696e-11		0.0	0.0	8.298112801863126e-09	25.586831206689716	True	52.0	False	False	True	Goll_2020_FMT_IBS;Mars_2020_IBS;PRJEB34103_IBS	2.0	2.0	top_300
IBS	s__Alistipes_finegoldii	2	3	1	0	1	up	1.0	5.516695190158809	3.9368332812528952	8.25639250508182e-05		0.0	0.0	0.0009082031755590003	25.171165686711426	True	53.0	False	False	True	Goll_2020_FMT_IBS;Mars_2020_IBS	1.0	1.0	top_300
IBS	s__GGB9636_SGB15107	1	3	1	0	1	up	1.0	14.414239798021608	2.241507763311836	0.02499320322524806		0.0	0.0	0.06923299725534043	25.07400687385597	True	54.0	False	False	True	Goll_2020_FMT_IBS	1.0	1.0	top_300
IBS	s__GGB9766_SGB15383	1	3	1	0	1	up	1.0	14.306555589720023	2.241507763311836	0.02499320322524806		0.0	0.0	0.06923299725534043	24.886686930730683	True	55.0	False	False	True	Goll_2020_FMT_IBS	1.0	1.0	top_300
IBS	s__Gordonibacter_pamelaeae	3	3	2	0	1	up	1.0	3.6167997701182006	4.451484491580778	8.527869273066224e-06		0.0	0.0	0.00014710574496039236	24.845432508724052	True	56.0	False	False	True	Goll_2020_FMT_IBS;Mars_2020_IBS;PRJEB34103_IBS	2.0	2.0	top_300
IBS	s__Blautia_hydrogenotrophica	2	3	1	1	1	up	1.0	4.444335245389333	4.365627759990116	1.2675818636631314e-05		0.0	0.0	0.00020470098606815252	24.59192953524749	True	57.0	False	False	True	Goll_2020_FMT_IBS;Mars_2020_IBS	1.0	1.0	top_300
IBS	s__GGB9545_SGB14951	1	3	1	0	1	up	1.0	12.452880531558812	2.4058149001922766	0.016136438306330592		0.0	0.0	0.0493853091713908	24.402706214392897	True	59.0	False	False	True	Goll_2020_FMT_IBS	1.0	1.0	top_300
IBS	s__GGB5980_SGB8599	1	3	1	0	1	up	1.0	14.020131418989717	2.241507763311836	0.02499320322524806		0.0	0.0	0.06923299725534043	24.3884434072175	True	60.0	False	False	True	Goll_2020_FMT_IBS	1.0	1.0	top_300
IBS	s__Jingyaoa_shaoxingensis	1	3	1	0	1	up	1.0	13.660883708098378	2.241507763311836	0.02499320322524806		0.0	0.0	0.06923299725534043	23.76352112907261	True	61.0	False	False	True	Goll_2020_FMT_IBS	1.0	1.0	top_300
IBS	s__GGB6649_SGB9391	1	3	1	0	1	up	1.0	13.360187757630817	2.241507763311836	0.02499320322524806		0.0	0.0	0.06923299725534043	23.240451412277753	True	62.0	False	False	False	Goll_2020_FMT_IBS	1.0	1.0	top_300
IBS	s__GGB9619_SGB15067	1	3	1	0	1	down	1.0	-3.6011581051774786	-4.628861400845724	3.676817412839817e-06		0.0	0.0	7.343958990382686e-05	22.331158218950172	True	64.0	False	False	False	Goll_2020_FMT_IBS	1.0	1.0	top_300
IBS	s__GGB2958_SGB3940	1	3	1	0	1	up	1.0	12.686422860554714	2.241507763311836	0.02499320322524806		0.0	0.0	0.06923299725534043	22.0684169590305	True	65.0	False	False	False	Goll_2020_FMT_IBS	1.0	1.0	top_300
IBS	s__Candidatus_Borkfalkia_ceftriaxoniphila	1	3	1	0	1	up	1.0	13.888629731136449	2.0716977455445265	0.03829363772800011		0.0	0.0	0.0946738470213423	21.328143173093373	True	66.0	False	False	False	Goll_2020_FMT_IBS	1.0	1.0	top_300
IBS	s__GGB3142_SGB4155	1	3	1	0	1	up	1.0	12.2413777310284	2.241507763311836	0.02499320322524806		0.0	0.0	0.06923299725534043	21.294247471545596	True	67.0	False	False	False	Goll_2020_FMT_IBS	1.0	1.0	top_300
IBS	s__GGB9602_SGB15028	1	3	1	0	1	up	1.0	13.785917130072622	2.0716977455445265	0.03829363772800011		0.0	0.0	0.0946738470213423	21.170412057527745	True	68.0	False	False	False	Goll_2020_FMT_IBS	1.0	1.0	top_300
IBS	s__GGB9608_SGB15041	1	3	1	0	1	up	1.0	10.70147413071252	2.4058149001922766	0.016136438306330592		0.0	0.0	0.0493853091713908	20.970644391142642	True	69.0	False	False	False	Goll_2020_FMT_IBS	1.0	1.0	top_300
IBS	s__GGB9715_SGB15265	2	3	2	1	1	down	1.0	-1.7166932603231513	-5.985162601566937	2.1617379349503783e-09		0.0	0.0	1.640759092627337e-07	20.8782602522379	True	70.0	False	False	False	Goll_2020_FMT_IBS;Mars_2020_IBS	1.0	2.0	top_300
IBS	s__Phocaeicola_coprocola	2	3	1	0	1	down	1.0	-2.7299310270283055	-5.150146938698538	2.602824618514643e-07		0.0	0.0	9.407351835488637e-06	20.583131008033615	True	71.0	False	False	False	Goll_2020_FMT_IBS;Mars_2020_IBS	1.0	1.0	top_300
IBS	s__Anaerobutyricum_soehngenii	2	3	2	1	1	up	1.0	4.6961861293323865	3.4582451346272887	0.0005437064299173191		0.0	0.0	0.0036519750469667716	20.518215835785554	True	72.0	False	False	False	Goll_2020_FMT_IBS;Mars_2020_IBS	1.0	2.0	top_300
IBS	s__GGB9559_SGB14969	1	3	1	0	1	up	1.0	11.408381098565602	2.241507763311836	0.02499320322524806		0.0	0.0	0.06923299725534043	19.84522458994085	True	74.0	False	False	False	Goll_2020_FMT_IBS	1.0	1.0	top_300
IBS	s__GGB3277_SGB4327	2	3	1	0	1	down	1.0	-1.9660083139388125	-5.859535148112414	4.641646392450022e-09		0.0	0.0	2.956320445296539e-07	19.254835231864956	True	77.0	False	False	False	Goll_2020_FMT_IBS;Mars_2020_IBS	1.0	1.0	top_300
IBS	s__Vescimonas_fastidiosa	1	3	1	0	1	up	1.0	12.520183007810832	2.0716977455445265	0.03829363772800011		0.0	0.0	0.0946738470213423	19.22668117109276	True	78.0	False	False	False	Goll_2020_FMT_IBS	1.0	1.0	top_300
IBS	s__Porphyromonas_asaccharolytica	1	3	1	0	1	down	1.0	-1.9725	-5.7836	7.311868842092015e-09		0.0	0.0	4.269006500882953e-07	18.846270532709852	True	79.0	False	False	False	PRJEB34103_IBS	1.0	1.0	top_300
IBS	s__Yanshouia_hominis	1	3	1	0	1	up	1.0	12.253533008650232	2.0716977455445265	0.03829363772800011		0.0	0.0	0.0946738470213423	18.81719877655151	True	80.0	False	False	False	Goll_2020_FMT_IBS	1.0	1.0	top_300
IBS	s__GGB9537_SGB14940	1	3	1	0	1	up	1.0	12.23202432280673	2.0718469334427176	0.03827971816987909		0.0	0.0	0.0946738470213423	18.78416885639266	True	81.0	False	False	False	Goll_2020_FMT_IBS	1.0	1.0	top_300
IBS	s__GGB2980_SGB3962	2	3	1	0	1	up	1.0	5.355987035455574	3.3505350380530627	0.0008065560488961386		0.0	0.0	0.004651036553340913	18.738859927882054	True	82.0	False	False	False	Goll_2020_FMT_IBS;Mars_2020_IBS	1.0	1.0	top_300
IBS	s__Lawsonibacter_SGB15145	1	3	1	0	1	up	1.0	12.171671178230278	2.0716977455445265	0.03829363772800011		0.0	0.0	0.0946738470213423	18.691487250403327	True	83.0	False	False	False	Goll_2020_FMT_IBS	1.0	1.0	top_300
IBS	s__Clostridiaceae_bacterium_Marseille_Q4145	1	3	1	0	1	up	1.0	10.416593240938578	2.241652129895781	0.02498386399243535		0.0	0.0	0.06923299725534043	18.119979560857868	True	84.0	False	False	False	Goll_2020_FMT_IBS	1.0	1.0	top_300
IBS	s__GGB52106_SGB72838	1	3	1	0	1	up	1.0	11.538767792204286	2.0716977455445265	0.03829363772800011		0.0	0.0	0.0946738470213423	17.719566024680404	True	86.0	False	False	False	Goll_2020_FMT_IBS	1.0	1.0	top_300
IBS	s__GGB3034_SGB4030	1	3	1	0	1	up	1.0	11.531239949804784	2.0716977455445265	0.03829363772800011		0.0	0.0	0.0946738470213423	17.708005856140442	True	87.0	False	False	False	Goll_2020_FMT_IBS	1.0	1.0	top_300
IBS	s__GGB51959_SGB72479	1	3	1	0	1	down	1.0	-3.3373548673287567	-4.24197807964237	2.21558336109873e-05		0.0	0.0	0.000311412550198877	17.55447269689359	True	88.0	False	False	False	Goll_2020_FMT_IBS	1.0	1.0	top_300
IBS	s__Streptococcus_gordonii	1	3	1	0	1	up	1.0	11.359979763174143	2.0716977455445265	0.03829363772800011		0.0	0.0	0.0946738470213423	17.445009300611268	True	89.0	False	False	False	Goll_2020_FMT_IBS	1.0	1.0	top_300
IBS	s__Anaerofilum_hominis	1	3	1	0	1	down	1.0	-4.848606769720589	-3.4104556007446627	0.0006485444252639998		0.0	0.0	0.004068142303928726	17.386647116825237	True	90.0	False	False	False	Goll_2020_FMT_IBS	1.0	1.0	top_300
IBS	s__Zhenpiania_hominis	1	3	1	0	1	up	1.0	11.244651577476034	2.0716977455445265	0.03829363772800011		0.0	0.0	0.0946738470213423	17.267904999893393	True	91.0	False	False	False	Goll_2020_FMT_IBS	1.0	1.0	top_300
IBS	s__Phocaeicola_massiliensis	2	3	2	1	1	down	1.0	-1.781961185053579	-5.251676937741935	1.507206504855321e-07		0.0	0.0	6.355387428806603e-06	16.599450407521065	True	95.0	False	False	False	Goll_2020_FMT_IBS;Mars_2020_IBS	1.0	2.0	top_300
IBS	s__GGB13404_SGB14252	1	3	1	0	1	up	1.0	4.64360011008855	3.3221869432824214	0.0008931483248194988		0.0	0.0	0.004986131386861312	16.035996977574964	True	97.0	False	False	False	Goll_2020_FMT_IBS	1.0	1.0	top_300
IBS	s__GGB9614_SGB15049	1	3	1	0	1	down	1.0	-2.605906305164576	-4.54618781712097	5.462629444112217e-06		0.0	0.0	0.0001011252621483213	15.616442101280043	True	99.0	False	False	False	Goll_2020_FMT_IBS	1.0	1.0	top_300
IBS	s__GGB34900_SGB14891	1	3	1	0	1	up	1.0	9.987539098191874	2.0716977455445265	0.03829363772800011		0.0	0.0	0.0946738470213423	15.337413982284485	True	101.0	False	False	False	Goll_2020_FMT_IBS	1.0	1.0	top_300
IBS	s__Dorea_sp_AF36_15AT	2	3	2	1	1	up	1.0	2.7773680645824075	3.9641847537504646	7.364719953684542e-05		0.0	0.0	0.0008343018574397861	15.326823513041662	True	102.0	False	False	False	Goll_2020_FMT_IBS;Mars_2020_IBS	1.0	2.0	top_300
IBS	s__GGB47687_SGB2286	2	3	1	0	1	up	1.0	5.1680790707049935	3.0128900098254103	0.0025877268817379563		0.0	0.0	0.010972540241559267	15.191771154359799	True	103.0	False	False	False	Goll_2020_FMT_IBS;Mars_2020_IBS	1.0	1.0	top_300
IBS	s__Bifidobacterium_animalis	3	3	1	0	1	up	1.0	4.393641023620203	3.3038812241177697	0.0009535622317819285		0.0	0.0	0.0052364511933909496	15.032598519647465	True	104.0	False	False	False	Goll_2020_FMT_IBS;Mars_2020_IBS;PRJEB34103_IBS	2.0	1.0	top_300
IBS	s__GGB4552_SGB6276	2	3	1	0	1	up	1.0	4.0771044140219	3.3875485328339785	0.0007052023928930251		0.0	0.0	0.00431652109843392	14.46270921795347	True	107.0	False	False	False	Goll_2020_FMT_IBS;Mars_2020_IBS	1.0	1.0	top_300
IBS	s__Streptococcus_mutans	1	3	1	0	1	up	1.0	1.6939	5.436000000000001	5.44899545852236e-08		0.0	0.0	2.4328162076579242e-06	14.264054183931943	True	110.0	False	False	False	PRJEB34103_IBS	1.0	1.0	top_300
IBS	s__GGB58158_SGB79798	1	3	1	0	1	up	1.0	8.832379610529783	2.0716977455445265	0.03829363772800011		0.0	0.0	0.0946738470213423	13.563487582232181	True	118.0	False	False	False	Goll_2020_FMT_IBS	1.0	1.0	top_300
IBS	s__Enterocloster_asparagiformis	1	3	1	0	1	down	1.0	-3.6996063984399856	-3.4301116929040503	0.0006033328404724007		0.0	0.0	0.0038481481169626228	13.400426948673754	True	119.0	False	False	False	Goll_2020_FMT_IBS	1.0	1.0	top_300
IBS	s__Feifania_hominis	1	3	1	0	1	up	1.0	8.5527311039036	2.0716977455445265	0.03829363772800011		0.0	0.0	0.0946738470213423	13.134043965192436	True	121.0	False	False	False	Goll_2020_FMT_IBS	1.0	1.0	top_300
IBS	s__GGB9781_SGB66170	2	3	1	0	1	up	1.0	5.781873908819139	2.545700454563465	0.010905872779246149		0.0	0.0	0.03567912689417167	12.5546376939324	True	126.0	False	False	False	Goll_2020_FMT_IBS;Mars_2020_IBS	1.0	1.0	top_300
IBS	s__Anaerotruncus_rubiinfantis	1	3	1	0	1	up	1.0	7.922512480232839	2.0718469334427176	0.03827971816987909		0.0	0.0	0.0946738470213423	12.16624560810426	True	127.0	False	False	False	Goll_2020_FMT_IBS	1.0	1.0	top_300
IBS	s__GGB3005_SGB3996	2	3	1	0	1	up	1.0	4.417204665017692	2.8546650400815707	0.004308224065454602		0.0	0.0	0.01730128077079388	11.674153433347339	True	130.0	False	False	False	Goll_2020_FMT_IBS;Mars_2020_IBS	1.0	1.0	top_300
IBS	s__GGB2653_SGB3574	2	3	1	0	1	up	1.0	4.4741350015178885	2.7814612475552347	0.005411479093547299		0.0	0.0	0.0208493027005198	11.280917098505512	True	134.0	False	False	False	Goll_2020_FMT_IBS;Mars_2020_IBS	1.0	1.0	top_300
IBS	s__GGB9719_SGB15272	2	3	1	0	1	up	1.0	4.432814735131553	2.73911793828967	0.006160427000127041		0.0	0.0	0.02337882046548212	10.84606084899228	True	143.0	False	False	False	Goll_2020_FMT_IBS;Mars_2020_IBS	1.0	1.0	top_300
IBS	s__GGB9491_SGB14888	2	3	1	0	1	up	1.0	4.841425376886609	2.5883745249403343	0.009643007144484262		0.0	0.0	0.033117839016577166	10.74751415137696	True	145.0	False	False	False	Goll_2020_FMT_IBS;Mars_2020_IBS	1.0	1.0	top_300
IBS	s__Streptococcus_infantarius	1	3	1	0	1	up	1.0	1.5413	4.827800000000001	1.3804963137485965e-06		0.0	0.0	3.613092076328223e-05	10.26996157819957	True	157.0	False	False	False	PRJEB34103_IBS	1.0	1.0	top_300
IBS	s__Lachnospira_pectinoschiza	2	3	2	1	1	down	1.0	-1.0990140018279309	-5.032581753921589	4.839181277287995e-07		0.0	0.0	1.5303910789423284e-05	9.485756206688206	True	172.0	False	False	False	Goll_2020_FMT_IBS;Mars_2020_IBS	1.0	2.0	top_300
IBS	s__Blautia_glucerasea	2	3	2	1	1	up	1.0	1.7961791123655477	3.8067831105449352	0.00014078610941251787		0.0	0.0	0.0013526159119506464	9.236520468916193	True	182.0	False	False	False	Goll_2020_FMT_IBS;Mars_2020_IBS	1.0	2.0	top_300
IBS	s__Streptococcus_equinus	1	3	1	0	1	up	1.0	1.5101	4.575	4.762199865612616e-06		0.0	0.0	9.036274244999939e-05	9.160290603791879	True	184.0	False	False	False	PRJEB34103_IBS	1.0	1.0	top_300
IBS	s__GGB9708_SGB15234	2	3	1	0	1	up	1.0	4.391335169324887	2.4416905182649606	0.014618672588140091		0.0	0.0	0.04566079215801781	8.829591041192995	True	189.0	False	False	False	Goll_2020_FMT_IBS;Mars_2020_IBS	1.0	1.0	top_300
IBS	s__Clostridium_leptum	2	3	2	1	1	up	1.0	1.9723771089043305	3.4632258818697403	0.0005337401232384072		0.0	0.0	0.0036170424423031347	8.632316272958873	True	194.0	False	False	False	Goll_2020_FMT_IBS;Mars_2020_IBS	1.0	2.0	top_300
IBS	s__Mobiluncus_curtisii	1	3	1	0	1	down	1.0	-1.3557	-4.671400000000001	2.9915373114826394e-06		0.0	0.0	6.487362341186637e-05	8.516368802530906	True	198.0	False	False	False	PRJEB34103_IBS	1.0	1.0	top_300
IBS	s__Massilioclostridium_coli	2	3	1	0	1	up	1.0	4.230203565887143	2.4317886527832138	0.015024471345885108		0.0	0.0	0.04673595799806065	8.441469677991915	True	199.0	False	False	False	Goll_2020_FMT_IBS;Mars_2020_IBS	1.0	1.0	top_300
IBS	s__Faecalibacterium_SGB15346	2	3	1	1	1	down	1.0	-0.893951191057597	-5.682308393113558	1.3288875657757546e-08		0.0	0.0	7.204469017312841e-07	8.236506041543999	True	203.0	False	False	False	Goll_2020_FMT_IBS;Mars_2020_IBS	1.0	1.0	top_300
IBS	s__Ruminococcus_torques	2	3	1	1	1	up	1.0	1.4138718094405447	4.465741464366572	7.979192038991313e-06		0.0	0.0	0.00014084201761847457	8.167798379191073	True	206.0	False	False	False	Goll_2020_FMT_IBS;Mars_2020_IBS	1.0	1.0	top_300
IBS	s__Phocea_massiliensis	1	3	1	0	1	down	1.0	-1.9407945288011408	-3.7064697613487154	0.00021016831622879914		0.0	0.0	0.001772419466862873	8.009950591741484	True	212.0	False	False	False	Goll_2020_FMT_IBS	1.0	1.0	top_300
IBS	s__Blautia_faecis	2	3	2	1	1	up	1.0	1.5395351153972179	3.7411734635656653	0.00018316304309614145		0.0	0.0	0.0016598615222494426	7.671455866376606	True	221.0	False	False	False	Goll_2020_FMT_IBS;Mars_2020_IBS	1.0	2.0	top_300
IBS	s__GGB45432_SGB63101	2	3	1	0	1	up	1.0	4.099707015374537	2.342334508413992	0.019163530610277885		0.0	0.0	0.05703968522823888	7.648964079240182	True	222.0	False	False	False	Goll_2020_FMT_IBS;Mars_2020_IBS	1.0	1.0	top_300
IBS	s__Clostridiaceae_bacterium_CLA_AA_H274	1	3	1	0	1	down	1.0	-1.5058301011341693	-3.9665249575876707	7.292814224660324e-05		0.0	0.0	0.0008343018574397861	6.95394627200116	True	246.0	False	False	False	Goll_2020_FMT_IBS	1.0	1.0	top_300
IBS	s__Rothia_dentocariosa	1	3	1	0	1	up	1.0	1.2475	4.298000000000001	1.7234616335044465e-05		0.0	0.0	0.00026696068976119896	6.687010460385933	True	253.0	False	False	False	PRJEB34103_IBS	1.0	1.0	top_300
IBS	s__Streptococcus_sp_I_P16	1	3	1	0	1	up	1.0	1.3587	4.0729	4.643136327571342e-05		0.0	0.0	0.0005593873766074046	6.628324209909466	True	257.0	False	False	False	PRJEB34103_IBS	1.0	1.0	top_300
IBS	s__GGB9534_SGB14937	2	3	1	0	1	up	1.0	3.3804449596032238	2.384077090367452	0.017122015187981947		0.0	0.0	0.05156987907808848	6.529011104322405	True	260.0	False	False	False	Goll_2020_FMT_IBS;Mars_2020_IBS	1.0	1.0	top_300
IBS	s__Anaerotruncus_massiliensis	2	3	1	0	1	up	1.0	4.853470118892489	1.9159939189312938	0.05536586972894502		0.0	0.0	0.12815409046375092	6.495890672761194	True	261.0	False	False	False	Goll_2020_FMT_IBS;Mars_2020_IBS	1.0	1.0	top_300
IBS	s__Oxalobacter_formigenes	1	3	1	0	1	down	1.0	-1.7692	-3.431614403623269	0.0005999999999999997		0.0	0.0	0.0038481481169626228	6.408258826558032	True	264.0	False	False	False	PRJEB34103_IBS	1.0	1.0	top_300
IBS	s__Methanobrevibacter_smithii	2	3	1	0	1	up	1.0	5.490012044184904	1.706561091082052	0.08790366230243286		0.0	0.0	0.1676353760993632	6.387362694468381	True	266.0	False	False	False	Goll_2020_FMT_IBS;Mars_2020_IBS	1.0	1.0	top_300
IBS	s__GGB9712_SGB15244	2	3	1	0	1	down	1.0	-1.208824043306627	-4.250612287669046	2.131869245265439e-05		0.0	0.0	0.000311412550198877	6.358409431167132	True	267.0	False	False	False	Goll_2020_FMT_IBS;Mars_2020_IBS	1.0	1.0	top_300
IBS	s__Streptococcus_sp_FDAARGOS_192	1	3	1	0	1	up	1.0	1.3648	3.890591886413094	9.999999999999972e-05		0.0	0.0	0.001011999999999997	6.130994454802263	True	274.0	False	False	False	PRJEB34103_IBS	1.0	1.0	top_300
IBS	s__Segatella_copri	1	3	1	1	1	down	1.0	-1.295644851760466	-3.867986667184042	0.00010973766343119988		0.0	0.0	0.001095932717687904	5.75308313979037	True	284.0	False	False	False	Mars_2020_IBS	0.0	1.0	top_300
IBS	s__Coriobacterium_glomerans	1	3	1	0	1	up	1.0	1.1489	4.127	3.6752639382034795e-05		0.0	0.0	0.00047280090323668494	5.730693155920336	True	286.0	False	False	False	PRJEB34103_IBS	1.0	1.0	top_300
IBS	s__Anaerotignum_faecicola	2	3	1	0	1	up	1.0	4.470175007944618	1.8356751255627684	0.06640571893109008		0.0	0.0	0.14218751296417934	5.68028630851029	True	289.0	False	False	False	Goll_2020_FMT_IBS;Mars_2020_IBS	1.0	1.0	top_300
IBS	s__Eisenbergiella_massiliensis	2	3	1	0	1	up	1.0	3.828096161491435	2.0080153569292016	0.044641659797176075		0.0	0.0	0.1072247461584071	5.568185828685469	True	293.0	False	False	False	Goll_2020_FMT_IBS;Mars_2020_IBS	1.0	1.0	top_300
IBS	s__Bacteroides_faecis	2	3	1	0	1	down	1.0	-2.3038846384491767	-2.682063578996644	0.007316955225920295		0.0	0.0	0.026572100557289494	5.444911492546457	True	294.0	False	False	False	Goll_2020_FMT_IBS;Mars_2020_IBS	1.0	1.0	top_300
IBS	s__Lactobacillus_delbrueckii	1	3	1	0	1	up	1.0	1.3717	3.615300006924662	0.00029999999999999987		0.0	0.0	0.002276999999999999	5.437357696357813	True	297.0	False	False	False	PRJEB34103_IBS	1.0	1.0	top_300
IBS	s__GGB9062_SGB13981	1	3	1	0	1	down	1.0	-1.3902785785901262	-3.5153926961521798	0.0004391041669192998		0.0	0.0	0.003114766941044379	5.227255131426614	True	300.0	False	False	False	Goll_2020_FMT_IBS	1.0	1.0	top_300
IBS	s__GGB9770_SGB15390	2	3	1	0	1	up	1.0	4.461041959375318	1.6318468202116783	0.10271175928624952		0.0	0.0	0.18876083607327696	4.845281146208627	True	306.0	False	False	False	Goll_2020_FMT_IBS;Mars_2020_IBS	1.0	1.0	top_300
IBS	s__Clostridium_spiroforme	2	3	1	0	1	up	1.0	4.228183648323697	1.6894966548417103	0.09112429237864321		0.0	0.0	0.17247715190870375	4.840858629057759	True	307.0	False	False	False	Goll_2020_FMT_IBS;Mars_2020_IBS	1.0	1.0	top_300
IBS	s__Bacteroides_ovatus	2	3	2	1	1	down	1.0	-1.2557813019479585	-3.154044504651233	0.001610245276739586		0.0	0.0	0.0074071282730020956	4.795342393618248	True	309.0	False	False	False	Goll_2020_FMT_IBS;Mars_2020_IBS	1.0	2.0	top_300
IBS	s__GGB33586_SGB53517	2	3	1	0	1	up	1.0	3.540840835165632	1.9246953823229314	0.054267478538136966		0.0	0.0	0.12673543449367985	4.764742783862811	True	313.0	False	False	False	Goll_2020_FMT_IBS;Mars_2020_IBS	1.0	1.0	top_300
IBS	s__GGB9342_SGB14306	2	3	1	0	1	up	1.0	4.649787949124943	1.5759364072911959	0.11504045950212749		0.0	0.0	0.20839071303607343	4.750606785744839	True	314.0	False	False	False	Goll_2020_FMT_IBS;Mars_2020_IBS	1.0	1.0	top_300
IBS	s__GGB9640_SGB15115	2	3	1	0	1	up	1.0	3.2659992301680907	2.008629848238617	0.044576403428646064		0.0	0.0	0.1072247461584071	4.750583544075452	True	315.0	False	False	False	Goll_2020_FMT_IBS;Mars_2020_IBS	1.0	1.0	top_300
IBS	s__GGB4745_SGB6571	2	3	1	0	1	up	1.0	4.257482370800057	1.6620795212503532	0.0964968310838506		0.0	0.0	0.1806613572019224	4.745824527695927	True	316.0	False	False	False	Goll_2020_FMT_IBS;Mars_2020_IBS	1.0	1.0	top_300
IBS	s__Lactobacillus_sakei	1	3	1	0	1	up	1.0	1.1355	3.7190164854556804	0.0001999999999999999		0.0	0.0	0.001705617977528089	4.7147973839092945	True	318.0	False	False	False	PRJEB34103_IBS	1.0	1.0	top_300
IBS	s__Alistipes_ihumii	2	3	1	0	1	up	1.0	4.684727387467543	1.4912240263009247	0.1359026876908114		0.0	0.0	0.21579527187725073	4.679748049555322	True	320.0	False	False	False	Goll_2020_FMT_IBS;Mars_2020_IBS	1.0	1.0	top_300
IBS	s__Leuconostoc_gelidum	1	3	1	0	1	down	1.0	-1.0375	-3.890591886413094	9.999999999999972e-05		0.0	0.0	0.001011999999999997	4.660687827415995	True	323.0	False	False	False	PRJEB34103_IBS	1.0	1.0	top_300
IBS	s__GGB9715_SGB15267	2	3	1	0	1	up	1.0	3.976496871176959	1.7172857478028838	0.08592697481051507		0.0	0.0	0.1676353760993632	4.626461210869158	True	324.0	False	False	False	Goll_2020_FMT_IBS;Mars_2020_IBS	1.0	1.0	top_300
IBS	s__Bacteroides_stercoris	2	3	2	1	1	up	1.0	5.104921604903053	1.1607728718121588	0.24573427797168745		0.0	0.0	0.31719781799406593	4.563066248214388	True	326.0	False	False	False	Goll_2020_FMT_IBS;Mars_2020_IBS	1.0	2.0	top_300
IBS	s__GGB9345_SGB14311	2	3	1	0	1	up	1.0	5.0972422165652596	1.3866863420348345	0.16553742709340935		0.0	0.0	0.2543378687528294	4.546146016230008	True	327.0	False	False	False	Goll_2020_FMT_IBS;Mars_2020_IBS	1.0	1.0	top_300
IBS	s__Pediococcus_inopinatus	1	3	1	0	1	up	1.0	0.8529	4.274200000000001	1.9182479254448095e-05		0.0	0.0	0.0002911900350825221	4.523555783530966	True	328.0	False	False	False	PRJEB34103_IBS	1.0	1.0	top_300
IBS	s__Eubacterium_sp_AF34_35BH	2	3	1	0	1	down	1.0	-1.3274787441591918	-3.2942475079216362	0.0009868556041917902		0.0	0.0	0.005350167168439776	4.523316082207698	True	329.0	False	False	False	Goll_2020_FMT_IBS;Mars_2020_IBS	1.0	1.0	top_300
IBS	s__Actinomyces_oris	1	3	1	0	1	up	1.0	1.0728	3.7190164854556804	0.0001999999999999999		0.0	0.0	0.001705617977528089	4.454455863899508	True	333.0	False	False	False	PRJEB34103_IBS	1.0	1.0	top_300
IBS	s__Veillonella_rogosae	2	3	1	0	1	down	1.0	-4.3647342427258575	-1.5594335437640654	0.1188938022180397		0.0	0.0	0.21084204645675733	4.426120588299069	True	334.0	False	False	False	Goll_2020_FMT_IBS;Mars_2020_IBS	1.0	1.0	top_300
IBS	s__Desulfovibrio_piger	3	3	1	0	1	up	1.0	3.043469389275091	1.9998705433710888	0.04551424468317968		0.0	0.0	0.1086330557060798	4.4010302336132625	True	336.0	False	False	False	Goll_2020_FMT_IBS;Mars_2020_IBS;PRJEB34103_IBS	2.0	1.0	top_300
IBS	s__Streptococcus_thermophilus	2	3	1	0	1	up	1.0	1.7344334210493946	2.7884293842469896	0.005296429274407583		0.0	0.0	0.02053709405567665	4.390183153251378	True	337.0	False	False	False	Goll_2020_FMT_IBS;Mars_2020_IBS	1.0	1.0	top_300
IBS	s__Haemophilus_parainfluenzae	2	3	1	0	1	down	1.0	-2.5209276807520697	-2.222490352123123	0.026250185325579184		0.0	0.0	0.0722542116171543	4.315085145865525	True	341.0	False	False	False	Goll_2020_FMT_IBS;Mars_2020_IBS	1.0	1.0	top_300
IBS	s__Parabacteroides_goldsteinii	2	3	1	0	1	up	1.0	5.084268655662212	1.2682738219658491	0.20470018218797692		0.0	0.0	0.27209708980853675	4.3110233596017125	True	342.0	False	False	False	Goll_2020_FMT_IBS;Mars_2020_IBS	1.0	1.0	top_300
IBS	s__Clostridium_symbiosum	2	3	1	0	1	up	1.0	1.8515838912545732	2.5351059713623676	0.01124133139650696		0.0	0.0	0.03630710863807993	3.999444355351977	True	344.0	False	False	False	Goll_2020_FMT_IBS;Mars_2020_IBS	1.0	1.0	top_300
IBS	s__GGB9253_SGB14198	1	3	1	0	1	down	1.0	-2.4973265795875346	-2.1419247877663747	0.032199534832519576		0.0	0.0	0.08635846974516735	3.984590925917475	True	346.0	False	False	False	Goll_2020_FMT_IBS	1.0	1.0	top_300
IBS	s__Bacteroides_finegoldii	2	3	1	1	1	up	1.0	3.948262690780329	1.4866003009055844	0.13712040830068672		0.0	0.0	0.21682164562546088	3.9318617874600834	True	347.0	False	False	False	Goll_2020_FMT_IBS;Mars_2020_IBS	1.0	1.0	top_300
IBS	s__Veillonella_parvula	2	3	1	0	1	down	1.0	-1.639169384678318	-2.7056532656568475	0.006817018269714875		0.0	0.0	0.025488260427160545	3.9184175407140707	True	348.0	False	False	False	Goll_2020_FMT_IBS;Mars_2020_IBS	1.0	1.0	top_300
IBS	s__Vibrio_alginolyticus	1	3	1	0	1	up	1.0	0.9377000000000001	3.7190164854556804	0.0001999999999999999		0.0	0.0	0.001705617977528089	3.8934967035594426	True	350.0	False	False	False	PRJEB34103_IBS	1.0	1.0	top_300
IBS	s__Streptococcus_australis	3	3	1	0	1	up	1.0	1.5897237081427489	2.736201933901094	0.006215287279814357		0.0	0.0	0.02346966689243332	3.88566565881593	True	351.0	False	False	False	Goll_2020_FMT_IBS;Mars_2020_IBS;PRJEB34103_IBS	2.0	1.0	top_300
IBS	s__GGB2982_SGB3964	2	3	1	0	1	up	1.0	4.24476517253021	1.3921267837654903	0.163884008938061		0.0	0.0	0.2528210625690819	3.802376262388255	True	353.0	False	False	False	Goll_2020_FMT_IBS;Mars_2020_IBS	1.0	1.0	top_300
IBS	s__Thiocystis_violascens	1	3	1	0	1	down	1.0	-0.7426	-4.1702	3.043324384340985e-05		0.0	0.0	0.0004052426680201417	3.7786660766118296	True	354.0	False	False	False	PRJEB34103_IBS	1.0	1.0	top_300
IBS	s__GGB9347_SGB14313	2	3	1	0	1	up	1.0	4.2430921678184985	1.381279347456816	0.1671930857555316		0.0	0.0	0.2563627314918151	3.7624247778083277	True	355.0	False	False	False	Goll_2020_FMT_IBS;Mars_2020_IBS	1.0	1.0	top_300
IBS	s__Bacteroides_xylanisolvens	2	3	2	1	1	up	1.0	2.478406438250324	1.8292162822977414	0.06736721419225461		0.0	0.0	0.14282602115061802	3.7547659266245756	True	356.0	False	False	False	Goll_2020_FMT_IBS;Mars_2020_IBS	1.0	2.0	top_300
IBS	s__Gordonibacter_urolithinfaciens	3	3	1	0	1	up	1.0	1.7350383853516989	2.539021046289275	0.011116313582113834		0.0	0.0	0.036211510767486695	3.750684587133775	True	357.0	False	False	False	Goll_2020_FMT_IBS;Mars_2020_IBS;PRJEB34103_IBS	2.0	1.0	top_300
IBS	s__GGB9765_SGB15382	2	3	1	0	1	up	1.0	4.512072033688297	1.2471761746491243	0.21233290689076634		0.0	0.0	0.2804575349573913	3.7368950405499106	True	358.0	False	False	False	Goll_2020_FMT_IBS;Mars_2020_IBS	1.0	1.0	top_300
IBS	s__GGB9759_SGB15370	2	3	1	0	1	up	1.0	3.9800331465683887	1.4254011683117975	0.1540412705464656		0.0	0.0	0.24007664136502546	3.6993418656325576	True	359.0	False	False	False	Goll_2020_FMT_IBS;Mars_2020_IBS	1.0	1.0	top_300
IBS	s__Paraprevotella_clara	2	3	1	0	1	up	1.0	4.607194968845058	1.2178879539038756	0.22326655447305033		0.0	0.0	0.2916683560155683	3.698038892184229	True	360.0	False	False	False	Goll_2020_FMT_IBS;Mars_2020_IBS	1.0	1.0	top_300
IBS	s__Butyricimonas_virosa	2	3	1	0	1	up	1.0	3.9236233756973666	1.4364200397862759	0.1508828541561927		0.0	0.0	0.2361238892877325	3.6893442474495863	True	361.0	False	False	False	Goll_2020_FMT_IBS;Mars_2020_IBS	1.0	1.0	top_300
IBS	s__Clostridium_autoethanogenum	1	3	1	0	1	up	1.0	0.809	3.890591886413094	9.999999999999972e-05		0.0	0.0	0.001011999999999997	3.6342134480766646	True	363.0	False	False	False	PRJEB34103_IBS	1.0	1.0	top_300
IBS	s__GGB3740_SGB5076	1	3	1	0	1	down	1.0	-1.8380395035458288	-2.3685517966599647	0.01785787966927737		0.0	0.0	0.05336271916921859	3.509080385545673	True	366.0	False	False	False	Goll_2020_FMT_IBS	1.0	1.0	top_300
IBS	s__Streptococcus_parauberis	1	3	1	0	1	up	1.0	0.9365000000000001	3.480756404346212	0.0005000000000000015		0.0	0.0	0.0034189189189189296	3.4642697061703576	True	369.0	False	False	False	PRJEB34103_IBS	1.0	1.0	top_300
IBS	s__Acinetobacter_radioresistens	1	3	1	0	1	up	1.0	0.7079	4.0746	4.609350388568968e-05		0.0	0.0	0.0005593873766074046	3.4534413102192616	True	370.0	False	False	False	PRJEB34103_IBS	1.0	1.0	top_300
IBS	s__Clostridium_scindens	2	3	1	0	1	up	1.0	4.183474317711609	1.2385534781752587	0.21551090571525644		0.0	0.0	0.2839805163852077	3.4307299995112457	True	372.0	False	False	False	Goll_2020_FMT_IBS;Mars_2020_IBS	1.0	1.0	top_300
IBS	s__Streptococcus_sp_I_G2	1	3	1	0	1	up	1.0	1.0939	3.105434027262786	0.0018999999999999946		0.0	0.0	0.008384302325581372	3.4072792880067055	True	374.0	False	False	False	PRJEB34103_IBS	1.0	1.0	top_300
IBS	s__Streptococcus_constellatus	1	3	1	0	1	up	1.0	0.9667	3.3527947805048286	0.0007999999999999998		0.0	0.0	0.004651036553340913	3.3821694810623733	True	375.0	False	False	False	PRJEB34103_IBS	1.0	1.0	top_300
IBS	s__Anaeromassilibacillus_senegalensis	2	3	1	0	1	up	1.0	4.184343621527682	1.2184741867293465	0.2230438282945204		0.0	0.0	0.2916683560155683	3.3586304802185083	True	376.0	False	False	False	Goll_2020_FMT_IBS;Mars_2020_IBS	1.0	1.0	top_300
IBS	s__GGB9512_SGB14909	2	3	1	0	1	up	1.0	3.8341365099724145	1.3635664999256263	0.17270404159731279		0.0	0.0	0.2621647351447208	3.3438984141897303	True	377.0	False	False	False	Goll_2020_FMT_IBS;Mars_2020_IBS	1.0	1.0	top_300
IBS	s__GGB9782_SGB15403	2	3	1	0	1	up	1.0	3.8472552442347934	1.3334239886720312	0.1823927044711633		0.0	0.0	0.26548224927485525	3.3238237310010277	True	380.0	False	False	False	Goll_2020_FMT_IBS;Mars_2020_IBS	1.0	1.0	top_300
IBS	s__Clostridiaceae_bacterium_Marseille_Q4149	2	3	1	0	1	up	1.0	4.663780693379215	1.1144357151137252	0.2650923085486159		0.0	0.0	0.3385437402712292	3.2906602050402007	True	383.0	False	False	False	Goll_2020_FMT_IBS;Mars_2020_IBS	1.0	1.0	top_300
IBS	s__Nitrospira_moscoviensis	1	3	1	0	1	down	1.0	-0.8562	-3.540083799206144	0.00040000000000000143		0.0	0.0	0.0028914285714285817	3.260693257150452	True	385.0	False	False	False	PRJEB34103_IBS	1.0	1.0	top_300
IBS	s__Actinomadura_amylolytica	1	3	1	0	1	down	1.0	-0.8204	-3.615300006924662	0.00029999999999999987		0.0	0.0	0.002276999999999999	3.2520290545250052	True	386.0	False	False	False	PRJEB34103_IBS	1.0	1.0	top_300
IBS	s__Alistipes_communis	2	3	1	0	1	down	1.0	-0.7986446496284868	-3.654608290382207	0.00025757493019407915		0.0	0.0	0.0020797805533755965	3.212926445346504	True	388.0	False	False	False	Goll_2020_FMT_IBS;Mars_2020_IBS	1.0	1.0	top_300
IBS	s__Clostridiaceae_unclassified_SGB15090	2	3	1	0	1	up	1.0	3.718204742158731	1.261673090568898	0.20706644366767535		0.0	0.0	0.2747612425590307	3.129117638370985	True	390.0	False	False	False	Goll_2020_FMT_IBS;Mars_2020_IBS	1.0	1.0	top_300
IBS	s__Phascolarctobacterium_faecium	2	3	1	0	1	up	1.0	4.444298727682504	1.0946620067603274	0.2736647393487939		0.0	0.0	0.34618589527622423	3.071170175482064	True	392.0	False	False	False	Goll_2020_FMT_IBS;Mars_2020_IBS	1.0	1.0	top_300
IBS	s__Xenorhabdus_nematophila	1	3	1	0	1	up	1.0	0.7269	3.7190164854556804	0.0001999999999999999		0.0	0.0	0.001705617977528089	3.018217717625422	True	395.0	False	False	False	PRJEB34103_IBS	1.0	1.0	top_300
IBS	s__GGB9522_SGB14921	2	3	1	0	1	up	1.0	4.480972028275074	1.0622456597944057	0.28812417635881504		0.0	0.0	0.3620633275767229	2.9656112119917926	True	397.0	False	False	False	Goll_2020_FMT_IBS;Mars_2020_IBS	1.0	1.0	top_300
IBS	s__Eggerthella_lenta	2	3	1	1	1	up	1.0	1.2423180576629282	2.6957553295956	0.007022923089638402		0.0	0.0	0.025916396466448235	2.956267354161074	True	398.0	False	False	False	Goll_2020_FMT_IBS;Mars_2020_IBS	1.0	1.0	top_300
IBS	s__Caulobacter_henricii	1	3	1	0	1	down	1.0	-0.7456	-3.615300006924662	0.00029999999999999987		0.0	0.0	0.002276999999999999	2.9555251865600245	True	399.0	False	False	False	PRJEB34103_IBS	1.0	1.0	top_300
IBS	s__Spirosoma_radiotolerans	1	3	1	0	1	up	1.0	0.7143	3.615300006924662	0.00029999999999999987		0.0	0.0	0.002276999999999999	2.831453380847406	True	406.0	False	False	False	PRJEB34103_IBS	1.0	1.0	top_300
IBS	s__Clostridium_perfringens	1	3	1	0	1	up	1.0	0.6285	3.890591886413094	9.999999999999972e-05		0.0	0.0	0.001011999999999997	2.823366071837062	True	407.0	False	False	False	PRJEB34103_IBS	1.0	1.0	top_300
IBS	s__Ruthenibacterium_lactatiformans	2	3	1	1	1	up	1.0	0.8227583764644202	3.2795357665392286	0.0010397802923851577		0.0	0.0	0.005581930321434046	2.7807779998182776	True	408.0	False	False	False	Goll_2020_FMT_IBS;Mars_2020_IBS	1.0	1.0	top_300
IBS	s__GGB9760_SGB15374	2	3	1	0	1	up	1.0	4.6921587170120285	0.9762888180715967	0.328921359613204		0.0	0.0	0.40712774297941157	2.746808263891457	True	410.0	False	False	False	Goll_2020_FMT_IBS;Mars_2020_IBS	1.0	1.0	top_300
IBS	s__Acetobacter_aceti	1	3	1	0	1	down	1.0	-0.718	-3.480756404346212	0.0005000000000000015		0.0	0.0	0.0034189189189189296	2.656001760843904	True	413.0	False	False	False	PRJEB34103_IBS	1.0	1.0	top_300
IBS	s__Cystobacter_fuscus	1	3	1	0	1	down	1.0	-0.6668	-3.615300006924662	0.00029999999999999987		0.0	0.0	0.002276999999999999	2.643165496778734	True	415.0	False	False	False	PRJEB34103_IBS	1.0	1.0	top_300
IBS	s__Halobacillus_mangrovi	1	3	1	0	1	up	1.0	0.619	3.7190164854556804	0.0001999999999999999		0.0	0.0	0.001705617977528089	2.5701977812768417	True	419.0	False	False	False	PRJEB34103_IBS	1.0	1.0	top_300
IBS	s__Deinococcus_gobiensis	1	3	1	0	1	down	1.0	-0.7058	-3.3895791411329905	0.0006999999999999978		0.0	0.0	0.00431652109843392	2.5036837739365114	True	420.0	False	False	False	PRJEB34103_IBS	1.0	1.0	top_300
IBS	s__Ruminococcus_champanellensis	1	3	1	0	1	down	1.0	-0.6908	-3.431614403623269	0.0005999999999999997		0.0	0.0	0.0038481481169626228	2.50216210568974	True	421.0	False	False	False	PRJEB34103_IBS	1.0	1.0	top_300
IBS	s__Streptococcus_lutetiensis	1	3	1	0	1	up	1.0	0.7963	3.105434027262786	0.0018999999999999946		0.0	0.0	0.008384302325581372	2.48031492553226	True	423.0	False	False	False	PRJEB34103_IBS	1.0	1.0	top_300
IBS	s__GGB9620_SGB15070	1	3	1	0	1	down	1.0	-1.6142795514554154	-2.0734068743876595	0.038134429718844856		0.0	0.0	0.0946738470213423	2.478976404536981	True	424.0	False	False	False	Goll_2020_FMT_IBS	1.0	1.0	top_300
IBS	s__Gemmata_obscuriglobus	1	3	1	0	1	down	1.0	-0.6467	-3.540083799206144	0.00040000000000000143		0.0	0.0	0.0028914285714285817	2.462847850267692	True	425.0	False	False	False	PRJEB34103_IBS	1.0	1.0	top_300
IBS	s__Acinetobacter_haemolyticus	1	3	1	0	1	up	1.0	0.7028	3.3200541166994473	0.0008999999999999995		0.0	0.0	0.004986131386861312	2.4270174882963325	True	427.0	False	False	False	PRJEB34103_IBS	1.0	1.0	top_300
IBS	s__GGB51647_SGB4348	2	3	1	0	1	up	1.0	5.318574728698615	0.811892560495509	0.41685328364962104		0.0	0.0	0.5006196871678201	2.397284338411957	True	430.0	False	False	False	Goll_2020_FMT_IBS;Mars_2020_IBS	1.0	1.0	top_300
IBS	s__Dorea_longicatena	2	3	2	1	1	up	1.0	0.4851101839548219	3.691007106255247	0.00022336789630275633		0.0	0.0	0.0018630355307010116	2.373681691453598	True	431.0	False	False	False	Goll_2020_FMT_IBS;Mars_2020_IBS	1.0	2.0	top_300
IBS	s__GGB3653_SGB4964	2	3	1	0	1	up	1.0	2.30733907412826	1.5733219874944933	0.11564428061955959		0.0	0.0	0.20893548537055973	2.353443609374461	True	433.0	False	False	False	Goll_2020_FMT_IBS;Mars_2020_IBS	1.0	1.0	top_300
IBS	s__Anaerobutyricum_hallii	2	3	2	1	1	up	1.0	1.2382528266404922	2.1315498648334956	0.03304386900492242		0.0	0.0	0.0876933446669095	2.3461330945460426	True	434.0	False	False	False	Goll_2020_FMT_IBS;Mars_2020_IBS	1.0	2.0	top_300
IBS	s__Cronobacter_muytjensii	1	3	1	0	1	up	1.0	0.6646	3.3200541166994473	0.0008999999999999995		0.0	0.0	0.004986131386861312	2.2950993493479546	True	438.0	False	False	False	PRJEB34103_IBS	1.0	1.0	top_300
IBS	s__Luteimonas_sp_83_4	1	3	1	0	1	down	1.0	-0.6924	-3.215979760788107	0.0013000000000000008		0.0	0.0	0.006666891891891896	2.260073143458276	True	440.0	False	False	False	PRJEB34103_IBS	1.0	1.0	top_300
IBS	s__Candidatus_Planktophila_lacus	1	3	1	0	1	up	1.0	0.716	3.121389149359866	0.0017999999999999963		0.0	0.0	0.008180838323353276	2.2416551522198085	True	441.0	False	False	False	PRJEB34103_IBS	1.0	1.0	top_300
IBS	s__Thermaerobacter_marianensis	1	3	1	0	1	down	1.0	-0.6304	-3.3527947805048286	0.0007999999999999998		0.0	0.0	0.004651036553340913	2.2055649538240614	True	443.0	False	False	False	PRJEB34103_IBS	1.0	1.0	top_300
IBS	s__Corynebacterium_variabile	1	3	1	0	1	down	1.0	-0.657	-3.2636163700692475	0.001100000000000001		0.0	0.0	0.005797916666666672	2.2042954745914414	True	444.0	False	False	False	PRJEB34103_IBS	1.0	1.0	top_300
IBS	s__Streptomyces_sp_SCSIO_03032	1	3	1	0	1	down	1.0	-0.6671	-3.1946510537632866	0.0013999999999999976		0.0	0.0	0.0069907894736841985	2.1568748343256963	True	449.0	False	False	False	PRJEB34103_IBS	1.0	1.0	top_300
IBS	s__Bacillus_paralicheniformis	1	3	1	0	1	up	1.0	0.5924	3.3527947805048286	0.0007999999999999998		0.0	0.0	0.004651036553340913	2.0726152897293373	True	456.0	False	False	False	PRJEB34103_IBS	1.0	1.0	top_300
IBS	s__Calditerrivibrio_nitroreducens	1	3	1	0	1	up	1.0	0.633	3.215979760788107	0.0013000000000000008		0.0	0.0	0.006666891891891896	2.066184719539412	True	457.0	False	False	False	PRJEB34103_IBS	1.0	1.0	top_300
IBS	s__Mediterraneibacter_faecis	2	3	2	1	1	up	1.0	1.0424803209042488	2.167869500493842	0.030168617005495196		0.0	0.0	0.08148747440274326	2.0347644023195457	True	458.0	False	False	False	Goll_2020_FMT_IBS;Mars_2020_IBS	1.0	2.0	top_300
IBS	s__Aminomonas_paucivorans	1	3	1	0	1	down	1.0	-0.6443	-3.105434027262786	0.0018999999999999946		0.0	0.0	0.008384302325581372	2.0068653855587533	True	461.0	False	False	False	PRJEB34103_IBS	1.0	1.0	top_300
IBS	s__Ruminococcus_lactaris	2	3	1	0	1	down	1.0	-0.5969856270899248	-3.174699552624098	0.001499917169919255		0.0	0.0	0.007071428571428569	1.9257199759274226	True	463.0	False	False	False	Goll_2020_FMT_IBS;Mars_2020_IBS	1.0	1.0	top_300
IBS	s__Firmicutes_bacterium	1	3	1	1	1	down	1.0	-0.44691210264312997	-3.809943463737487	0.0001389985738799995		0.0	0.0	0.0013525630458323028	1.9231806389169495	True	464.0	False	False	False	Mars_2020_IBS	0.0	1.0	top_300
IBS	s__GGB9365_SGB14341	2	3	1	0	1	up	1.0	3.7517005858211663	0.8854352475793534	0.3759219289112382		0.0	0.0	0.4572511923776118	1.9124958912935477	True	465.0	False	False	False	Goll_2020_FMT_IBS;Mars_2020_IBS	1.0	1.0	top_300
IBS	s__Gramella_sp_MAR_2010_102	1	3	1	0	1	up	1.0	0.5505	3.3200541166994473	0.0008999999999999995		0.0	0.0	0.004986131386861312	1.9010716097141875	True	466.0	False	False	False	PRJEB34103_IBS	1.0	1.0	top_300
IBS	s__Actinomyces_radicidentis	1	3	1	0	1	up	1.0	0.552	3.2388801183529776	0.0012		0.0	0.0	0.006281379310344827	1.8232104436816683	True	471.0	False	False	False	PRJEB34103_IBS	1.0	1.0	top_300
IBS	s__Blautia_massiliensis	2	3	2	1	1	up	1.0	1.1486635604502025	1.8549965996226887	0.06359671215571826		0.0	0.0	0.1379140129319719	1.7715100870043667	True	475.0	False	False	False	Goll_2020_FMT_IBS;Mars_2020_IBS	1.0	2.0	top_300
IBS	s__Kyrpidia_tusciae	1	3	1	0	1	up	1.0	0.5522	3.138180768053932	0.0016999999999999995		0.0	0.0	0.007772891566265058	1.7472304247717272	True	478.0	False	False	False	PRJEB34103_IBS	1.0	1.0	top_300
IBS	s__GGB2848_SGB3813	2	3	1	0	1	up	1.0	4.1844295720776605	0.7604635285816674	0.44697756187835624		0.0	0.0	0.5292604827857603	1.7344284707587694	True	479.0	False	False	False	Goll_2020_FMT_IBS;Mars_2020_IBS	1.0	1.0	top_300
IBS	s__Bacteroides_thetaiotaomicron	2	3	1	1	1	up	1.0	0.8376793285394338	2.4511058728012953	0.014241805681933995		0.0	0.0	0.044852823703684236	1.6940517361777108	True	481.0	False	False	False	Goll_2020_FMT_IBS;Mars_2020_IBS	1.0	1.0	top_300
IBS	s__Lachnospiraceae_bacterium	2	3	1	0	1	up	1.0	1.6560568020144006	1.504077469123463	0.13256142087305522		0.0	0.0	0.21184099096238995	1.674248587641609	True	482.0	False	False	False	Goll_2020_FMT_IBS;Mars_2020_IBS	1.0	1.0	top_300
IBS	s__Oscillibacter_valericigenes	3	3	1	0	1	down	0.6666666666666666	-0.681728676988041	-3.446422730454787	0.0005680609901627675		0.0	0.0	0.003757646686171809	1.6532493457507833	True	485.0	False	False	False	Goll_2020_FMT_IBS;Mars_2020_IBS;PRJEB34103_IBS	2.0	1.0	top_300
IBS	s__Mucilaginibacter_mallensis	1	3	1	0	1	up	1.0	0.539	3.075712822161009	0.002099999999999997		0.0	0.0	0.009107999999999986	1.649806486759	True	486.0	False	False	False	PRJEB34103_IBS	1.0	1.0	top_300
IBS	s__Desulfomicrobium_orale	1	3	1	0	1	down	1.0	-0.507	-3.1746835274550755	0.0014999999999999996		0.0	0.0	0.007071428571428569	1.6354498056418632	True	488.0	False	False	False	PRJEB34103_IBS	1.0	1.0	top_300
IBS	s__Oscillospiraceae_bacterium_CLA_AA_H250	2	3	2	1	1	up	1.0	1.0212569088841366	1.885749206239461	0.059328758622605865		0.0	0.0	0.13014603408831749	1.6211084317872748	True	489.0	False	False	False	Goll_2020_FMT_IBS;Mars_2020_IBS	1.0	2.0	top_300
IBS	s__Wansuia_hejianensis	2	3	1	0	1	up	1.0	1.245056712908296	1.8498329794233566	0.0643376259443116		0.0	0.0	0.13912324242658833	1.5997739477925437	True	494.0	False	False	False	Goll_2020_FMT_IBS;Mars_2020_IBS	1.0	1.0	top_300
IBS	s__Coprococcus_comes	2	3	1	0	1	up	1.0	1.1523981732914101	1.9494832300426717	0.05123774359231737		0.0	0.0	0.12077468132474808	1.5868939434124256	True	498.0	False	False	False	Goll_2020_FMT_IBS;Mars_2020_IBS	1.0	1.0	top_300
IBS	s__Bilophila_wadsworthia	2	3	1	0	1	down	1.0	-0.6835308166311468	-2.649748207111646	0.008055177923713155		0.0	0.0	0.029049946142643085	1.5757312898394686	True	499.0	False	False	False	Goll_2020_FMT_IBS;Mars_2020_IBS	1.0	1.0	top_300
IBS	s__GGB9547_SGB14954	2	3	1	0	1	up	1.0	4.047879775795245	0.7202138422320716	0.47139334249347065		0.0	0.0	0.5535700859186433	1.5594095756909212	True	500.0	False	False	False	Goll_2020_FMT_IBS;Mars_2020_IBS	1.0	1.0	top_300
IBS	s__Anaerotignum_sp_MSJ_24	1	3	1	0	1	down	1.0	-0.6337585620212536	-2.5220842428131824	0.011666176574426819		0.0	0.0	0.03736129966240488	1.3571096941311491	True	508.0	False	False	False	Goll_2020_FMT_IBS	1.0	1.0	top_300
IBS	s__Anaerostipes_hadrus	2	3	2	1	1	up	1.0	0.9876158027967317	1.2572850342069197	0.20865044122347276		0.0	0.0	0.27637990381957384	0.9886915104339228	True	532.0	False	False	False	Goll_2020_FMT_IBS;Mars_2020_IBS	1.0	2.0	top_300
IBS	s__Faecalibacillus_intestinalis	2	3	1	0	1	up	1.0	1.4583490203686835	1.076652836334018	0.2816353900977512		0.0	0.0	0.3550851513026464	0.9836582116580684	True	533.0	False	False	False	Goll_2020_FMT_IBS;Mars_2020_IBS	1.0	1.0	top_300
IBS	s__Hydrogenoanaerobacterium_saccharovorans	2	3	1	0	1	down	1.0	-0.4382135641271711	-2.573327213765766	0.010072592752244381		0.0	0.0	0.033956756323564784	0.9656521000321208	True	534.0	False	False	False	Goll_2020_FMT_IBS;Mars_2020_IBS	1.0	1.0	top_300
IBS	s__Alistipes_sp_AF17_16	2	3	1	0	1	down	1.0	-0.5010950464352878	-2.107893766949083	0.035040179505623416		0.0	0.0	0.09202593856321166	0.7787691579720932	True	553.0	False	False	False	Goll_2020_FMT_IBS;Mars_2020_IBS	1.0	1.0	top_300
IBS	s__Odoribacter_splanchnicus	2	3	1	0	1	down	1.0	-0.5041605248664297	-1.9280759582098494	0.053845678896828286		0.0	0.0	0.12620517508493817	0.6798021134738115	True	568.0	False	False	False	Goll_2020_FMT_IBS;Mars_2020_IBS	1.0	1.0	top_300
IBS	s__Blautia_obeum	2	3	1	0	1	up	1.0	0.6157203621711893	1.3760769011828038	0.168797826045194		0.0	0.0	0.25726415656285595	0.5445622228951487	True	582.0	False	False	False	Goll_2020_FMT_IBS;Mars_2020_IBS	1.0	1.0	top_300
IBS	s__Flavonifractor_plautii	2	3	1	0	1	down	1.0	-0.3473240055346801	-2.050636900626128	0.040302320037417086		0.0	0.0	0.09835839520385714	0.5247311504715253	True	590.0	False	False	False	Goll_2020_FMT_IBS;Mars_2020_IBS	1.0	1.0	top_300
IBS	s__GGB9627_SGB15081	2	3	1	0	1	up	1.0	0.9745175873373374	0.9070211839450255	0.36439559494095397		0.0	0.0	0.4446563610292348	0.5145094587153337	True	591.0	False	False	False	Goll_2020_FMT_IBS;Mars_2020_IBS	1.0	1.0	top_300
IBS	s__Dorea_formicigenerans	2	3	1	1	1	up	1.0	0.5828317266840395	1.3154708041615748	0.1883517232414148		0.0	0.0	0.26548224927485525	0.5035355861131652	True	594.0	False	False	False	Goll_2020_FMT_IBS;Mars_2020_IBS	1.0	1.0	top_300
IBS	s__Faecalibacterium_prausnitzii	2	3	1	1	1	down	1.0	-0.21219890682734693	-2.6454795205461723	0.008157522476297184		0.0	0.0	0.029068354739481515	0.4890907506600333	True	596.0	False	False	False	Goll_2020_FMT_IBS;Mars_2020_IBS	1.0	1.0	top_300
IBS	s__Collinsella_aerofaciens	2	3	1	1	1	up	1.0	0.5248291082778366	1.3984276488567142	0.16198468519443776		0.0	0.0	0.25091097155628217	0.4727243483085368	True	603.0	False	False	False	Goll_2020_FMT_IBS;Mars_2020_IBS	1.0	1.0	top_300
IBS	s__Blautia_wexlerae	2	3	2	1	1	up	1.0	0.5364377130230076	0.7776360766715803	0.4367835865140546		0.0	0.0	0.5196218529218924	0.27338206509316765	True	640.0	False	False	False	Goll_2020_FMT_IBS;Mars_2020_IBS	1.0	2.0	top_300
IBS	s__Coprobacter_fastidiosus	2	3	1	0	1	down	1.0	-0.1952801609216383	-1.8776407781544229	0.06043032330854115		0.0	0.0	0.13142296673691328	0.25815902529207235	True	644.0	False	False	False	Goll_2020_FMT_IBS;Mars_2020_IBS	1.0	1.0	top_300
IBS	s__Eubacterium_rectale	2	3	2	1	1	up	1.0	0.4187055307133668	0.7947183494238498	0.42677735607227085		0.0	0.0	0.5117282989871305	0.21837225121816586	True	648.0	False	False	False	Goll_2020_FMT_IBS;Mars_2020_IBS	1.0	2.0	top_300
