source_study	source_type	source_reference	comparison	species	log2fc_case_vs_control	p_value	q_value	case_samples	control_samples	source_pass	external_source_file	n_samples	direction
Mars_2020_IBS	existing_ranked_mars_metaphlan4	Existing key_species_overlap_v2 IBS arm	IBS vs control patient	s__GGB3433_SGB4573	7.598479740927933	2.576034575269002e-10	5.98928038750043e-08	323	151	True		474	up
Mars_2020_IBS	existing_ranked_mars_metaphlan4	Existing key_species_overlap_v2 IBS arm	IBS vs control patient	s__GGB3345_SGB4425	-4.61861943128656	3.7557257849756153e-14	1.7464124900136608e-11	323	151	True		474	down
Mars_2020_IBS	existing_ranked_mars_metaphlan4	Existing key_species_overlap_v2 IBS arm	IBS vs control patient	s__Streptococcus_parasanguinis	5.663057825621514	3.1447397821721414e-08	2.0890057124429218e-06	323	151	True		474	up
Mars_2020_IBS	existing_ranked_mars_metaphlan4	Existing key_species_overlap_v2 IBS arm	IBS vs control patient	s__Dorea_phocaeensis	6.546630288988358	2.7592916705329843e-05	0.0004009595708743	323	151	True		474	up
Mars_2020_IBS	existing_ranked_mars_metaphlan4	Existing key_species_overlap_v2 IBS arm	IBS vs control patient	s__Oscillibacter_sp_ER4	-1.6521164923508274	5.249953648622205e-10	8.13742815536442e-08	323	151	True		474	down
Mars_2020_IBS	existing_ranked_mars_metaphlan4	Existing key_species_overlap_v2 IBS arm	IBS vs control patient	s__Streptococcus_salivarius	1.8402974982020064	3.720582702198927e-08	2.1625886956531264e-06	323	151	True		474	up
Mars_2020_IBS	existing_ranked_mars_metaphlan4	Existing key_species_overlap_v2 IBS arm	IBS vs control patient	s__Parasutterella_excrementihominis	3.01204138971787	1.1817167637835973e-05	0.0001894821707446	323	151	True		474	up
Mars_2020_IBS	existing_ranked_mars_metaphlan4	Existing key_species_overlap_v2 IBS arm	IBS vs control patient	s__Wujia_chipingensis	-2.0046167875655185	1.599573357183987e-08	1.487603222181108e-06	323	151	True		474	down
Mars_2020_IBS	existing_ranked_mars_metaphlan4	Existing key_species_overlap_v2 IBS arm	IBS vs control patient	s__Blautia_hydrogenotrophica	2.652074358518349	3.0109386951953436e-05	0.0004117901450781	323	151	True		474	up
Mars_2020_IBS	existing_ranked_mars_metaphlan4	Existing key_species_overlap_v2 IBS arm	IBS vs control patient	s__Faecalicatena_fissicatena	-1.025013680436737	2.191631592408559e-09	2.54777172617495e-07	323	151	True		474	down
Mars_2020_IBS	existing_ranked_mars_metaphlan4	Existing key_species_overlap_v2 IBS arm	IBS vs control patient	s__Bifidobacterium_catenulatum	6.430769249144502	0.0039652350092611	0.0182526078116857	323	151	True		474	up
Mars_2020_IBS	existing_ranked_mars_metaphlan4	Existing key_species_overlap_v2 IBS arm	IBS vs control patient	s__Sutterella_wadsworthensis	-1.4200534597561227	2.953133390804016e-07	1.0563130974798978e-05	323	151	True		474	down
Mars_2020_IBS	existing_ranked_mars_metaphlan4	Existing key_species_overlap_v2 IBS arm	IBS vs control patient	s__Monoglobus_pectinilyticus	2.48243431771955	0.0004002157018337	0.0030508246123391	323	151	True		474	up
Mars_2020_IBS	existing_ranked_mars_metaphlan4	Existing key_species_overlap_v2 IBS arm	IBS vs control patient	s__Blautia_caecimuris	1.1596774852419145	1.1935512156709778e-07	5.550013152870047e-06	323	151	True		474	up
Mars_2020_IBS	existing_ranked_mars_metaphlan4	Existing key_species_overlap_v2 IBS arm	IBS vs control patient	s__Coprococcus_eutactus	-1.4515978704066863	5.409920665701444e-06	0.000100624524382	323	151	True		474	down
Mars_2020_IBS	existing_ranked_mars_metaphlan4	Existing key_species_overlap_v2 IBS arm	IBS vs control patient	s__Faecalibacterium_SGB15346	-1.1339947084255988	1.319781161251229e-07	5.57907490892565e-06	323	151	True		474	down
Mars_2020_IBS	existing_ranked_mars_metaphlan4	Existing key_species_overlap_v2 IBS arm	IBS vs control patient	s__Faecalibacterium_sp_CLA_AA_H233	-1.0167562955361384	2.6931785270933282e-08	2.087213358497329e-06	323	151	True		474	down
Mars_2020_IBS	existing_ranked_mars_metaphlan4	Existing key_species_overlap_v2 IBS arm	IBS vs control patient	s__GGB9715_SGB15265	-1.266847499990596	3.344555734789643e-07	1.11087029762656e-05	323	151	True		474	down
Mars_2020_IBS	existing_ranked_mars_metaphlan4	Existing key_species_overlap_v2 IBS arm	IBS vs control patient	s__Ruminococcus_torques	0.8596028627171458	4.823402107189804e-06	9.345341582680244e-05	323	151	True		474	up
Mars_2020_IBS	existing_ranked_mars_metaphlan4	Existing key_species_overlap_v2 IBS arm	IBS vs control patient	s__Phocaeicola_massiliensis	-1.253853570195818	0.000165917524223	0.0014287342363648	323	151	True		474	down
Mars_2020_IBS	existing_ranked_mars_metaphlan4	Existing key_species_overlap_v2 IBS arm	IBS vs control patient	s__Bifidobacterium_adolescentis	-0.5650220872622487	1.1713579260063737e-07	5.550013152870047e-06	323	151	True		474	down
Mars_2020_IBS	existing_ranked_mars_metaphlan4	Existing key_species_overlap_v2 IBS arm	IBS vs control patient	s__Lachnospira_pectinoschiza	-0.8021748346659082	1.7636397187441037e-05	0.0002645459578116	323	151	True		474	down
Mars_2020_IBS	existing_ranked_mars_metaphlan4	Existing key_species_overlap_v2 IBS arm	IBS vs control patient	s__Dorea_sp_AF36_15AT	1.642045859714202	0.0024654612201429	0.0128813423299603	323	151	True		474	up
Mars_2020_IBS	existing_ranked_mars_metaphlan4	Existing key_species_overlap_v2 IBS arm	IBS vs control patient	s__Segatella_copri	-1.295644851760466	0.0001097376634312	0.0010630836144906	323	151	True		474	down
Mars_2020_IBS	existing_ranked_mars_metaphlan4	Existing key_species_overlap_v2 IBS arm	IBS vs control patient	s__Lawsonibacter_asaccharolyticus	-1.171677180319328	5.010090730821226e-05	0.0006194608182198	323	151	True		474	down
Mars_2020_IBS	existing_ranked_mars_metaphlan4	Existing key_species_overlap_v2 IBS arm	IBS vs control patient	s__Bacteroides_fragilis	2.2071122449964946	0.0046178092481157	0.0204502980987983	323	151	True		474	up
Mars_2020_IBS	existing_ranked_mars_metaphlan4	Existing key_species_overlap_v2 IBS arm	IBS vs control patient	s__Evtepia_gabavorous	1.054914478971677	0.000864249047797	0.0057410829603659	323	151	True		474	up
Mars_2020_IBS	existing_ranked_mars_metaphlan4	Existing key_species_overlap_v2 IBS arm	IBS vs control patient	s__Barnesiella_intestinihominis	-1.0698836838668884	0.0001555666491508	0.0013648772048138	323	151	True		474	down
Mars_2020_IBS	existing_ranked_mars_metaphlan4	Existing key_species_overlap_v2 IBS arm	IBS vs control patient	s__Brotolimicola_acetigignens	-0.8512019779657578	0.0002641937002425	0.0021403764980843	323	151	True		474	down
Mars_2020_IBS	existing_ranked_mars_metaphlan4	Existing key_species_overlap_v2 IBS arm	IBS vs control patient	s__Ruthenibacterium_lactatiformans	0.8778250025334571	0.0008956003684532	0.005865551708884	323	151	True		474	up
Mars_2020_IBS	existing_ranked_mars_metaphlan4	Existing key_species_overlap_v2 IBS arm	IBS vs control patient	s__Phascolarctobacterium_succinatutens	-2.1275744925997517	0.0150235258317372	0.0502585576385456	323	151	True		474	down
Mars_2020_IBS	existing_ranked_mars_metaphlan4	Existing key_species_overlap_v2 IBS arm	IBS vs control patient	s__GGB9760_SGB15373	-0.6736039607917443	0.0001463589277525	0.0013447088965971	323	151	True		474	down
Mars_2020_IBS	existing_ranked_mars_metaphlan4	Existing key_species_overlap_v2 IBS arm	IBS vs control patient	s__Alistipes_putredinis	-0.5297047852651545	0.0002237279944014	0.0018577413820831	323	151	True		474	down
Mars_2020_IBS	existing_ranked_mars_metaphlan4	Existing key_species_overlap_v2 IBS arm	IBS vs control patient	s__Phocaeicola_dorei	0.6582948897046101	0.0036017042558526	0.0170897191731784	323	151	True		474	up
Mars_2020_IBS	existing_ranked_mars_metaphlan4	Existing key_species_overlap_v2 IBS arm	IBS vs control patient	s__Eubacterium_ramulus	-0.4929692136546832	0.0010715166664189	0.0066434033317976	323	151	True		474	down
Mars_2020_IBS	existing_ranked_mars_metaphlan4	Existing key_species_overlap_v2 IBS arm	IBS vs control patient	s__Anaerobutyricum_soehngenii	1.070515517055277	0.0102026508706818	0.0373561626367486	323	151	True		474	up
Mars_2020_IBS	existing_ranked_mars_metaphlan4	Existing key_species_overlap_v2 IBS arm	IBS vs control patient	s__Clostridiales_bacterium_KLE1615	-0.6432147754832419	0.000763245778629	0.0051436128559786	323	151	True		474	down
Mars_2020_IBS	existing_ranked_mars_metaphlan4	Existing key_species_overlap_v2 IBS arm	IBS vs control patient	s__Bacteroides_thetaiotaomicron	0.9198332646062082	0.0123382699110331	0.0431375602152663	323	151	True		474	up
Mars_2020_IBS	existing_ranked_mars_metaphlan4	Existing key_species_overlap_v2 IBS arm	IBS vs control patient	s__Lachnospira_eligens	-0.6798841542611442	0.0017176151925977	0.0096227839103365	323	151	True		474	down
Mars_2020_IBS	existing_ranked_mars_metaphlan4	Existing key_species_overlap_v2 IBS arm	IBS vs control patient	s__Firmicutes_bacterium	-0.4469121026431299	0.00013899857388	0.0013190680990654	323	151	True		474	down
Mars_2020_IBS	existing_ranked_mars_metaphlan4	Existing key_species_overlap_v2 IBS arm	IBS vs control patient	s__Blautia_faecis	0.5526548271617271	0.0136282962458679	0.0462566259440043	323	151	True		474	up
Mars_2020_IBS	existing_ranked_mars_metaphlan4	Existing key_species_overlap_v2 IBS arm	IBS vs control patient	s__Bacteroides_ovatus	-0.9801457740304912	0.0743145759985384	0.1659122672682446	323	151	True		474	down
Mars_2020_IBS	existing_ranked_mars_metaphlan4	Existing key_species_overlap_v2 IBS arm	IBS vs control patient	s__Akkermansia_muciniphila	-1.0041717946830813	0.1420503118605686	0.2642135800606576	323	151	True		474	down
Mars_2020_IBS	existing_ranked_mars_metaphlan4	Existing key_species_overlap_v2 IBS arm	IBS vs control patient	s__Agathobaculum_butyriciproducens	-0.6231850114573938	0.0198546806124074	0.0617049253902784	323	151	True		474	down
Mars_2020_IBS	existing_ranked_mars_metaphlan4	Existing key_species_overlap_v2 IBS arm	IBS vs control patient	s__Ruminococcus_bromii	-0.2117885955446042	0.0006087521508966	0.0042889356085901	323	151	True		474	down
Mars_2020_IBS	existing_ranked_mars_metaphlan4	Existing key_species_overlap_v2 IBS arm	IBS vs control patient	s__Clostridium_leptum	0.5442624895167756	0.0132018761392085	0.045812480632328	323	151	True		474	up
Mars_2020_IBS	existing_ranked_mars_metaphlan4	Existing key_species_overlap_v2 IBS arm	IBS vs control patient	s__Oliverpabstia_intestinalis	-0.4850890869352002	0.0400850702148453	0.1035530980550171	323	151	True		474	down
Mars_2020_IBS	existing_ranked_mars_metaphlan4	Existing key_species_overlap_v2 IBS arm	IBS vs control patient	s__Lentihominibacter_faecis	-0.2078959096393204	0.0002063152833253	0.0017443019408414	323	151	True		474	down
Mars_2020_IBS	existing_ranked_mars_metaphlan4	Existing key_species_overlap_v2 IBS arm	IBS vs control patient	s__Clostridium_sp_AM22_11AC	2.071781392803102	0.38440180923694	0.5516877817752379	323	151	True		474	up
Mars_2020_IBS	existing_ranked_mars_metaphlan4	Existing key_species_overlap_v2 IBS arm	IBS vs control patient	s__Roseburia_faecis	-0.3042450438215946	0.0238364557020817	0.0684194561819012	323	151	True		474	down
Mars_2020_IBS	existing_ranked_mars_metaphlan4	Existing key_species_overlap_v2 IBS arm	IBS vs control patient	s__Prevotella_pectinovora	-15.4973600951954	9.53353902348426e-07	2.8649067243858895e-05	323	151	False		474	down
Mars_2020_IBS	existing_ranked_mars_metaphlan4	Existing key_species_overlap_v2 IBS arm	IBS vs control patient	s__Blautia_SGB4793	17.102347591521088	0.000454543164876	0.0034090737365704	323	151	False		474	up
Mars_2020_IBS	existing_ranked_mars_metaphlan4	Existing key_species_overlap_v2 IBS arm	IBS vs control patient	s__GGB1631_SGB2239	-8.139210859211069	1.9950196593031814e-07	7.730701179799827e-06	323	151	False		474	down
Mars_2020_IBS	existing_ranked_mars_metaphlan4	Existing key_species_overlap_v2 IBS arm	IBS vs control patient	s__GGB1239_SGB1657	-9.307374619892602	3.2940271261176407e-06	6.897436105826096e-05	323	151	False		474	down
Mars_2020_IBS	existing_ranked_mars_metaphlan4	Existing key_species_overlap_v2 IBS arm	IBS vs control patient	s__Prevotella_SGB1671	-8.001485503743258	1.4784308218149543e-06	3.819279623021966e-05	323	151	False		474	down
Mars_2020_IBS	existing_ranked_mars_metaphlan4	Existing key_species_overlap_v2 IBS arm	IBS vs control patient	s__Segatella_brunsvicensis	-7.998662698036713	3.3321536725237253e-06	6.897436105826096e-05	323	151	False		474	down
Mars_2020_IBS	existing_ranked_mars_metaphlan4	Existing key_species_overlap_v2 IBS arm	IBS vs control patient	s__GGB1146_SGB1472	-8.348875045413873	6.576994941827833e-06	0.0001168761090016	323	151	False		474	down
Mars_2020_IBS	existing_ranked_mars_metaphlan4	Existing key_species_overlap_v2 IBS arm	IBS vs control patient	s__Lachnospiraceae_bacterium_EP_SM_12S_S03	14.41862348131113	0.0013762762201202	0.0082047236199476	323	151	False		474	up
Mars_2020_IBS	existing_ranked_mars_metaphlan4	Existing key_species_overlap_v2 IBS arm	IBS vs control patient	s__GGB9781_SGB15402	14.219200622183545	0.0013762762201202	0.0082047236199476	323	151	False		474	up
Mars_2020_IBS	existing_ranked_mars_metaphlan4	Existing key_species_overlap_v2 IBS arm	IBS vs control patient	s__Bacteroides_clarus	14.57943689569876	0.0023910124570227	0.0126343271876768	323	151	False		474	up
Mars_2020_IBS	existing_ranked_mars_metaphlan4	Existing key_species_overlap_v2 IBS arm	IBS vs control patient	s__GGB9531_SGB14932	13.73706898954624	0.0018141516742704	0.0099244768063029	323	151	False		474	up
Mars_2020_IBS	existing_ranked_mars_metaphlan4	Existing key_species_overlap_v2 IBS arm	IBS vs control patient	s__Blautia_faecicola	16.664843502739853	0.0072199693016532	0.0291937889153803	323	151	False		474	up
Mars_2020_IBS	existing_ranked_mars_metaphlan4	Existing key_species_overlap_v2 IBS arm	IBS vs control patient	s__Lactobacillus_gasseri	16.45183968914444	0.0166216410717446	0.053303883436974	323	151	False		474	up
Mars_2020_IBS	existing_ranked_mars_metaphlan4	Existing key_species_overlap_v2 IBS arm	IBS vs control patient	s__GGB45495_SGB63167	13.394163542300182	0.0095258183206901	0.0357218187025882	323	151	False		474	up
Mars_2020_IBS	existing_ranked_mars_metaphlan4	Existing key_species_overlap_v2 IBS arm	IBS vs control patient	s__GGB32451_SGB47419	15.021345118253326	0.0166216410717446	0.053303883436974	323	151	False		474	up
Mars_2020_IBS	existing_ranked_mars_metaphlan4	Existing key_species_overlap_v2 IBS arm	IBS vs control patient	s__GGB3493_SGB4668	9.07414459741502	0.0015241710750873	0.0088592443739451	323	151	False		474	up
Mars_2020_IBS	existing_ranked_mars_metaphlan4	Existing key_species_overlap_v2 IBS arm	IBS vs control patient	s__Lentihominibacter_SGB71368	11.812022009072168	0.0072199693016532	0.0291937889153803	323	151	False		474	up
Mars_2020_IBS	existing_ranked_mars_metaphlan4	Existing key_species_overlap_v2 IBS arm	IBS vs control patient	s__Ruminococcus_SGB4421	-4.541025106835242	6.786354716227193e-06	0.0001168761090016	323	151	False		474	down
Mars_2020_IBS	existing_ranked_mars_metaphlan4	Existing key_species_overlap_v2 IBS arm	IBS vs control patient	s__GGB3304_SGB4365	16.206876844644693	0.0291526569148833	0.0802129317480516	323	151	False		474	up
Mars_2020_IBS	existing_ranked_mars_metaphlan4	Existing key_species_overlap_v2 IBS arm	IBS vs control patient	s__Clostridium_sp_AM29_11AC	13.70436917614307	0.0166216410717446	0.053303883436974	323	151	False		474	up
Mars_2020_IBS	existing_ranked_mars_metaphlan4	Existing key_species_overlap_v2 IBS arm	IBS vs control patient	s__GGB36599_SGB9269	-5.065872701488027	3.301906579897037e-05	0.0004386818741863	323	151	False		474	down
Mars_2020_IBS	existing_ranked_mars_metaphlan4	Existing key_species_overlap_v2 IBS arm	IBS vs control patient	s__GGB48165_SGB66168	13.236657115185986	0.0166216410717446	0.053303883436974	323	151	False		474	up
Mars_2020_IBS	existing_ranked_mars_metaphlan4	Existing key_species_overlap_v2 IBS arm	IBS vs control patient	s__Collinsella_sp_AF08_23	14.60726635148089	0.0291526569148833	0.0802129317480516	323	151	False		474	up
Mars_2020_IBS	existing_ranked_mars_metaphlan4	Existing key_species_overlap_v2 IBS arm	IBS vs control patient	s__Escherichia_coli	4.980527810896427	5.195477830231071e-05	0.0006194608182198	323	151	False		474	up
Mars_2020_IBS	existing_ranked_mars_metaphlan4	Existing key_species_overlap_v2 IBS arm	IBS vs control patient	s__GGB9523_SGB14922	13.030954706363763	0.0219947261155345	0.0647313142007822	323	151	False		474	up
Mars_2020_IBS	existing_ranked_mars_metaphlan4	Existing key_species_overlap_v2 IBS arm	IBS vs control patient	s__Prevotella_dentalis	-3.6894342396377375	2.5894130024772354e-06	6.337247611325866e-05	323	151	False		474	down
Mars_2020_IBS	existing_ranked_mars_metaphlan4	Existing key_species_overlap_v2 IBS arm	IBS vs control patient	s__GGB2999_SGB3990	12.551776029428815	0.0219947261155345	0.0647313142007822	323	151	False		474	up
Mars_2020_IBS	existing_ranked_mars_metaphlan4	Existing key_species_overlap_v2 IBS arm	IBS vs control patient	s__GGB3550_SGB4747	12.536384806843312	0.0219947261155345	0.0647313142007822	323	151	False		474	up
Mars_2020_IBS	existing_ranked_mars_metaphlan4	Existing key_species_overlap_v2 IBS arm	IBS vs control patient	s__Parabacteroides_sp_AGMB00274	-4.823892157661311	9.942346953395588e-05	0.0010050415942019	323	151	False		474	down
Mars_2020_IBS	existing_ranked_mars_metaphlan4	Existing key_species_overlap_v2 IBS arm	IBS vs control patient	s__GGB74505_SGB47518	11.790294231921486	0.0219947261155345	0.0647313142007822	323	151	False		474	up
Mars_2020_IBS	existing_ranked_mars_metaphlan4	Existing key_species_overlap_v2 IBS arm	IBS vs control patient	s__GGB4684_SGB6478	-4.866110323197749	0.0001503760486517	0.0013447088965971	323	151	False		474	down
Mars_2020_IBS	existing_ranked_mars_metaphlan4	Existing key_species_overlap_v2 IBS arm	IBS vs control patient	s__Segatella_sinensis	-7.582708620142181	0.0029579206136475	0.0146322668653841	323	151	False		474	down
Mars_2020_IBS	existing_ranked_mars_metaphlan4	Existing key_species_overlap_v2 IBS arm	IBS vs control patient	s__GGB9064_SGB13983	-3.975175783150416	7.025801815326243e-05	0.000725999520917	323	151	False		474	down
Mars_2020_IBS	existing_ranked_mars_metaphlan4	Existing key_species_overlap_v2 IBS arm	IBS vs control patient	s__GGB9642_SGB15119	-4.032331104107239	0.0001077581726801	0.0010630836144906	323	151	False		474	down
Mars_2020_IBS	existing_ranked_mars_metaphlan4	Existing key_species_overlap_v2 IBS arm	IBS vs control patient	s__Guopingia_tenuis	10.71799733905292	0.0291526569148833	0.0802129317480516	323	151	False		474	up
Mars_2020_IBS	existing_ranked_mars_metaphlan4	Existing key_species_overlap_v2 IBS arm	IBS vs control patient	s__GGB1458_SGB2021	-5.305453354686022	0.0010687963493436	0.0066434033317976	323	151	False		474	down
Mars_2020_IBS	existing_ranked_mars_metaphlan4	Existing key_species_overlap_v2 IBS arm	IBS vs control patient	s__Holdemanella_porci	-2.958092749485625	7.872217083180772e-06	0.0001307350337028	323	151	False		474	down
Mars_2020_IBS	existing_ranked_mars_metaphlan4	Existing key_species_overlap_v2 IBS arm	IBS vs control patient	s__Coprococcus_SGB106014	5.761814175575156	0.0020267861927049	0.0109587858093929	323	151	False		474	up
Mars_2020_IBS	existing_ranked_mars_metaphlan4	Existing key_species_overlap_v2 IBS arm	IBS vs control patient	s__GGB3002_SGB3993	7.243551671766529	0.0082223604575444	0.0321921466089199	323	151	False		474	up
Mars_2020_IBS	existing_ranked_mars_metaphlan4	Existing key_species_overlap_v2 IBS arm	IBS vs control patient	s__GGB9719_SGB53514	7.225749120632773	0.0106504122613069	0.0385691811354906	323	151	False		474	up
Mars_2020_IBS	existing_ranked_mars_metaphlan4	Existing key_species_overlap_v2 IBS arm	IBS vs control patient	s__GGB9790_SGB15413	-3.1548538328921363	6.101908713169413e-05	0.0006755684646723	323	151	False		474	down
Mars_2020_IBS	existing_ranked_mars_metaphlan4	Existing key_species_overlap_v2 IBS arm	IBS vs control patient	s__Clostridia_bacterium_UC5_1_1E11	4.893907526770282	0.001592516850676	0.0091422263649921	323	151	False		474	up
Mars_2020_IBS	existing_ranked_mars_metaphlan4	Existing key_species_overlap_v2 IBS arm	IBS vs control patient	s__GGB4585_SGB6340	-2.965784582875127	6.689579669983019e-05	0.0007234080340795	323	151	False		474	down
Mars_2020_IBS	existing_ranked_mars_metaphlan4	Existing key_species_overlap_v2 IBS arm	IBS vs control patient	s__GGB13489_SGB15224	-2.879842730604172	5.983432818421698e-05	0.0006755684646723	323	151	False		474	down
Mars_2020_IBS	existing_ranked_mars_metaphlan4	Existing key_species_overlap_v2 IBS arm	IBS vs control patient	s__GGB3277_SGB4327	-2.0535262036785267	1.3468227459397608e-06	3.683956334482288e-05	323	151	False		474	down
Mars_2020_IBS	existing_ranked_mars_metaphlan4	Existing key_species_overlap_v2 IBS arm	IBS vs control patient	s__Pseudoflavonifractor_phocaeensis	3.9446568076390993	0.000737762203232	0.0050449915368077	323	151	False		474	up
Mars_2020_IBS	existing_ranked_mars_metaphlan4	Existing key_species_overlap_v2 IBS arm	IBS vs control patient	s__GGB1123_SGB1437	-2.7998251215812227	5.0967442585452535e-05	0.0006194608182198	323	151	False		474	down
Mars_2020_IBS	existing_ranked_mars_metaphlan4	Existing key_species_overlap_v2 IBS arm	IBS vs control patient	s__GGB9730_SGB15291	-2.1228081024455885	3.4116350630967785e-06	6.897436105826096e-05	323	151	False		474	down
Mars_2020_IBS	existing_ranked_mars_metaphlan4	Existing key_species_overlap_v2 IBS arm	IBS vs control patient	s__Lentihominibacter_hominis	6.779911101931284	0.0185384535420745	0.0586420469188071	323	151	False		474	up
Mars_2020_IBS	existing_ranked_mars_metaphlan4	Existing key_species_overlap_v2 IBS arm	IBS vs control patient	s__GGB3175_SGB4191	-1.7671799301480826	9.857743567779406e-07	2.8649067243858895e-05	323	151	False		474	down
Mars_2020_IBS	existing_ranked_mars_metaphlan4	Existing key_species_overlap_v2 IBS arm	IBS vs control patient	s__GGB1380_SGB1883	-5.230809775592296	0.0080758084797071	0.0320961619065284	323	151	False		474	down
Mars_2020_IBS	existing_ranked_mars_metaphlan4	Existing key_species_overlap_v2 IBS arm	IBS vs control patient	s__Colidextribacter_sp_210702_DFI_3_9	-3.0660627196665966	0.0003985352632472	0.0030508246123391	323	151	False		474	down
Mars_2020_IBS	existing_ranked_mars_metaphlan4	Existing key_species_overlap_v2 IBS arm	IBS vs control patient	s__Butyricimonas_paravirosa	-3.393322661971856	0.0009460574402105	0.0061099543013595	323	151	False		474	down
Mars_2020_IBS	existing_ranked_mars_metaphlan4	Existing key_species_overlap_v2 IBS arm	IBS vs control patient	s__GGB4563_SGB6300	9.28680095105477	0.0755051041361611	0.1670399453379762	323	151	False		474	up
Mars_2020_IBS	existing_ranked_mars_metaphlan4	Existing key_species_overlap_v2 IBS arm	IBS vs control patient	s__Longibaculum_muris	4.247087352062516	0.0047121261252304	0.0206711193229449	323	151	False		474	up
Mars_2020_IBS	existing_ranked_mars_metaphlan4	Existing key_species_overlap_v2 IBS arm	IBS vs control patient	s__GGB9708_SGB15233	-2.212251750365709	5.979834244826252e-05	0.0006755684646723	323	151	False		474	down
Mars_2020_IBS	existing_ranked_mars_metaphlan4	Existing key_species_overlap_v2 IBS arm	IBS vs control patient	s__GGB9453_SGB14845	6.855162129124762	0.0429190478463934	0.1090565969867375	323	151	False		474	up
Mars_2020_IBS	existing_ranked_mars_metaphlan4	Existing key_species_overlap_v2 IBS arm	IBS vs control patient	s__GGB9350_SGB14317	4.699952416061062	0.0111799687691539	0.0399898882896658	323	151	False		474	up
Mars_2020_IBS	existing_ranked_mars_metaphlan4	Existing key_species_overlap_v2 IBS arm	IBS vs control patient	s__GGB3496_SGB4671	3.610763216456739	0.003253016433886	0.0159226593869156	323	151	False		474	up
Mars_2020_IBS	existing_ranked_mars_metaphlan4	Existing key_species_overlap_v2 IBS arm	IBS vs control patient	s__Jutongia_hominis	-3.8561773548144975	0.0063901465829935	0.0267695329828107	323	151	False		474	down
Mars_2020_IBS	existing_ranked_mars_metaphlan4	Existing key_species_overlap_v2 IBS arm	IBS vs control patient	s__GGB9707_SGB15229	-2.4205968681106587	0.000476856355846	0.0035196540550539	323	151	False		474	down
Mars_2020_IBS	existing_ranked_mars_metaphlan4	Existing key_species_overlap_v2 IBS arm	IBS vs control patient	s__GGB3511_SGB4688	3.330592289606082	0.0038011807729055	0.0178540309030409	323	151	False		474	up
Mars_2020_IBS	existing_ranked_mars_metaphlan4	Existing key_species_overlap_v2 IBS arm	IBS vs control patient	s__Oscillibacter_sp_MSJ_31	-1.317051337824008	2.9081220137415886e-06	6.761383681949193e-05	323	151	False		474	down
Mars_2020_IBS	existing_ranked_mars_metaphlan4	Existing key_species_overlap_v2 IBS arm	IBS vs control patient	s__Alistipes_senegalensis	-2.870621240735914	0.0025824566883532	0.0133426928898251	323	151	False		474	down
Mars_2020_IBS	existing_ranked_mars_metaphlan4	Existing key_species_overlap_v2 IBS arm	IBS vs control patient	s__Clostridiaceae_bacterium_Marseille_Q4143	-1.5844244293557566	2.8925046662291603e-05	0.0004075802029686	323	151	False		474	down
Mars_2020_IBS	existing_ranked_mars_metaphlan4	Existing key_species_overlap_v2 IBS arm	IBS vs control patient	s__GGB4651_SGB6438	-2.094046312915036	0.0003483219208067	0.0027452490368665	323	151	False		474	down
Mars_2020_IBS	existing_ranked_mars_metaphlan4	Existing key_species_overlap_v2 IBS arm	IBS vs control patient	s__Megamonas_funiformis	9.008804444701674	0.1319852753428889	0.2546603860350346	323	151	False		474	up
Mars_2020_IBS	existing_ranked_mars_metaphlan4	Existing key_species_overlap_v2 IBS arm	IBS vs control patient	s__GGB2980_SGB3962	3.15773580827609	0.0050662176652887	0.0217497448743735	323	151	False		474	up
Mars_2020_IBS	existing_ranked_mars_metaphlan4	Existing key_species_overlap_v2 IBS arm	IBS vs control patient	s__GGB9169_SGB14107	8.767378133513018	0.1312450450143979	0.2546603860350346	323	151	False		474	up
Mars_2020_IBS	existing_ranked_mars_metaphlan4	Existing key_species_overlap_v2 IBS arm	IBS vs control patient	s__Gemmiger_SGB15295	4.22553022425874	0.0212757417867291	0.0647313142007822	323	151	False		474	up
Mars_2020_IBS	existing_ranked_mars_metaphlan4	Existing key_species_overlap_v2 IBS arm	IBS vs control patient	s__Phocaeicola_coprophilus	-3.66856603286588	0.0163175801159908	0.053303883436974	323	151	False		474	down
Mars_2020_IBS	existing_ranked_mars_metaphlan4	Existing key_species_overlap_v2 IBS arm	IBS vs control patient	s__GGB4567_SGB6307	-2.910422377968256	0.0059313603463981	0.0250734778279557	323	151	False		474	down
Mars_2020_IBS	existing_ranked_mars_metaphlan4	Existing key_species_overlap_v2 IBS arm	IBS vs control patient	s__Clostridium_innocuum	2.7580420274774564	0.0050348450630737	0.0217497448743735	323	151	False		474	up
Mars_2020_IBS	existing_ranked_mars_metaphlan4	Existing key_species_overlap_v2 IBS arm	IBS vs control patient	s__Phocaeicola_coprocola	-1.8267823151341571	0.0005706730541396	0.0040825072334605	323	151	False		474	down
Mars_2020_IBS	existing_ranked_mars_metaphlan4	Existing key_species_overlap_v2 IBS arm	IBS vs control patient	s__GGB3606_SGB4870	3.040146211701034	0.0114534153855604	0.0403472587445878	323	151	False		474	up
Mars_2020_IBS	existing_ranked_mars_metaphlan4	Existing key_species_overlap_v2 IBS arm	IBS vs control patient	s__GGB1266_SGB1699	-2.422734876578538	0.0040430507625884	0.0182526078116857	323	151	False		474	down
Mars_2020_IBS	existing_ranked_mars_metaphlan4	Existing key_species_overlap_v2 IBS arm	IBS vs control patient	s__Collinsella_stercoris	5.298921611632207	0.071784216720486	0.1636257881128726	323	151	False		474	up
Mars_2020_IBS	existing_ranked_mars_metaphlan4	Existing key_species_overlap_v2 IBS arm	IBS vs control patient	s__Lactococcus_lactis	4.642821140386794	0.0537418073127521	0.1336360449220843	323	151	False		474	up
Mars_2020_IBS	existing_ranked_mars_metaphlan4	Existing key_species_overlap_v2 IBS arm	IBS vs control patient	s__GGB2998_SGB3988	-2.258553572480793	0.0034397177132181	0.0166611326734005	323	151	False		474	down
Mars_2020_IBS	existing_ranked_mars_metaphlan4	Existing key_species_overlap_v2 IBS arm	IBS vs control patient	s__Veillonella_dispar	3.971910035599849	0.0399579156054543	0.1035530980550171	323	151	False		474	up
Mars_2020_IBS	existing_ranked_mars_metaphlan4	Existing key_species_overlap_v2 IBS arm	IBS vs control patient	s__Phocaeicola_plebeius	6.122343724073896	0.1133858050580471	0.2302375517554233	323	151	False		474	up
Mars_2020_IBS	existing_ranked_mars_metaphlan4	Existing key_species_overlap_v2 IBS arm	IBS vs control patient	s__Clostridium_sp_AF27_2AA	2.684539683468644	0.0097358757843401	0.0362174579177454	323	151	False		474	up
Mars_2020_IBS	existing_ranked_mars_metaphlan4	Existing key_species_overlap_v2 IBS arm	IBS vs control patient	s__Ruminococcus_sp_AF41_9	-3.2300248204790027	0.0212212298921967	0.0647313142007822	323	151	False		474	down
Mars_2020_IBS	existing_ranked_mars_metaphlan4	Existing key_species_overlap_v2 IBS arm	IBS vs control patient	s__GGB9635_SGB15106	-2.052287152567672	0.0027182904844741	0.0137391856008749	323	151	False		474	down
Mars_2020_IBS	existing_ranked_mars_metaphlan4	Existing key_species_overlap_v2 IBS arm	IBS vs control patient	s__GGB9781_SGB66170	3.932654972846629	0.044195987363934	0.1116909463273333	323	151	False		474	up
Mars_2020_IBS	existing_ranked_mars_metaphlan4	Existing key_species_overlap_v2 IBS arm	IBS vs control patient	s__Acidaminococcus_intestini	4.776557348980363	0.0745713201270174	0.1659122672682446	323	151	False		474	up
Mars_2020_IBS	existing_ranked_mars_metaphlan4	Existing key_species_overlap_v2 IBS arm	IBS vs control patient	s__GGB9412_SGB14770	-1.6717817373135226	0.0011703659848811	0.0071607918811806	323	151	False		474	down
Mars_2020_IBS	existing_ranked_mars_metaphlan4	Existing key_species_overlap_v2 IBS arm	IBS vs control patient	s__GGB3446_SGB4597	-3.0243363956612974	0.0231551141927326	0.0668765720473333	323	151	False		474	down
Mars_2020_IBS	existing_ranked_mars_metaphlan4	Existing key_species_overlap_v2 IBS arm	IBS vs control patient	s__Firmicutes_unclassified_SGB47659	3.3537068889843304	0.0336648798933748	0.0906763505966285	323	151	False		474	up
Mars_2020_IBS	existing_ranked_mars_metaphlan4	Existing key_species_overlap_v2 IBS arm	IBS vs control patient	s__Roseburia_sp_AF02_12	-1.0299311368608377	3.826796992894228e-05	0.0004942946115821	323	151	False		474	down
Mars_2020_IBS	existing_ranked_mars_metaphlan4	Existing key_species_overlap_v2 IBS arm	IBS vs control patient	s__GGB9712_SGB15244	-1.274183795402125	0.0002669716922341	0.0021403764980843	323	151	False		474	down
Mars_2020_IBS	existing_ranked_mars_metaphlan4	Existing key_species_overlap_v2 IBS arm	IBS vs control patient	s__Prevotella_stercorea	-1.0732241780410163	6.853808395384244e-05	0.000724322932694	323	151	False		474	down
Mars_2020_IBS	existing_ranked_mars_metaphlan4	Existing key_species_overlap_v2 IBS arm	IBS vs control patient	s__GGB32387_SGB47381	4.146454209270207	0.0669637139884405	0.1556906350231242	323	151	False		474	up
Mars_2020_IBS	existing_ranked_mars_metaphlan4	Existing key_species_overlap_v2 IBS arm	IBS vs control patient	s__GGB9770_SGB15389	5.710304808822412	0.1446023353828496	0.2678887886574704	323	151	False		474	up
Mars_2020_IBS	existing_ranked_mars_metaphlan4	Existing key_species_overlap_v2 IBS arm	IBS vs control patient	s__Slackia_isoflavoniconvertens	-2.1817636293244447	0.0085229515926227	0.0327534916575999	323	151	False		474	down
Mars_2020_IBS	existing_ranked_mars_metaphlan4	Existing key_species_overlap_v2 IBS arm	IBS vs control patient	s__Kineothrix_SGB4886	-0.8534719064280869	1.2373931704645176e-05	0.000191795941422	323	151	False		474	down
Mars_2020_IBS	existing_ranked_mars_metaphlan4	Existing key_species_overlap_v2 IBS arm	IBS vs control patient	s__Gordonibacter_pamelaeae	1.822378348429027	0.0040356693463894	0.0182526078116857	323	151	False		474	up
Mars_2020_IBS	existing_ranked_mars_metaphlan4	Existing key_species_overlap_v2 IBS arm	IBS vs control patient	s__GGB51269_SGB5062	4.631462362402599	0.1011724639215018	0.2112185720500292	323	151	False		474	up
Mars_2020_IBS	existing_ranked_mars_metaphlan4	Existing key_species_overlap_v2 IBS arm	IBS vs control patient	s__GGB3600_SGB4860	3.690564757747816	0.0587462856122762	0.1426039625895511	323	151	False		474	up
Mars_2020_IBS	existing_ranked_mars_metaphlan4	Existing key_species_overlap_v2 IBS arm	IBS vs control patient	s__Streptococcus_vestibularis	3.714875894553396	0.0763789499380297	0.1675293005716218	323	151	False		474	up
Mars_2020_IBS	existing_ranked_mars_metaphlan4	Existing key_species_overlap_v2 IBS arm	IBS vs control patient	s__GGB9634_SGB15097	4.756086060072122	0.1319852753428889	0.2546603860350346	323	151	False		474	up
Mars_2020_IBS	existing_ranked_mars_metaphlan4	Existing key_species_overlap_v2 IBS arm	IBS vs control patient	s__GGB9583_SGB15004	-3.5748271687231314	0.0757966203576623	0.1670399453379762	323	151	False		474	down
Mars_2020_IBS	existing_ranked_mars_metaphlan4	Existing key_species_overlap_v2 IBS arm	IBS vs control patient	s__GGB9747_SGB15356	-1.2386143453286869	0.0009933328098874	0.0063273939259953	323	151	False		474	down
Mars_2020_IBS	existing_ranked_mars_metaphlan4	Existing key_species_overlap_v2 IBS arm	IBS vs control patient	s__Clostridium_sp_1001270J_160509_D11	-1.4407014979609103	0.0027021624616725	0.0137391856008749	323	151	False		474	down
Mars_2020_IBS	existing_ranked_mars_metaphlan4	Existing key_species_overlap_v2 IBS arm	IBS vs control patient	s__GGB74511_SGB47635	2.682062524715757	0.0412033973061109	0.1058540317532685	323	151	False		474	up
Mars_2020_IBS	existing_ranked_mars_metaphlan4	Existing key_species_overlap_v2 IBS arm	IBS vs control patient	s__GGB3004_SGB3995	-1.71255801114518	0.0087332053895353	0.0332863975912619	323	151	False		474	down
Mars_2020_IBS	existing_ranked_mars_metaphlan4	Existing key_species_overlap_v2 IBS arm	IBS vs control patient	s__Megasphaera_massiliensis	4.2131598865316695	0.1319852753428889	0.2546603860350346	323	151	False		474	up
Mars_2020_IBS	existing_ranked_mars_metaphlan4	Existing key_species_overlap_v2 IBS arm	IBS vs control patient	s__Faecalibacterium_sp_HTFF	-1.011203610699903	0.0005432713559388	0.0039472059454933	323	151	False		474	down
Mars_2020_IBS	existing_ranked_mars_metaphlan4	Existing key_species_overlap_v2 IBS arm	IBS vs control patient	s__GGB9719_SGB15272	2.1111746979522525	0.0267462093599054	0.0752165136359181	323	151	False		474	up
Mars_2020_IBS	existing_ranked_mars_metaphlan4	Existing key_species_overlap_v2 IBS arm	IBS vs control patient	s__Massilistercora_timonensis	2.733950178201873	0.0604131413954126	0.1440621064044456	323	151	False		474	up
Mars_2020_IBS	existing_ranked_mars_metaphlan4	Existing key_species_overlap_v2 IBS arm	IBS vs control patient	s__Enterocloster_bolteae	1.3764284902754589	0.0050983272931327	0.0217497448743735	323	151	False		474	up
Mars_2020_IBS	existing_ranked_mars_metaphlan4	Existing key_species_overlap_v2 IBS arm	IBS vs control patient	s__GGB1495_SGB2071	-0.7815509978567146	0.0001475357837303	0.0013447088965971	323	151	False		474	down
Mars_2020_IBS	existing_ranked_mars_metaphlan4	Existing key_species_overlap_v2 IBS arm	IBS vs control patient	s__Blautia_producta	2.2628374810455085	0.0395720282944057	0.1033763660499924	323	151	False		474	up
Mars_2020_IBS	existing_ranked_mars_metaphlan4	Existing key_species_overlap_v2 IBS arm	IBS vs control patient	s__GGB3433_SGB4574	1.7079020356801808	0.0175027968808777	0.0557452092438916	323	151	False		474	up
Mars_2020_IBS	existing_ranked_mars_metaphlan4	Existing key_species_overlap_v2 IBS arm	IBS vs control patient	s__GGB9694_SGB15204	1.8844906228302232	0.0262742587698743	0.0744971361462901	323	151	False		474	up
Mars_2020_IBS	existing_ranked_mars_metaphlan4	Existing key_species_overlap_v2 IBS arm	IBS vs control patient	s__Anaerostipes_caccae	-3.4934085711805625	0.1251010634416152	0.2464915021201318	323	151	False		474	down
Mars_2020_IBS	existing_ranked_mars_metaphlan4	Existing key_species_overlap_v2 IBS arm	IBS vs control patient	s__Lachnotalea_sp_AF33_28	2.7109656102792443	0.0743427730285432	0.1659122672682446	323	151	False		474	up
Mars_2020_IBS	existing_ranked_mars_metaphlan4	Existing key_species_overlap_v2 IBS arm	IBS vs control patient	s__GGB3109_SGB4119	2.576064625832989	0.0736896751474439	0.1659122672682446	323	151	False		474	up
Mars_2020_IBS	existing_ranked_mars_metaphlan4	Existing key_species_overlap_v2 IBS arm	IBS vs control patient	s__Roseburia_sp_BX1005	-1.917479767279459	0.033735502480036	0.0906763505966285	323	151	False		474	down
Mars_2020_IBS	existing_ranked_mars_metaphlan4	Existing key_species_overlap_v2 IBS arm	IBS vs control patient	s__GGB3256_SGB4303	-1.273408940787626	0.0066067962272001	0.0274300021932863	323	151	False		474	down
Mars_2020_IBS	existing_ranked_mars_metaphlan4	Existing key_species_overlap_v2 IBS arm	IBS vs control patient	s__Tyzzerella_nexilis	1.6351349995786235	0.0199048146420252	0.0617049253902784	323	151	False		474	up
Mars_2020_IBS	existing_ranked_mars_metaphlan4	Existing key_species_overlap_v2 IBS arm	IBS vs control patient	s__GGB9634_SGB15093	-3.390749997075558	0.1415851098939671	0.2642135800606576	323	151	False		474	down
Mars_2020_IBS	existing_ranked_mars_metaphlan4	Existing key_species_overlap_v2 IBS arm	IBS vs control patient	s__Eubacterium_siraeum	-0.9434889054260526	0.0014744844162588	0.0086789272602575	323	151	False		474	down
Mars_2020_IBS	existing_ranked_mars_metaphlan4	Existing key_species_overlap_v2 IBS arm	IBS vs control patient	s__Mediterraneibacter_sp_NSJ_151	-1.863255397228763	0.0345137605372422	0.0917079922846721	323	151	False		474	down
Mars_2020_IBS	existing_ranked_mars_metaphlan4	Existing key_species_overlap_v2 IBS arm	IBS vs control patient	s__Longicatena_caecimuris	1.5494265230969122	0.0240827493002226	0.0687023216233345	323	151	False		474	up
Mars_2020_IBS	existing_ranked_mars_metaphlan4	Existing key_species_overlap_v2 IBS arm	IBS vs control patient	s__Clostridium_symbiosum	2.018668502301827	0.0588816361660082	0.1426039625895511	323	151	False		474	up
Mars_2020_IBS	existing_ranked_mars_metaphlan4	Existing key_species_overlap_v2 IBS arm	IBS vs control patient	s__Neglectibacter_timonensis	2.105501245284364	0.0663233082277723	0.1549765745020811	323	151	False		474	up
Mars_2020_IBS	existing_ranked_mars_metaphlan4	Existing key_species_overlap_v2 IBS arm	IBS vs control patient	s__GGB3497_SGB4672	1.918368590905564	0.0553814778288674	0.1362560168805468	323	151	False		474	up
Mars_2020_IBS	existing_ranked_mars_metaphlan4	Existing key_species_overlap_v2 IBS arm	IBS vs control patient	s__GGB9491_SGB14888	2.103169173347533	0.0717595057708158	0.1636257881128726	323	151	False		474	up
Mars_2020_IBS	existing_ranked_mars_metaphlan4	Existing key_species_overlap_v2 IBS arm	IBS vs control patient	s__GGB3510_SGB4687	2.827685757937648	0.1405464163444004	0.2635245306457507	323	151	False		474	up
Mars_2020_IBS	existing_ranked_mars_metaphlan4	Existing key_species_overlap_v2 IBS arm	IBS vs control patient	s__Alistipes_finegoldii	1.0290564180322634	0.0071890205532013	0.0291937889153803	323	151	False		474	up
Mars_2020_IBS	existing_ranked_mars_metaphlan4	Existing key_species_overlap_v2 IBS arm	IBS vs control patient	s__GGB33469_SGB15236	-1.302693512314549	0.0219889931794353	0.0647313142007822	323	151	False		474	down
Mars_2020_IBS	existing_ranked_mars_metaphlan4	Existing key_species_overlap_v2 IBS arm	IBS vs control patient	s__Alistipes_SGB2313	-2.554411220223552	0.1337816404705732	0.2564892129987944	323	151	False		474	down
Mars_2020_IBS	existing_ranked_mars_metaphlan4	Existing key_species_overlap_v2 IBS arm	IBS vs control patient	s__GGB45497_SGB63169	2.453840378096258	0.1228964249570801	0.2442172547224029	323	151	False		474	up
Mars_2020_IBS	existing_ranked_mars_metaphlan4	Existing key_species_overlap_v2 IBS arm	IBS vs control patient	s__Senegalimassilia_anaerobia	2.6593652351333343	0.1507807042351382	0.2741796271002299	323	151	False		474	up
Mars_2020_IBS	existing_ranked_mars_metaphlan4	Existing key_species_overlap_v2 IBS arm	IBS vs control patient	s__GGB4197_SGB5684	-2.1903907228864177	0.1000285783931645	0.2112185720500292	323	151	False		474	down
Mars_2020_IBS	existing_ranked_mars_metaphlan4	Existing key_species_overlap_v2 IBS arm	IBS vs control patient	s__GGB2653_SGB3574	1.8565255042962108	0.0701460801926736	0.1614748875722437	323	151	False		474	up
Mars_2020_IBS	existing_ranked_mars_metaphlan4	Existing key_species_overlap_v2 IBS arm	IBS vs control patient	s__Bifidobacterium_animalis	2.664858823693369	0.1577565352686653	0.2832308451734724	323	151	False		474	up
Mars_2020_IBS	existing_ranked_mars_metaphlan4	Existing key_species_overlap_v2 IBS arm	IBS vs control patient	s__Hungatella_hathewayi	2.116810280522249	0.0978080754586585	0.2095887331256969	323	151	False		474	up
Mars_2020_IBS	existing_ranked_mars_metaphlan4	Existing key_species_overlap_v2 IBS arm	IBS vs control patient	s__GGB3000_SGB3991	2.847232226539157	0.1807747032159776	0.3160159285542467	323	151	False		474	up
Mars_2020_IBS	existing_ranked_mars_metaphlan4	Existing key_species_overlap_v2 IBS arm	IBS vs control patient	s__Alistipes_communis	-0.7049978820750592	0.0017819088711527	0.0098641383938813	323	151	False		474	down
Mars_2020_IBS	existing_ranked_mars_metaphlan4	Existing key_species_overlap_v2 IBS arm	IBS vs control patient	s__GGB9343_SGB14307	1.9806834500673032	0.091103764746059	0.1979591149855956	323	151	False		474	up
Mars_2020_IBS	existing_ranked_mars_metaphlan4	Existing key_species_overlap_v2 IBS arm	IBS vs control patient	s__GGB9364_SGB14339	-2.040761730663497	0.1017483013746377	0.2112185720500292	323	151	False		474	down
Mars_2020_IBS	existing_ranked_mars_metaphlan4	Existing key_species_overlap_v2 IBS arm	IBS vs control patient	s__Streptococcus_thermophilus	1.2456754947688102	0.0298100610862305	0.0815392847358659	323	151	False		474	up
Mars_2020_IBS	existing_ranked_mars_metaphlan4	Existing key_species_overlap_v2 IBS arm	IBS vs control patient	s__GGB9469_SGB14862	0.6963507399512717	0.0023267341588116	0.0124359929177864	323	151	False		474	up
Mars_2020_IBS	existing_ranked_mars_metaphlan4	Existing key_species_overlap_v2 IBS arm	IBS vs control patient	s__Eisenbergiella_tayi	1.5072316153703065	0.0647648281688165	0.1520992176691904	323	151	False		474	up
Mars_2020_IBS	existing_ranked_mars_metaphlan4	Existing key_species_overlap_v2 IBS arm	IBS vs control patient	s__GGB3490_SGB4664	1.4608721515841778	0.0601200910308181	0.1440621064044456	323	151	False		474	up
Mars_2020_IBS	existing_ranked_mars_metaphlan4	Existing key_species_overlap_v2 IBS arm	IBS vs control patient	s__Massilioclostridium_coli	1.9876659774193028	0.123663028087075	0.2446949279169781	323	151	False		474	up
Mars_2020_IBS	existing_ranked_mars_metaphlan4	Existing key_species_overlap_v2 IBS arm	IBS vs control patient	s__Anaerotruncus_massiliensis	2.4909011467448336	0.1945045520793232	0.3300898420324282	323	151	False		474	up
Mars_2020_IBS	existing_ranked_mars_metaphlan4	Existing key_species_overlap_v2 IBS arm	IBS vs control patient	s__Lawsonibacter_hominis	-1.0128383641595788	0.0231383942160036	0.0668765720473333	323	151	False		474	down
Mars_2020_IBS	existing_ranked_mars_metaphlan4	Existing key_species_overlap_v2 IBS arm	IBS vs control patient	s__Oscillibacter_valericigenes	-1.0942331599813409	0.0306441389569372	0.083330553303952	323	151	False		474	down
Mars_2020_IBS	existing_ranked_mars_metaphlan4	Existing key_species_overlap_v2 IBS arm	IBS vs control patient	s__Bacteroides_salyersiae	2.8647944821243487	0.2412655707614012	0.3921777039491139	323	151	False		474	up
Mars_2020_IBS	existing_ranked_mars_metaphlan4	Existing key_species_overlap_v2 IBS arm	IBS vs control patient	s__Rikenellaceae_bacterium	1.841987239416148	0.1163567407214929	0.2335524731711458	323	151	False		474	up
Mars_2020_IBS	existing_ranked_mars_metaphlan4	Existing key_species_overlap_v2 IBS arm	IBS vs control patient	s__GGB9293_SGB14250	1.7100915919197124	0.0987436605618276	0.2106229456938066	323	151	False		474	up
Mars_2020_IBS	existing_ranked_mars_metaphlan4	Existing key_species_overlap_v2 IBS arm	IBS vs control patient	s__GGB33586_SGB53517	3.451235136737912	0.3041289499363884	0.4636720056407233	323	151	False		474	up
Mars_2020_IBS	existing_ranked_mars_metaphlan4	Existing key_species_overlap_v2 IBS arm	IBS vs control patient	s__GGB9480_SGB14874	0.7882586997193717	0.0106998373472651	0.0385691811354906	323	151	False		474	up
Mars_2020_IBS	existing_ranked_mars_metaphlan4	Existing key_species_overlap_v2 IBS arm	IBS vs control patient	s__Fusicatenibacter_sp_CLA_AA_H277	-1.2715597273046837	0.0591921612782817	0.1426132383129586	323	151	False		474	down
Mars_2020_IBS	existing_ranked_mars_metaphlan4	Existing key_species_overlap_v2 IBS arm	IBS vs control patient	s__GGB9211_SGB14151	2.664691869463101	0.2504668414564648	0.4016106250939867	323	151	False		474	up
Mars_2020_IBS	existing_ranked_mars_metaphlan4	Existing key_species_overlap_v2 IBS arm	IBS vs control patient	s__GGB3005_SGB3996	1.1301638690171536	0.0473282891618523	0.118960294379791	323	151	False		474	up
Mars_2020_IBS	existing_ranked_mars_metaphlan4	Existing key_species_overlap_v2 IBS arm	IBS vs control patient	s__GGB3363_SGB4448	3.4658932359058228	0.3372863988923138	0.5010804328591882	323	151	False		474	up
Mars_2020_IBS	existing_ranked_mars_metaphlan4	Existing key_species_overlap_v2 IBS arm	IBS vs control patient	s__Akkermansia_sp_KLE1798	-1.5401616803551512	0.099779767258711	0.2112185720500292	323	151	False		474	down
Mars_2020_IBS	existing_ranked_mars_metaphlan4	Existing key_species_overlap_v2 IBS arm	IBS vs control patient	s__Clostridiales_bacterium	0.548029589057123	0.0035278060871377	0.0169116477373098	323	151	False		474	up
Mars_2020_IBS	existing_ranked_mars_metaphlan4	Existing key_species_overlap_v2 IBS arm	IBS vs control patient	s__Blautia_argi	1.202507514563362	0.0698671072725562	0.1614748875722437	323	151	False		474	up
Mars_2020_IBS	existing_ranked_mars_metaphlan4	Existing key_species_overlap_v2 IBS arm	IBS vs control patient	s__Streptococcus_australis	1.375453238995935	0.1034914810037834	0.2138823940744859	323	151	False		474	up
Mars_2020_IBS	existing_ranked_mars_metaphlan4	Existing key_species_overlap_v2 IBS arm	IBS vs control patient	s__GGB47687_SGB2286	0.7476244636304717	0.0190155875089319	0.0597449202138738	323	151	False		474	up
Mars_2020_IBS	existing_ranked_mars_metaphlan4	Existing key_species_overlap_v2 IBS arm	IBS vs control patient	s__Dialister_hominis	-3.1711158830457538	0.3596885326862586	0.5262688171085605	323	151	False		474	down
Mars_2020_IBS	existing_ranked_mars_metaphlan4	Existing key_species_overlap_v2 IBS arm	IBS vs control patient	s__Candidatus_Methanomassiliicoccus_intestinalis	2.719456347008048	0.3164736084421033	0.4777929478103183	323	151	False		474	up
Mars_2020_IBS	existing_ranked_mars_metaphlan4	Existing key_species_overlap_v2 IBS arm	IBS vs control patient	s__Clostridiaceae_bacterium_AF18_31LB	-0.4834599290961075	0.0042071397327215	0.0188107689972644	323	151	False		474	down
Mars_2020_IBS	existing_ranked_mars_metaphlan4	Existing key_species_overlap_v2 IBS arm	IBS vs control patient	s__Lawsonibacter_faecis	1.455723580239474	0.1535903893346152	0.2768198877542483	323	151	False		474	up
Mars_2020_IBS	existing_ranked_mars_metaphlan4	Existing key_species_overlap_v2 IBS arm	IBS vs control patient	s__Intestinimonas_butyriciproducens	0.9801617619167208	0.0629466913735749	0.1493378137179201	323	151	False		474	up
Mars_2020_IBS	existing_ranked_mars_metaphlan4	Existing key_species_overlap_v2 IBS arm	IBS vs control patient	s__Massilimicrobiota_timonensis	-3.1959250038571865	0.391731184484234	0.5587576711201497	323	151	False		474	down
Mars_2020_IBS	existing_ranked_mars_metaphlan4	Existing key_species_overlap_v2 IBS arm	IBS vs control patient	s__GGB3819_SGB5184	0.8918412302622405	0.0551226579598334	0.1362560168805468	323	151	False		474	up
Mars_2020_IBS	existing_ranked_mars_metaphlan4	Existing key_species_overlap_v2 IBS arm	IBS vs control patient	s__Blautia_stercoris	1.5012291331322962	0.1737840528891061	0.307624372603791	323	151	False		474	up
Mars_2020_IBS	existing_ranked_mars_metaphlan4	Existing key_species_overlap_v2 IBS arm	IBS vs control patient	s__Blautia_SGB4815	-0.9386347589706612	0.064628319792491	0.1520992176691904	323	151	False		474	down
Mars_2020_IBS	existing_ranked_mars_metaphlan4	Existing key_species_overlap_v2 IBS arm	IBS vs control patient	s__Ruminococcus_bovis	1.898441552611204	0.2453312367183183	0.3961077259514515	323	151	False		474	up
Mars_2020_IBS	existing_ranked_mars_metaphlan4	Existing key_species_overlap_v2 IBS arm	IBS vs control patient	s__GGB38744_SGB14842	-0.3172413151057169	0.0006325145556924	0.0043898398268209	323	151	False		474	down
Mars_2020_IBS	existing_ranked_mars_metaphlan4	Existing key_species_overlap_v2 IBS arm	IBS vs control patient	s__GGB9775_SGB15395	1.696862654362427	0.2268144104684335	0.374002485346885	323	151	False		474	up
Mars_2020_IBS	existing_ranked_mars_metaphlan4	Existing key_species_overlap_v2 IBS arm	IBS vs control patient	s__GGB33512_SGB15203	2.8277977159818124	0.3972137616121621	0.56194718329603	323	151	False		474	up
Mars_2020_IBS	existing_ranked_mars_metaphlan4	Existing key_species_overlap_v2 IBS arm	IBS vs control patient	s__Haemophilus_parainfluenzae	-2.260451499440651	0.3258960725472545	0.4888441088208817	323	151	False		474	down
Mars_2020_IBS	existing_ranked_mars_metaphlan4	Existing key_species_overlap_v2 IBS arm	IBS vs control patient	s__GGB9453_SGB14844	-1.2089534541372755	0.1530794319638838	0.2768198877542483	323	151	False		474	down
Mars_2020_IBS	existing_ranked_mars_metaphlan4	Existing key_species_overlap_v2 IBS arm	IBS vs control patient	s__Bacteroides_faecis	-2.005120357011407	0.3068889758368687	0.4663508946540652	323	151	False		474	down
Mars_2020_IBS	existing_ranked_mars_metaphlan4	Existing key_species_overlap_v2 IBS arm	IBS vs control patient	s__Blautia_luti	-0.7073170183710086	0.0480383366720002	0.1200958416800005	323	151	False		474	down
Mars_2020_IBS	existing_ranked_mars_metaphlan4	Existing key_species_overlap_v2 IBS arm	IBS vs control patient	s__GGB4552_SGB6276	0.4318030913998027	0.0083076507377857	0.0321921466089199	323	151	False		474	up
Mars_2020_IBS	existing_ranked_mars_metaphlan4	Existing key_species_overlap_v2 IBS arm	IBS vs control patient	s__Bacteroides_nordii	1.0829737376126856	0.1318565058917668	0.2546603860350346	323	151	False		474	up
Mars_2020_IBS	existing_ranked_mars_metaphlan4	Existing key_species_overlap_v2 IBS arm	IBS vs control patient	s__Eisenbergiella_massiliensis	1.1267839812210172	0.1476243266441463	0.2724020313076509	323	151	False		474	up
Mars_2020_IBS	existing_ranked_mars_metaphlan4	Existing key_species_overlap_v2 IBS arm	IBS vs control patient	s__Catenibacterium_tridentinum	-1.0060216643312203	0.116525104893991	0.2335524731711458	323	151	False		474	down
Mars_2020_IBS	existing_ranked_mars_metaphlan4	Existing key_species_overlap_v2 IBS arm	IBS vs control patient	s__GGB9547_SGB14953	2.207709910619612	0.3562065454948884	0.524164695111149	323	151	False		474	up
Mars_2020_IBS	existing_ranked_mars_metaphlan4	Existing key_species_overlap_v2 IBS arm	IBS vs control patient	s__Clostridium_SGB48024	1.931091101870089	0.3258960725472545	0.4888441088208817	323	151	False		474	up
Mars_2020_IBS	existing_ranked_mars_metaphlan4	Existing key_species_overlap_v2 IBS arm	IBS vs control patient	s__GGB9534_SGB14937	1.1748171976629462	0.186171346280893	0.3206284297059824	323	151	False		474	up
Mars_2020_IBS	existing_ranked_mars_metaphlan4	Existing key_species_overlap_v2 IBS arm	IBS vs control patient	s__Sellimonas_intestinalis	1.911503105301931	0.3344972857605286	0.5001325976805331	323	151	False		474	up
Mars_2020_IBS	existing_ranked_mars_metaphlan4	Existing key_species_overlap_v2 IBS arm	IBS vs control patient	s__Collinsella_intestinalis	1.4359896317180014	0.2472252135026321	0.3977845130751694	323	151	False		474	up
Mars_2020_IBS	existing_ranked_mars_metaphlan4	Existing key_species_overlap_v2 IBS arm	IBS vs control patient	s__GGB3722_SGB5050	-0.9868301954199068	0.1399311515351065	0.2634331395296541	323	151	False		474	down
Mars_2020_IBS	existing_ranked_mars_metaphlan4	Existing key_species_overlap_v2 IBS arm	IBS vs control patient	s__Emergencia_timonensis	2.3983258981145013	0.4157166147002936	0.5805051826895992	323	151	False		474	up
Mars_2020_IBS	existing_ranked_mars_metaphlan4	Existing key_species_overlap_v2 IBS arm	IBS vs control patient	s__Ruminococcus_gnavus	-0.2301196484209028	0.0082890805877102	0.0321921466089199	323	151	True		474	down
Mars_2020_IBS	existing_ranked_mars_metaphlan4	Existing key_species_overlap_v2 IBS arm	IBS vs control patient	s__Alistipes_onderdonkii	1.475827341834434	0.4629523316405464	0.6294527316165324	323	151	True		474	up
Mars_2020_IBS	existing_ranked_mars_metaphlan4	Existing key_species_overlap_v2 IBS arm	IBS vs control patient	s__Eubacterium_sp_AF16_48	0.6766072892260971	0.0734942322144725	0.1659122672682446	323	151	False		474	up
Mars_2020_IBS	existing_ranked_mars_metaphlan4	Existing key_species_overlap_v2 IBS arm	IBS vs control patient	s__Collinsella_tanakaei	0.7560548724521516	0.09283225713025	0.2007767421654244	323	151	False		474	up
Mars_2020_IBS	existing_ranked_mars_metaphlan4	Existing key_species_overlap_v2 IBS arm	IBS vs control patient	s__Clostridium_sp_AF20_17LB	1.067375229160351	0.1879081744751864	0.322425465427903	323	151	False		474	up
Mars_2020_IBS	existing_ranked_mars_metaphlan4	Existing key_species_overlap_v2 IBS arm	IBS vs control patient	s__Gemmiger_formicilis	-0.2742833818187566	0.0230498125868913	0.0668765720473333	323	151	True		474	down
Mars_2020_IBS	existing_ranked_mars_metaphlan4	Existing key_species_overlap_v2 IBS arm	IBS vs control patient	s__GGB9359_SGB14334	2.6511103351934397	0.4794466568775722	0.6406399294484801	323	151	False		474	up
Mars_2020_IBS	existing_ranked_mars_metaphlan4	Existing key_species_overlap_v2 IBS arm	IBS vs control patient	s__GGB36331_SGB15121	-1.2159283676651396	0.2390448676253752	0.3904234203549249	323	151	False		474	down
Mars_2020_IBS	existing_ranked_mars_metaphlan4	Existing key_species_overlap_v2 IBS arm	IBS vs control patient	s__Clostridium_sp_Marseille_P3244	1.9821000419870507	0.3954045401628294	0.56194718329603	323	151	False		474	up
Mars_2020_IBS	existing_ranked_mars_metaphlan4	Existing key_species_overlap_v2 IBS arm	IBS vs control patient	s__Roseburia_sp_AM59_24XD	-0.9679463438447378	0.1729556736433214	0.307624372603791	323	151	False		474	down
Mars_2020_IBS	existing_ranked_mars_metaphlan4	Existing key_species_overlap_v2 IBS arm	IBS vs control patient	s__Vescimonas_coprocola	0.5097561547849907	0.042532435335533	0.1086680353352905	323	151	False		474	up
Mars_2020_IBS	existing_ranked_mars_metaphlan4	Existing key_species_overlap_v2 IBS arm	IBS vs control patient	s__Slackia_piriformis	-0.7722266818109111	0.114429115402705	0.2313458202706863	323	151	False		474	down
Mars_2020_IBS	existing_ranked_mars_metaphlan4	Existing key_species_overlap_v2 IBS arm	IBS vs control patient	s__Tyzzerella_SGB4587	1.1637654017707064	0.2392917737659217	0.3904234203549249	323	151	False		474	up
Mars_2020_IBS	existing_ranked_mars_metaphlan4	Existing key_species_overlap_v2 IBS arm	IBS vs control patient	s__Faecalibacterium_prausnitzii	-0.2083192163667572	0.0268514865883062	0.0752165136359181	323	151	True		474	down
Mars_2020_IBS	existing_ranked_mars_metaphlan4	Existing key_species_overlap_v2 IBS arm	IBS vs control patient	s__Clostridium_spiroforme	1.326472314395936	0.2892905890896294	0.4514098118344888	323	151	False		474	up
Mars_2020_IBS	existing_ranked_mars_metaphlan4	Existing key_species_overlap_v2 IBS arm	IBS vs control patient	s__Eubacterium_sp_AF34_35BH	-0.4601759224262534	0.0387957158880369	0.101920948519419	323	151	False		474	down
Mars_2020_IBS	existing_ranked_mars_metaphlan4	Existing key_species_overlap_v2 IBS arm	IBS vs control patient	s__GGB3304_SGB4367	-0.3411165918268302	0.0134647120380201	0.0460374345417599	323	151	False		474	down
Mars_2020_IBS	existing_ranked_mars_metaphlan4	Existing key_species_overlap_v2 IBS arm	IBS vs control patient	s__Bacteroides_eggerthii	0.188797888936369	0.0077231378812153	0.0309591302996994	323	151	True		474	up
Mars_2020_IBS	existing_ranked_mars_metaphlan4	Existing key_species_overlap_v2 IBS arm	IBS vs control patient	s__Veillonella_parvula	-1.1805376173421516	0.2586997408879504	0.4119704777838937	323	151	False		474	down
Mars_2020_IBS	existing_ranked_mars_metaphlan4	Existing key_species_overlap_v2 IBS arm	IBS vs control patient	s__GGB9758_SGB15368	-0.2233829968381081	0.0016484107129366	0.0093476948965309	323	151	False		474	down
Mars_2020_IBS	existing_ranked_mars_metaphlan4	Existing key_species_overlap_v2 IBS arm	IBS vs control patient	s__Enterocloster_clostridioformis	0.653508108420034	0.0945199626544435	0.2034804751588715	323	151	False		474	up
Mars_2020_IBS	existing_ranked_mars_metaphlan4	Existing key_species_overlap_v2 IBS arm	IBS vs control patient	s__GGB3281_SGB4335	-0.9792136260936024	0.2124678295131754	0.3549913148432252	323	151	False		474	down
Mars_2020_IBS	existing_ranked_mars_metaphlan4	Existing key_species_overlap_v2 IBS arm	IBS vs control patient	s__Mediterraneibacter_glycyrrhizinilyticus	0.7407353835174957	0.1376183411591958	0.2611939944450044	323	151	False		474	up
Mars_2020_IBS	existing_ranked_mars_metaphlan4	Existing key_species_overlap_v2 IBS arm	IBS vs control patient	s__Romboutsia_timonensis	1.2076197179747157	0.2953033883014904	0.4577202518673101	323	151	False		474	up
Mars_2020_IBS	existing_ranked_mars_metaphlan4	Existing key_species_overlap_v2 IBS arm	IBS vs control patient	s__GGB4571_SGB6317	-0.8653956367099136	0.2129947889059351	0.3549913148432252	323	151	False		474	down
Mars_2020_IBS	existing_ranked_mars_metaphlan4	Existing key_species_overlap_v2 IBS arm	IBS vs control patient	s__GGB9290_SGB14247	-0.6343717618112499	0.1226449722404309	0.2442172547224029	323	151	False		474	down
Mars_2020_IBS	existing_ranked_mars_metaphlan4	Existing key_species_overlap_v2 IBS arm	IBS vs control patient	s__Veillonella_ratti	-1.1141837926580471	0.2920851881625447	0.4542461956374022	323	151	False		474	down
Mars_2020_IBS	existing_ranked_mars_metaphlan4	Existing key_species_overlap_v2 IBS arm	IBS vs control patient	s__Clostridium_fessum	-0.2695736815080971	0.0114265097847052	0.0403472587445878	323	151	False		474	down
Mars_2020_IBS	existing_ranked_mars_metaphlan4	Existing key_species_overlap_v2 IBS arm	IBS vs control patient	s__GGB45432_SGB63101	0.759968481629352	0.1927348562126928	0.3282846451974438	323	151	False		474	up
Mars_2020_IBS	existing_ranked_mars_metaphlan4	Existing key_species_overlap_v2 IBS arm	IBS vs control patient	s__Blautia_glucerasea	0.213399379481507	0.0101432083304124	0.0373561626367486	323	151	True		474	up
Mars_2020_IBS	existing_ranked_mars_metaphlan4	Existing key_species_overlap_v2 IBS arm	IBS vs control patient	s__GGB3475_SGB4638	2.204363569393459	0.5505476449383444	0.6881845561729304	323	151	False		474	up
Mars_2020_IBS	existing_ranked_mars_metaphlan4	Existing key_species_overlap_v2 IBS arm	IBS vs control patient	s__GGB3612_SGB4882	1.0644503893085742	0.3018350110822115	0.4628345396650005	323	151	False		474	up
Mars_2020_IBS	existing_ranked_mars_metaphlan4	Existing key_species_overlap_v2 IBS arm	IBS vs control patient	s__GGB9495_SGB14892	1.569308246081042	0.4301099679145286	0.5934751782796909	323	151	False		474	up
Mars_2020_IBS	existing_ranked_mars_metaphlan4	Existing key_species_overlap_v2 IBS arm	IBS vs control patient	s__GGB9361_SGB14336	1.8886122621880517	0.4905805099402636	0.6489105771421605	323	151	False		474	up
Mars_2020_IBS	existing_ranked_mars_metaphlan4	Existing key_species_overlap_v2 IBS arm	IBS vs control patient	s__Lachnospiraceae_bacterium_CLA_AA_H244	-0.1679230828104531	0.0040155306341838	0.0182526078116857	323	151	True		474	down
Mars_2020_IBS	existing_ranked_mars_metaphlan4	Existing key_species_overlap_v2 IBS arm	IBS vs control patient	s__GGB1385_SGB1890	-0.7743026904832822	0.2159249601040606	0.3585896658871007	323	151	False		474	down
Mars_2020_IBS	existing_ranked_mars_metaphlan4	Existing key_species_overlap_v2 IBS arm	IBS vs control patient	s__Parabacteroides_goldsteinii	2.0710039746586864	0.5368108222985772	0.6816180774871791	323	151	False		474	up
Mars_2020_IBS	existing_ranked_mars_metaphlan4	Existing key_species_overlap_v2 IBS arm	IBS vs control patient	s__Clostridium_sp_AM49_4BH	-0.5945856741017839	0.1395042986604308	0.2634331395296541	323	151	False		474	down
Mars_2020_IBS	existing_ranked_mars_metaphlan4	Existing key_species_overlap_v2 IBS arm	IBS vs control patient	s__GGB4566_SGB6305	-0.672209091591779	0.1836957657771102	0.3187258622625233	323	151	False		474	down
Mars_2020_IBS	existing_ranked_mars_metaphlan4	Existing key_species_overlap_v2 IBS arm	IBS vs control patient	s__Holdemania_filiformis	0.8652310222344333	0.2581806288647157	0.4119704777838937	323	151	False		474	up
Mars_2020_IBS	existing_ranked_mars_metaphlan4	Existing key_species_overlap_v2 IBS arm	IBS vs control patient	s__Bacteroidales_bacterium	-0.543866068412226	0.1340362984058216	0.2564892129987944	323	151	False		474	down
Mars_2020_IBS	existing_ranked_mars_metaphlan4	Existing key_species_overlap_v2 IBS arm	IBS vs control patient	s__GGB4745_SGB6571	0.9513461224761136	0.3025843012003444	0.4628345396650005	323	151	False		474	up
Mars_2020_IBS	existing_ranked_mars_metaphlan4	Existing key_species_overlap_v2 IBS arm	IBS vs control patient	s__Blautia_schinkii	-0.486703367417126	0.1116756664895435	0.2277595829720954	323	151	False		474	down
Mars_2020_IBS	existing_ranked_mars_metaphlan4	Existing key_species_overlap_v2 IBS arm	IBS vs control patient	s__Enterocloster_aldenensis	-1.7593889152077464	0.5258494078726541	0.6720083845883418	323	151	False		474	down
Mars_2020_IBS	existing_ranked_mars_metaphlan4	Existing key_species_overlap_v2 IBS arm	IBS vs control patient	s__Pseudoruminococcus_massiliensis	0.643529904324236	0.2028422542605009	0.3417451022867135	323	151	False		474	up
Mars_2020_IBS	existing_ranked_mars_metaphlan4	Existing key_species_overlap_v2 IBS arm	IBS vs control patient	s__GGB4599_SGB6362	4.210914783887459	0.7762282444721875	0.8512880511310547	323	151	False		474	up
Mars_2020_IBS	existing_ranked_mars_metaphlan4	Existing key_species_overlap_v2 IBS arm	IBS vs control patient	s__Coprobacillus_cateniformis	1.600939760590191	0.504845868039787	0.6575051440862181	323	151	False		474	up
Mars_2020_IBS	existing_ranked_mars_metaphlan4	Existing key_species_overlap_v2 IBS arm	IBS vs control patient	s__GGB9708_SGB15234	0.5943855259838539	0.1896861936376436	0.3242797060349422	323	151	False		474	up
Mars_2020_IBS	existing_ranked_mars_metaphlan4	Existing key_species_overlap_v2 IBS arm	IBS vs control patient	s__Eubacterium_ventriosum	0.68025589490668	0.3360167807590913	0.500794240554415	323	151	True		474	up
Mars_2020_IBS	existing_ranked_mars_metaphlan4	Existing key_species_overlap_v2 IBS arm	IBS vs control patient	s__Clostridia_bacterium	0.7663342243429353	0.2679880813883443	0.4253053168791129	323	151	False		474	up
Mars_2020_IBS	existing_ranked_mars_metaphlan4	Existing key_species_overlap_v2 IBS arm	IBS vs control patient	s__Clostridium_sp_AF36_4	-0.1891240398246764	0.0088906704911378	0.0336110713689358	323	151	False		474	down
Mars_2020_IBS	existing_ranked_mars_metaphlan4	Existing key_species_overlap_v2 IBS arm	IBS vs control patient	s__Clostridium_sp_AT4	0.4920415693692964	0.1506939121282382	0.2741796271002299	323	151	False		474	up
Mars_2020_IBS	existing_ranked_mars_metaphlan4	Existing key_species_overlap_v2 IBS arm	IBS vs control patient	s__Blautia_sp_OF03_15BH	2.618568904836927	0.6844267718882224	0.7858233306864776	323	151	False		474	up
Mars_2020_IBS	existing_ranked_mars_metaphlan4	Existing key_species_overlap_v2 IBS arm	IBS vs control patient	s__Bacteroides_intestinalis	-0.7755892280540636	0.2867317936873493	0.4504401488669508	323	151	False		474	down
Mars_2020_IBS	existing_ranked_mars_metaphlan4	Existing key_species_overlap_v2 IBS arm	IBS vs control patient	s__Methanobrevibacter_smithii	0.9947264094262424	0.3814350987233647	0.5508301891502005	323	151	False		474	up
Mars_2020_IBS	existing_ranked_mars_metaphlan4	Existing key_species_overlap_v2 IBS arm	IBS vs control patient	s__Negativibacillus_massiliensis	-1.8504175591755467	0.6023470660312846	0.7271625025105595	323	151	False		474	down
Mars_2020_IBS	existing_ranked_mars_metaphlan4	Existing key_species_overlap_v2 IBS arm	IBS vs control patient	s__Ruminococcus_callidus	0.3560960221477803	0.0889608008484218	0.1942101990352871	323	151	False		474	up
Mars_2020_IBS	existing_ranked_mars_metaphlan4	Existing key_species_overlap_v2 IBS arm	IBS vs control patient	s__Turicibacter_sanguinis	1.2962797528254049	0.4966227005922162	0.6505057909165649	323	151	False		474	up
Mars_2020_IBS	existing_ranked_mars_metaphlan4	Existing key_species_overlap_v2 IBS arm	IBS vs control patient	s__GGB51441_SGB71759	-1.7406269119902544	0.5979775860252063	0.7260041188034488	323	151	False		474	down
Mars_2020_IBS	existing_ranked_mars_metaphlan4	Existing key_species_overlap_v2 IBS arm	IBS vs control patient	s__Fusicatenibacter_saccharivorans	-0.340621975154371	0.2863782209325386	0.4504401488669508	323	151	True		474	down
Mars_2020_IBS	existing_ranked_mars_metaphlan4	Existing key_species_overlap_v2 IBS arm	IBS vs control patient	s__Collinsella_aerofaciens	0.2263476688870873	0.1746512567040877	0.307624372603791	323	151	True		474	up
Mars_2020_IBS	existing_ranked_mars_metaphlan4	Existing key_species_overlap_v2 IBS arm	IBS vs control patient	s__Anaerotignum_faecicola	0.9737189697959466	0.4131021116721548	0.5785918130347952	323	151	False		474	up
Mars_2020_IBS	existing_ranked_mars_metaphlan4	Existing key_species_overlap_v2 IBS arm	IBS vs control patient	s__Candidatus_Gastranaerophilales_bacterium	-1.7471322248715582	0.6208829411520722	0.7372794883730912	323	151	False		474	down
Mars_2020_IBS	existing_ranked_mars_metaphlan4	Existing key_species_overlap_v2 IBS arm	IBS vs control patient	s__GGB9770_SGB15390	1.1169393105065577	0.4542976749270289	0.623151677997252	323	151	False		474	up
Mars_2020_IBS	existing_ranked_mars_metaphlan4	Existing key_species_overlap_v2 IBS arm	IBS vs control patient	s__Bifidobacterium_bifidum	1.4603720366091384	0.5700690321753804	0.7012753967236822	323	151	False		474	up
Mars_2020_IBS	existing_ranked_mars_metaphlan4	Existing key_species_overlap_v2 IBS arm	IBS vs control patient	s__Eubacteriaceae_bacterium	0.2134683708492276	0.0347435639879344	0.0917940753090314	323	151	False		474	up
Mars_2020_IBS	existing_ranked_mars_metaphlan4	Existing key_species_overlap_v2 IBS arm	IBS vs control patient	s__Faecalibacillus_faecis	0.8641449385931471	0.3875827024795441	0.5545414050861169	323	151	False		474	up
Mars_2020_IBS	existing_ranked_mars_metaphlan4	Existing key_species_overlap_v2 IBS arm	IBS vs control patient	s__Allisonella_histaminiformans	-1.1166374832322454	0.471883854531439	0.6362882884645393	323	151	False		474	down
Mars_2020_IBS	existing_ranked_mars_metaphlan4	Existing key_species_overlap_v2 IBS arm	IBS vs control patient	s__Ruminococcus_lactaris	-0.2083327526572254	0.0343592177279778	0.0917079922846721	323	151	False		474	down
Mars_2020_IBS	existing_ranked_mars_metaphlan4	Existing key_species_overlap_v2 IBS arm	IBS vs control patient	s__Eggerthella_lenta	0.132534477008347	0.0133840391255293	0.0460374345417599	323	151	True		474	up
Mars_2020_IBS	existing_ranked_mars_metaphlan4	Existing key_species_overlap_v2 IBS arm	IBS vs control patient	s__Oscillospiraceae_bacterium	0.7157700697175274	0.3421949511027561	0.506753669626693	323	151	False		474	up
Mars_2020_IBS	existing_ranked_mars_metaphlan4	Existing key_species_overlap_v2 IBS arm	IBS vs control patient	s__Coprococcus_catus	-0.1602151340794832	0.0147162918060373	0.0495875049986042	323	151	False		474	down
Mars_2020_IBS	existing_ranked_mars_metaphlan4	Existing key_species_overlap_v2 IBS arm	IBS vs control patient	s__GGB3033_SGB4029	1.1772978682542894	0.5267723897886671	0.6720083845883418	323	151	False		474	up
Mars_2020_IBS	existing_ranked_mars_metaphlan4	Existing key_species_overlap_v2 IBS arm	IBS vs control patient	s__GGB9345_SGB14311	1.7288686510169684	0.6578844547360496	0.7631613784774084	323	151	False		474	up
Mars_2020_IBS	existing_ranked_mars_metaphlan4	Existing key_species_overlap_v2 IBS arm	IBS vs control patient	s__Intestinimonas_massiliensis	-1.4621323182879695	0.607350200658076	0.7271625025105595	323	151	False		474	down
Mars_2020_IBS	existing_ranked_mars_metaphlan4	Existing key_species_overlap_v2 IBS arm	IBS vs control patient	s__Blautia_sp_MCC283	-1.0663099482260583	0.4924070275781385	0.6489105771421605	323	151	False		474	down
Mars_2020_IBS	existing_ranked_mars_metaphlan4	Existing key_species_overlap_v2 IBS arm	IBS vs control patient	s__Ellagibacter_isourolithinifaciens	-1.83610749612956	0.6883611932014754	0.7864568914955432	323	151	False		474	down
Mars_2020_IBS	existing_ranked_mars_metaphlan4	Existing key_species_overlap_v2 IBS arm	IBS vs control patient	s__GGB9342_SGB14306	0.9436166281988188	0.4604074996955037	0.6280939097961759	323	151	False		474	up
Mars_2020_IBS	existing_ranked_mars_metaphlan4	Existing key_species_overlap_v2 IBS arm	IBS vs control patient	s__Faecalicatena_contorta	0.7896355169633019	0.4223736122763831	0.5862797901746811	323	151	False		474	up
Mars_2020_IBS	existing_ranked_mars_metaphlan4	Existing key_species_overlap_v2 IBS arm	IBS vs control patient	s__Oscillospiraceae_bacterium_CLA_AA_H250	0.2975951889924902	0.3022483182119467	0.4628345396650005	323	151	True		474	up
Mars_2020_IBS	existing_ranked_mars_metaphlan4	Existing key_species_overlap_v2 IBS arm	IBS vs control patient	s__Slackia_SGB14778	2.951646082934235	0.8041682887090388	0.8696238470923326	323	151	False		474	up
Mars_2020_IBS	existing_ranked_mars_metaphlan4	Existing key_species_overlap_v2 IBS arm	IBS vs control patient	s__GGB9509_SGB14906	0.5119136127189186	0.2892364868542044	0.4514098118344888	323	151	False		474	up
Mars_2020_IBS	existing_ranked_mars_metaphlan4	Existing key_species_overlap_v2 IBS arm	IBS vs control patient	s__GGB3167_SGB4181	0.1476445701575466	0.0218705826927795	0.0647313142007822	323	151	False		474	up
Mars_2020_IBS	existing_ranked_mars_metaphlan4	Existing key_species_overlap_v2 IBS arm	IBS vs control patient	s__Ruminococcus_bicirculans	-0.723286094888428	0.5201447198801747	0.6718535965118924	323	151	True		474	down
Mars_2020_IBS	existing_ranked_mars_metaphlan4	Existing key_species_overlap_v2 IBS arm	IBS vs control patient	s__GGB3740_SGB5077	1.1499054817634538	0.5796040916942022	0.7111237536617522	323	151	False		474	up
Mars_2020_IBS	existing_ranked_mars_metaphlan4	Existing key_species_overlap_v2 IBS arm	IBS vs control patient	s__Clostridium_scindens	0.9690668146413184	0.5218532087914022	0.6720083845883418	323	151	False		474	up
Mars_2020_IBS	existing_ranked_mars_metaphlan4	Existing key_species_overlap_v2 IBS arm	IBS vs control patient	s__GGB9580_SGB14998	-0.3710908692124667	0.2191606073991874	0.36266790904136	323	151	False		474	down
Mars_2020_IBS	existing_ranked_mars_metaphlan4	Existing key_species_overlap_v2 IBS arm	IBS vs control patient	s__GGB3480_SGB4648	-0.274042286028716	0.1370702735813407	0.2611939944450044	323	151	False		474	down
Mars_2020_IBS	existing_ranked_mars_metaphlan4	Existing key_species_overlap_v2 IBS arm	IBS vs control patient	s__GGB9782_SGB15403	0.8413545196980566	0.4927054281805153	0.6489105771421605	323	151	False		474	up
Mars_2020_IBS	existing_ranked_mars_metaphlan4	Existing key_species_overlap_v2 IBS arm	IBS vs control patient	s__Gordonibacter_urolithinfaciens	0.7779870875225392	0.4606022005171957	0.6280939097961759	323	151	False		474	up
Mars_2020_IBS	existing_ranked_mars_metaphlan4	Existing key_species_overlap_v2 IBS arm	IBS vs control patient	s__Alistipes_shahii	1.1925402744830207	0.6795635339147055	0.7821708991840051	323	151	True		474	up
Mars_2020_IBS	existing_ranked_mars_metaphlan4	Existing key_species_overlap_v2 IBS arm	IBS vs control patient	s__GGB9640_SGB15115	0.2961087373605703	0.1795003302325927	0.3149722775779456	323	151	False		474	up
Mars_2020_IBS	existing_ranked_mars_metaphlan4	Existing key_species_overlap_v2 IBS arm	IBS vs control patient	s__Fusobacterium_SGB6028	-0.9452866118125084	0.5679905044421134	0.7012753967236822	323	151	False		474	down
Mars_2020_IBS	existing_ranked_mars_metaphlan4	Existing key_species_overlap_v2 IBS arm	IBS vs control patient	s__GGB9198_SGB14137	-0.2836932672820915	0.1744114597020868	0.307624372603791	323	151	False		474	down
Mars_2020_IBS	existing_ranked_mars_metaphlan4	Existing key_species_overlap_v2 IBS arm	IBS vs control patient	s__Wansuia_hejianensis	0.346819776916409	0.2420537656632165	0.3921777039491139	323	151	False		474	up
Mars_2020_IBS	existing_ranked_mars_metaphlan4	Existing key_species_overlap_v2 IBS arm	IBS vs control patient	s__Flavonifractor_plautii	-0.2443079675597129	0.1509462033067932	0.2741796271002299	323	151	False		474	down
Mars_2020_IBS	existing_ranked_mars_metaphlan4	Existing key_species_overlap_v2 IBS arm	IBS vs control patient	s__Mediterraneibacter_butyricigenes	-0.211570456870625	0.1108492822364106	0.2270701155944094	323	151	False		474	down
Mars_2020_IBS	existing_ranked_mars_metaphlan4	Existing key_species_overlap_v2 IBS arm	IBS vs control patient	s__Blautia_massiliensis	0.2394630676762335	0.3558164326855257	0.524164695111149	323	151	True		474	up
Mars_2020_IBS	existing_ranked_mars_metaphlan4	Existing key_species_overlap_v2 IBS arm	IBS vs control patient	s__Eubacterium_callanderi	0.8009779555165139	0.5383285834432396	0.6816180774871791	323	151	False		474	up
Mars_2020_IBS	existing_ranked_mars_metaphlan4	Existing key_species_overlap_v2 IBS arm	IBS vs control patient	s__Veillonella_rogosae	-4.401428801207237	0.9125157385390684	0.9331353057916872	323	151	False		474	down
Mars_2020_IBS	existing_ranked_mars_metaphlan4	Existing key_species_overlap_v2 IBS arm	IBS vs control patient	s__Bacteroides_cellulosilyticus	-0.5371551191406461	0.4025729140314321	0.5672618334079271	323	151	False		474	down
Mars_2020_IBS	existing_ranked_mars_metaphlan4	Existing key_species_overlap_v2 IBS arm	IBS vs control patient	s__GGB9347_SGB14313	0.6964245842349905	0.494009342598548	0.6489105771421605	323	151	False		474	up
Mars_2020_IBS	existing_ranked_mars_metaphlan4	Existing key_species_overlap_v2 IBS arm	IBS vs control patient	s__Oscillospiraceae_unclassified_SGB15256	-0.8351774461760237	0.5699519443756156	0.7012753967236822	323	151	False		474	down
Mars_2020_IBS	existing_ranked_mars_metaphlan4	Existing key_species_overlap_v2 IBS arm	IBS vs control patient	s__Alistipes_sp_AF17_16	-0.4572379687387431	0.3606483357815123	0.5262688171085605	323	151	False		474	down
Mars_2020_IBS	existing_ranked_mars_metaphlan4	Existing key_species_overlap_v2 IBS arm	IBS vs control patient	s__GGB2982_SGB3964	1.056378841592997	0.6537598180607957	0.7630375468183794	323	151	False		474	up
Mars_2020_IBS	existing_ranked_mars_metaphlan4	Existing key_species_overlap_v2 IBS arm	IBS vs control patient	s__Bacteroides_caccae	0.9591880390615884	0.7203163340170886	0.8110099160240828	323	151	True		474	up
Mars_2020_IBS	existing_ranked_mars_metaphlan4	Existing key_species_overlap_v2 IBS arm	IBS vs control patient	s__GGB3550_SGB4746	-1.3187957879679697	0.7202531494505864	0.8110099160240828	323	151	False		474	down
Mars_2020_IBS	existing_ranked_mars_metaphlan4	Existing key_species_overlap_v2 IBS arm	IBS vs control patient	s__GGB9512_SGB14909	0.6025034555854852	0.4729767609618874	0.6362882884645393	323	151	False		474	up
Mars_2020_IBS	existing_ranked_mars_metaphlan4	Existing key_species_overlap_v2 IBS arm	IBS vs control patient	s__GGB9502_SGB14899	-0.6816009835238755	0.5274904524188059	0.6720083845883418	323	151	False		474	down
Mars_2020_IBS	existing_ranked_mars_metaphlan4	Existing key_species_overlap_v2 IBS arm	IBS vs control patient	s__Enterocloster_hominis	-0.2146452124031314	0.1706061849235352	0.3051225999593994	323	151	False		474	down
Mars_2020_IBS	existing_ranked_mars_metaphlan4	Existing key_species_overlap_v2 IBS arm	IBS vs control patient	s__Alistipes_ihumii	0.6638638533835242	0.5480410588905407	0.6868978231377396	323	151	False		474	up
Mars_2020_IBS	existing_ranked_mars_metaphlan4	Existing key_species_overlap_v2 IBS arm	IBS vs control patient	s__GGB3478_SGB4643	-1.1890519236772177	0.7234526914725172	0.8125736752046389	323	151	False		474	down
Mars_2020_IBS	existing_ranked_mars_metaphlan4	Existing key_species_overlap_v2 IBS arm	IBS vs control patient	s__Intestinibacter_bartlettii	-0.4332495068268557	0.404496355066187	0.5682501664827099	323	151	False		474	down
Mars_2020_IBS	existing_ranked_mars_metaphlan4	Existing key_species_overlap_v2 IBS arm	IBS vs control patient	s__GGB33512_SGB15201	-0.5561322710810426	0.4837305255217529	0.6445120182453155	323	151	False		474	down
Mars_2020_IBS	existing_ranked_mars_metaphlan4	Existing key_species_overlap_v2 IBS arm	IBS vs control patient	s__Clostridium_SGB4750	0.6599454944435905	0.5617237289728556	0.6965374239263409	323	151	False		474	up
Mars_2020_IBS	existing_ranked_mars_metaphlan4	Existing key_species_overlap_v2 IBS arm	IBS vs control patient	s__Bilophila_wadsworthia	-0.2064395867078772	0.1849554142087791	0.3197184669408264	323	151	False		474	down
Mars_2020_IBS	existing_ranked_mars_metaphlan4	Existing key_species_overlap_v2 IBS arm	IBS vs control patient	s__Bacteroides_stercoris	0.7139564062968448	0.6508773420659684	0.7623626298757564	323	151	True		474	up
Mars_2020_IBS	existing_ranked_mars_metaphlan4	Existing key_species_overlap_v2 IBS arm	IBS vs control patient	s__Lachnospira_sp_NSJ_43	0.5826979840115327	0.5273361093437157	0.6720083845883418	323	151	False		474	up
Mars_2020_IBS	existing_ranked_mars_metaphlan4	Existing key_species_overlap_v2 IBS arm	IBS vs control patient	s__Hydrogeniiclostridium_mannosilyticum	0.8471208643932682	0.6547354433989965	0.7630375468183794	323	151	False		474	up
Mars_2020_IBS	existing_ranked_mars_metaphlan4	Existing key_species_overlap_v2 IBS arm	IBS vs control patient	s__Odoribacter_splanchnicus	-0.2671811321447862	0.2699215038300958	0.4269166642210699	323	151	False		474	down
Mars_2020_IBS	existing_ranked_mars_metaphlan4	Existing key_species_overlap_v2 IBS arm	IBS vs control patient	s__Clostridiaceae_bacterium_Marseille_Q3526	-0.7684142279974753	0.6380637479583573	0.7492415222238286	323	151	False		474	down
Mars_2020_IBS	existing_ranked_mars_metaphlan4	Existing key_species_overlap_v2 IBS arm	IBS vs control patient	s__Anaerobutyricum_hallii	0.3005593830996749	0.4283257667169828	0.5927722664386816	323	151	True		474	up
Mars_2020_IBS	existing_ranked_mars_metaphlan4	Existing key_species_overlap_v2 IBS arm	IBS vs control patient	s__GGB3680_SGB4995	0.6899388689214268	0.6060229440697438	0.7271625025105595	323	151	False		474	up
Mars_2020_IBS	existing_ranked_mars_metaphlan4	Existing key_species_overlap_v2 IBS arm	IBS vs control patient	s__Vescimonas_SGB15087	0.7144970044765738	0.6216532209866239	0.7372794883730912	323	151	False		474	up
Mars_2020_IBS	existing_ranked_mars_metaphlan4	Existing key_species_overlap_v2 IBS arm	IBS vs control patient	s__Turicibacter_bilis	0.5793333952573038	0.5580216012583699	0.6937969106554598	323	151	False		474	up
Mars_2020_IBS	existing_ranked_mars_metaphlan4	Existing key_species_overlap_v2 IBS arm	IBS vs control patient	s__GGB6612_SGB9346	-1.1484434323004975	0.7482983196322215	0.8324371259066579	323	151	False		474	down
Mars_2020_IBS	existing_ranked_mars_metaphlan4	Existing key_species_overlap_v2 IBS arm	IBS vs control patient	s__Bianquea_renquensis	-1.147499969407865	0.7467922406296799	0.8324371259066579	323	151	False		474	down
Mars_2020_IBS	existing_ranked_mars_metaphlan4	Existing key_species_overlap_v2 IBS arm	IBS vs control patient	s__Dysosmobacter_welbionis	0.3269561170008099	0.3622256410760747	0.526359134688671	323	151	False		474	up
Mars_2020_IBS	existing_ranked_mars_metaphlan4	Existing key_species_overlap_v2 IBS arm	IBS vs control patient	s__GGB9699_SGB15216	1.3202416324349977	0.7861566274715772	0.8561190439678767	323	151	False		474	up
Mars_2020_IBS	existing_ranked_mars_metaphlan4	Existing key_species_overlap_v2 IBS arm	IBS vs control patient	s__GGB9522_SGB14921	1.8320643821946616	0.8421824042423613	0.8961437482212768	323	151	False		474	up
Mars_2020_IBS	existing_ranked_mars_metaphlan4	Existing key_species_overlap_v2 IBS arm	IBS vs control patient	s__GGB9176_SGB14114	0.5309695492104335	0.5465450144917245	0.6868741398341943	323	151	False		474	up
Mars_2020_IBS	existing_ranked_mars_metaphlan4	Existing key_species_overlap_v2 IBS arm	IBS vs control patient	s__Clostridia_bacterium_UC5_1_1D1	0.8803041504636806	0.7020740387801232	0.7982015355324139	323	151	False		474	up
Mars_2020_IBS	existing_ranked_mars_metaphlan4	Existing key_species_overlap_v2 IBS arm	IBS vs control patient	s__Amedibacillus_dolichus	-0.8988050576296746	0.7095104294727854	0.8046886578166956	323	151	False		474	down
Mars_2020_IBS	existing_ranked_mars_metaphlan4	Existing key_species_overlap_v2 IBS arm	IBS vs control patient	s__Simiaoa_sunii	1.2967134601868535	0.7918582654168215	0.8603133023804251	323	151	False		474	up
Mars_2020_IBS	existing_ranked_mars_metaphlan4	Existing key_species_overlap_v2 IBS arm	IBS vs control patient	s__Paraprevotella_clara	0.602371884197861	0.6083144375841024	0.7271625025105595	323	151	False		474	up
Mars_2020_IBS	existing_ranked_mars_metaphlan4	Existing key_species_overlap_v2 IBS arm	IBS vs control patient	s__Phocaeicola_vulgatus	0.2519533277054714	0.5427929493133407	0.6840073751509578	323	151	True		474	up
Mars_2020_IBS	existing_ranked_mars_metaphlan4	Existing key_species_overlap_v2 IBS arm	IBS vs control patient	s__Clostridium_sp_AF12_28	0.5847922045788165	0.6037975248930176	0.7271625025105595	323	151	False		474	up
Mars_2020_IBS	existing_ranked_mars_metaphlan4	Existing key_species_overlap_v2 IBS arm	IBS vs control patient	s__Parabacteroides_merdae	0.3063020584555803	0.3843224378842141	0.5516877817752379	323	151	False		474	up
Mars_2020_IBS	existing_ranked_mars_metaphlan4	Existing key_species_overlap_v2 IBS arm	IBS vs control patient	s__Clostridiaceae_bacterium	0.1556833133319003	0.1816374540114624	0.3163348918177155	323	151	False		474	up
Mars_2020_IBS	existing_ranked_mars_metaphlan4	Existing key_species_overlap_v2 IBS arm	IBS vs control patient	s__GGB9602_SGB15031	-0.058605986927267	0.0152047518478311	0.0505014972088676	323	151	False		474	down
Mars_2020_IBS	existing_ranked_mars_metaphlan4	Existing key_species_overlap_v2 IBS arm	IBS vs control patient	s__Dorea_longicatena	0.0202345010023529	0.002772791607456	0.01386395803728	323	151	True		474	up
Mars_2020_IBS	existing_ranked_mars_metaphlan4	Existing key_species_overlap_v2 IBS arm	IBS vs control patient	s__GGB3548_SGB4744	0.4145138782377272	0.5091711198151638	0.6595113390363543	323	151	False		474	up
Mars_2020_IBS	existing_ranked_mars_metaphlan4	Existing key_species_overlap_v2 IBS arm	IBS vs control patient	s__GGB9759_SGB15370	0.5338968935703122	0.5949872473093507	0.724264581148817	323	151	False		474	up
Mars_2020_IBS	existing_ranked_mars_metaphlan4	Existing key_species_overlap_v2 IBS arm	IBS vs control patient	s__Lachnospiraceae_bacterium_AM48_27BH	2.4679608355636025	0.9088623264288186	0.9331353057916872	323	151	False		474	up
Mars_2020_IBS	existing_ranked_mars_metaphlan4	Existing key_species_overlap_v2 IBS arm	IBS vs control patient	s__Dorea_formicigenerans	0.2597550351198472	0.417486967224337	0.5812318555668164	323	151	True		474	up
Mars_2020_IBS	existing_ranked_mars_metaphlan4	Existing key_species_overlap_v2 IBS arm	IBS vs control patient	s__Clostridiaceae_unclassified_SGB15090	0.3995338253486845	0.5062082614685292	0.6575051440862181	323	151	False		474	up
Mars_2020_IBS	existing_ranked_mars_metaphlan4	Existing key_species_overlap_v2 IBS arm	IBS vs control patient	s__GGB9715_SGB15260	0.107239830980298	0.1013214536949698	0.2112185720500292	323	151	False		474	up
Mars_2020_IBS	existing_ranked_mars_metaphlan4	Existing key_species_overlap_v2 IBS arm	IBS vs control patient	s__Clostridium_sp_AM33_3	-0.5363500294168341	0.6247056310085978	0.7372794883730912	323	151	False		474	down
Mars_2020_IBS	existing_ranked_mars_metaphlan4	Existing key_species_overlap_v2 IBS arm	IBS vs control patient	s__Lachnospiraceae_bacterium	0.8500131813704049	0.7403616719632384	0.8295618734045925	323	151	False		474	up
Mars_2020_IBS	existing_ranked_mars_metaphlan4	Existing key_species_overlap_v2 IBS arm	IBS vs control patient	s__GGB9719_SGB15273	-1.3202794110573737	0.8278937199600203	0.8890775514582203	323	151	False		474	down
Mars_2020_IBS	existing_ranked_mars_metaphlan4	Existing key_species_overlap_v2 IBS arm	IBS vs control patient	s__GGB2848_SGB3813	1.950327904446664	0.8896256108026892	0.9240034672326216	323	151	False		474	up
Mars_2020_IBS	existing_ranked_mars_metaphlan4	Existing key_species_overlap_v2 IBS arm	IBS vs control patient	s__Roseburia_inulinivorans	0.1580099385705506	0.2347718527507187	0.3857558711275061	323	151	False		474	up
Mars_2020_IBS	existing_ranked_mars_metaphlan4	Existing key_species_overlap_v2 IBS arm	IBS vs control patient	s__Mediterraneibacter_faecis	0.072130554543401	0.1488305564812236	0.2735423271295217	323	151	True		474	up
Mars_2020_IBS	existing_ranked_mars_metaphlan4	Existing key_species_overlap_v2 IBS arm	IBS vs control patient	s__Roseburia_hominis	-0.2384570895148494	0.3975927382890191	0.56194718329603	323	151	False		474	down
Mars_2020_IBS	existing_ranked_mars_metaphlan4	Existing key_species_overlap_v2 IBS arm	IBS vs control patient	s__Hydrogenoanaerobacterium_saccharovorans	-0.0879420808869346	0.1011685920324103	0.2112185720500292	323	151	False		474	down
Mars_2020_IBS	existing_ranked_mars_metaphlan4	Existing key_species_overlap_v2 IBS arm	IBS vs control patient	s__Bacteroides_cutis	-1.2966937317859184	0.8542501209376524	0.9027870596272918	323	151	False		474	down
Mars_2020_IBS	existing_ranked_mars_metaphlan4	Existing key_species_overlap_v2 IBS arm	IBS vs control patient	s__GGB9760_SGB15374	1.1090269447223562	0.8352357955851604	0.8928382642462059	323	151	False		474	up
Mars_2020_IBS	existing_ranked_mars_metaphlan4	Existing key_species_overlap_v2 IBS arm	IBS vs control patient	s__GGB36267_SGB14177	1.518037456893112	0.8941969037735049	0.9240034672326216	323	151	False		474	up
Mars_2020_IBS	existing_ranked_mars_metaphlan4	Existing key_species_overlap_v2 IBS arm	IBS vs control patient	s__GGB3001_SGB3992	1.4992359583278174	0.8935063146591666	0.9240034672326216	323	151	False		474	up
Mars_2020_IBS	existing_ranked_mars_metaphlan4	Existing key_species_overlap_v2 IBS arm	IBS vs control patient	s__Bacteroides_xylanisolvens	0.1497105285512157	0.3610317261454426	0.5262688171085605	323	151	True		474	up
Mars_2020_IBS	existing_ranked_mars_metaphlan4	Existing key_species_overlap_v2 IBS arm	IBS vs control patient	s__Lacrimispora_amygdalina	0.9387333349580012	0.8305458220383277	0.889870523612494	323	151	False		474	up
Mars_2020_IBS	existing_ranked_mars_metaphlan4	Existing key_species_overlap_v2 IBS arm	IBS vs control patient	s__Butyricimonas_faecihominis	2.129071532144496	0.9419576075579296	0.950953608998546	323	151	False		474	up
Mars_2020_IBS	existing_ranked_mars_metaphlan4	Existing key_species_overlap_v2 IBS arm	IBS vs control patient	s__GGB9184_SGB14123	0.6097533696744935	0.7593652849670168	0.8407022882060565	323	151	False		474	up
Mars_2020_IBS	existing_ranked_mars_metaphlan4	Existing key_species_overlap_v2 IBS arm	IBS vs control patient	s__GGB9739_SGB15313	1.3703078487881133	0.8988254970841587	0.9267269537563942	323	151	False		474	up
Mars_2020_IBS	existing_ranked_mars_metaphlan4	Existing key_species_overlap_v2 IBS arm	IBS vs control patient	s__GGB9765_SGB15382	0.922035233424238	0.8408011217910423	0.8961437482212768	323	151	False		474	up
Mars_2020_IBS	existing_ranked_mars_metaphlan4	Existing key_species_overlap_v2 IBS arm	IBS vs control patient	s__GGB3109_SGB4121	0.5702281893118066	0.7586883882636886	0.8407022882060565	323	151	False		474	up
Mars_2020_IBS	existing_ranked_mars_metaphlan4	Existing key_species_overlap_v2 IBS arm	IBS vs control patient	s__Parabacteroides_distasonis	-0.2154631431530373	0.4734532210940443	0.6362882884645393	323	151	False		474	down
Mars_2020_IBS	existing_ranked_mars_metaphlan4	Existing key_species_overlap_v2 IBS arm	IBS vs control patient	s__GGB3653_SGB4964	0.5258452645151014	0.7468085807463731	0.8324371259066579	323	151	False		474	up
Mars_2020_IBS	existing_ranked_mars_metaphlan4	Existing key_species_overlap_v2 IBS arm	IBS vs control patient	s__Faecalibacillus_intestinalis	0.6033346027116631	0.7833310133372626	0.8550444159667303	323	151	False		474	up
Mars_2020_IBS	existing_ranked_mars_metaphlan4	Existing key_species_overlap_v2 IBS arm	IBS vs control patient	s__Phascolarctobacterium_faecium	0.2894962409778659	0.6244949050832562	0.7372794883730912	323	151	False		474	up
Mars_2020_IBS	existing_ranked_mars_metaphlan4	Existing key_species_overlap_v2 IBS arm	IBS vs control patient	s__Blautia_hansenii	0.8503439781348798	0.8582579977281819	0.9049659159718924	323	151	False		474	up
Mars_2020_IBS	existing_ranked_mars_metaphlan4	Existing key_species_overlap_v2 IBS arm	IBS vs control patient	s__GGB9239_SGB14181	0.5174451932629407	0.7824960204281486	0.8550444159667303	323	151	False		474	up
Mars_2020_IBS	existing_ranked_mars_metaphlan4	Existing key_species_overlap_v2 IBS arm	IBS vs control patient	s__Desulfovibrio_piger	0.3830992732385694	0.7188779684502158	0.8110099160240828	323	151	False		474	up
Mars_2020_IBS	existing_ranked_mars_metaphlan4	Existing key_species_overlap_v2 IBS arm	IBS vs control patient	s__Blautia_obeum	0.1779617475544501	0.4981257746877058	0.6506418124432112	323	151	False		474	up
Mars_2020_IBS	existing_ranked_mars_metaphlan4	Existing key_species_overlap_v2 IBS arm	IBS vs control patient	s__Frisingicoccus_SGB4674	0.3159551229949056	0.6869432847958088	0.7864568914955432	323	151	False		474	up
Mars_2020_IBS	existing_ranked_mars_metaphlan4	Existing key_species_overlap_v2 IBS arm	IBS vs control patient	s__bacterium_210917_DFI_7_65	-0.2212080458667411	0.5837716784818419	0.7143521855106749	323	151	False		474	down
Mars_2020_IBS	existing_ranked_mars_metaphlan4	Existing key_species_overlap_v2 IBS arm	IBS vs control patient	s__GGB9641_SGB15117	0.8719179742405568	0.8813825435039194	0.920637552708088	323	151	False		474	up
Mars_2020_IBS	existing_ranked_mars_metaphlan4	Existing key_species_overlap_v2 IBS arm	IBS vs control patient	s__GGB9524_SGB14924	0.1560809935696057	0.4664388436498572	0.6323442049480572	323	151	False		474	up
Mars_2020_IBS	existing_ranked_mars_metaphlan4	Existing key_species_overlap_v2 IBS arm	IBS vs control patient	s__Anaerostipes_hadrus	0.360952833368087	0.8031794617557372	0.8696238470923326	323	151	True		474	up
Mars_2020_IBS	existing_ranked_mars_metaphlan4	Existing key_species_overlap_v2 IBS arm	IBS vs control patient	s__GGB32900_SGB53446	0.2722061650641673	0.6710214033297894	0.7742554653805263	323	151	False		474	up
Mars_2020_IBS	existing_ranked_mars_metaphlan4	Existing key_species_overlap_v2 IBS arm	IBS vs control patient	s__GGB9627_SGB15081	0.4100484934618479	0.7688943284888786	0.8452384462111786	323	151	False		474	up
Mars_2020_IBS	existing_ranked_mars_metaphlan4	Existing key_species_overlap_v2 IBS arm	IBS vs control patient	s__Faecalimonas_umbilicata	-0.476069113435057	0.8117320725861296	0.873739383686459	323	151	False		474	down
Mars_2020_IBS	existing_ranked_mars_metaphlan4	Existing key_species_overlap_v2 IBS arm	IBS vs control patient	s__Bifidobacterium_longum	-0.10833016727569	0.6327115665372784	0.7448376669362897	323	151	True		474	down
Mars_2020_IBS	existing_ranked_mars_metaphlan4	Existing key_species_overlap_v2 IBS arm	IBS vs control patient	s__GGB9715_SGB15267	0.0823968508732352	0.2999432615606837	0.4628345396650005	323	151	False		474	up
Mars_2020_IBS	existing_ranked_mars_metaphlan4	Existing key_species_overlap_v2 IBS arm	IBS vs control patient	s__GGB9524_SGB14923	-0.1224429005983541	0.4329453454831946	0.5956200758866436	323	151	False		474	down
Mars_2020_IBS	existing_ranked_mars_metaphlan4	Existing key_species_overlap_v2 IBS arm	IBS vs control patient	s__GGB42389_SGB59559	0.0401775625033771	0.1046667304452003	0.2153541135266291	323	151	False		474	up
Mars_2020_IBS	existing_ranked_mars_metaphlan4	Existing key_species_overlap_v2 IBS arm	IBS vs control patient	s__Enterocloster_lavalensis	-0.7321259616413944	0.883020104317865	0.920637552708088	323	151	False		474	down
Mars_2020_IBS	existing_ranked_mars_metaphlan4	Existing key_species_overlap_v2 IBS arm	IBS vs control patient	s__Candidatus_Cibionibacter_quicibialis	-0.0252269379929325	0.0577818951348867	0.1414135854616964	323	151	True		474	down
Mars_2020_IBS	existing_ranked_mars_metaphlan4	Existing key_species_overlap_v2 IBS arm	IBS vs control patient	s__GGB6613_SGB9347	0.1557474257029291	0.5544921267886369	0.6912569409027244	323	151	False		474	up
Mars_2020_IBS	existing_ranked_mars_metaphlan4	Existing key_species_overlap_v2 IBS arm	IBS vs control patient	s__GGB4567_SGB6308	0.1455739953156711	0.5394310806780256	0.6816180774871791	323	151	False		474	up
Mars_2020_IBS	existing_ranked_mars_metaphlan4	Existing key_species_overlap_v2 IBS arm	IBS vs control patient	s__Clostridiaceae_bacterium_Marseille_Q4149	0.7690749557036376	0.9129944614465688	0.9331353057916872	323	151	False		474	up
Mars_2020_IBS	existing_ranked_mars_metaphlan4	Existing key_species_overlap_v2 IBS arm	IBS vs control patient	s__Anaerotignum_lactatifermentans	-0.8462412899956023	0.9214679111254336	0.9392513052325712	323	151	False		474	down
Mars_2020_IBS	existing_ranked_mars_metaphlan4	Existing key_species_overlap_v2 IBS arm	IBS vs control patient	s__Coprobacter_fastidiosus	-0.0831866693778457	0.3790169426381451	0.5490432346627335	323	151	False		474	down
Mars_2020_IBS	existing_ranked_mars_metaphlan4	Existing key_species_overlap_v2 IBS arm	IBS vs control patient	s__GGB9690_SGB15196	-0.1440699950673118	0.5857585976357755	0.7149022254609858	323	151	False		474	down
Mars_2020_IBS	existing_ranked_mars_metaphlan4	Existing key_species_overlap_v2 IBS arm	IBS vs control patient	s__Bifidobacterium_pseudocatenulatum	-0.2713546691335018	0.7625666534698214	0.8407022882060565	323	151	False		474	down
Mars_2020_IBS	existing_ranked_mars_metaphlan4	Existing key_species_overlap_v2 IBS arm	IBS vs control patient	s__Clostridium_SGB6173	0.2678940478199828	0.7629599260708728	0.8407022882060565	323	151	False		474	up
Mars_2020_IBS	existing_ranked_mars_metaphlan4	Existing key_species_overlap_v2 IBS arm	IBS vs control patient	s__Roseburia_intestinalis	0.919874499696302	0.9427733628996336	0.950953608998546	323	151	False		474	up
Mars_2020_IBS	existing_ranked_mars_metaphlan4	Existing key_species_overlap_v2 IBS arm	IBS vs control patient	s__GGB9547_SGB14954	0.7363760341950264	0.9230921429920108	0.9392513052325712	323	151	False		474	up
Mars_2020_IBS	existing_ranked_mars_metaphlan4	Existing key_species_overlap_v2 IBS arm	IBS vs control patient	s__Bacteroides_finegoldii	0.0470546304719212	0.309302307881289	0.4684872090058611	323	151	True		474	up
Mars_2020_IBS	existing_ranked_mars_metaphlan4	Existing key_species_overlap_v2 IBS arm	IBS vs control patient	s__Bacteroides_uniformis	0.0777828457058465	0.6112807510463727	0.7288347416322136	323	151	True		474	up
Mars_2020_IBS	existing_ranked_mars_metaphlan4	Existing key_species_overlap_v2 IBS arm	IBS vs control patient	s__Adlercreutzia_equolifaciens	-0.7557562266207218	0.9374810996792026	0.94973575457697	323	151	False		474	down
Mars_2020_IBS	existing_ranked_mars_metaphlan4	Existing key_species_overlap_v2 IBS arm	IBS vs control patient	s__GGB3730_SGB5060	0.4576170108591934	0.8771028642569735	0.9185874591880464	323	151	False		474	up
Mars_2020_IBS	existing_ranked_mars_metaphlan4	Existing key_species_overlap_v2 IBS arm	IBS vs control patient	s__Alistipes_indistinctus	-0.3703973598156307	0.8535787385476536	0.9027870596272918	323	151	False		474	down
Mars_2020_IBS	existing_ranked_mars_metaphlan4	Existing key_species_overlap_v2 IBS arm	IBS vs control patient	s__Parasutterella_SGB9260	0.4671773010384676	0.8917425976761272	0.9240034672326216	323	151	False		474	up
Mars_2020_IBS	existing_ranked_mars_metaphlan4	Existing key_species_overlap_v2 IBS arm	IBS vs control patient	s__Dialister_invisus	-0.0937312520223358	0.6049788451223403	0.7271625025105595	323	151	True		474	down
Mars_2020_IBS	existing_ranked_mars_metaphlan4	Existing key_species_overlap_v2 IBS arm	IBS vs control patient	s__Faecalitalea_cylindroides	-0.1323358193426964	0.6581241134826683	0.7631613784774084	323	151	False		474	down
Mars_2020_IBS	existing_ranked_mars_metaphlan4	Existing key_species_overlap_v2 IBS arm	IBS vs control patient	s__GGB3637_SGB4930	0.0331442181298025	0.2075092142030482	0.3483457927957308	323	151	False		474	up
Mars_2020_IBS	existing_ranked_mars_metaphlan4	Existing key_species_overlap_v2 IBS arm	IBS vs control patient	s__GGB9621_SGB15073	0.5002667994947753	0.9130678798606832	0.9331353057916872	323	151	False		474	up
Mars_2020_IBS	existing_ranked_mars_metaphlan4	Existing key_species_overlap_v2 IBS arm	IBS vs control patient	s__GGB51647_SGB4348	0.3084878014019439	0.8471561651849564	0.8993781205730701	323	151	False		474	up
Mars_2020_IBS	existing_ranked_mars_metaphlan4	Existing key_species_overlap_v2 IBS arm	IBS vs control patient	s__Erysipelatoclostridium_ramosum	-0.113607785777191	0.6616303109771227	0.7653186432944329	323	151	False		474	down
Mars_2020_IBS	existing_ranked_mars_metaphlan4	Existing key_species_overlap_v2 IBS arm	IBS vs control patient	s__Cuneatibacter_sp_NSJ_177	-0.0247849353196317	0.2019761556798019	0.341523317785847	323	151	False		474	down
Mars_2020_IBS	existing_ranked_mars_metaphlan4	Existing key_species_overlap_v2 IBS arm	IBS vs control patient	s__Eubacterium_rectale	0.1338550870185683	0.8607938190999673	0.905586257650418	323	151	True		474	up
Mars_2020_IBS	existing_ranked_mars_metaphlan4	Existing key_species_overlap_v2 IBS arm	IBS vs control patient	s__GGB9667_SGB15164	0.6792443890165784	0.9635201218556284	0.969776746023522	323	151	False		474	up
Mars_2020_IBS	existing_ranked_mars_metaphlan4	Existing key_species_overlap_v2 IBS arm	IBS vs control patient	s__GGB9365_SGB14341	0.2270506607562849	0.8700452073423285	0.9132528700094418	323	151	False		474	up
Mars_2020_IBS	existing_ranked_mars_metaphlan4	Existing key_species_overlap_v2 IBS arm	IBS vs control patient	s__GGB3278_SGB4328	-0.1358676329601965	0.8081899067671279	0.8719450270225394	323	151	False		474	down
Mars_2020_IBS	existing_ranked_mars_metaphlan4	Existing key_species_overlap_v2 IBS arm	IBS vs control patient	s__Coprococcus_comes	0.0397768996944354	0.4761128243629881	0.6380186263077506	323	151	False		474	up
Mars_2020_IBS	existing_ranked_mars_metaphlan4	Existing key_species_overlap_v2 IBS arm	IBS vs control patient	s__Anaeromassilibacillus_senegalensis	0.9732654305473092	0.9777818359159028	0.9820055155526888	323	151	False		474	up
Mars_2020_IBS	existing_ranked_mars_metaphlan4	Existing key_species_overlap_v2 IBS arm	IBS vs control patient	s__GGB4239_SGB5731	0.0400546984430342	0.6977646404416049	0.7952464652091821	323	151	False		474	up
Mars_2020_IBS	existing_ranked_mars_metaphlan4	Existing key_species_overlap_v2 IBS arm	IBS vs control patient	s__Butyricimonas_virosa	0.0196749824020006	0.4896544421583286	0.6489105771421605	323	151	False		474	up
Mars_2020_IBS	existing_ranked_mars_metaphlan4	Existing key_species_overlap_v2 IBS arm	IBS vs control patient	s__GGB9635_SGB15103	0.578039293925229	0.992973146283202	0.992973146283202	323	151	False		474	up
Mars_2020_IBS	existing_ranked_mars_metaphlan4	Existing key_species_overlap_v2 IBS arm	IBS vs control patient	s__GGB3486_SGB4658	0.1986506432325936	0.9803265491460031	0.9824393218812316	323	151	False		474	up
Mars_2020_IBS	existing_ranked_mars_metaphlan4	Existing key_species_overlap_v2 IBS arm	IBS vs control patient	s__Blautia_wexlerae	0.0223128637946902	0.9346070747956804	0.948891462401728	323	151	True		474	up
Goll_2020_FMT_IBS	local_mannwhitney_metaphlan4	Goll et al. Gut Microbes 2020; DOI 10.1080/19490976.2020.1794263; local MetaPhlAn4 re-analysis	IBS baseline recipients vs healthy donor stool	s__Bacteroides_congonensis	-17.479436165633537	3.310514865861128e-11	6.378258641559105e-09	31	17	True	Goll_2020_FMT_IBS_baseline_vs_donor.standardized.tsv	48	down
Goll_2020_FMT_IBS	local_mannwhitney_metaphlan4	Goll et al. Gut Microbes 2020; DOI 10.1080/19490976.2020.1794263; local MetaPhlAn4 re-analysis	IBS baseline recipients vs healthy donor stool	s__Bacteroides_mediterraneensis	-22.44814275136175	3.310514865861128e-11	6.378258641559105e-09	31	17	True	Goll_2020_FMT_IBS_baseline_vs_donor.standardized.tsv	48	down
Goll_2020_FMT_IBS	local_mannwhitney_metaphlan4	Goll et al. Gut Microbes 2020; DOI 10.1080/19490976.2020.1794263; local MetaPhlAn4 re-analysis	IBS baseline recipients vs healthy donor stool	s__Paraprevotella_xylaniphila	-20.53864704973272	3.310514865861128e-11	6.378258641559105e-09	31	17	True	Goll_2020_FMT_IBS_baseline_vs_donor.standardized.tsv	48	down
Goll_2020_FMT_IBS	local_mannwhitney_metaphlan4	Goll et al. Gut Microbes 2020; DOI 10.1080/19490976.2020.1794263; local MetaPhlAn4 re-analysis	IBS baseline recipients vs healthy donor stool	s__Phocaeicola_coprocola	-5.568031845971512	7.392252973184198e-10	1.0681805546251169e-07	31	17	True	Goll_2020_FMT_IBS_baseline_vs_donor.standardized.tsv	48	down
Goll_2020_FMT_IBS	local_mannwhitney_metaphlan4	Goll et al. Gut Microbes 2020; DOI 10.1080/19490976.2020.1794263; local MetaPhlAn4 re-analysis	IBS baseline recipients vs healthy donor stool	s__Oscillospiraceae_unclassified_SGB15253	-7.272199052916195	4.6740244194411686e-09	5.403172228873991e-07	31	17	True	Goll_2020_FMT_IBS_baseline_vs_donor.standardized.tsv	48	down
Goll_2020_FMT_IBS	local_mannwhitney_metaphlan4	Goll et al. Gut Microbes 2020; DOI 10.1080/19490976.2020.1794263; local MetaPhlAn4 re-analysis	IBS baseline recipients vs healthy donor stool	s__Colidextribacter_sp_210702_DFI_3_9	-6.916719897040067	1.5796864129482646e-08	1.273305462633164e-06	31	17	True	Goll_2020_FMT_IBS_baseline_vs_donor.standardized.tsv	48	down
Goll_2020_FMT_IBS	local_mannwhitney_metaphlan4	Goll et al. Gut Microbes 2020; DOI 10.1080/19490976.2020.1794263; local MetaPhlAn4 re-analysis	IBS baseline recipients vs healthy donor stool	s__Bacteroides_faecis	-3.2427368348290933	1.7623605019144142e-08	1.273305462633164e-06	31	17	True	Goll_2020_FMT_IBS_baseline_vs_donor.standardized.tsv	48	down
Goll_2020_FMT_IBS	local_mannwhitney_metaphlan4	Goll et al. Gut Microbes 2020; DOI 10.1080/19490976.2020.1794263; local MetaPhlAn4 re-analysis	IBS baseline recipients vs healthy donor stool	s__Butyricimonas_faecalis	-3.0879620164568187	1.7623605019144142e-08	1.273305462633164e-06	31	17	True	Goll_2020_FMT_IBS_baseline_vs_donor.standardized.tsv	48	down
Goll_2020_FMT_IBS	local_mannwhitney_metaphlan4	Goll et al. Gut Microbes 2020; DOI 10.1080/19490976.2020.1794263; local MetaPhlAn4 re-analysis	IBS baseline recipients vs healthy donor stool	s__Phocaeicola_massiliensis	-3.4415136313771924	4.1515141840777695e-08	2.6661946648855006e-06	31	17	True	Goll_2020_FMT_IBS_baseline_vs_donor.standardized.tsv	48	down
Goll_2020_FMT_IBS	local_mannwhitney_metaphlan4	Goll et al. Gut Microbes 2020; DOI 10.1080/19490976.2020.1794263; local MetaPhlAn4 re-analysis	IBS baseline recipients vs healthy donor stool	s__Bacteroides_nordii	-3.822907423777496	6.796389045383153e-08	3.928312868231462e-06	31	17	True	Goll_2020_FMT_IBS_baseline_vs_donor.standardized.tsv	48	down
Goll_2020_FMT_IBS	local_mannwhitney_metaphlan4	Goll et al. Gut Microbes 2020; DOI 10.1080/19490976.2020.1794263; local MetaPhlAn4 re-analysis	IBS baseline recipients vs healthy donor stool	s__Veillonella_parvula	-3.080397365550087	7.735105439378988e-08	4.064446312691867e-06	31	17	True	Goll_2020_FMT_IBS_baseline_vs_donor.standardized.tsv	48	down
Goll_2020_FMT_IBS	local_mannwhitney_metaphlan4	Goll et al. Gut Microbes 2020; DOI 10.1080/19490976.2020.1794263; local MetaPhlAn4 re-analysis	IBS baseline recipients vs healthy donor stool	s__Alistipes_montrealensis	-16.70135182625577	6.449614863521471e-07	2.8675979931657004e-05	31	17	True	Goll_2020_FMT_IBS_baseline_vs_donor.standardized.tsv	48	down
Goll_2020_FMT_IBS	local_mannwhitney_metaphlan4	Goll et al. Gut Microbes 2020; DOI 10.1080/19490976.2020.1794263; local MetaPhlAn4 re-analysis	IBS baseline recipients vs healthy donor stool	s__Bacteroides_acidifaciens	-15.123700636312874	6.449614863521471e-07	2.8675979931657004e-05	31	17	True	Goll_2020_FMT_IBS_baseline_vs_donor.standardized.tsv	48	down
Goll_2020_FMT_IBS	local_mannwhitney_metaphlan4	Goll et al. Gut Microbes 2020; DOI 10.1080/19490976.2020.1794263; local MetaPhlAn4 re-analysis	IBS baseline recipients vs healthy donor stool	s__Veillonella_rogosae	-4.24942338073244	1.6078886451564187e-06	6.333387256385843e-05	31	17	True	Goll_2020_FMT_IBS_baseline_vs_donor.standardized.tsv	48	down
Goll_2020_FMT_IBS	local_mannwhitney_metaphlan4	Goll et al. Gut Microbes 2020; DOI 10.1080/19490976.2020.1794263; local MetaPhlAn4 re-analysis	IBS baseline recipients vs healthy donor stool	s__Bacteroides_ovatus	-2.121952517396797	1.6436126097887136e-06	6.333387256385843e-05	31	17	True	Goll_2020_FMT_IBS_baseline_vs_donor.standardized.tsv	48	down
Goll_2020_FMT_IBS	local_mannwhitney_metaphlan4	Goll et al. Gut Microbes 2020; DOI 10.1080/19490976.2020.1794263; local MetaPhlAn4 re-analysis	IBS baseline recipients vs healthy donor stool	s__GGB9619_SGB15067	-3.6011581051774786	3.676817412839817e-06	0.0001328250290388	31	17	True	Goll_2020_FMT_IBS_baseline_vs_donor.standardized.tsv	48	down
Goll_2020_FMT_IBS	local_mannwhitney_metaphlan4	Goll et al. Gut Microbes 2020; DOI 10.1080/19490976.2020.1794263; local MetaPhlAn4 re-analysis	IBS baseline recipients vs healthy donor stool	s__Blautia_faecis	4.640758332962214	4.535330016066695e-06	0.0001441994056728	31	17	True	Goll_2020_FMT_IBS_baseline_vs_donor.standardized.tsv	48	up
Goll_2020_FMT_IBS	local_mannwhitney_metaphlan4	Goll et al. Gut Microbes 2020; DOI 10.1080/19490976.2020.1794263; local MetaPhlAn4 re-analysis	IBS baseline recipients vs healthy donor stool	s__Bilophila_wadsworthia	-2.1827667591993167	4.82279792121785e-06	0.0001441994056728	31	17	True	Goll_2020_FMT_IBS_baseline_vs_donor.standardized.tsv	48	down
Goll_2020_FMT_IBS	local_mannwhitney_metaphlan4	Goll et al. Gut Microbes 2020; DOI 10.1080/19490976.2020.1794263; local MetaPhlAn4 re-analysis	IBS baseline recipients vs healthy donor stool	s__GGB9614_SGB15049	-2.605906305164576	5.462629444112217e-06	0.0001441994056728	31	17	True	Goll_2020_FMT_IBS_baseline_vs_donor.standardized.tsv	48	down
Goll_2020_FMT_IBS	local_mannwhitney_metaphlan4	Goll et al. Gut Microbes 2020; DOI 10.1080/19490976.2020.1794263; local MetaPhlAn4 re-analysis	IBS baseline recipients vs healthy donor stool	s__Anaerobutyricum_hallii	4.18490878150474	5.618519371182051e-06	0.0001441994056728	31	17	True	Goll_2020_FMT_IBS_baseline_vs_donor.standardized.tsv	48	up
Goll_2020_FMT_IBS	local_mannwhitney_metaphlan4	Goll et al. Gut Microbes 2020; DOI 10.1080/19490976.2020.1794263; local MetaPhlAn4 re-analysis	IBS baseline recipients vs healthy donor stool	s__Adlercreutzia_equolifaciens	15.512241658473243	5.738038634041091e-06	0.0001441994056728	31	17	True	Goll_2020_FMT_IBS_baseline_vs_donor.standardized.tsv	48	up
Goll_2020_FMT_IBS	local_mannwhitney_metaphlan4	Goll et al. Gut Microbes 2020; DOI 10.1080/19490976.2020.1794263; local MetaPhlAn4 re-analysis	IBS baseline recipients vs healthy donor stool	s__Akkermansia_muciniphila	21.921832388453307	5.738038634041091e-06	0.0001441994056728	31	17	True	Goll_2020_FMT_IBS_baseline_vs_donor.standardized.tsv	48	up
Goll_2020_FMT_IBS	local_mannwhitney_metaphlan4	Goll et al. Gut Microbes 2020; DOI 10.1080/19490976.2020.1794263; local MetaPhlAn4 re-analysis	IBS baseline recipients vs healthy donor stool	s__Alistipes_finegoldii	19.61888136012189	5.738038634041091e-06	0.0001441994056728	31	17	True	Goll_2020_FMT_IBS_baseline_vs_donor.standardized.tsv	48	up
Goll_2020_FMT_IBS	local_mannwhitney_metaphlan4	Goll et al. Gut Microbes 2020; DOI 10.1080/19490976.2020.1794263; local MetaPhlAn4 re-analysis	IBS baseline recipients vs healthy donor stool	s__Parabacteroides_merdae	-2.074231583805414	6.456592243098703e-06	0.0001554962631879	31	17	True	Goll_2020_FMT_IBS_baseline_vs_donor.standardized.tsv	48	down
Goll_2020_FMT_IBS	local_mannwhitney_metaphlan4	Goll et al. Gut Microbes 2020; DOI 10.1080/19490976.2020.1794263; local MetaPhlAn4 re-analysis	IBS baseline recipients vs healthy donor stool	s__Coprococcus_catus	4.312132309927439	7.267886511677186e-06	0.0001680335361499	31	17	True	Goll_2020_FMT_IBS_baseline_vs_donor.standardized.tsv	48	up
Goll_2020_FMT_IBS	local_mannwhitney_metaphlan4	Goll et al. Gut Microbes 2020; DOI 10.1080/19490976.2020.1794263; local MetaPhlAn4 re-analysis	IBS baseline recipients vs healthy donor stool	s__Blautia_glucerasea	6.769987298044926	7.649203509309958e-06	0.0001700476780146	31	17	True	Goll_2020_FMT_IBS_baseline_vs_donor.standardized.tsv	48	up
Goll_2020_FMT_IBS	local_mannwhitney_metaphlan4	Goll et al. Gut Microbes 2020; DOI 10.1080/19490976.2020.1794263; local MetaPhlAn4 re-analysis	IBS baseline recipients vs healthy donor stool	s__Eubacterium_sp_AF34_35BH	-4.052935599951617	1.241713629809712e-05	0.0002658186955666	31	17	True	Goll_2020_FMT_IBS_baseline_vs_donor.standardized.tsv	48	down
Goll_2020_FMT_IBS	local_mannwhitney_metaphlan4	Goll et al. Gut Microbes 2020; DOI 10.1080/19490976.2020.1794263; local MetaPhlAn4 re-analysis	IBS baseline recipients vs healthy donor stool	s__Gemmiger_SGB15295	-4.068206965534465	1.3480323752630304e-05	0.000278272397465	31	17	True	Goll_2020_FMT_IBS_baseline_vs_donor.standardized.tsv	48	down
Goll_2020_FMT_IBS	local_mannwhitney_metaphlan4	Goll et al. Gut Microbes 2020; DOI 10.1080/19490976.2020.1794263; local MetaPhlAn4 re-analysis	IBS baseline recipients vs healthy donor stool	s__Eubacterium_ventriosum	-2.391621265252583	1.792896154276283e-05	0.0003573427507488	31	17	True	Goll_2020_FMT_IBS_baseline_vs_donor.standardized.tsv	48	down
Goll_2020_FMT_IBS	local_mannwhitney_metaphlan4	Goll et al. Gut Microbes 2020; DOI 10.1080/19490976.2020.1794263; local MetaPhlAn4 re-analysis	IBS baseline recipients vs healthy donor stool	s__GGB51959_SGB72479	-3.3373548673287567	2.215583361098734e-05	0.0004130990911984	31	17	True	Goll_2020_FMT_IBS_baseline_vs_donor.standardized.tsv	48	down
Goll_2020_FMT_IBS	local_mannwhitney_metaphlan4	Goll et al. Gut Microbes 2020; DOI 10.1080/19490976.2020.1794263; local MetaPhlAn4 re-analysis	IBS baseline recipients vs healthy donor stool	s__Haemophilus_parainfluenzae	-3.339461388168551	2.215583361098734e-05	0.0004130990911984	31	17	True	Goll_2020_FMT_IBS_baseline_vs_donor.standardized.tsv	48	down
Goll_2020_FMT_IBS	local_mannwhitney_metaphlan4	Goll et al. Gut Microbes 2020; DOI 10.1080/19490976.2020.1794263; local MetaPhlAn4 re-analysis	IBS baseline recipients vs healthy donor stool	s__Eubacterium_siraeum	19.203727506938154	2.318640991223145e-05	0.0004188045290396	31	17	True	Goll_2020_FMT_IBS_baseline_vs_donor.standardized.tsv	48	up
Goll_2020_FMT_IBS	local_mannwhitney_metaphlan4	Goll et al. Gut Microbes 2020; DOI 10.1080/19490976.2020.1794263; local MetaPhlAn4 re-analysis	IBS baseline recipients vs healthy donor stool	s__Clostridium_sp_AF20_17LB	-1.0656932801469536	2.576505323711055e-05	0.0004512788112439	31	17	True	Goll_2020_FMT_IBS_baseline_vs_donor.standardized.tsv	48	down
Goll_2020_FMT_IBS	local_mannwhitney_metaphlan4	Goll et al. Gut Microbes 2020; DOI 10.1080/19490976.2020.1794263; local MetaPhlAn4 re-analysis	IBS baseline recipients vs healthy donor stool	s__Coprococcus_comes	4.648756310310267	2.793840960135838e-05	0.000474952963223	31	17	True	Goll_2020_FMT_IBS_baseline_vs_donor.standardized.tsv	48	up
Goll_2020_FMT_IBS	local_mannwhitney_metaphlan4	Goll et al. Gut Microbes 2020; DOI 10.1080/19490976.2020.1794263; local MetaPhlAn4 re-analysis	IBS baseline recipients vs healthy donor stool	s__GGB3653_SGB4964	7.905596563087551	2.995027323059434e-05	0.0004946073693509	31	17	True	Goll_2020_FMT_IBS_baseline_vs_donor.standardized.tsv	48	up
Goll_2020_FMT_IBS	local_mannwhitney_metaphlan4	Goll et al. Gut Microbes 2020; DOI 10.1080/19490976.2020.1794263; local MetaPhlAn4 re-analysis	IBS baseline recipients vs healthy donor stool	s__GGB3277_SGB4327	-1.6909876099602472	3.525403998952909e-05	0.0005660231976096	31	17	True	Goll_2020_FMT_IBS_baseline_vs_donor.standardized.tsv	48	down
Goll_2020_FMT_IBS	local_mannwhitney_metaphlan4	Goll et al. Gut Microbes 2020; DOI 10.1080/19490976.2020.1794263; local MetaPhlAn4 re-analysis	IBS baseline recipients vs healthy donor stool	s__Clostridium_sp_AF32_12BH	-10.773478619417086	4.111392347008216e-05	0.0006422661558299	31	17	True	Goll_2020_FMT_IBS_baseline_vs_donor.standardized.tsv	48	down
Goll_2020_FMT_IBS	local_mannwhitney_metaphlan4	Goll et al. Gut Microbes 2020; DOI 10.1080/19490976.2020.1794263; local MetaPhlAn4 re-analysis	IBS baseline recipients vs healthy donor stool	s__Evtepia_gabavorous	15.233393773652791	4.485668454294636e-05	0.0006713481056094	31	17	True	Goll_2020_FMT_IBS_baseline_vs_donor.standardized.tsv	48	up
Goll_2020_FMT_IBS	local_mannwhitney_metaphlan4	Goll et al. Gut Microbes 2020; DOI 10.1080/19490976.2020.1794263; local MetaPhlAn4 re-analysis	IBS baseline recipients vs healthy donor stool	s__Alistipes_sp_AF17_16	-0.6389137760506688	4.529857459994513e-05	0.0006713481056094	31	17	True	Goll_2020_FMT_IBS_baseline_vs_donor.standardized.tsv	48	down
Goll_2020_FMT_IBS	local_mannwhitney_metaphlan4	Goll et al. Gut Microbes 2020; DOI 10.1080/19490976.2020.1794263; local MetaPhlAn4 re-analysis	IBS baseline recipients vs healthy donor stool	s__Alistipes_shahii	-1.8216067161110487	5.489417503172344e-05	0.0007752227208828	31	17	True	Goll_2020_FMT_IBS_baseline_vs_donor.standardized.tsv	48	down
Goll_2020_FMT_IBS	local_mannwhitney_metaphlan4	Goll et al. Gut Microbes 2020; DOI 10.1080/19490976.2020.1794263; local MetaPhlAn4 re-analysis	IBS baseline recipients vs healthy donor stool	s__Dysosmobacter_welbionis	-1.7732202408394155	5.49898469830365e-05	0.0007752227208828	31	17	True	Goll_2020_FMT_IBS_baseline_vs_donor.standardized.tsv	48	down
Goll_2020_FMT_IBS	local_mannwhitney_metaphlan4	Goll et al. Gut Microbes 2020; DOI 10.1080/19490976.2020.1794263; local MetaPhlAn4 re-analysis	IBS baseline recipients vs healthy donor stool	s__Clostridiaceae_bacterium_CLA_AA_H274	-1.5058301011341693	7.292814224660357e-05	0.0010036301480604	31	17	True	Goll_2020_FMT_IBS_baseline_vs_donor.standardized.tsv	48	down
Goll_2020_FMT_IBS	local_mannwhitney_metaphlan4	Goll et al. Gut Microbes 2020; DOI 10.1080/19490976.2020.1794263; local MetaPhlAn4 re-analysis	IBS baseline recipients vs healthy donor stool	s__Veillonella_dispar	-1.9363413375142169	8.187119527674661e-05	0.0010880120619429	31	17	True	Goll_2020_FMT_IBS_baseline_vs_donor.standardized.tsv	48	down
Goll_2020_FMT_IBS	local_mannwhitney_metaphlan4	Goll et al. Gut Microbes 2020; DOI 10.1080/19490976.2020.1794263; local MetaPhlAn4 re-analysis	IBS baseline recipients vs healthy donor stool	s__Anaeromassilibacillus_senegalensis	14.275000368852115	8.470682143154502e-05	0.0010880120619429	31	17	True	Goll_2020_FMT_IBS_baseline_vs_donor.standardized.tsv	48	up
Goll_2020_FMT_IBS	local_mannwhitney_metaphlan4	Goll et al. Gut Microbes 2020; DOI 10.1080/19490976.2020.1794263; local MetaPhlAn4 re-analysis	IBS baseline recipients vs healthy donor stool	s__GGB9708_SGB15234	16.323064407638068	8.470682143154502e-05	0.0010880120619429	31	17	True	Goll_2020_FMT_IBS_baseline_vs_donor.standardized.tsv	48	up
Goll_2020_FMT_IBS	local_mannwhitney_metaphlan4	Goll et al. Gut Microbes 2020; DOI 10.1080/19490976.2020.1794263; local MetaPhlAn4 re-analysis	IBS baseline recipients vs healthy donor stool	s__Lachnospiraceae_bacterium	4.189009603392903	8.902485135879381e-05	0.0011186166105518	31	17	True	Goll_2020_FMT_IBS_baseline_vs_donor.standardized.tsv	48	up
Goll_2020_FMT_IBS	local_mannwhitney_metaphlan4	Goll et al. Gut Microbes 2020; DOI 10.1080/19490976.2020.1794263; local MetaPhlAn4 re-analysis	IBS baseline recipients vs healthy donor stool	s__Ruminococcus_lactaris	-1.8183083469094636	0.0001332374406511	0.0016385370360931	31	17	True	Goll_2020_FMT_IBS_baseline_vs_donor.standardized.tsv	48	down
Goll_2020_FMT_IBS	local_mannwhitney_metaphlan4	Goll et al. Gut Microbes 2020; DOI 10.1080/19490976.2020.1794263; local MetaPhlAn4 re-analysis	IBS baseline recipients vs healthy donor stool	s__Bacteroides_fragilis	18.768581103203083	0.0001562956581659	0.0017713507925479	31	17	True	Goll_2020_FMT_IBS_baseline_vs_donor.standardized.tsv	48	up
Goll_2020_FMT_IBS	local_mannwhitney_metaphlan4	Goll et al. Gut Microbes 2020; DOI 10.1080/19490976.2020.1794263; local MetaPhlAn4 re-analysis	IBS baseline recipients vs healthy donor stool	s__Blautia_SGB4815	13.85692434757616	0.0001562956581659	0.0017713507925479	31	17	True	Goll_2020_FMT_IBS_baseline_vs_donor.standardized.tsv	48	up
Goll_2020_FMT_IBS	local_mannwhitney_metaphlan4	Goll et al. Gut Microbes 2020; DOI 10.1080/19490976.2020.1794263; local MetaPhlAn4 re-analysis	IBS baseline recipients vs healthy donor stool	s__Faecalibacterium_sp_HTFF	16.857838773283788	0.0001562956581659	0.0017713507925479	31	17	True	Goll_2020_FMT_IBS_baseline_vs_donor.standardized.tsv	48	up
Goll_2020_FMT_IBS	local_mannwhitney_metaphlan4	Goll et al. Gut Microbes 2020; DOI 10.1080/19490976.2020.1794263; local MetaPhlAn4 re-analysis	IBS baseline recipients vs healthy donor stool	s__bacterium_210917_DFI_7_65	13.012382367294183	0.0001562956581659	0.0017713507925479	31	17	True	Goll_2020_FMT_IBS_baseline_vs_donor.standardized.tsv	48	up
Goll_2020_FMT_IBS	local_mannwhitney_metaphlan4	Goll et al. Gut Microbes 2020; DOI 10.1080/19490976.2020.1794263; local MetaPhlAn4 re-analysis	IBS baseline recipients vs healthy donor stool	s__Candidatus_Cibionibacter_quicibialis	2.328257273504968	0.0001613768304347	0.001793765538294	31	17	True	Goll_2020_FMT_IBS_baseline_vs_donor.standardized.tsv	48	up
Goll_2020_FMT_IBS	local_mannwhitney_metaphlan4	Goll et al. Gut Microbes 2020; DOI 10.1080/19490976.2020.1794263; local MetaPhlAn4 re-analysis	IBS baseline recipients vs healthy donor stool	s__Roseburia_sp_AF02_12	12.164865874221556	0.0001901013202678	0.002073180436128	31	17	True	Goll_2020_FMT_IBS_baseline_vs_donor.standardized.tsv	48	up
Goll_2020_FMT_IBS	local_mannwhitney_metaphlan4	Goll et al. Gut Microbes 2020; DOI 10.1080/19490976.2020.1794263; local MetaPhlAn4 re-analysis	IBS baseline recipients vs healthy donor stool	s__Slackia_isoflavoniconvertens	1.3040010303357434	0.0001951086849775	0.0020883855540186	31	17	True	Goll_2020_FMT_IBS_baseline_vs_donor.standardized.tsv	48	up
Goll_2020_FMT_IBS	local_mannwhitney_metaphlan4	Goll et al. Gut Microbes 2020; DOI 10.1080/19490976.2020.1794263; local MetaPhlAn4 re-analysis	IBS baseline recipients vs healthy donor stool	s__GGB9534_SGB14937	10.311522726760836	0.0002091141035069	0.0021692372639335	31	17	True	Goll_2020_FMT_IBS_baseline_vs_donor.standardized.tsv	48	up
Goll_2020_FMT_IBS	local_mannwhitney_metaphlan4	Goll et al. Gut Microbes 2020; DOI 10.1080/19490976.2020.1794263; local MetaPhlAn4 re-analysis	IBS baseline recipients vs healthy donor stool	s__Phocea_massiliensis	-1.9407945288011408	0.0002101683162288	0.0021692372639335	31	17	True	Goll_2020_FMT_IBS_baseline_vs_donor.standardized.tsv	48	down
Goll_2020_FMT_IBS	local_mannwhitney_metaphlan4	Goll et al. Gut Microbes 2020; DOI 10.1080/19490976.2020.1794263; local MetaPhlAn4 re-analysis	IBS baseline recipients vs healthy donor stool	s__GGB9715_SGB15265	-3.1303116423062813	0.0002141112674335	0.0021711633785362	31	17	True	Goll_2020_FMT_IBS_baseline_vs_donor.standardized.tsv	48	down
Goll_2020_FMT_IBS	local_mannwhitney_metaphlan4	Goll et al. Gut Microbes 2020; DOI 10.1080/19490976.2020.1794263; local MetaPhlAn4 re-analysis	IBS baseline recipients vs healthy donor stool	s__Bacteroides_eggerthii	-4.549192545739502	0.0002557276506248	0.002529331846468	31	17	True	Goll_2020_FMT_IBS_baseline_vs_donor.standardized.tsv	48	down
Goll_2020_FMT_IBS	local_mannwhitney_metaphlan4	Goll et al. Gut Microbes 2020; DOI 10.1080/19490976.2020.1794263; local MetaPhlAn4 re-analysis	IBS baseline recipients vs healthy donor stool	s__Fusicatenibacter_saccharivorans	2.442865132042109	0.0002581843926325	0.002529331846468	31	17	True	Goll_2020_FMT_IBS_baseline_vs_donor.standardized.tsv	48	up
Goll_2020_FMT_IBS	local_mannwhitney_metaphlan4	Goll et al. Gut Microbes 2020; DOI 10.1080/19490976.2020.1794263; local MetaPhlAn4 re-analysis	IBS baseline recipients vs healthy donor stool	s__Clostridium_leptum	6.460157711866228	0.0002802446109094	0.0026295759786159	31	17	True	Goll_2020_FMT_IBS_baseline_vs_donor.standardized.tsv	48	up
Goll_2020_FMT_IBS	local_mannwhitney_metaphlan4	Goll et al. Gut Microbes 2020; DOI 10.1080/19490976.2020.1794263; local MetaPhlAn4 re-analysis	IBS baseline recipients vs healthy donor stool	s__GGB45432_SGB63101	14.594672620539784	0.0002820652433809	0.0026295759786159	31	17	True	Goll_2020_FMT_IBS_baseline_vs_donor.standardized.tsv	48	up
Goll_2020_FMT_IBS	local_mannwhitney_metaphlan4	Goll et al. Gut Microbes 2020; DOI 10.1080/19490976.2020.1794263; local MetaPhlAn4 re-analysis	IBS baseline recipients vs healthy donor stool	s__GGB9502_SGB14899	14.13669402571933	0.0002820652433809	0.0026295759786159	31	17	True	Goll_2020_FMT_IBS_baseline_vs_donor.standardized.tsv	48	up
Goll_2020_FMT_IBS	local_mannwhitney_metaphlan4	Goll et al. Gut Microbes 2020; DOI 10.1080/19490976.2020.1794263; local MetaPhlAn4 re-analysis	IBS baseline recipients vs healthy donor stool	s__Dysosmobacter_SGB15077	-7.454572639887242	0.0003255204105777	0.0029865205922844	31	17	True	Goll_2020_FMT_IBS_baseline_vs_donor.standardized.tsv	48	down
Goll_2020_FMT_IBS	local_mannwhitney_metaphlan4	Goll et al. Gut Microbes 2020; DOI 10.1080/19490976.2020.1794263; local MetaPhlAn4 re-analysis	IBS baseline recipients vs healthy donor stool	s__Phocaeicola_vulgatus	-1.7035492085082735	0.0003411602480014	0.0030811034897634	31	17	True	Goll_2020_FMT_IBS_baseline_vs_donor.standardized.tsv	48	down
Goll_2020_FMT_IBS	local_mannwhitney_metaphlan4	Goll et al. Gut Microbes 2020; DOI 10.1080/19490976.2020.1794263; local MetaPhlAn4 re-analysis	IBS baseline recipients vs healthy donor stool	s__Oscillibacter_sp_ER4	2.76528285790314	0.0003706079552922	0.0032617510723355	31	17	True	Goll_2020_FMT_IBS_baseline_vs_donor.standardized.tsv	48	up
Goll_2020_FMT_IBS	local_mannwhitney_metaphlan4	Goll et al. Gut Microbes 2020; DOI 10.1080/19490976.2020.1794263; local MetaPhlAn4 re-analysis	IBS baseline recipients vs healthy donor stool	s__Dorea_sp_AF36_15AT	6.345062771961346	0.0003724490843843	0.0032617510723355	31	17	True	Goll_2020_FMT_IBS_baseline_vs_donor.standardized.tsv	48	up
Goll_2020_FMT_IBS	local_mannwhitney_metaphlan4	Goll et al. Gut Microbes 2020; DOI 10.1080/19490976.2020.1794263; local MetaPhlAn4 re-analysis	IBS baseline recipients vs healthy donor stool	s__GGB9062_SGB13981	-1.3902785785901262	0.0004391041669193	0.0037880926638711	31	17	True	Goll_2020_FMT_IBS_baseline_vs_donor.standardized.tsv	48	down
Goll_2020_FMT_IBS	local_mannwhitney_metaphlan4	Goll et al. Gut Microbes 2020; DOI 10.1080/19490976.2020.1794263; local MetaPhlAn4 re-analysis	IBS baseline recipients vs healthy donor stool	s__Anaerotignum_faecicola	15.457617734244709	0.000498380510554	0.0038927558797328	31	17	True	Goll_2020_FMT_IBS_baseline_vs_donor.standardized.tsv	48	up
Goll_2020_FMT_IBS	local_mannwhitney_metaphlan4	Goll et al. Gut Microbes 2020; DOI 10.1080/19490976.2020.1794263; local MetaPhlAn4 re-analysis	IBS baseline recipients vs healthy donor stool	s__Coprococcus_eutactus	19.202688929679557	0.000498380510554	0.0038927558797328	31	17	True	Goll_2020_FMT_IBS_baseline_vs_donor.standardized.tsv	48	up
Goll_2020_FMT_IBS	local_mannwhitney_metaphlan4	Goll et al. Gut Microbes 2020; DOI 10.1080/19490976.2020.1794263; local MetaPhlAn4 re-analysis	IBS baseline recipients vs healthy donor stool	s__GGB2653_SGB3574	12.699845296954878	0.000498380510554	0.0038927558797328	31	17	True	Goll_2020_FMT_IBS_baseline_vs_donor.standardized.tsv	48	up
Goll_2020_FMT_IBS	local_mannwhitney_metaphlan4	Goll et al. Gut Microbes 2020; DOI 10.1080/19490976.2020.1794263; local MetaPhlAn4 re-analysis	IBS baseline recipients vs healthy donor stool	s__GGB4566_SGB6305	16.507733189632873	0.000498380510554	0.0038927558797328	31	17	True	Goll_2020_FMT_IBS_baseline_vs_donor.standardized.tsv	48	up
Goll_2020_FMT_IBS	local_mannwhitney_metaphlan4	Goll et al. Gut Microbes 2020; DOI 10.1080/19490976.2020.1794263; local MetaPhlAn4 re-analysis	IBS baseline recipients vs healthy donor stool	s__GGB9765_SGB15382	15.79358774497886	0.000498380510554	0.0038927558797328	31	17	True	Goll_2020_FMT_IBS_baseline_vs_donor.standardized.tsv	48	up
Goll_2020_FMT_IBS	local_mannwhitney_metaphlan4	Goll et al. Gut Microbes 2020; DOI 10.1080/19490976.2020.1794263; local MetaPhlAn4 re-analysis	IBS baseline recipients vs healthy donor stool	s__Lawsonibacter_hominis	14.442230789037652	0.000498380510554	0.0038927558797328	31	17	True	Goll_2020_FMT_IBS_baseline_vs_donor.standardized.tsv	48	up
Goll_2020_FMT_IBS	local_mannwhitney_metaphlan4	Goll et al. Gut Microbes 2020; DOI 10.1080/19490976.2020.1794263; local MetaPhlAn4 re-analysis	IBS baseline recipients vs healthy donor stool	s__Parasutterella_excrementihominis	18.827502701055657	0.000498380510554	0.0038927558797328	31	17	True	Goll_2020_FMT_IBS_baseline_vs_donor.standardized.tsv	48	up
Goll_2020_FMT_IBS	local_mannwhitney_metaphlan4	Goll et al. Gut Microbes 2020; DOI 10.1080/19490976.2020.1794263; local MetaPhlAn4 re-analysis	IBS baseline recipients vs healthy donor stool	s__Enterocloster_asparagiformis	-3.6996063984399856	0.0006033328404724	0.0046328207001962	31	17	True	Goll_2020_FMT_IBS_baseline_vs_donor.standardized.tsv	48	down
Goll_2020_FMT_IBS	local_mannwhitney_metaphlan4	Goll et al. Gut Microbes 2020; DOI 10.1080/19490976.2020.1794263; local MetaPhlAn4 re-analysis	IBS baseline recipients vs healthy donor stool	s__Coprobacter_fastidiosus	-0.5475284960617398	0.0006091598152507	0.0046328207001962	31	17	True	Goll_2020_FMT_IBS_baseline_vs_donor.standardized.tsv	48	down
Goll_2020_FMT_IBS	local_mannwhitney_metaphlan4	Goll et al. Gut Microbes 2020; DOI 10.1080/19490976.2020.1794263; local MetaPhlAn4 re-analysis	IBS baseline recipients vs healthy donor stool	s__Anaerofilum_hominis	-4.84860676972059	0.000648544425264	0.0048682945169171	31	17	True	Goll_2020_FMT_IBS_baseline_vs_donor.standardized.tsv	48	down
Goll_2020_FMT_IBS	local_mannwhitney_metaphlan4	Goll et al. Gut Microbes 2020; DOI 10.1080/19490976.2020.1794263; local MetaPhlAn4 re-analysis	IBS baseline recipients vs healthy donor stool	s__Anaerostipes_hadrus	2.9568736485027287	0.0007710730012957	0.005691735734224	31	17	True	Goll_2020_FMT_IBS_baseline_vs_donor.standardized.tsv	48	up
Goll_2020_FMT_IBS	local_mannwhitney_metaphlan4	Goll et al. Gut Microbes 2020; DOI 10.1080/19490976.2020.1794263; local MetaPhlAn4 re-analysis	IBS baseline recipients vs healthy donor stool	s__GGB9184_SGB14123	-1.230631851049435	0.0007779361989683	0.005691735734224	31	17	True	Goll_2020_FMT_IBS_baseline_vs_donor.standardized.tsv	48	down
Goll_2020_FMT_IBS	local_mannwhitney_metaphlan4	Goll et al. Gut Microbes 2020; DOI 10.1080/19490976.2020.1794263; local MetaPhlAn4 re-analysis	IBS baseline recipients vs healthy donor stool	s__Hydrogenoanaerobacterium_saccharovorans	-1.53892463235386	0.0008530627613599	0.0059383227370585	31	17	True	Goll_2020_FMT_IBS_baseline_vs_donor.standardized.tsv	48	down
Goll_2020_FMT_IBS	local_mannwhitney_metaphlan4	Goll et al. Gut Microbes 2020; DOI 10.1080/19490976.2020.1794263; local MetaPhlAn4 re-analysis	IBS baseline recipients vs healthy donor stool	s__Anaerobutyricum_soehngenii	16.089679358527174	0.0008630088406797	0.0059383227370585	31	17	True	Goll_2020_FMT_IBS_baseline_vs_donor.standardized.tsv	48	up
Goll_2020_FMT_IBS	local_mannwhitney_metaphlan4	Goll et al. Gut Microbes 2020; DOI 10.1080/19490976.2020.1794263; local MetaPhlAn4 re-analysis	IBS baseline recipients vs healthy donor stool	s__Clostridiaceae_bacterium_Marseille_Q4149	16.902703694728043	0.0008630088406797	0.0059383227370585	31	17	True	Goll_2020_FMT_IBS_baseline_vs_donor.standardized.tsv	48	up
Goll_2020_FMT_IBS	local_mannwhitney_metaphlan4	Goll et al. Gut Microbes 2020; DOI 10.1080/19490976.2020.1794263; local MetaPhlAn4 re-analysis	IBS baseline recipients vs healthy donor stool	s__Clostridium_sp_AT4	-1.1829834683216591	0.0008630088406797	0.0059383227370585	31	17	True	Goll_2020_FMT_IBS_baseline_vs_donor.standardized.tsv	48	down
Goll_2020_FMT_IBS	local_mannwhitney_metaphlan4	Goll et al. Gut Microbes 2020; DOI 10.1080/19490976.2020.1794263; local MetaPhlAn4 re-analysis	IBS baseline recipients vs healthy donor stool	s__GGB3537_SGB4727	13.11004647611407	0.0008630088406797	0.0059383227370585	31	17	True	Goll_2020_FMT_IBS_baseline_vs_donor.standardized.tsv	48	up
Goll_2020_FMT_IBS	local_mannwhitney_metaphlan4	Goll et al. Gut Microbes 2020; DOI 10.1080/19490976.2020.1794263; local MetaPhlAn4 re-analysis	IBS baseline recipients vs healthy donor stool	s__GGB13404_SGB14252	4.64360011008855	0.0008931483248195	0.006073408608773	31	17	True	Goll_2020_FMT_IBS_baseline_vs_donor.standardized.tsv	48	up
Goll_2020_FMT_IBS	local_mannwhitney_metaphlan4	Goll et al. Gut Microbes 2020; DOI 10.1080/19490976.2020.1794263; local MetaPhlAn4 re-analysis	IBS baseline recipients vs healthy donor stool	s__Blautia_massiliensis	4.005781805920055	0.0013015474828185	0.0087476098263854	31	17	True	Goll_2020_FMT_IBS_baseline_vs_donor.standardized.tsv	48	up
Goll_2020_FMT_IBS	local_mannwhitney_metaphlan4	Goll et al. Gut Microbes 2020; DOI 10.1080/19490976.2020.1794263; local MetaPhlAn4 re-analysis	IBS baseline recipients vs healthy donor stool	s__Lachnospiraceae_bacterium_CLA_AA_H215	14.761861154423569	0.0014653675604698	0.0090146180497745	31	17	True	Goll_2020_FMT_IBS_baseline_vs_donor.standardized.tsv	48	up
Goll_2020_FMT_IBS	local_mannwhitney_metaphlan4	Goll et al. Gut Microbes 2020; DOI 10.1080/19490976.2020.1794263; local MetaPhlAn4 re-analysis	IBS baseline recipients vs healthy donor stool	s__Clostridium_SGB4909	15.421064793946872	0.0014660451499633	0.0090146180497745	31	17	True	Goll_2020_FMT_IBS_baseline_vs_donor.standardized.tsv	48	up
Goll_2020_FMT_IBS	local_mannwhitney_metaphlan4	Goll et al. Gut Microbes 2020; DOI 10.1080/19490976.2020.1794263; local MetaPhlAn4 re-analysis	IBS baseline recipients vs healthy donor stool	s__GGB2982_SGB3964	14.264113855386755	0.0014660451499633	0.0090146180497745	31	17	True	Goll_2020_FMT_IBS_baseline_vs_donor.standardized.tsv	48	up
Goll_2020_FMT_IBS	local_mannwhitney_metaphlan4	Goll et al. Gut Microbes 2020; DOI 10.1080/19490976.2020.1794263; local MetaPhlAn4 re-analysis	IBS baseline recipients vs healthy donor stool	s__GGB3005_SGB3996	14.746570197149715	0.0014660451499633	0.0090146180497745	31	17	True	Goll_2020_FMT_IBS_baseline_vs_donor.standardized.tsv	48	up
Goll_2020_FMT_IBS	local_mannwhitney_metaphlan4	Goll et al. Gut Microbes 2020; DOI 10.1080/19490976.2020.1794263; local MetaPhlAn4 re-analysis	IBS baseline recipients vs healthy donor stool	s__GGB9345_SGB14311	15.682192013858092	0.0014660451499633	0.0090146180497745	31	17	True	Goll_2020_FMT_IBS_baseline_vs_donor.standardized.tsv	48	up
Goll_2020_FMT_IBS	local_mannwhitney_metaphlan4	Goll et al. Gut Microbes 2020; DOI 10.1080/19490976.2020.1794263; local MetaPhlAn4 re-analysis	IBS baseline recipients vs healthy donor stool	s__Massilioclostridium_coli	11.277268664383833	0.0014660451499633	0.0090146180497745	31	17	True	Goll_2020_FMT_IBS_baseline_vs_donor.standardized.tsv	48	up
Goll_2020_FMT_IBS	local_mannwhitney_metaphlan4	Goll et al. Gut Microbes 2020; DOI 10.1080/19490976.2020.1794263; local MetaPhlAn4 re-analysis	IBS baseline recipients vs healthy donor stool	s__Provencibacterium_massiliense	11.909929381535765	0.0014660451499633	0.0090146180497745	31	17	True	Goll_2020_FMT_IBS_baseline_vs_donor.standardized.tsv	48	up
Goll_2020_FMT_IBS	local_mannwhitney_metaphlan4	Goll et al. Gut Microbes 2020; DOI 10.1080/19490976.2020.1794263; local MetaPhlAn4 re-analysis	IBS baseline recipients vs healthy donor stool	s__Youxingia_wuxianensis	10.951308230464717	0.0014660451499633	0.0090146180497745	31	17	True	Goll_2020_FMT_IBS_baseline_vs_donor.standardized.tsv	48	up
Goll_2020_FMT_IBS	local_mannwhitney_metaphlan4	Goll et al. Gut Microbes 2020; DOI 10.1080/19490976.2020.1794263; local MetaPhlAn4 re-analysis	IBS baseline recipients vs healthy donor stool	s__Bacteroides_xylanisolvens	9.796219862936171	0.0015672339623578	0.0095353813709774	31	17	True	Goll_2020_FMT_IBS_baseline_vs_donor.standardized.tsv	48	up
Goll_2020_FMT_IBS	local_mannwhitney_metaphlan4	Goll et al. Gut Microbes 2020; DOI 10.1080/19490976.2020.1794263; local MetaPhlAn4 re-analysis	IBS baseline recipients vs healthy donor stool	s__Ellagibacter_isourolithinifaciens	2.715518816193088	0.0016209183347327	0.0097592791403702	31	17	True	Goll_2020_FMT_IBS_baseline_vs_donor.standardized.tsv	48	up
Goll_2020_FMT_IBS	local_mannwhitney_metaphlan4	Goll et al. Gut Microbes 2020; DOI 10.1080/19490976.2020.1794263; local MetaPhlAn4 re-analysis	IBS baseline recipients vs healthy donor stool	s__Lachnospiraceae_bacterium_CLA_AA_H244	4.634250308251152	0.0016707955416799	0.0099558744648558	31	17	True	Goll_2020_FMT_IBS_baseline_vs_donor.standardized.tsv	48	up
Goll_2020_FMT_IBS	local_mannwhitney_metaphlan4	Goll et al. Gut Microbes 2020; DOI 10.1080/19490976.2020.1794263; local MetaPhlAn4 re-analysis	IBS baseline recipients vs healthy donor stool	s__GGB33586_SGB53517	3.822422376212546	0.0018215978276452	0.0107437096365197	31	17	True	Goll_2020_FMT_IBS_baseline_vs_donor.standardized.tsv	48	up
Goll_2020_FMT_IBS	local_mannwhitney_metaphlan4	Goll et al. Gut Microbes 2020; DOI 10.1080/19490976.2020.1794263; local MetaPhlAn4 re-analysis	IBS baseline recipients vs healthy donor stool	s__Lachnospira_pectinoschiza	-2.031816620402328	0.0018970934930832	0.0110759599899205	31	17	True	Goll_2020_FMT_IBS_baseline_vs_donor.standardized.tsv	48	down
Goll_2020_FMT_IBS	local_mannwhitney_metaphlan4	Goll et al. Gut Microbes 2020; DOI 10.1080/19490976.2020.1794263; local MetaPhlAn4 re-analysis	IBS baseline recipients vs healthy donor stool	s__Alistipes_ihumii	17.320095116675127	0.00244566417072	0.0135805096328914	31	17	True	Goll_2020_FMT_IBS_baseline_vs_donor.standardized.tsv	48	up
Goll_2020_FMT_IBS	local_mannwhitney_metaphlan4	Goll et al. Gut Microbes 2020; DOI 10.1080/19490976.2020.1794263; local MetaPhlAn4 re-analysis	IBS baseline recipients vs healthy donor stool	s__GGB2970_SGB3952	14.765725554121389	0.00244566417072	0.0135805096328914	31	17	True	Goll_2020_FMT_IBS_baseline_vs_donor.standardized.tsv	48	up
Goll_2020_FMT_IBS	local_mannwhitney_metaphlan4	Goll et al. Gut Microbes 2020; DOI 10.1080/19490976.2020.1794263; local MetaPhlAn4 re-analysis	IBS baseline recipients vs healthy donor stool	s__GGB9602_SGB15031	14.965116588230227	0.00244566417072	0.0135805096328914	31	17	True	Goll_2020_FMT_IBS_baseline_vs_donor.standardized.tsv	48	up
Goll_2020_FMT_IBS	local_mannwhitney_metaphlan4	Goll et al. Gut Microbes 2020; DOI 10.1080/19490976.2020.1794263; local MetaPhlAn4 re-analysis	IBS baseline recipients vs healthy donor stool	s__GGB9759_SGB15370	14.80934839999036	0.00244566417072	0.0135805096328914	31	17	True	Goll_2020_FMT_IBS_baseline_vs_donor.standardized.tsv	48	up
Goll_2020_FMT_IBS	local_mannwhitney_metaphlan4	Goll et al. Gut Microbes 2020; DOI 10.1080/19490976.2020.1794263; local MetaPhlAn4 re-analysis	IBS baseline recipients vs healthy donor stool	s__GGB9770_SGB15390	14.969721583663956	0.00244566417072	0.0135805096328914	31	17	True	Goll_2020_FMT_IBS_baseline_vs_donor.standardized.tsv	48	up
Goll_2020_FMT_IBS	local_mannwhitney_metaphlan4	Goll et al. Gut Microbes 2020; DOI 10.1080/19490976.2020.1794263; local MetaPhlAn4 re-analysis	IBS baseline recipients vs healthy donor stool	s__Fusicatenibacter_sp_CLA_AA_H277	4.426869591420185	0.0024670475976705	0.0135805096328914	31	17	True	Goll_2020_FMT_IBS_baseline_vs_donor.standardized.tsv	48	up
Goll_2020_FMT_IBS	local_mannwhitney_metaphlan4	Goll et al. Gut Microbes 2020; DOI 10.1080/19490976.2020.1794263; local MetaPhlAn4 re-analysis	IBS baseline recipients vs healthy donor stool	s__Oscillospiraceae_bacterium_CLA_AA_H250	3.2953286014129337	0.0029121968638541	0.0158797149746008	31	17	True	Goll_2020_FMT_IBS_baseline_vs_donor.standardized.tsv	48	up
Goll_2020_FMT_IBS	local_mannwhitney_metaphlan4	Goll et al. Gut Microbes 2020; DOI 10.1080/19490976.2020.1794263; local MetaPhlAn4 re-analysis	IBS baseline recipients vs healthy donor stool	s__Faecalicatena_fissicatena	2.4514152754280616	0.0030226304094939	0.0163278539877338	31	17	True	Goll_2020_FMT_IBS_baseline_vs_donor.standardized.tsv	48	up
Goll_2020_FMT_IBS	local_mannwhitney_metaphlan4	Goll et al. Gut Microbes 2020; DOI 10.1080/19490976.2020.1794263; local MetaPhlAn4 re-analysis	IBS baseline recipients vs healthy donor stool	s__Odoribacter_splanchnicus	-1.2488567190794455	0.0038355560544125	0.0194801626279327	31	17	True	Goll_2020_FMT_IBS_baseline_vs_donor.standardized.tsv	48	down
Goll_2020_FMT_IBS	local_mannwhitney_metaphlan4	Goll et al. Gut Microbes 2020; DOI 10.1080/19490976.2020.1794263; local MetaPhlAn4 re-analysis	IBS baseline recipients vs healthy donor stool	s__Eubacterium_ramulus	2.850564541202844	0.003922266417167	0.0194801626279327	31	17	True	Goll_2020_FMT_IBS_baseline_vs_donor.standardized.tsv	48	up
Goll_2020_FMT_IBS	local_mannwhitney_metaphlan4	Goll et al. Gut Microbes 2020; DOI 10.1080/19490976.2020.1794263; local MetaPhlAn4 re-analysis	IBS baseline recipients vs healthy donor stool	s__Bacteroides_cellulosilyticus	20.3538592547781	0.0040106217175155	0.0194801626279327	31	17	True	Goll_2020_FMT_IBS_baseline_vs_donor.standardized.tsv	48	up
Goll_2020_FMT_IBS	local_mannwhitney_metaphlan4	Goll et al. Gut Microbes 2020; DOI 10.1080/19490976.2020.1794263; local MetaPhlAn4 re-analysis	IBS baseline recipients vs healthy donor stool	s__GGB4552_SGB6276	15.532286193920257	0.0040106217175155	0.0194801626279327	31	17	True	Goll_2020_FMT_IBS_baseline_vs_donor.standardized.tsv	48	up
Goll_2020_FMT_IBS	local_mannwhitney_metaphlan4	Goll et al. Gut Microbes 2020; DOI 10.1080/19490976.2020.1794263; local MetaPhlAn4 re-analysis	IBS baseline recipients vs healthy donor stool	s__GGB9342_SGB14306	16.29625073265051	0.0040106217175155	0.0194801626279327	31	17	True	Goll_2020_FMT_IBS_baseline_vs_donor.standardized.tsv	48	up
Goll_2020_FMT_IBS	local_mannwhitney_metaphlan4	Goll et al. Gut Microbes 2020; DOI 10.1080/19490976.2020.1794263; local MetaPhlAn4 re-analysis	IBS baseline recipients vs healthy donor stool	s__GGB9412_SGB14770	15.844803032871706	0.0040106217175155	0.0194801626279327	31	17	True	Goll_2020_FMT_IBS_baseline_vs_donor.standardized.tsv	48	up
Goll_2020_FMT_IBS	local_mannwhitney_metaphlan4	Goll et al. Gut Microbes 2020; DOI 10.1080/19490976.2020.1794263; local MetaPhlAn4 re-analysis	IBS baseline recipients vs healthy donor stool	s__GGB9491_SGB14888	13.446262068112937	0.0040106217175155	0.0194801626279327	31	17	True	Goll_2020_FMT_IBS_baseline_vs_donor.standardized.tsv	48	up
Goll_2020_FMT_IBS	local_mannwhitney_metaphlan4	Goll et al. Gut Microbes 2020; DOI 10.1080/19490976.2020.1794263; local MetaPhlAn4 re-analysis	IBS baseline recipients vs healthy donor stool	s__GGB9522_SGB14921	12.805035231419906	0.0040106217175155	0.0194801626279327	31	17	True	Goll_2020_FMT_IBS_baseline_vs_donor.standardized.tsv	48	up
Goll_2020_FMT_IBS	local_mannwhitney_metaphlan4	Goll et al. Gut Microbes 2020; DOI 10.1080/19490976.2020.1794263; local MetaPhlAn4 re-analysis	IBS baseline recipients vs healthy donor stool	s__GGB9635_SGB15106	19.15225170518447	0.0040106217175155	0.0194801626279327	31	17	True	Goll_2020_FMT_IBS_baseline_vs_donor.standardized.tsv	48	up
Goll_2020_FMT_IBS	local_mannwhitney_metaphlan4	Goll et al. Gut Microbes 2020; DOI 10.1080/19490976.2020.1794263; local MetaPhlAn4 re-analysis	IBS baseline recipients vs healthy donor stool	s__GGB9708_SGB15233	17.134626489735194	0.0040106217175155	0.0194801626279327	31	17	True	Goll_2020_FMT_IBS_baseline_vs_donor.standardized.tsv	48	up
Goll_2020_FMT_IBS	local_mannwhitney_metaphlan4	Goll et al. Gut Microbes 2020; DOI 10.1080/19490976.2020.1794263; local MetaPhlAn4 re-analysis	IBS baseline recipients vs healthy donor stool	s__Methanobrevibacter_smithii	19.61622810735686	0.0040106217175155	0.0194801626279327	31	17	True	Goll_2020_FMT_IBS_baseline_vs_donor.standardized.tsv	48	up
Goll_2020_FMT_IBS	local_mannwhitney_metaphlan4	Goll et al. Gut Microbes 2020; DOI 10.1080/19490976.2020.1794263; local MetaPhlAn4 re-analysis	IBS baseline recipients vs healthy donor stool	s__Monoglobus_pectinilyticus	16.400832669197378	0.0040106217175155	0.0194801626279327	31	17	True	Goll_2020_FMT_IBS_baseline_vs_donor.standardized.tsv	48	up
Goll_2020_FMT_IBS	local_mannwhitney_metaphlan4	Goll et al. Gut Microbes 2020; DOI 10.1080/19490976.2020.1794263; local MetaPhlAn4 re-analysis	IBS baseline recipients vs healthy donor stool	s__Clostridiales_bacterium	-1.8368680959736208	0.0041750699054978	0.0201099200448147	31	17	True	Goll_2020_FMT_IBS_baseline_vs_donor.standardized.tsv	48	down
Goll_2020_FMT_IBS	local_mannwhitney_metaphlan4	Goll et al. Gut Microbes 2020; DOI 10.1080/19490976.2020.1794263; local MetaPhlAn4 re-analysis	IBS baseline recipients vs healthy donor stool	s__GGB33469_SGB15237	0.1849799586503221	0.0047072720213678	0.0224859770938065	31	17	False	Goll_2020_FMT_IBS_baseline_vs_donor.standardized.tsv	48	up
Goll_2020_FMT_IBS	local_mannwhitney_metaphlan4	Goll et al. Gut Microbes 2020; DOI 10.1080/19490976.2020.1794263; local MetaPhlAn4 re-analysis	IBS baseline recipients vs healthy donor stool	s__Dorea_longicatena	1.945959365400388	0.0056031685826334	0.0265461593505094	31	17	True	Goll_2020_FMT_IBS_baseline_vs_donor.standardized.tsv	48	up
Goll_2020_FMT_IBS	local_mannwhitney_metaphlan4	Goll et al. Gut Microbes 2020; DOI 10.1080/19490976.2020.1794263; local MetaPhlAn4 re-analysis	IBS baseline recipients vs healthy donor stool	s__GGB3828_SGB5197	-10.498145253036478	0.0056829764045601	0.0267053687954125	31	17	True	Goll_2020_FMT_IBS_baseline_vs_donor.standardized.tsv	48	down
Goll_2020_FMT_IBS	local_mannwhitney_metaphlan4	Goll et al. Gut Microbes 2020; DOI 10.1080/19490976.2020.1794263; local MetaPhlAn4 re-analysis	IBS baseline recipients vs healthy donor stool	s__GGB13489_SGB15224	14.04294735556187	0.0064722415920504	0.0299276451216412	31	17	True	Goll_2020_FMT_IBS_baseline_vs_donor.standardized.tsv	48	up
Goll_2020_FMT_IBS	local_mannwhitney_metaphlan4	Goll et al. Gut Microbes 2020; DOI 10.1080/19490976.2020.1794263; local MetaPhlAn4 re-analysis	IBS baseline recipients vs healthy donor stool	s__GGB9302_SGB14263	17.978250432131084	0.0064722415920504	0.0299276451216412	31	17	True	Goll_2020_FMT_IBS_baseline_vs_donor.standardized.tsv	48	up
Goll_2020_FMT_IBS	local_mannwhitney_metaphlan4	Goll et al. Gut Microbes 2020; DOI 10.1080/19490976.2020.1794263; local MetaPhlAn4 re-analysis	IBS baseline recipients vs healthy donor stool	s__Faecalibacillus_intestinalis	4.145190165135819	0.0072228097107875	0.0331332064510731	31	17	True	Goll_2020_FMT_IBS_baseline_vs_donor.standardized.tsv	48	up
Goll_2020_FMT_IBS	local_mannwhitney_metaphlan4	Goll et al. Gut Microbes 2020; DOI 10.1080/19490976.2020.1794263; local MetaPhlAn4 re-analysis	IBS baseline recipients vs healthy donor stool	s__GGB3267_SGB4317	0.1525863202847856	0.0081317690363967	0.0370091535672229	31	17	False	Goll_2020_FMT_IBS_baseline_vs_donor.standardized.tsv	48	up
Goll_2020_FMT_IBS	local_mannwhitney_metaphlan4	Goll et al. Gut Microbes 2020; DOI 10.1080/19490976.2020.1794263; local MetaPhlAn4 re-analysis	IBS baseline recipients vs healthy donor stool	s__Sutterella_wadsworthensis	0.097685766570936	0.0086892448907153	0.0392373714596363	31	17	False	Goll_2020_FMT_IBS_baseline_vs_donor.standardized.tsv	48	up
Goll_2020_FMT_IBS	local_mannwhitney_metaphlan4	Goll et al. Gut Microbes 2020; DOI 10.1080/19490976.2020.1794263; local MetaPhlAn4 re-analysis	IBS baseline recipients vs healthy donor stool	s__Mediterraneibacter_faecis	4.091757178969281	0.0089918487716504	0.0402890588373173	31	17	True	Goll_2020_FMT_IBS_baseline_vs_donor.standardized.tsv	48	up
Goll_2020_FMT_IBS	local_mannwhitney_metaphlan4	Goll et al. Gut Microbes 2020; DOI 10.1080/19490976.2020.1794263; local MetaPhlAn4 re-analysis	IBS baseline recipients vs healthy donor stool	s__Enterocloster_aldenensis	1.6484586888599038	0.0093989066288542	0.0417889848575212	31	17	True	Goll_2020_FMT_IBS_baseline_vs_donor.standardized.tsv	48	up
Goll_2020_FMT_IBS	local_mannwhitney_metaphlan4	Goll et al. Gut Microbes 2020; DOI 10.1080/19490976.2020.1794263; local MetaPhlAn4 re-analysis	IBS baseline recipients vs healthy donor stool	s__Butyricimonas_virosa	16.19159097195982	0.010289926158656	0.0418843473218536	31	17	True	Goll_2020_FMT_IBS_baseline_vs_donor.standardized.tsv	48	up
Goll_2020_FMT_IBS	local_mannwhitney_metaphlan4	Goll et al. Gut Microbes 2020; DOI 10.1080/19490976.2020.1794263; local MetaPhlAn4 re-analysis	IBS baseline recipients vs healthy donor stool	s__GGB3061_SGB4063	13.809447260030067	0.010289926158656	0.0418843473218536	31	17	True	Goll_2020_FMT_IBS_baseline_vs_donor.standardized.tsv	48	up
Goll_2020_FMT_IBS	local_mannwhitney_metaphlan4	Goll et al. Gut Microbes 2020; DOI 10.1080/19490976.2020.1794263; local MetaPhlAn4 re-analysis	IBS baseline recipients vs healthy donor stool	s__GGB47687_SGB2286	19.059142275708883	0.010289926158656	0.0418843473218536	31	17	True	Goll_2020_FMT_IBS_baseline_vs_donor.standardized.tsv	48	up
Goll_2020_FMT_IBS	local_mannwhitney_metaphlan4	Goll et al. Gut Microbes 2020; DOI 10.1080/19490976.2020.1794263; local MetaPhlAn4 re-analysis	IBS baseline recipients vs healthy donor stool	s__GGB9301_SGB14262	12.058068122473172	0.010289926158656	0.0418843473218536	31	17	True	Goll_2020_FMT_IBS_baseline_vs_donor.standardized.tsv	48	up
Goll_2020_FMT_IBS	local_mannwhitney_metaphlan4	Goll et al. Gut Microbes 2020; DOI 10.1080/19490976.2020.1794263; local MetaPhlAn4 re-analysis	IBS baseline recipients vs healthy donor stool	s__GGB9760_SGB15374	15.951975714357872	0.010289926158656	0.0418843473218536	31	17	True	Goll_2020_FMT_IBS_baseline_vs_donor.standardized.tsv	48	up
Goll_2020_FMT_IBS	local_mannwhitney_metaphlan4	Goll et al. Gut Microbes 2020; DOI 10.1080/19490976.2020.1794263; local MetaPhlAn4 re-analysis	IBS baseline recipients vs healthy donor stool	s__GGB9762_SGB15377	18.028204971088105	0.010289926158656	0.0418843473218536	31	17	True	Goll_2020_FMT_IBS_baseline_vs_donor.standardized.tsv	48	up
Goll_2020_FMT_IBS	local_mannwhitney_metaphlan4	Goll et al. Gut Microbes 2020; DOI 10.1080/19490976.2020.1794263; local MetaPhlAn4 re-analysis	IBS baseline recipients vs healthy donor stool	s__GGB9767_SGB15385	14.092994191922518	0.010289926158656	0.0418843473218536	31	17	True	Goll_2020_FMT_IBS_baseline_vs_donor.standardized.tsv	48	up
Goll_2020_FMT_IBS	local_mannwhitney_metaphlan4	Goll et al. Gut Microbes 2020; DOI 10.1080/19490976.2020.1794263; local MetaPhlAn4 re-analysis	IBS baseline recipients vs healthy donor stool	s__GGB9818_SGB15459	13.48793319056612	0.010289926158656	0.0418843473218536	31	17	True	Goll_2020_FMT_IBS_baseline_vs_donor.standardized.tsv	48	up
Goll_2020_FMT_IBS	local_mannwhitney_metaphlan4	Goll et al. Gut Microbes 2020; DOI 10.1080/19490976.2020.1794263; local MetaPhlAn4 re-analysis	IBS baseline recipients vs healthy donor stool	s__Intestinimonas_massiliensis	12.6167785353509	0.010289926158656	0.0418843473218536	31	17	True	Goll_2020_FMT_IBS_baseline_vs_donor.standardized.tsv	48	up
Goll_2020_FMT_IBS	local_mannwhitney_metaphlan4	Goll et al. Gut Microbes 2020; DOI 10.1080/19490976.2020.1794263; local MetaPhlAn4 re-analysis	IBS baseline recipients vs healthy donor stool	s__Lachnospiraceae_bacterium_OM04_12BH	14.69156235453348	0.010289926158656	0.0418843473218536	31	17	True	Goll_2020_FMT_IBS_baseline_vs_donor.standardized.tsv	48	up
Goll_2020_FMT_IBS	local_mannwhitney_metaphlan4	Goll et al. Gut Microbes 2020; DOI 10.1080/19490976.2020.1794263; local MetaPhlAn4 re-analysis	IBS baseline recipients vs healthy donor stool	s__Ralstonia_pickettii	11.889221829377318	0.010289926158656	0.0418843473218536	31	17	True	Goll_2020_FMT_IBS_baseline_vs_donor.standardized.tsv	48	up
Goll_2020_FMT_IBS	local_mannwhitney_metaphlan4	Goll et al. Gut Microbes 2020; DOI 10.1080/19490976.2020.1794263; local MetaPhlAn4 re-analysis	IBS baseline recipients vs healthy donor stool	s__Wujia_chipingensis	17.853010995002965	0.010289926158656	0.0418843473218536	31	17	True	Goll_2020_FMT_IBS_baseline_vs_donor.standardized.tsv	48	up
Goll_2020_FMT_IBS	local_mannwhitney_metaphlan4	Goll et al. Gut Microbes 2020; DOI 10.1080/19490976.2020.1794263; local MetaPhlAn4 re-analysis	IBS baseline recipients vs healthy donor stool	s__GGB9712_SGB15244	-1.003434207164229	0.0104115923096308	0.0420832192655009	31	17	True	Goll_2020_FMT_IBS_baseline_vs_donor.standardized.tsv	48	down
Goll_2020_FMT_IBS	local_mannwhitney_metaphlan4	Goll et al. Gut Microbes 2020; DOI 10.1080/19490976.2020.1794263; local MetaPhlAn4 re-analysis	IBS baseline recipients vs healthy donor stool	s__Simiaoa_sunii	-1.943296653757408	0.0106525181700669	0.0427580243215186	31	17	True	Goll_2020_FMT_IBS_baseline_vs_donor.standardized.tsv	48	down
Goll_2020_FMT_IBS	local_mannwhitney_metaphlan4	Goll et al. Gut Microbes 2020; DOI 10.1080/19490976.2020.1794263; local MetaPhlAn4 re-analysis	IBS baseline recipients vs healthy donor stool	s__Anaerotignum_sp_MSJ_24	-0.6337585620212536	0.0116661765744268	0.0465037935173705	31	17	True	Goll_2020_FMT_IBS_baseline_vs_donor.standardized.tsv	48	down
Goll_2020_FMT_IBS	local_mannwhitney_metaphlan4	Goll et al. Gut Microbes 2020; DOI 10.1080/19490976.2020.1794263; local MetaPhlAn4 re-analysis	IBS baseline recipients vs healthy donor stool	s__Bacteroides_uniformis	-0.8862197637036012	0.0131633822097351	0.0521125679262115	31	17	True	Goll_2020_FMT_IBS_baseline_vs_donor.standardized.tsv	48	down
Goll_2020_FMT_IBS	local_mannwhitney_metaphlan4	Goll et al. Gut Microbes 2020; DOI 10.1080/19490976.2020.1794263; local MetaPhlAn4 re-analysis	IBS baseline recipients vs healthy donor stool	s__Bifidobacterium_adolescentis	5.700199841003212	0.0133993643867672	0.052685936160214	31	17	True	Goll_2020_FMT_IBS_baseline_vs_donor.standardized.tsv	48	up
Goll_2020_FMT_IBS	local_mannwhitney_metaphlan4	Goll et al. Gut Microbes 2020; DOI 10.1080/19490976.2020.1794263; local MetaPhlAn4 re-analysis	IBS baseline recipients vs healthy donor stool	s__Enterocloster_bolteae	-0.8941544494192724	0.0136774570497753	0.0534160146943928	31	17	True	Goll_2020_FMT_IBS_baseline_vs_donor.standardized.tsv	48	down
Goll_2020_FMT_IBS	local_mannwhitney_metaphlan4	Goll et al. Gut Microbes 2020; DOI 10.1080/19490976.2020.1794263; local MetaPhlAn4 re-analysis	IBS baseline recipients vs healthy donor stool	s__Wansuia_hejianensis	4.067722515417232	0.0153511349642941	0.0565264323700553	31	17	True	Goll_2020_FMT_IBS_baseline_vs_donor.standardized.tsv	48	up
Goll_2020_FMT_IBS	local_mannwhitney_metaphlan4	Goll et al. Gut Microbes 2020; DOI 10.1080/19490976.2020.1794263; local MetaPhlAn4 re-analysis	IBS baseline recipients vs healthy donor stool	s__Clostridium_symbiosum	1.3265286426549432	0.0153608966231787	0.0565264323700553	31	17	True	Goll_2020_FMT_IBS_baseline_vs_donor.standardized.tsv	48	up
Goll_2020_FMT_IBS	local_mannwhitney_metaphlan4	Goll et al. Gut Microbes 2020; DOI 10.1080/19490976.2020.1794263; local MetaPhlAn4 re-analysis	IBS baseline recipients vs healthy donor stool	s__Blautia_obeum	1.9913554777188305	0.0159920098036829	0.0565264323700553	31	17	True	Goll_2020_FMT_IBS_baseline_vs_donor.standardized.tsv	48	up
Goll_2020_FMT_IBS	local_mannwhitney_metaphlan4	Goll et al. Gut Microbes 2020; DOI 10.1080/19490976.2020.1794263; local MetaPhlAn4 re-analysis	IBS baseline recipients vs healthy donor stool	s__Bacteroides_stercoris	18.90331578074059	0.0161364383063306	0.0565264323700553	31	17	True	Goll_2020_FMT_IBS_baseline_vs_donor.standardized.tsv	48	up
Goll_2020_FMT_IBS	local_mannwhitney_metaphlan4	Goll et al. Gut Microbes 2020; DOI 10.1080/19490976.2020.1794263; local MetaPhlAn4 re-analysis	IBS baseline recipients vs healthy donor stool	s__Candidatus_Gastranaerophilales_bacterium	16.64057155392722	0.0161364383063306	0.0565264323700553	31	17	True	Goll_2020_FMT_IBS_baseline_vs_donor.standardized.tsv	48	up
Goll_2020_FMT_IBS	local_mannwhitney_metaphlan4	Goll et al. Gut Microbes 2020; DOI 10.1080/19490976.2020.1794263; local MetaPhlAn4 re-analysis	IBS baseline recipients vs healthy donor stool	s__GGB2998_SGB3989	13.195426806770127	0.0161364383063306	0.0565264323700553	31	17	True	Goll_2020_FMT_IBS_baseline_vs_donor.standardized.tsv	48	up
Goll_2020_FMT_IBS	local_mannwhitney_metaphlan4	Goll et al. Gut Microbes 2020; DOI 10.1080/19490976.2020.1794263; local MetaPhlAn4 re-analysis	IBS baseline recipients vs healthy donor stool	s__GGB3345_SGB4425	16.179263910281644	0.0161364383063306	0.0565264323700553	31	17	True	Goll_2020_FMT_IBS_baseline_vs_donor.standardized.tsv	48	up
Goll_2020_FMT_IBS	local_mannwhitney_metaphlan4	Goll et al. Gut Microbes 2020; DOI 10.1080/19490976.2020.1794263; local MetaPhlAn4 re-analysis	IBS baseline recipients vs healthy donor stool	s__GGB4571_SGB6317	17.962368202566342	0.0161364383063306	0.0565264323700553	31	17	True	Goll_2020_FMT_IBS_baseline_vs_donor.standardized.tsv	48	up
Goll_2020_FMT_IBS	local_mannwhitney_metaphlan4	Goll et al. Gut Microbes 2020; DOI 10.1080/19490976.2020.1794263; local MetaPhlAn4 re-analysis	IBS baseline recipients vs healthy donor stool	s__GGB4768_SGB6601	17.457901310649813	0.0161364383063306	0.0565264323700553	31	17	True	Goll_2020_FMT_IBS_baseline_vs_donor.standardized.tsv	48	up
Goll_2020_FMT_IBS	local_mannwhitney_metaphlan4	Goll et al. Gut Microbes 2020; DOI 10.1080/19490976.2020.1794263; local MetaPhlAn4 re-analysis	IBS baseline recipients vs healthy donor stool	s__GGB9347_SGB14313	15.388322228964189	0.0161364383063306	0.0565264323700553	31	17	True	Goll_2020_FMT_IBS_baseline_vs_donor.standardized.tsv	48	up
Goll_2020_FMT_IBS	local_mannwhitney_metaphlan4	Goll et al. Gut Microbes 2020; DOI 10.1080/19490976.2020.1794263; local MetaPhlAn4 re-analysis	IBS baseline recipients vs healthy donor stool	s__GGB9365_SGB14341	14.827741227937656	0.0161364383063306	0.0565264323700553	31	17	True	Goll_2020_FMT_IBS_baseline_vs_donor.standardized.tsv	48	up
Goll_2020_FMT_IBS	local_mannwhitney_metaphlan4	Goll et al. Gut Microbes 2020; DOI 10.1080/19490976.2020.1794263; local MetaPhlAn4 re-analysis	IBS baseline recipients vs healthy donor stool	s__GGB9545_SGB14951	12.452880531558812	0.0161364383063306	0.0565264323700553	31	17	True	Goll_2020_FMT_IBS_baseline_vs_donor.standardized.tsv	48	up
Goll_2020_FMT_IBS	local_mannwhitney_metaphlan4	Goll et al. Gut Microbes 2020; DOI 10.1080/19490976.2020.1794263; local MetaPhlAn4 re-analysis	IBS baseline recipients vs healthy donor stool	s__GGB9608_SGB15041	10.70147413071252	0.0161364383063306	0.0565264323700553	31	17	True	Goll_2020_FMT_IBS_baseline_vs_donor.standardized.tsv	48	up
Goll_2020_FMT_IBS	local_mannwhitney_metaphlan4	Goll et al. Gut Microbes 2020; DOI 10.1080/19490976.2020.1794263; local MetaPhlAn4 re-analysis	IBS baseline recipients vs healthy donor stool	s__GGB9640_SGB15115	12.598735388459314	0.0161364383063306	0.0565264323700553	31	17	True	Goll_2020_FMT_IBS_baseline_vs_donor.standardized.tsv	48	up
Goll_2020_FMT_IBS	local_mannwhitney_metaphlan4	Goll et al. Gut Microbes 2020; DOI 10.1080/19490976.2020.1794263; local MetaPhlAn4 re-analysis	IBS baseline recipients vs healthy donor stool	s__GGB9715_SGB15267	16.21351643519983	0.0161364383063306	0.0565264323700553	31	17	True	Goll_2020_FMT_IBS_baseline_vs_donor.standardized.tsv	48	up
Goll_2020_FMT_IBS	local_mannwhitney_metaphlan4	Goll et al. Gut Microbes 2020; DOI 10.1080/19490976.2020.1794263; local MetaPhlAn4 re-analysis	IBS baseline recipients vs healthy donor stool	s__GGB9719_SGB15273	13.309975931675329	0.0161364383063306	0.0565264323700553	31	17	True	Goll_2020_FMT_IBS_baseline_vs_donor.standardized.tsv	48	up
Goll_2020_FMT_IBS	local_mannwhitney_metaphlan4	Goll et al. Gut Microbes 2020; DOI 10.1080/19490976.2020.1794263; local MetaPhlAn4 re-analysis	IBS baseline recipients vs healthy donor stool	s__Paraprevotella_clara	17.192156367308524	0.0161364383063306	0.0565264323700553	31	17	True	Goll_2020_FMT_IBS_baseline_vs_donor.standardized.tsv	48	up
Goll_2020_FMT_IBS	local_mannwhitney_metaphlan4	Goll et al. Gut Microbes 2020; DOI 10.1080/19490976.2020.1794263; local MetaPhlAn4 re-analysis	IBS baseline recipients vs healthy donor stool	s__Phocaeicola_dorei	-0.1865130720924309	0.017242960088863	0.0600387405503787	31	17	False	Goll_2020_FMT_IBS_baseline_vs_donor.standardized.tsv	48	down
Goll_2020_FMT_IBS	local_mannwhitney_metaphlan4	Goll et al. Gut Microbes 2020; DOI 10.1080/19490976.2020.1794263; local MetaPhlAn4 re-analysis	IBS baseline recipients vs healthy donor stool	s__GGB3740_SGB5076	-1.8380395035458288	0.0178578796692774	0.0615026912241524	31	17	True	Goll_2020_FMT_IBS_baseline_vs_donor.standardized.tsv	48	down
Goll_2020_FMT_IBS	local_mannwhitney_metaphlan4	Goll et al. Gut Microbes 2020; DOI 10.1080/19490976.2020.1794263; local MetaPhlAn4 re-analysis	IBS baseline recipients vs healthy donor stool	s__Streptococcus_thermophilus	3.270331388431412	0.0178762147502726	0.0615026912241524	31	17	True	Goll_2020_FMT_IBS_baseline_vs_donor.standardized.tsv	48	up
Goll_2020_FMT_IBS	local_mannwhitney_metaphlan4	Goll et al. Gut Microbes 2020; DOI 10.1080/19490976.2020.1794263; local MetaPhlAn4 re-analysis	IBS baseline recipients vs healthy donor stool	s__Roseburia_inulinivorans	-1.5555024761074685	0.018723852564141	0.0640377916099025	31	17	True	Goll_2020_FMT_IBS_baseline_vs_donor.standardized.tsv	48	down
Goll_2020_FMT_IBS	local_mannwhitney_metaphlan4	Goll et al. Gut Microbes 2020; DOI 10.1080/19490976.2020.1794263; local MetaPhlAn4 re-analysis	IBS baseline recipients vs healthy donor stool	s__Turicibacter_bilis	-3.1520024051203674	0.0207251488429535	0.0704655060660421	31	17	True	Goll_2020_FMT_IBS_baseline_vs_donor.standardized.tsv	48	down
Goll_2020_FMT_IBS	local_mannwhitney_metaphlan4	Goll et al. Gut Microbes 2020; DOI 10.1080/19490976.2020.1794263; local MetaPhlAn4 re-analysis	IBS baseline recipients vs healthy donor stool	s__Blautia_wexlerae	2.152049999701388	0.021077495439479	0.0712443997895841	31	17	True	Goll_2020_FMT_IBS_baseline_vs_donor.standardized.tsv	48	up
Goll_2020_FMT_IBS	local_mannwhitney_metaphlan4	Goll et al. Gut Microbes 2020; DOI 10.1080/19490976.2020.1794263; local MetaPhlAn4 re-analysis	IBS baseline recipients vs healthy donor stool	s__Flavonifractor_plautii	-0.67104688515642	0.0244959875597413	0.0748501112134375	31	17	True	Goll_2020_FMT_IBS_baseline_vs_donor.standardized.tsv	48	down
Goll_2020_FMT_IBS	local_mannwhitney_metaphlan4	Goll et al. Gut Microbes 2020; DOI 10.1080/19490976.2020.1794263; local MetaPhlAn4 re-analysis	IBS baseline recipients vs healthy donor stool	s__Clostridium_sp_AM22_11AC	-0.5059792411528351	0.0247464703699082	0.0748501112134375	31	17	True	Goll_2020_FMT_IBS_baseline_vs_donor.standardized.tsv	48	down
Goll_2020_FMT_IBS	local_mannwhitney_metaphlan4	Goll et al. Gut Microbes 2020; DOI 10.1080/19490976.2020.1794263; local MetaPhlAn4 re-analysis	IBS baseline recipients vs healthy donor stool	s__Clostridiaceae_bacterium_Marseille_Q4145	10.416593240938578	0.0249838639924354	0.0748501112134375	31	17	True	Goll_2020_FMT_IBS_baseline_vs_donor.standardized.tsv	48	up
Goll_2020_FMT_IBS	local_mannwhitney_metaphlan4	Goll et al. Gut Microbes 2020; DOI 10.1080/19490976.2020.1794263; local MetaPhlAn4 re-analysis	IBS baseline recipients vs healthy donor stool	s__Anaerotruncus_massiliensis	12.277727991773048	0.0249932032252481	0.0748501112134375	31	17	True	Goll_2020_FMT_IBS_baseline_vs_donor.standardized.tsv	48	up
Goll_2020_FMT_IBS	local_mannwhitney_metaphlan4	Goll et al. Gut Microbes 2020; DOI 10.1080/19490976.2020.1794263; local MetaPhlAn4 re-analysis	IBS baseline recipients vs healthy donor stool	s__Clostridium_spiroforme	13.346670122035643	0.0249932032252481	0.0748501112134375	31	17	True	Goll_2020_FMT_IBS_baseline_vs_donor.standardized.tsv	48	up
Goll_2020_FMT_IBS	local_mannwhitney_metaphlan4	Goll et al. Gut Microbes 2020; DOI 10.1080/19490976.2020.1794263; local MetaPhlAn4 re-analysis	IBS baseline recipients vs healthy donor stool	s__GGB2958_SGB3940	12.686422860554714	0.0249932032252481	0.0748501112134375	31	17	True	Goll_2020_FMT_IBS_baseline_vs_donor.standardized.tsv	48	up
Goll_2020_FMT_IBS	local_mannwhitney_metaphlan4	Goll et al. Gut Microbes 2020; DOI 10.1080/19490976.2020.1794263; local MetaPhlAn4 re-analysis	IBS baseline recipients vs healthy donor stool	s__GGB2980_SGB3962	12.263884401567536	0.0249932032252481	0.0748501112134375	31	17	True	Goll_2020_FMT_IBS_baseline_vs_donor.standardized.tsv	48	up
Goll_2020_FMT_IBS	local_mannwhitney_metaphlan4	Goll et al. Gut Microbes 2020; DOI 10.1080/19490976.2020.1794263; local MetaPhlAn4 re-analysis	IBS baseline recipients vs healthy donor stool	s__GGB2998_SGB3988	12.641971617701897	0.0249932032252481	0.0748501112134375	31	17	True	Goll_2020_FMT_IBS_baseline_vs_donor.standardized.tsv	48	up
Goll_2020_FMT_IBS	local_mannwhitney_metaphlan4	Goll et al. Gut Microbes 2020; DOI 10.1080/19490976.2020.1794263; local MetaPhlAn4 re-analysis	IBS baseline recipients vs healthy donor stool	s__GGB3142_SGB4155	12.2413777310284	0.0249932032252481	0.0748501112134375	31	17	True	Goll_2020_FMT_IBS_baseline_vs_donor.standardized.tsv	48	up
Goll_2020_FMT_IBS	local_mannwhitney_metaphlan4	Goll et al. Gut Microbes 2020; DOI 10.1080/19490976.2020.1794263; local MetaPhlAn4 re-analysis	IBS baseline recipients vs healthy donor stool	s__GGB4585_SGB6340	15.912070629202688	0.0249932032252481	0.0748501112134375	31	17	True	Goll_2020_FMT_IBS_baseline_vs_donor.standardized.tsv	48	up
Goll_2020_FMT_IBS	local_mannwhitney_metaphlan4	Goll et al. Gut Microbes 2020; DOI 10.1080/19490976.2020.1794263; local MetaPhlAn4 re-analysis	IBS baseline recipients vs healthy donor stool	s__GGB4745_SGB6571	14.646854431384613	0.0249932032252481	0.0748501112134375	31	17	True	Goll_2020_FMT_IBS_baseline_vs_donor.standardized.tsv	48	up
Goll_2020_FMT_IBS	local_mannwhitney_metaphlan4	Goll et al. Gut Microbes 2020; DOI 10.1080/19490976.2020.1794263; local MetaPhlAn4 re-analysis	IBS baseline recipients vs healthy donor stool	s__GGB5980_SGB8599	14.020131418989717	0.0249932032252481	0.0748501112134375	31	17	True	Goll_2020_FMT_IBS_baseline_vs_donor.standardized.tsv	48	up
Goll_2020_FMT_IBS	local_mannwhitney_metaphlan4	Goll et al. Gut Microbes 2020; DOI 10.1080/19490976.2020.1794263; local MetaPhlAn4 re-analysis	IBS baseline recipients vs healthy donor stool	s__GGB6612_SGB9346	17.323722442917887	0.0249932032252481	0.0748501112134375	31	17	True	Goll_2020_FMT_IBS_baseline_vs_donor.standardized.tsv	48	up
Goll_2020_FMT_IBS	local_mannwhitney_metaphlan4	Goll et al. Gut Microbes 2020; DOI 10.1080/19490976.2020.1794263; local MetaPhlAn4 re-analysis	IBS baseline recipients vs healthy donor stool	s__GGB6649_SGB9391	13.360187757630817	0.0249932032252481	0.0748501112134375	31	17	True	Goll_2020_FMT_IBS_baseline_vs_donor.standardized.tsv	48	up
Goll_2020_FMT_IBS	local_mannwhitney_metaphlan4	Goll et al. Gut Microbes 2020; DOI 10.1080/19490976.2020.1794263; local MetaPhlAn4 re-analysis	IBS baseline recipients vs healthy donor stool	s__GGB87445_SGB15180	14.800324226305548	0.0249932032252481	0.0748501112134375	31	17	True	Goll_2020_FMT_IBS_baseline_vs_donor.standardized.tsv	48	up
Goll_2020_FMT_IBS	local_mannwhitney_metaphlan4	Goll et al. Gut Microbes 2020; DOI 10.1080/19490976.2020.1794263; local MetaPhlAn4 re-analysis	IBS baseline recipients vs healthy donor stool	s__GGB9512_SGB14909	13.989385913964725	0.0249932032252481	0.0748501112134375	31	17	True	Goll_2020_FMT_IBS_baseline_vs_donor.standardized.tsv	48	up
Goll_2020_FMT_IBS	local_mannwhitney_metaphlan4	Goll et al. Gut Microbes 2020; DOI 10.1080/19490976.2020.1794263; local MetaPhlAn4 re-analysis	IBS baseline recipients vs healthy donor stool	s__GGB9559_SGB14969	11.408381098565602	0.0249932032252481	0.0748501112134375	31	17	True	Goll_2020_FMT_IBS_baseline_vs_donor.standardized.tsv	48	up
Goll_2020_FMT_IBS	local_mannwhitney_metaphlan4	Goll et al. Gut Microbes 2020; DOI 10.1080/19490976.2020.1794263; local MetaPhlAn4 re-analysis	IBS baseline recipients vs healthy donor stool	s__GGB9636_SGB15107	14.414239798021608	0.0249932032252481	0.0748501112134375	31	17	True	Goll_2020_FMT_IBS_baseline_vs_donor.standardized.tsv	48	up
Goll_2020_FMT_IBS	local_mannwhitney_metaphlan4	Goll et al. Gut Microbes 2020; DOI 10.1080/19490976.2020.1794263; local MetaPhlAn4 re-analysis	IBS baseline recipients vs healthy donor stool	s__GGB9766_SGB15383	14.306555589720023	0.0249932032252481	0.0748501112134375	31	17	True	Goll_2020_FMT_IBS_baseline_vs_donor.standardized.tsv	48	up
Goll_2020_FMT_IBS	local_mannwhitney_metaphlan4	Goll et al. Gut Microbes 2020; DOI 10.1080/19490976.2020.1794263; local MetaPhlAn4 re-analysis	IBS baseline recipients vs healthy donor stool	s__GGB9782_SGB15403	13.2931518010463	0.0249932032252481	0.0748501112134375	31	17	True	Goll_2020_FMT_IBS_baseline_vs_donor.standardized.tsv	48	up
Goll_2020_FMT_IBS	local_mannwhitney_metaphlan4	Goll et al. Gut Microbes 2020; DOI 10.1080/19490976.2020.1794263; local MetaPhlAn4 re-analysis	IBS baseline recipients vs healthy donor stool	s__Jingyaoa_shaoxingensis	13.660883708098378	0.0249932032252481	0.0748501112134375	31	17	True	Goll_2020_FMT_IBS_baseline_vs_donor.standardized.tsv	48	up
Goll_2020_FMT_IBS	local_mannwhitney_metaphlan4	Goll et al. Gut Microbes 2020; DOI 10.1080/19490976.2020.1794263; local MetaPhlAn4 re-analysis	IBS baseline recipients vs healthy donor stool	s__Parabacteroides_goldsteinii	14.553306086843374	0.0249932032252481	0.0748501112134375	31	17	True	Goll_2020_FMT_IBS_baseline_vs_donor.standardized.tsv	48	up
Goll_2020_FMT_IBS	local_mannwhitney_metaphlan4	Goll et al. Gut Microbes 2020; DOI 10.1080/19490976.2020.1794263; local MetaPhlAn4 re-analysis	IBS baseline recipients vs healthy donor stool	s__Alistipes_communis	-1.092925053491718	0.0255000405551865	0.0759743476334938	31	17	True	Goll_2020_FMT_IBS_baseline_vs_donor.standardized.tsv	48	down
Goll_2020_FMT_IBS	local_mannwhitney_metaphlan4	Goll et al. Gut Microbes 2020; DOI 10.1080/19490976.2020.1794263; local MetaPhlAn4 re-analysis	IBS baseline recipients vs healthy donor stool	s__Faecalicatena_contorta	-0.3767816646746112	0.0270373193195435	0.0801413875215187	31	17	False	Goll_2020_FMT_IBS_baseline_vs_donor.standardized.tsv	48	down
Goll_2020_FMT_IBS	local_mannwhitney_metaphlan4	Goll et al. Gut Microbes 2020; DOI 10.1080/19490976.2020.1794263; local MetaPhlAn4 re-analysis	IBS baseline recipients vs healthy donor stool	s__Clostridium_sp_AF27_2AA	-1.3923994384963474	0.0300569951636771	0.0886374653296193	31	17	True	Goll_2020_FMT_IBS_baseline_vs_donor.standardized.tsv	48	down
Goll_2020_FMT_IBS	local_mannwhitney_metaphlan4	Goll et al. Gut Microbes 2020; DOI 10.1080/19490976.2020.1794263; local MetaPhlAn4 re-analysis	IBS baseline recipients vs healthy donor stool	s__Faecalibacterium_SGB15346	-0.1396261344505522	0.030859346591654	0.0905416361927716	31	17	False	Goll_2020_FMT_IBS_baseline_vs_donor.standardized.tsv	48	down
Goll_2020_FMT_IBS	local_mannwhitney_metaphlan4	Goll et al. Gut Microbes 2020; DOI 10.1080/19490976.2020.1794263; local MetaPhlAn4 re-analysis	IBS baseline recipients vs healthy donor stool	s__GGB9253_SGB14198	-2.4973265795875346	0.0321995348325196	0.0939966218848299	31	17	True	Goll_2020_FMT_IBS_baseline_vs_donor.standardized.tsv	48	down
Goll_2020_FMT_IBS	local_mannwhitney_metaphlan4	Goll et al. Gut Microbes 2020; DOI 10.1080/19490976.2020.1794263; local MetaPhlAn4 re-analysis	IBS baseline recipients vs healthy donor stool	s__GGB3478_SGB4643	5.470450119164286	0.0325746607697161	0.0946138388185726	31	17	True	Goll_2020_FMT_IBS_baseline_vs_donor.standardized.tsv	48	up
Goll_2020_FMT_IBS	local_mannwhitney_metaphlan4	Goll et al. Gut Microbes 2020; DOI 10.1080/19490976.2020.1794263; local MetaPhlAn4 re-analysis	IBS baseline recipients vs healthy donor stool	s__GGB9707_SGB15229	4.509046542723845	0.0364287860494915	0.0962335765512352	31	17	True	Goll_2020_FMT_IBS_baseline_vs_donor.standardized.tsv	48	up
Goll_2020_FMT_IBS	local_mannwhitney_metaphlan4	Goll et al. Gut Microbes 2020; DOI 10.1080/19490976.2020.1794263; local MetaPhlAn4 re-analysis	IBS baseline recipients vs healthy donor stool	s__Dialister_invisus	0.0033332142152881	0.0373571672572188	0.0962335765512352	31	17	False	Goll_2020_FMT_IBS_baseline_vs_donor.standardized.tsv	48	up
Goll_2020_FMT_IBS	local_mannwhitney_metaphlan4	Goll et al. Gut Microbes 2020; DOI 10.1080/19490976.2020.1794263; local MetaPhlAn4 re-analysis	IBS baseline recipients vs healthy donor stool	s__GGB9620_SGB15070	-1.6142795514554154	0.0381344297188449	0.0962335765512352	31	17	True	Goll_2020_FMT_IBS_baseline_vs_donor.standardized.tsv	48	down
Goll_2020_FMT_IBS	local_mannwhitney_metaphlan4	Goll et al. Gut Microbes 2020; DOI 10.1080/19490976.2020.1794263; local MetaPhlAn4 re-analysis	IBS baseline recipients vs healthy donor stool	s__Anaerotruncus_rubiinfantis	7.922512480232839	0.0382797181698791	0.0962335765512352	31	17	True	Goll_2020_FMT_IBS_baseline_vs_donor.standardized.tsv	48	up
Goll_2020_FMT_IBS	local_mannwhitney_metaphlan4	Goll et al. Gut Microbes 2020; DOI 10.1080/19490976.2020.1794263; local MetaPhlAn4 re-analysis	IBS baseline recipients vs healthy donor stool	s__GGB9537_SGB14940	12.23202432280673	0.0382797181698791	0.0962335765512352	31	17	True	Goll_2020_FMT_IBS_baseline_vs_donor.standardized.tsv	48	up
Goll_2020_FMT_IBS	local_mannwhitney_metaphlan4	Goll et al. Gut Microbes 2020; DOI 10.1080/19490976.2020.1794263; local MetaPhlAn4 re-analysis	IBS baseline recipients vs healthy donor stool	s__Bacteroides_intestinalis	19.070491311161867	0.0382936377280001	0.0962335765512352	31	17	True	Goll_2020_FMT_IBS_baseline_vs_donor.standardized.tsv	48	up
Goll_2020_FMT_IBS	local_mannwhitney_metaphlan4	Goll et al. Gut Microbes 2020; DOI 10.1080/19490976.2020.1794263; local MetaPhlAn4 re-analysis	IBS baseline recipients vs healthy donor stool	s__Candidatus_Borkfalkia_ceftriaxoniphila	13.888629731136447	0.0382936377280001	0.0962335765512352	31	17	True	Goll_2020_FMT_IBS_baseline_vs_donor.standardized.tsv	48	up
Goll_2020_FMT_IBS	local_mannwhitney_metaphlan4	Goll et al. Gut Microbes 2020; DOI 10.1080/19490976.2020.1794263; local MetaPhlAn4 re-analysis	IBS baseline recipients vs healthy donor stool	s__Clostridiaceae_unclassified_SGB15090	14.146966387677736	0.0382936377280001	0.0962335765512352	31	17	True	Goll_2020_FMT_IBS_baseline_vs_donor.standardized.tsv	48	up
Goll_2020_FMT_IBS	local_mannwhitney_metaphlan4	Goll et al. Gut Microbes 2020; DOI 10.1080/19490976.2020.1794263; local MetaPhlAn4 re-analysis	IBS baseline recipients vs healthy donor stool	s__Clostridium_scindens	14.284593266049535	0.0382936377280001	0.0962335765512352	31	17	True	Goll_2020_FMT_IBS_baseline_vs_donor.standardized.tsv	48	up
Goll_2020_FMT_IBS	local_mannwhitney_metaphlan4	Goll et al. Gut Microbes 2020; DOI 10.1080/19490976.2020.1794263; local MetaPhlAn4 re-analysis	IBS baseline recipients vs healthy donor stool	s__Eisenbergiella_massiliensis	12.316838059786113	0.0382936377280001	0.0962335765512352	31	17	True	Goll_2020_FMT_IBS_baseline_vs_donor.standardized.tsv	48	up
Goll_2020_FMT_IBS	local_mannwhitney_metaphlan4	Goll et al. Gut Microbes 2020; DOI 10.1080/19490976.2020.1794263; local MetaPhlAn4 re-analysis	IBS baseline recipients vs healthy donor stool	s__Feifania_hominis	8.5527311039036	0.0382936377280001	0.0962335765512352	31	17	True	Goll_2020_FMT_IBS_baseline_vs_donor.standardized.tsv	48	up
Goll_2020_FMT_IBS	local_mannwhitney_metaphlan4	Goll et al. Gut Microbes 2020; DOI 10.1080/19490976.2020.1794263; local MetaPhlAn4 re-analysis	IBS baseline recipients vs healthy donor stool	s__GGB2848_SGB3813	11.20498520040595	0.0382936377280001	0.0962335765512352	31	17	True	Goll_2020_FMT_IBS_baseline_vs_donor.standardized.tsv	48	up
Goll_2020_FMT_IBS	local_mannwhitney_metaphlan4	Goll et al. Gut Microbes 2020; DOI 10.1080/19490976.2020.1794263; local MetaPhlAn4 re-analysis	IBS baseline recipients vs healthy donor stool	s__GGB3034_SGB4030	11.531239949804784	0.0382936377280001	0.0962335765512352	31	17	True	Goll_2020_FMT_IBS_baseline_vs_donor.standardized.tsv	48	up
Goll_2020_FMT_IBS	local_mannwhitney_metaphlan4	Goll et al. Gut Microbes 2020; DOI 10.1080/19490976.2020.1794263; local MetaPhlAn4 re-analysis	IBS baseline recipients vs healthy donor stool	s__GGB34900_SGB14891	9.987539098191874	0.0382936377280001	0.0962335765512352	31	17	True	Goll_2020_FMT_IBS_baseline_vs_donor.standardized.tsv	48	up
Goll_2020_FMT_IBS	local_mannwhitney_metaphlan4	Goll et al. Gut Microbes 2020; DOI 10.1080/19490976.2020.1794263; local MetaPhlAn4 re-analysis	IBS baseline recipients vs healthy donor stool	s__GGB51647_SGB4348	21.062528768688267	0.0382936377280001	0.0962335765512352	31	17	True	Goll_2020_FMT_IBS_baseline_vs_donor.standardized.tsv	48	up
Goll_2020_FMT_IBS	local_mannwhitney_metaphlan4	Goll et al. Gut Microbes 2020; DOI 10.1080/19490976.2020.1794263; local MetaPhlAn4 re-analysis	IBS baseline recipients vs healthy donor stool	s__GGB52106_SGB72838	11.538767792204286	0.0382936377280001	0.0962335765512352	31	17	True	Goll_2020_FMT_IBS_baseline_vs_donor.standardized.tsv	48	up
Goll_2020_FMT_IBS	local_mannwhitney_metaphlan4	Goll et al. Gut Microbes 2020; DOI 10.1080/19490976.2020.1794263; local MetaPhlAn4 re-analysis	IBS baseline recipients vs healthy donor stool	s__GGB58158_SGB79798	8.832379610529783	0.0382936377280001	0.0962335765512352	31	17	True	Goll_2020_FMT_IBS_baseline_vs_donor.standardized.tsv	48	up
Goll_2020_FMT_IBS	local_mannwhitney_metaphlan4	Goll et al. Gut Microbes 2020; DOI 10.1080/19490976.2020.1794263; local MetaPhlAn4 re-analysis	IBS baseline recipients vs healthy donor stool	s__GGB9547_SGB14954	14.454118922455937	0.0382936377280001	0.0962335765512352	31	17	True	Goll_2020_FMT_IBS_baseline_vs_donor.standardized.tsv	48	up
Goll_2020_FMT_IBS	local_mannwhitney_metaphlan4	Goll et al. Gut Microbes 2020; DOI 10.1080/19490976.2020.1794263; local MetaPhlAn4 re-analysis	IBS baseline recipients vs healthy donor stool	s__GGB9602_SGB15028	13.785917130072622	0.0382936377280001	0.0962335765512352	31	17	True	Goll_2020_FMT_IBS_baseline_vs_donor.standardized.tsv	48	up
Goll_2020_FMT_IBS	local_mannwhitney_metaphlan4	Goll et al. Gut Microbes 2020; DOI 10.1080/19490976.2020.1794263; local MetaPhlAn4 re-analysis	IBS baseline recipients vs healthy donor stool	s__GGB9719_SGB15272	11.728455424238977	0.0382936377280001	0.0962335765512352	31	17	True	Goll_2020_FMT_IBS_baseline_vs_donor.standardized.tsv	48	up
Goll_2020_FMT_IBS	local_mannwhitney_metaphlan4	Goll et al. Gut Microbes 2020; DOI 10.1080/19490976.2020.1794263; local MetaPhlAn4 re-analysis	IBS baseline recipients vs healthy donor stool	s__GGB9747_SGB15356	17.25357142313191	0.0382936377280001	0.0962335765512352	31	17	True	Goll_2020_FMT_IBS_baseline_vs_donor.standardized.tsv	48	up
Goll_2020_FMT_IBS	local_mannwhitney_metaphlan4	Goll et al. Gut Microbes 2020; DOI 10.1080/19490976.2020.1794263; local MetaPhlAn4 re-analysis	IBS baseline recipients vs healthy donor stool	s__GGB9781_SGB15402	10.77820964519485	0.0382936377280001	0.0962335765512352	31	17	True	Goll_2020_FMT_IBS_baseline_vs_donor.standardized.tsv	48	up
Goll_2020_FMT_IBS	local_mannwhitney_metaphlan4	Goll et al. Gut Microbes 2020; DOI 10.1080/19490976.2020.1794263; local MetaPhlAn4 re-analysis	IBS baseline recipients vs healthy donor stool	s__GGB9781_SGB66170	11.592954307286202	0.0382936377280001	0.0962335765512352	31	17	True	Goll_2020_FMT_IBS_baseline_vs_donor.standardized.tsv	48	up
Goll_2020_FMT_IBS	local_mannwhitney_metaphlan4	Goll et al. Gut Microbes 2020; DOI 10.1080/19490976.2020.1794263; local MetaPhlAn4 re-analysis	IBS baseline recipients vs healthy donor stool	s__Gordonibacter_pamelaeae	13.06958511887681	0.0382936377280001	0.0962335765512352	31	17	True	Goll_2020_FMT_IBS_baseline_vs_donor.standardized.tsv	48	up
Goll_2020_FMT_IBS	local_mannwhitney_metaphlan4	Goll et al. Gut Microbes 2020; DOI 10.1080/19490976.2020.1794263; local MetaPhlAn4 re-analysis	IBS baseline recipients vs healthy donor stool	s__Lawsonibacter_SGB15145	12.171671178230278	0.0382936377280001	0.0962335765512352	31	17	True	Goll_2020_FMT_IBS_baseline_vs_donor.standardized.tsv	48	up
Goll_2020_FMT_IBS	local_mannwhitney_metaphlan4	Goll et al. Gut Microbes 2020; DOI 10.1080/19490976.2020.1794263; local MetaPhlAn4 re-analysis	IBS baseline recipients vs healthy donor stool	s__Phascolarctobacterium_faecium	17.50056308898929	0.0382936377280001	0.0962335765512352	31	17	True	Goll_2020_FMT_IBS_baseline_vs_donor.standardized.tsv	48	up
Goll_2020_FMT_IBS	local_mannwhitney_metaphlan4	Goll et al. Gut Microbes 2020; DOI 10.1080/19490976.2020.1794263; local MetaPhlAn4 re-analysis	IBS baseline recipients vs healthy donor stool	s__Ruminococcus_sp_AF41_9	13.405197266147669	0.0382936377280001	0.0962335765512352	31	17	True	Goll_2020_FMT_IBS_baseline_vs_donor.standardized.tsv	48	up
Goll_2020_FMT_IBS	local_mannwhitney_metaphlan4	Goll et al. Gut Microbes 2020; DOI 10.1080/19490976.2020.1794263; local MetaPhlAn4 re-analysis	IBS baseline recipients vs healthy donor stool	s__Streptococcus_gordonii	11.359979763174143	0.0382936377280001	0.0962335765512352	31	17	True	Goll_2020_FMT_IBS_baseline_vs_donor.standardized.tsv	48	up
Goll_2020_FMT_IBS	local_mannwhitney_metaphlan4	Goll et al. Gut Microbes 2020; DOI 10.1080/19490976.2020.1794263; local MetaPhlAn4 re-analysis	IBS baseline recipients vs healthy donor stool	s__Vescimonas_fastidiosa	12.520183007810832	0.0382936377280001	0.0962335765512352	31	17	True	Goll_2020_FMT_IBS_baseline_vs_donor.standardized.tsv	48	up
Goll_2020_FMT_IBS	local_mannwhitney_metaphlan4	Goll et al. Gut Microbes 2020; DOI 10.1080/19490976.2020.1794263; local MetaPhlAn4 re-analysis	IBS baseline recipients vs healthy donor stool	s__Yanshouia_hominis	12.253533008650232	0.0382936377280001	0.0962335765512352	31	17	True	Goll_2020_FMT_IBS_baseline_vs_donor.standardized.tsv	48	up
Goll_2020_FMT_IBS	local_mannwhitney_metaphlan4	Goll et al. Gut Microbes 2020; DOI 10.1080/19490976.2020.1794263; local MetaPhlAn4 re-analysis	IBS baseline recipients vs healthy donor stool	s__Zhenpiania_hominis	11.244651577476034	0.0382936377280001	0.0962335765512352	31	17	True	Goll_2020_FMT_IBS_baseline_vs_donor.standardized.tsv	48	up
Goll_2020_FMT_IBS	local_mannwhitney_metaphlan4	Goll et al. Gut Microbes 2020; DOI 10.1080/19490976.2020.1794263; local MetaPhlAn4 re-analysis	IBS baseline recipients vs healthy donor stool	s__Eubacterium_rectale	1.313834169972605	0.0384812245263218	0.0962863540095844	31	17	True	Goll_2020_FMT_IBS_baseline_vs_donor.standardized.tsv	48	up
Goll_2020_FMT_IBS	local_mannwhitney_metaphlan4	Goll et al. Gut Microbes 2020; DOI 10.1080/19490976.2020.1794263; local MetaPhlAn4 re-analysis	IBS baseline recipients vs healthy donor stool	s__GGB9627_SGB15081	2.7483342096699803	0.0386599499886618	0.0963165995407178	31	17	True	Goll_2020_FMT_IBS_baseline_vs_donor.standardized.tsv	48	up
Goll_2020_FMT_IBS	local_mannwhitney_metaphlan4	Goll et al. Gut Microbes 2020; DOI 10.1080/19490976.2020.1794263; local MetaPhlAn4 re-analysis	IBS baseline recipients vs healthy donor stool	s__Bacteroides_caccae	-0.4954279761175683	0.0446229526155646	0.1106955648574951	31	17	False	Goll_2020_FMT_IBS_baseline_vs_donor.standardized.tsv	48	down
Goll_2020_FMT_IBS	local_mannwhitney_metaphlan4	Goll et al. Gut Microbes 2020; DOI 10.1080/19490976.2020.1794263; local MetaPhlAn4 re-analysis	IBS baseline recipients vs healthy donor stool	s__Clostridiales_bacterium_KLE1615	1.915082785408094	0.0466207297099343	0.1151571870612907	31	17	False	Goll_2020_FMT_IBS_baseline_vs_donor.standardized.tsv	48	up
Goll_2020_FMT_IBS	local_mannwhitney_metaphlan4	Goll et al. Gut Microbes 2020; DOI 10.1080/19490976.2020.1794263; local MetaPhlAn4 re-analysis	IBS baseline recipients vs healthy donor stool	s__Clostridium_fessum	1.4219593260886452	0.0475517104087952	0.1169569728352496	31	17	False	Goll_2020_FMT_IBS_baseline_vs_donor.standardized.tsv	48	up
Goll_2020_FMT_IBS	local_mannwhitney_metaphlan4	Goll et al. Gut Microbes 2020; DOI 10.1080/19490976.2020.1794263; local MetaPhlAn4 re-analysis	IBS baseline recipients vs healthy donor stool	s__Acidaminococcus_intestini	17.48600908241111	0.0581487841046282	0.1282824321086836	31	17	False	Goll_2020_FMT_IBS_baseline_vs_donor.standardized.tsv	48	up
Goll_2020_FMT_IBS	local_mannwhitney_metaphlan4	Goll et al. Gut Microbes 2020; DOI 10.1080/19490976.2020.1794263; local MetaPhlAn4 re-analysis	IBS baseline recipients vs healthy donor stool	s__Bifidobacterium_animalis	13.112675979533789	0.0581487841046282	0.1282824321086836	31	17	False	Goll_2020_FMT_IBS_baseline_vs_donor.standardized.tsv	48	up
Goll_2020_FMT_IBS	local_mannwhitney_metaphlan4	Goll et al. Gut Microbes 2020; DOI 10.1080/19490976.2020.1794263; local MetaPhlAn4 re-analysis	IBS baseline recipients vs healthy donor stool	s__Bifidobacterium_bifidum	18.56472778177797	0.0581487841046282	0.1282824321086836	31	17	False	Goll_2020_FMT_IBS_baseline_vs_donor.standardized.tsv	48	up
Goll_2020_FMT_IBS	local_mannwhitney_metaphlan4	Goll et al. Gut Microbes 2020; DOI 10.1080/19490976.2020.1794263; local MetaPhlAn4 re-analysis	IBS baseline recipients vs healthy donor stool	s__Cutibacterium_acnes	11.712180275676994	0.0581487841046282	0.1282824321086836	31	17	False	Goll_2020_FMT_IBS_baseline_vs_donor.standardized.tsv	48	up
Goll_2020_FMT_IBS	local_mannwhitney_metaphlan4	Goll et al. Gut Microbes 2020; DOI 10.1080/19490976.2020.1794263; local MetaPhlAn4 re-analysis	IBS baseline recipients vs healthy donor stool	s__Diplocloster_agilis	8.800378078726698	0.0581487841046282	0.1282824321086836	31	17	False	Goll_2020_FMT_IBS_baseline_vs_donor.standardized.tsv	48	up
Goll_2020_FMT_IBS	local_mannwhitney_metaphlan4	Goll et al. Gut Microbes 2020; DOI 10.1080/19490976.2020.1794263; local MetaPhlAn4 re-analysis	IBS baseline recipients vs healthy donor stool	s__GGB13493_SGB15238	12.582969029495334	0.0581487841046282	0.1282824321086836	31	17	False	Goll_2020_FMT_IBS_baseline_vs_donor.standardized.tsv	48	up
Goll_2020_FMT_IBS	local_mannwhitney_metaphlan4	Goll et al. Gut Microbes 2020; DOI 10.1080/19490976.2020.1794263; local MetaPhlAn4 re-analysis	IBS baseline recipients vs healthy donor stool	s__GGB1420_SGB1957	15.391703733078858	0.0581487841046282	0.1282824321086836	31	17	False	Goll_2020_FMT_IBS_baseline_vs_donor.standardized.tsv	48	up
Goll_2020_FMT_IBS	local_mannwhitney_metaphlan4	Goll et al. Gut Microbes 2020; DOI 10.1080/19490976.2020.1794263; local MetaPhlAn4 re-analysis	IBS baseline recipients vs healthy donor stool	s__GGB3033_SGB4029	11.661648783050564	0.0581487841046282	0.1282824321086836	31	17	False	Goll_2020_FMT_IBS_baseline_vs_donor.standardized.tsv	48	up
Goll_2020_FMT_IBS	local_mannwhitney_metaphlan4	Goll et al. Gut Microbes 2020; DOI 10.1080/19490976.2020.1794263; local MetaPhlAn4 re-analysis	IBS baseline recipients vs healthy donor stool	s__GGB3256_SGB4303	19.233150246919443	0.0581487841046282	0.1282824321086836	31	17	False	Goll_2020_FMT_IBS_baseline_vs_donor.standardized.tsv	48	up
Goll_2020_FMT_IBS	local_mannwhitney_metaphlan4	Goll et al. Gut Microbes 2020; DOI 10.1080/19490976.2020.1794263; local MetaPhlAn4 re-analysis	IBS baseline recipients vs healthy donor stool	s__GGB3363_SGB4448	13.379094468264125	0.0581487841046282	0.1282824321086836	31	17	False	Goll_2020_FMT_IBS_baseline_vs_donor.standardized.tsv	48	up
Goll_2020_FMT_IBS	local_mannwhitney_metaphlan4	Goll et al. Gut Microbes 2020; DOI 10.1080/19490976.2020.1794263; local MetaPhlAn4 re-analysis	IBS baseline recipients vs healthy donor stool	s__GGB3510_SGB4687	12.31409891418364	0.0581487841046282	0.1282824321086836	31	17	False	Goll_2020_FMT_IBS_baseline_vs_donor.standardized.tsv	48	up
Goll_2020_FMT_IBS	local_mannwhitney_metaphlan4	Goll et al. Gut Microbes 2020; DOI 10.1080/19490976.2020.1794263; local MetaPhlAn4 re-analysis	IBS baseline recipients vs healthy donor stool	s__GGB42639_SGB59836	14.371010290433317	0.0581487841046282	0.1282824321086836	31	17	False	Goll_2020_FMT_IBS_baseline_vs_donor.standardized.tsv	48	up
Goll_2020_FMT_IBS	local_mannwhitney_metaphlan4	Goll et al. Gut Microbes 2020; DOI 10.1080/19490976.2020.1794263; local MetaPhlAn4 re-analysis	IBS baseline recipients vs healthy donor stool	s__GGB4605_SGB6376	14.21449782574251	0.0581487841046282	0.1282824321086836	31	17	False	Goll_2020_FMT_IBS_baseline_vs_donor.standardized.tsv	48	up
Goll_2020_FMT_IBS	local_mannwhitney_metaphlan4	Goll et al. Gut Microbes 2020; DOI 10.1080/19490976.2020.1794263; local MetaPhlAn4 re-analysis	IBS baseline recipients vs healthy donor stool	s__GGB51441_SGB71759	11.702996492484584	0.0581487841046282	0.1282824321086836	31	17	False	Goll_2020_FMT_IBS_baseline_vs_donor.standardized.tsv	48	up
Goll_2020_FMT_IBS	local_mannwhitney_metaphlan4	Goll et al. Gut Microbes 2020; DOI 10.1080/19490976.2020.1794263; local MetaPhlAn4 re-analysis	IBS baseline recipients vs healthy donor stool	s__GGB74463_SGB54347	11.577809485473905	0.0581487841046282	0.1282824321086836	31	17	False	Goll_2020_FMT_IBS_baseline_vs_donor.standardized.tsv	48	up
Goll_2020_FMT_IBS	local_mannwhitney_metaphlan4	Goll et al. Gut Microbes 2020; DOI 10.1080/19490976.2020.1794263; local MetaPhlAn4 re-analysis	IBS baseline recipients vs healthy donor stool	s__GGB9064_SGB13983	13.260326785017174	0.0581487841046282	0.1282824321086836	31	17	False	Goll_2020_FMT_IBS_baseline_vs_donor.standardized.tsv	48	up
Goll_2020_FMT_IBS	local_mannwhitney_metaphlan4	Goll et al. Gut Microbes 2020; DOI 10.1080/19490976.2020.1794263; local MetaPhlAn4 re-analysis	IBS baseline recipients vs healthy donor stool	s__GGB9176_SGB14114	16.126762316441724	0.0581487841046282	0.1282824321086836	31	17	False	Goll_2020_FMT_IBS_baseline_vs_donor.standardized.tsv	48	up
Goll_2020_FMT_IBS	local_mannwhitney_metaphlan4	Goll et al. Gut Microbes 2020; DOI 10.1080/19490976.2020.1794263; local MetaPhlAn4 re-analysis	IBS baseline recipients vs healthy donor stool	s__GGB9296_SGB14253	12.61722305361724	0.0581487841046282	0.1282824321086836	31	17	False	Goll_2020_FMT_IBS_baseline_vs_donor.standardized.tsv	48	up
Goll_2020_FMT_IBS	local_mannwhitney_metaphlan4	Goll et al. Gut Microbes 2020; DOI 10.1080/19490976.2020.1794263; local MetaPhlAn4 re-analysis	IBS baseline recipients vs healthy donor stool	s__GGB9453_SGB14844	11.253637820604265	0.0581487841046282	0.1282824321086836	31	17	False	Goll_2020_FMT_IBS_baseline_vs_donor.standardized.tsv	48	up
Goll_2020_FMT_IBS	local_mannwhitney_metaphlan4	Goll et al. Gut Microbes 2020; DOI 10.1080/19490976.2020.1794263; local MetaPhlAn4 re-analysis	IBS baseline recipients vs healthy donor stool	s__GGB9619_SGB15066	11.543920547701148	0.0581487841046282	0.1282824321086836	31	17	False	Goll_2020_FMT_IBS_baseline_vs_donor.standardized.tsv	48	up
Goll_2020_FMT_IBS	local_mannwhitney_metaphlan4	Goll et al. Gut Microbes 2020; DOI 10.1080/19490976.2020.1794263; local MetaPhlAn4 re-analysis	IBS baseline recipients vs healthy donor stool	s__GGB9715_SGB15260	14.626391646381755	0.0581487841046282	0.1282824321086836	31	17	False	Goll_2020_FMT_IBS_baseline_vs_donor.standardized.tsv	48	up
Goll_2020_FMT_IBS	local_mannwhitney_metaphlan4	Goll et al. Gut Microbes 2020; DOI 10.1080/19490976.2020.1794263; local MetaPhlAn4 re-analysis	IBS baseline recipients vs healthy donor stool	s__GGB9775_SGB15395	13.572230380299445	0.0581487841046282	0.1282824321086836	31	17	False	Goll_2020_FMT_IBS_baseline_vs_donor.standardized.tsv	48	up
Goll_2020_FMT_IBS	local_mannwhitney_metaphlan4	Goll et al. Gut Microbes 2020; DOI 10.1080/19490976.2020.1794263; local MetaPhlAn4 re-analysis	IBS baseline recipients vs healthy donor stool	s__GGB9787_SGB15410	10.521315474411384	0.0581487841046282	0.1282824321086836	31	17	False	Goll_2020_FMT_IBS_baseline_vs_donor.standardized.tsv	48	up
Goll_2020_FMT_IBS	local_mannwhitney_metaphlan4	Goll et al. Gut Microbes 2020; DOI 10.1080/19490976.2020.1794263; local MetaPhlAn4 re-analysis	IBS baseline recipients vs healthy donor stool	s__Holdemania_sp_1001095H_141210_F2	12.395041692178882	0.0581487841046282	0.1282824321086836	31	17	False	Goll_2020_FMT_IBS_baseline_vs_donor.standardized.tsv	48	up
Goll_2020_FMT_IBS	local_mannwhitney_metaphlan4	Goll et al. Gut Microbes 2020; DOI 10.1080/19490976.2020.1794263; local MetaPhlAn4 re-analysis	IBS baseline recipients vs healthy donor stool	s__Ligaoa_zhengdingensis	10.4674412395137	0.0581487841046282	0.1282824321086836	31	17	False	Goll_2020_FMT_IBS_baseline_vs_donor.standardized.tsv	48	up
Goll_2020_FMT_IBS	local_mannwhitney_metaphlan4	Goll et al. Gut Microbes 2020; DOI 10.1080/19490976.2020.1794263; local MetaPhlAn4 re-analysis	IBS baseline recipients vs healthy donor stool	s__Mediterraneibacter_sp_NSJ_151	12.108893256280544	0.0581487841046282	0.1282824321086836	31	17	False	Goll_2020_FMT_IBS_baseline_vs_donor.standardized.tsv	48	up
Goll_2020_FMT_IBS	local_mannwhitney_metaphlan4	Goll et al. Gut Microbes 2020; DOI 10.1080/19490976.2020.1794263; local MetaPhlAn4 re-analysis	IBS baseline recipients vs healthy donor stool	s__Victivallis_lenta	11.840054504891327	0.0581487841046282	0.1282824321086836	31	17	False	Goll_2020_FMT_IBS_baseline_vs_donor.standardized.tsv	48	up
Goll_2020_FMT_IBS	local_mannwhitney_metaphlan4	Goll et al. Gut Microbes 2020; DOI 10.1080/19490976.2020.1794263; local MetaPhlAn4 re-analysis	IBS baseline recipients vs healthy donor stool	s__Holdemania_filiformis	4.242634226369911	0.0610571688686377	0.1341864775896297	31	17	False	Goll_2020_FMT_IBS_baseline_vs_donor.standardized.tsv	48	up
Goll_2020_FMT_IBS	local_mannwhitney_metaphlan4	Goll et al. Gut Microbes 2020; DOI 10.1080/19490976.2020.1794263; local MetaPhlAn4 re-analysis	IBS baseline recipients vs healthy donor stool	s__Clostridiaceae_bacterium	1.24699531732951	0.0637538208553241	0.1395822289938536	31	17	False	Goll_2020_FMT_IBS_baseline_vs_donor.standardized.tsv	48	up
Goll_2020_FMT_IBS	local_mannwhitney_metaphlan4	Goll et al. Gut Microbes 2020; DOI 10.1080/19490976.2020.1794263; local MetaPhlAn4 re-analysis	IBS baseline recipients vs healthy donor stool	s__Coprobacter_secundus	-0.1811319084834813	0.0696355595329965	0.1518843524908376	31	17	False	Goll_2020_FMT_IBS_baseline_vs_donor.standardized.tsv	48	down
Goll_2020_FMT_IBS	local_mannwhitney_metaphlan4	Goll et al. Gut Microbes 2020; DOI 10.1080/19490976.2020.1794263; local MetaPhlAn4 re-analysis	IBS baseline recipients vs healthy donor stool	s__Oscillospiraceae_bacterium_Marseille_Q3528	1.023929456795162	0.0700189071702521	0.15214634715942	31	17	False	Goll_2020_FMT_IBS_baseline_vs_donor.standardized.tsv	48	up
Goll_2020_FMT_IBS	local_mannwhitney_metaphlan4	Goll et al. Gut Microbes 2020; DOI 10.1080/19490976.2020.1794263; local MetaPhlAn4 re-analysis	IBS baseline recipients vs healthy donor stool	s__GGB9646_SGB15123	1.942185796650336	0.0732825481194837	0.1571575980438712	31	17	False	Goll_2020_FMT_IBS_baseline_vs_donor.standardized.tsv	48	up
Goll_2020_FMT_IBS	local_mannwhitney_metaphlan4	Goll et al. Gut Microbes 2020; DOI 10.1080/19490976.2020.1794263; local MetaPhlAn4 re-analysis	IBS baseline recipients vs healthy donor stool	s__Dorea_formicigenerans	1.5980844872031303	0.0734219869112262	0.1571575980438712	31	17	False	Goll_2020_FMT_IBS_baseline_vs_donor.standardized.tsv	48	up
Goll_2020_FMT_IBS	local_mannwhitney_metaphlan4	Goll et al. Gut Microbes 2020; DOI 10.1080/19490976.2020.1794263; local MetaPhlAn4 re-analysis	IBS baseline recipients vs healthy donor stool	s__GGB3612_SGB4882	6.546811620641964	0.0744349393194413	0.1571575980438712	31	17	False	Goll_2020_FMT_IBS_baseline_vs_donor.standardized.tsv	48	up
Goll_2020_FMT_IBS	local_mannwhitney_metaphlan4	Goll et al. Gut Microbes 2020; DOI 10.1080/19490976.2020.1794263; local MetaPhlAn4 re-analysis	IBS baseline recipients vs healthy donor stool	s__Faecalibacterium_sp_CLA_AA_H233	2.1670587224656463	0.0747196484181703	0.1571575980438712	31	17	False	Goll_2020_FMT_IBS_baseline_vs_donor.standardized.tsv	48	up
Goll_2020_FMT_IBS	local_mannwhitney_metaphlan4	Goll et al. Gut Microbes 2020; DOI 10.1080/19490976.2020.1794263; local MetaPhlAn4 re-analysis	IBS baseline recipients vs healthy donor stool	s__Faecalibacillus_faecis	12.233247155154082	0.0762774834642064	0.1571575980438712	31	17	False	Goll_2020_FMT_IBS_baseline_vs_donor.standardized.tsv	48	up
Goll_2020_FMT_IBS	local_mannwhitney_metaphlan4	Goll et al. Gut Microbes 2020; DOI 10.1080/19490976.2020.1794263; local MetaPhlAn4 re-analysis	IBS baseline recipients vs healthy donor stool	s__Faecalibacterium_prausnitzii	-0.2243906450521105	0.0771081069166824	0.1571575980438712	31	17	False	Goll_2020_FMT_IBS_baseline_vs_donor.standardized.tsv	48	down
Goll_2020_FMT_IBS	local_mannwhitney_metaphlan4	Goll et al. Gut Microbes 2020; DOI 10.1080/19490976.2020.1794263; local MetaPhlAn4 re-analysis	IBS baseline recipients vs healthy donor stool	s__Enterocloster_hominis	3.1901454698505245	0.083369383555115	0.1571575980438712	31	17	False	Goll_2020_FMT_IBS_baseline_vs_donor.standardized.tsv	48	up
Goll_2020_FMT_IBS	local_mannwhitney_metaphlan4	Goll et al. Gut Microbes 2020; DOI 10.1080/19490976.2020.1794263; local MetaPhlAn4 re-analysis	IBS baseline recipients vs healthy donor stool	s__Klebsiella_pneumoniae	4.255535630324203	0.087377843966807	0.1571575980438712	31	17	False	Goll_2020_FMT_IBS_baseline_vs_donor.standardized.tsv	48	up
Goll_2020_FMT_IBS	local_mannwhitney_metaphlan4	Goll et al. Gut Microbes 2020; DOI 10.1080/19490976.2020.1794263; local MetaPhlAn4 re-analysis	IBS baseline recipients vs healthy donor stool	s__Amedibacillus_dolichus	12.588722218973455	0.0877270140563557	0.1571575980438712	31	17	False	Goll_2020_FMT_IBS_baseline_vs_donor.standardized.tsv	48	up
Goll_2020_FMT_IBS	local_mannwhitney_metaphlan4	Goll et al. Gut Microbes 2020; DOI 10.1080/19490976.2020.1794263; local MetaPhlAn4 re-analysis	IBS baseline recipients vs healthy donor stool	s__Bacteroides_finegoldii	16.207618924160858	0.0877270140563557	0.1571575980438712	31	17	False	Goll_2020_FMT_IBS_baseline_vs_donor.standardized.tsv	48	up
Goll_2020_FMT_IBS	local_mannwhitney_metaphlan4	Goll et al. Gut Microbes 2020; DOI 10.1080/19490976.2020.1794263; local MetaPhlAn4 re-analysis	IBS baseline recipients vs healthy donor stool	s__Bacteroides_salyersiae	16.212603617741028	0.0877270140563557	0.1571575980438712	31	17	False	Goll_2020_FMT_IBS_baseline_vs_donor.standardized.tsv	48	up
Goll_2020_FMT_IBS	local_mannwhitney_metaphlan4	Goll et al. Gut Microbes 2020; DOI 10.1080/19490976.2020.1794263; local MetaPhlAn4 re-analysis	IBS baseline recipients vs healthy donor stool	s__Bianquea_SGB71281	13.160984581817129	0.0877270140563557	0.1571575980438712	31	17	False	Goll_2020_FMT_IBS_baseline_vs_donor.standardized.tsv	48	up
Goll_2020_FMT_IBS	local_mannwhitney_metaphlan4	Goll et al. Gut Microbes 2020; DOI 10.1080/19490976.2020.1794263; local MetaPhlAn4 re-analysis	IBS baseline recipients vs healthy donor stool	s__Bifidobacterium_pseudocatenulatum	13.932747541700117	0.0877270140563557	0.1571575980438712	31	17	False	Goll_2020_FMT_IBS_baseline_vs_donor.standardized.tsv	48	up
Goll_2020_FMT_IBS	local_mannwhitney_metaphlan4	Goll et al. Gut Microbes 2020; DOI 10.1080/19490976.2020.1794263; local MetaPhlAn4 re-analysis	IBS baseline recipients vs healthy donor stool	s__Blautia_caecimuris	14.609605090820304	0.0877270140563557	0.1571575980438712	31	17	False	Goll_2020_FMT_IBS_baseline_vs_donor.standardized.tsv	48	up
Goll_2020_FMT_IBS	local_mannwhitney_metaphlan4	Goll et al. Gut Microbes 2020; DOI 10.1080/19490976.2020.1794263; local MetaPhlAn4 re-analysis	IBS baseline recipients vs healthy donor stool	s__Blautia_luti	12.08681035583714	0.0877270140563557	0.1571575980438712	31	17	False	Goll_2020_FMT_IBS_baseline_vs_donor.standardized.tsv	48	up
Goll_2020_FMT_IBS	local_mannwhitney_metaphlan4	Goll et al. Gut Microbes 2020; DOI 10.1080/19490976.2020.1794263; local MetaPhlAn4 re-analysis	IBS baseline recipients vs healthy donor stool	s__Blautia_sp_OF03_15BH	10.59597929800379	0.0877270140563557	0.1571575980438712	31	17	False	Goll_2020_FMT_IBS_baseline_vs_donor.standardized.tsv	48	up
Goll_2020_FMT_IBS	local_mannwhitney_metaphlan4	Goll et al. Gut Microbes 2020; DOI 10.1080/19490976.2020.1794263; local MetaPhlAn4 re-analysis	IBS baseline recipients vs healthy donor stool	s__Butyricimonas_faecihominis	15.874303549224178	0.0877270140563557	0.1571575980438712	31	17	False	Goll_2020_FMT_IBS_baseline_vs_donor.standardized.tsv	48	up
Goll_2020_FMT_IBS	local_mannwhitney_metaphlan4	Goll et al. Gut Microbes 2020; DOI 10.1080/19490976.2020.1794263; local MetaPhlAn4 re-analysis	IBS baseline recipients vs healthy donor stool	s__Clostridium_innocuum	11.98153275678678	0.0877270140563557	0.1571575980438712	31	17	False	Goll_2020_FMT_IBS_baseline_vs_donor.standardized.tsv	48	up
Goll_2020_FMT_IBS	local_mannwhitney_metaphlan4	Goll et al. Gut Microbes 2020; DOI 10.1080/19490976.2020.1794263; local MetaPhlAn4 re-analysis	IBS baseline recipients vs healthy donor stool	s__Clostridium_sp_AM29_11AC	12.0992735906706	0.0877270140563557	0.1571575980438712	31	17	False	Goll_2020_FMT_IBS_baseline_vs_donor.standardized.tsv	48	up
Goll_2020_FMT_IBS	local_mannwhitney_metaphlan4	Goll et al. Gut Microbes 2020; DOI 10.1080/19490976.2020.1794263; local MetaPhlAn4 re-analysis	IBS baseline recipients vs healthy donor stool	s__Cuneatibacter_sp_NSJ_177	10.183555326371378	0.0877270140563557	0.1571575980438712	31	17	False	Goll_2020_FMT_IBS_baseline_vs_donor.standardized.tsv	48	up
Goll_2020_FMT_IBS	local_mannwhitney_metaphlan4	Goll et al. Gut Microbes 2020; DOI 10.1080/19490976.2020.1794263; local MetaPhlAn4 re-analysis	IBS baseline recipients vs healthy donor stool	s__Erysipelatoclostridium_ramosum	16.09887242171481	0.0877270140563557	0.1571575980438712	31	17	False	Goll_2020_FMT_IBS_baseline_vs_donor.standardized.tsv	48	up
Goll_2020_FMT_IBS	local_mannwhitney_metaphlan4	Goll et al. Gut Microbes 2020; DOI 10.1080/19490976.2020.1794263; local MetaPhlAn4 re-analysis	IBS baseline recipients vs healthy donor stool	s__Eubacteriaceae_bacterium_Marseille_Q4139	11.71190278642494	0.0877270140563557	0.1571575980438712	31	17	False	Goll_2020_FMT_IBS_baseline_vs_donor.standardized.tsv	48	up
Goll_2020_FMT_IBS	local_mannwhitney_metaphlan4	Goll et al. Gut Microbes 2020; DOI 10.1080/19490976.2020.1794263; local MetaPhlAn4 re-analysis	IBS baseline recipients vs healthy donor stool	s__Faecalimonas_umbilicata	16.01157455279319	0.0877270140563557	0.1571575980438712	31	17	False	Goll_2020_FMT_IBS_baseline_vs_donor.standardized.tsv	48	up
Goll_2020_FMT_IBS	local_mannwhitney_metaphlan4	Goll et al. Gut Microbes 2020; DOI 10.1080/19490976.2020.1794263; local MetaPhlAn4 re-analysis	IBS baseline recipients vs healthy donor stool	s__GGB3304_SGB4367	19.28679886122904	0.0877270140563557	0.1571575980438712	31	17	False	Goll_2020_FMT_IBS_baseline_vs_donor.standardized.tsv	48	up
Goll_2020_FMT_IBS	local_mannwhitney_metaphlan4	Goll et al. Gut Microbes 2020; DOI 10.1080/19490976.2020.1794263; local MetaPhlAn4 re-analysis	IBS baseline recipients vs healthy donor stool	s__GGB3321_SGB4394	12.870756224801667	0.0877270140563557	0.1571575980438712	31	17	False	Goll_2020_FMT_IBS_baseline_vs_donor.standardized.tsv	48	up
Goll_2020_FMT_IBS	local_mannwhitney_metaphlan4	Goll et al. Gut Microbes 2020; DOI 10.1080/19490976.2020.1794263; local MetaPhlAn4 re-analysis	IBS baseline recipients vs healthy donor stool	s__GGB33512_SGB15203	15.036908900369465	0.0877270140563557	0.1571575980438712	31	17	False	Goll_2020_FMT_IBS_baseline_vs_donor.standardized.tsv	48	up
Goll_2020_FMT_IBS	local_mannwhitney_metaphlan4	Goll et al. Gut Microbes 2020; DOI 10.1080/19490976.2020.1794263; local MetaPhlAn4 re-analysis	IBS baseline recipients vs healthy donor stool	s__GGB34540_SGB54300	12.480179435705422	0.0877270140563557	0.1571575980438712	31	17	False	Goll_2020_FMT_IBS_baseline_vs_donor.standardized.tsv	48	up
Goll_2020_FMT_IBS	local_mannwhitney_metaphlan4	Goll et al. Gut Microbes 2020; DOI 10.1080/19490976.2020.1794263; local MetaPhlAn4 re-analysis	IBS baseline recipients vs healthy donor stool	s__GGB3534_SGB4722	13.029125762291466	0.0877270140563557	0.1571575980438712	31	17	False	Goll_2020_FMT_IBS_baseline_vs_donor.standardized.tsv	48	up
Goll_2020_FMT_IBS	local_mannwhitney_metaphlan4	Goll et al. Gut Microbes 2020; DOI 10.1080/19490976.2020.1794263; local MetaPhlAn4 re-analysis	IBS baseline recipients vs healthy donor stool	s__GGB3550_SGB4746	13.677034015499704	0.0877270140563557	0.1571575980438712	31	17	False	Goll_2020_FMT_IBS_baseline_vs_donor.standardized.tsv	48	up
Goll_2020_FMT_IBS	local_mannwhitney_metaphlan4	Goll et al. Gut Microbes 2020; DOI 10.1080/19490976.2020.1794263; local MetaPhlAn4 re-analysis	IBS baseline recipients vs healthy donor stool	s__GGB3637_SGB4930	15.434767959263066	0.0877270140563557	0.1571575980438712	31	17	False	Goll_2020_FMT_IBS_baseline_vs_donor.standardized.tsv	48	up
Goll_2020_FMT_IBS	local_mannwhitney_metaphlan4	Goll et al. Gut Microbes 2020; DOI 10.1080/19490976.2020.1794263; local MetaPhlAn4 re-analysis	IBS baseline recipients vs healthy donor stool	s__GGB3730_SGB5060	14.883771855120475	0.0877270140563557	0.1571575980438712	31	17	False	Goll_2020_FMT_IBS_baseline_vs_donor.standardized.tsv	48	up
Goll_2020_FMT_IBS	local_mannwhitney_metaphlan4	Goll et al. Gut Microbes 2020; DOI 10.1080/19490976.2020.1794263; local MetaPhlAn4 re-analysis	IBS baseline recipients vs healthy donor stool	s__GGB4605_SGB6378	14.915667066246789	0.0877270140563557	0.1571575980438712	31	17	False	Goll_2020_FMT_IBS_baseline_vs_donor.standardized.tsv	48	up
Goll_2020_FMT_IBS	local_mannwhitney_metaphlan4	Goll et al. Gut Microbes 2020; DOI 10.1080/19490976.2020.1794263; local MetaPhlAn4 re-analysis	IBS baseline recipients vs healthy donor stool	s__GGB51269_SGB5062	14.757314345523492	0.0877270140563557	0.1571575980438712	31	17	False	Goll_2020_FMT_IBS_baseline_vs_donor.standardized.tsv	48	up
Goll_2020_FMT_IBS	local_mannwhitney_metaphlan4	Goll et al. Gut Microbes 2020; DOI 10.1080/19490976.2020.1794263; local MetaPhlAn4 re-analysis	IBS baseline recipients vs healthy donor stool	s__GGB51884_SGB49168	11.410605233564578	0.0877270140563557	0.1571575980438712	31	17	False	Goll_2020_FMT_IBS_baseline_vs_donor.standardized.tsv	48	up
Goll_2020_FMT_IBS	local_mannwhitney_metaphlan4	Goll et al. Gut Microbes 2020; DOI 10.1080/19490976.2020.1794263; local MetaPhlAn4 re-analysis	IBS baseline recipients vs healthy donor stool	s__GGB6007_SGB8634	14.121395149123517	0.0877270140563557	0.1571575980438712	31	17	False	Goll_2020_FMT_IBS_baseline_vs_donor.standardized.tsv	48	up
Goll_2020_FMT_IBS	local_mannwhitney_metaphlan4	Goll et al. Gut Microbes 2020; DOI 10.1080/19490976.2020.1794263; local MetaPhlAn4 re-analysis	IBS baseline recipients vs healthy donor stool	s__GGB6601_SGB9333	17.10417040728811	0.0877270140563557	0.1571575980438712	31	17	False	Goll_2020_FMT_IBS_baseline_vs_donor.standardized.tsv	48	up
Goll_2020_FMT_IBS	local_mannwhitney_metaphlan4	Goll et al. Gut Microbes 2020; DOI 10.1080/19490976.2020.1794263; local MetaPhlAn4 re-analysis	IBS baseline recipients vs healthy donor stool	s__GGB9059_SGB13976	12.338475799654605	0.0877270140563557	0.1571575980438712	31	17	False	Goll_2020_FMT_IBS_baseline_vs_donor.standardized.tsv	48	up
Goll_2020_FMT_IBS	local_mannwhitney_metaphlan4	Goll et al. Gut Microbes 2020; DOI 10.1080/19490976.2020.1794263; local MetaPhlAn4 re-analysis	IBS baseline recipients vs healthy donor stool	s__GGB9063_SGB13982	12.042155821021227	0.0877270140563557	0.1571575980438712	31	17	False	Goll_2020_FMT_IBS_baseline_vs_donor.standardized.tsv	48	up
Goll_2020_FMT_IBS	local_mannwhitney_metaphlan4	Goll et al. Gut Microbes 2020; DOI 10.1080/19490976.2020.1794263; local MetaPhlAn4 re-analysis	IBS baseline recipients vs healthy donor stool	s__GGB9240_SGB14182	14.638977779414626	0.0877270140563557	0.1571575980438712	31	17	False	Goll_2020_FMT_IBS_baseline_vs_donor.standardized.tsv	48	up
Goll_2020_FMT_IBS	local_mannwhitney_metaphlan4	Goll et al. Gut Microbes 2020; DOI 10.1080/19490976.2020.1794263; local MetaPhlAn4 re-analysis	IBS baseline recipients vs healthy donor stool	s__GGB9293_SGB14250	13.538756065013144	0.0877270140563557	0.1571575980438712	31	17	False	Goll_2020_FMT_IBS_baseline_vs_donor.standardized.tsv	48	up
Goll_2020_FMT_IBS	local_mannwhitney_metaphlan4	Goll et al. Gut Microbes 2020; DOI 10.1080/19490976.2020.1794263; local MetaPhlAn4 re-analysis	IBS baseline recipients vs healthy donor stool	s__GGB9453_SGB14845	9.7115281872395	0.0877270140563557	0.1571575980438712	31	17	False	Goll_2020_FMT_IBS_baseline_vs_donor.standardized.tsv	48	up
Goll_2020_FMT_IBS	local_mannwhitney_metaphlan4	Goll et al. Gut Microbes 2020; DOI 10.1080/19490976.2020.1794263; local MetaPhlAn4 re-analysis	IBS baseline recipients vs healthy donor stool	s__GGB9501_SGB14898	13.37142973923858	0.0877270140563557	0.1571575980438712	31	17	False	Goll_2020_FMT_IBS_baseline_vs_donor.standardized.tsv	48	up
Goll_2020_FMT_IBS	local_mannwhitney_metaphlan4	Goll et al. Gut Microbes 2020; DOI 10.1080/19490976.2020.1794263; local MetaPhlAn4 re-analysis	IBS baseline recipients vs healthy donor stool	s__GGB9524_SGB14924	11.95552099548352	0.0877270140563557	0.1571575980438712	31	17	False	Goll_2020_FMT_IBS_baseline_vs_donor.standardized.tsv	48	up
Goll_2020_FMT_IBS	local_mannwhitney_metaphlan4	Goll et al. Gut Microbes 2020; DOI 10.1080/19490976.2020.1794263; local MetaPhlAn4 re-analysis	IBS baseline recipients vs healthy donor stool	s__GGB9532_SGB14933	8.099220494971	0.0877270140563557	0.1571575980438712	31	17	False	Goll_2020_FMT_IBS_baseline_vs_donor.standardized.tsv	48	up
Goll_2020_FMT_IBS	local_mannwhitney_metaphlan4	Goll et al. Gut Microbes 2020; DOI 10.1080/19490976.2020.1794263; local MetaPhlAn4 re-analysis	IBS baseline recipients vs healthy donor stool	s__GGB9618_SGB15065	13.926813073177886	0.0877270140563557	0.1571575980438712	31	17	False	Goll_2020_FMT_IBS_baseline_vs_donor.standardized.tsv	48	up
Goll_2020_FMT_IBS	local_mannwhitney_metaphlan4	Goll et al. Gut Microbes 2020; DOI 10.1080/19490976.2020.1794263; local MetaPhlAn4 re-analysis	IBS baseline recipients vs healthy donor stool	s__GGB9641_SGB15117	11.133038574119242	0.0877270140563557	0.1571575980438712	31	17	False	Goll_2020_FMT_IBS_baseline_vs_donor.standardized.tsv	48	up
Goll_2020_FMT_IBS	local_mannwhitney_metaphlan4	Goll et al. Gut Microbes 2020; DOI 10.1080/19490976.2020.1794263; local MetaPhlAn4 re-analysis	IBS baseline recipients vs healthy donor stool	s__GGB9642_SGB15119	10.713164708160628	0.0877270140563557	0.1571575980438712	31	17	False	Goll_2020_FMT_IBS_baseline_vs_donor.standardized.tsv	48	up
Goll_2020_FMT_IBS	local_mannwhitney_metaphlan4	Goll et al. Gut Microbes 2020; DOI 10.1080/19490976.2020.1794263; local MetaPhlAn4 re-analysis	IBS baseline recipients vs healthy donor stool	s__GGB9690_SGB15196	12.396855084597044	0.0877270140563557	0.1571575980438712	31	17	False	Goll_2020_FMT_IBS_baseline_vs_donor.standardized.tsv	48	up
Goll_2020_FMT_IBS	local_mannwhitney_metaphlan4	Goll et al. Gut Microbes 2020; DOI 10.1080/19490976.2020.1794263; local MetaPhlAn4 re-analysis	IBS baseline recipients vs healthy donor stool	s__GGB9691_SGB15198	15.025637759491609	0.0877270140563557	0.1571575980438712	31	17	False	Goll_2020_FMT_IBS_baseline_vs_donor.standardized.tsv	48	up
Goll_2020_FMT_IBS	local_mannwhitney_metaphlan4	Goll et al. Gut Microbes 2020; DOI 10.1080/19490976.2020.1794263; local MetaPhlAn4 re-analysis	IBS baseline recipients vs healthy donor stool	s__GGB9774_SGB15394	12.66594476043003	0.0877270140563557	0.1571575980438712	31	17	False	Goll_2020_FMT_IBS_baseline_vs_donor.standardized.tsv	48	up
Goll_2020_FMT_IBS	local_mannwhitney_metaphlan4	Goll et al. Gut Microbes 2020; DOI 10.1080/19490976.2020.1794263; local MetaPhlAn4 re-analysis	IBS baseline recipients vs healthy donor stool	s__GGB9790_SGB15413	11.404609408681466	0.0877270140563557	0.1571575980438712	31	17	False	Goll_2020_FMT_IBS_baseline_vs_donor.standardized.tsv	48	up
Goll_2020_FMT_IBS	local_mannwhitney_metaphlan4	Goll et al. Gut Microbes 2020; DOI 10.1080/19490976.2020.1794263; local MetaPhlAn4 re-analysis	IBS baseline recipients vs healthy donor stool	s__Holdemanella_porci	16.1945291185061	0.0877270140563557	0.1571575980438712	31	17	False	Goll_2020_FMT_IBS_baseline_vs_donor.standardized.tsv	48	up
Goll_2020_FMT_IBS	local_mannwhitney_metaphlan4	Goll et al. Gut Microbes 2020; DOI 10.1080/19490976.2020.1794263; local MetaPhlAn4 re-analysis	IBS baseline recipients vs healthy donor stool	s__Lactobacillus_acidophilus	17.70351701168811	0.0877270140563557	0.1571575980438712	31	17	False	Goll_2020_FMT_IBS_baseline_vs_donor.standardized.tsv	48	up
Goll_2020_FMT_IBS	local_mannwhitney_metaphlan4	Goll et al. Gut Microbes 2020; DOI 10.1080/19490976.2020.1794263; local MetaPhlAn4 re-analysis	IBS baseline recipients vs healthy donor stool	s__Lentihominibacter_SGB71368	12.444555775690931	0.0877270140563557	0.1571575980438712	31	17	False	Goll_2020_FMT_IBS_baseline_vs_donor.standardized.tsv	48	up
Goll_2020_FMT_IBS	local_mannwhitney_metaphlan4	Goll et al. Gut Microbes 2020; DOI 10.1080/19490976.2020.1794263; local MetaPhlAn4 re-analysis	IBS baseline recipients vs healthy donor stool	s__Massilimicrobiota_timonensis	14.846929455856202	0.0877270140563557	0.1571575980438712	31	17	False	Goll_2020_FMT_IBS_baseline_vs_donor.standardized.tsv	48	up
Goll_2020_FMT_IBS	local_mannwhitney_metaphlan4	Goll et al. Gut Microbes 2020; DOI 10.1080/19490976.2020.1794263; local MetaPhlAn4 re-analysis	IBS baseline recipients vs healthy donor stool	s__Oscillospiraceae_unclassified_SGB15256	15.159837008062633	0.0877270140563557	0.1571575980438712	31	17	False	Goll_2020_FMT_IBS_baseline_vs_donor.standardized.tsv	48	up
Goll_2020_FMT_IBS	local_mannwhitney_metaphlan4	Goll et al. Gut Microbes 2020; DOI 10.1080/19490976.2020.1794263; local MetaPhlAn4 re-analysis	IBS baseline recipients vs healthy donor stool	s__Clostridium_sp_1001270J_160509_D11	-3.404850292835349	0.0878233636127516	0.1571575980438712	31	17	False	Goll_2020_FMT_IBS_baseline_vs_donor.standardized.tsv	48	down
Goll_2020_FMT_IBS	local_mannwhitney_metaphlan4	Goll et al. Gut Microbes 2020; DOI 10.1080/19490976.2020.1794263; local MetaPhlAn4 re-analysis	IBS baseline recipients vs healthy donor stool	s__GGB6613_SGB9347	3.2438631629506944	0.0929059534180272	0.1657396329494436	31	17	False	Goll_2020_FMT_IBS_baseline_vs_donor.standardized.tsv	48	up
Goll_2020_FMT_IBS	local_mannwhitney_metaphlan4	Goll et al. Gut Microbes 2020; DOI 10.1080/19490976.2020.1794263; local MetaPhlAn4 re-analysis	IBS baseline recipients vs healthy donor stool	s__Veillonella_atypica	0.946222445392602	0.0987251157521805	0.1755788212454164	31	17	False	Goll_2020_FMT_IBS_baseline_vs_donor.standardized.tsv	48	up
Goll_2020_FMT_IBS	local_mannwhitney_metaphlan4	Goll et al. Gut Microbes 2020; DOI 10.1080/19490976.2020.1794263; local MetaPhlAn4 re-analysis	IBS baseline recipients vs healthy donor stool	s__Clostridium_sp_AM49_4BH	-0.6884825856931953	0.0995617643577513	0.1765236190146633	31	17	False	Goll_2020_FMT_IBS_baseline_vs_donor.standardized.tsv	48	down
Goll_2020_FMT_IBS	local_mannwhitney_metaphlan4	Goll et al. Gut Microbes 2020; DOI 10.1080/19490976.2020.1794263; local MetaPhlAn4 re-analysis	IBS baseline recipients vs healthy donor stool	s__Vescimonas_coprocola	-0.5653622153244138	0.1047900355686881	0.1852252004853264	31	17	False	Goll_2020_FMT_IBS_baseline_vs_donor.standardized.tsv	48	down
Goll_2020_FMT_IBS	local_mannwhitney_metaphlan4	Goll et al. Gut Microbes 2020; DOI 10.1080/19490976.2020.1794263; local MetaPhlAn4 re-analysis	IBS baseline recipients vs healthy donor stool	s__GGB33469_SGB15236	3.071500860872153	0.1097331734416218	0.1933712629550531	31	17	False	Goll_2020_FMT_IBS_baseline_vs_donor.standardized.tsv	48	up
Goll_2020_FMT_IBS	local_mannwhitney_metaphlan4	Goll et al. Gut Microbes 2020; DOI 10.1080/19490976.2020.1794263; local MetaPhlAn4 re-analysis	IBS baseline recipients vs healthy donor stool	s__Ruminococcus_bromii	1.4459866868654352	0.114736428268697	0.1950670541341412	31	17	False	Goll_2020_FMT_IBS_baseline_vs_donor.standardized.tsv	48	up
Goll_2020_FMT_IBS	local_mannwhitney_metaphlan4	Goll et al. Gut Microbes 2020; DOI 10.1080/19490976.2020.1794263; local MetaPhlAn4 re-analysis	IBS baseline recipients vs healthy donor stool	s__Anaerotruncus_colihominis	4.281970963631906	0.1179468897892503	0.1950670541341412	31	17	False	Goll_2020_FMT_IBS_baseline_vs_donor.standardized.tsv	48	up
Goll_2020_FMT_IBS	local_mannwhitney_metaphlan4	Goll et al. Gut Microbes 2020; DOI 10.1080/19490976.2020.1794263; local MetaPhlAn4 re-analysis	IBS baseline recipients vs healthy donor stool	s__GGB52130_SGB14966	1.7879648698432629	0.1188556290172188	0.1950670541341412	31	17	False	Goll_2020_FMT_IBS_baseline_vs_donor.standardized.tsv	48	up
Goll_2020_FMT_IBS	local_mannwhitney_metaphlan4	Goll et al. Gut Microbes 2020; DOI 10.1080/19490976.2020.1794263; local MetaPhlAn4 re-analysis	IBS baseline recipients vs healthy donor stool	s__Agathobaculum_butyriciproducens	1.4437820120600386	0.1232283136089368	0.1950670541341412	31	17	False	Goll_2020_FMT_IBS_baseline_vs_donor.standardized.tsv	48	up
Goll_2020_FMT_IBS	local_mannwhitney_metaphlan4	Goll et al. Gut Microbes 2020; DOI 10.1080/19490976.2020.1794263; local MetaPhlAn4 re-analysis	IBS baseline recipients vs healthy donor stool	s__Turicibacter_sanguinis	0.6906333317805781	0.1286589986011951	0.1950670541341412	31	17	False	Goll_2020_FMT_IBS_baseline_vs_donor.standardized.tsv	48	up
Goll_2020_FMT_IBS	local_mannwhitney_metaphlan4	Goll et al. Gut Microbes 2020; DOI 10.1080/19490976.2020.1794263; local MetaPhlAn4 re-analysis	IBS baseline recipients vs healthy donor stool	s__Gordonibacter_urolithinfaciens	5.270121002372411	0.1304476870299258	0.1950670541341412	31	17	False	Goll_2020_FMT_IBS_baseline_vs_donor.standardized.tsv	48	up
Goll_2020_FMT_IBS	local_mannwhitney_metaphlan4	Goll et al. Gut Microbes 2020; DOI 10.1080/19490976.2020.1794263; local MetaPhlAn4 re-analysis	IBS baseline recipients vs healthy donor stool	s__Bacteroides_clarus	15.033513236232755	0.1319571248554485	0.1950670541341412	31	17	False	Goll_2020_FMT_IBS_baseline_vs_donor.standardized.tsv	48	up
Goll_2020_FMT_IBS	local_mannwhitney_metaphlan4	Goll et al. Gut Microbes 2020; DOI 10.1080/19490976.2020.1794263; local MetaPhlAn4 re-analysis	IBS baseline recipients vs healthy donor stool	s__Bianquea_renquensis	9.808652861062132	0.1319571248554485	0.1950670541341412	31	17	False	Goll_2020_FMT_IBS_baseline_vs_donor.standardized.tsv	48	up
Goll_2020_FMT_IBS	local_mannwhitney_metaphlan4	Goll et al. Gut Microbes 2020; DOI 10.1080/19490976.2020.1794263; local MetaPhlAn4 re-analysis	IBS baseline recipients vs healthy donor stool	s__Bifidobacterium_catenulatum	15.111831130328683	0.1319571248554485	0.1950670541341412	31	17	False	Goll_2020_FMT_IBS_baseline_vs_donor.standardized.tsv	48	up
Goll_2020_FMT_IBS	local_mannwhitney_metaphlan4	Goll et al. Gut Microbes 2020; DOI 10.1080/19490976.2020.1794263; local MetaPhlAn4 re-analysis	IBS baseline recipients vs healthy donor stool	s__Butyricimonas_paravirosa	13.183270209770322	0.1319571248554485	0.1950670541341412	31	17	False	Goll_2020_FMT_IBS_baseline_vs_donor.standardized.tsv	48	up
Goll_2020_FMT_IBS	local_mannwhitney_metaphlan4	Goll et al. Gut Microbes 2020; DOI 10.1080/19490976.2020.1794263; local MetaPhlAn4 re-analysis	IBS baseline recipients vs healthy donor stool	s__Candidatus_Nanosynsacchari_sp_TM7_ANC_38_39_G1_1	11.322491499050654	0.1319571248554485	0.1950670541341412	31	17	False	Goll_2020_FMT_IBS_baseline_vs_donor.standardized.tsv	48	up
Goll_2020_FMT_IBS	local_mannwhitney_metaphlan4	Goll et al. Gut Microbes 2020; DOI 10.1080/19490976.2020.1794263; local MetaPhlAn4 re-analysis	IBS baseline recipients vs healthy donor stool	s__Christensenella_minuta	10.496402833173011	0.1319571248554485	0.1950670541341412	31	17	False	Goll_2020_FMT_IBS_baseline_vs_donor.standardized.tsv	48	up
Goll_2020_FMT_IBS	local_mannwhitney_metaphlan4	Goll et al. Gut Microbes 2020; DOI 10.1080/19490976.2020.1794263; local MetaPhlAn4 re-analysis	IBS baseline recipients vs healthy donor stool	s__Christensenellaceae_bacterium	9.88938126913183	0.1319571248554485	0.1950670541341412	31	17	False	Goll_2020_FMT_IBS_baseline_vs_donor.standardized.tsv	48	up
Goll_2020_FMT_IBS	local_mannwhitney_metaphlan4	Goll et al. Gut Microbes 2020; DOI 10.1080/19490976.2020.1794263; local MetaPhlAn4 re-analysis	IBS baseline recipients vs healthy donor stool	s__Clostridiaceae_unclassified_SGB4771	11.703415246001557	0.1319571248554485	0.1950670541341412	31	17	False	Goll_2020_FMT_IBS_baseline_vs_donor.standardized.tsv	48	up
Goll_2020_FMT_IBS	local_mannwhitney_metaphlan4	Goll et al. Gut Microbes 2020; DOI 10.1080/19490976.2020.1794263; local MetaPhlAn4 re-analysis	IBS baseline recipients vs healthy donor stool	s__Dakarella_massiliensis	14.986004010605916	0.1319571248554485	0.1950670541341412	31	17	False	Goll_2020_FMT_IBS_baseline_vs_donor.standardized.tsv	48	up
Goll_2020_FMT_IBS	local_mannwhitney_metaphlan4	Goll et al. Gut Microbes 2020; DOI 10.1080/19490976.2020.1794263; local MetaPhlAn4 re-analysis	IBS baseline recipients vs healthy donor stool	s__Eubacterium_sp_c_25	14.191201021930492	0.1319571248554485	0.1950670541341412	31	17	False	Goll_2020_FMT_IBS_baseline_vs_donor.standardized.tsv	48	up
Goll_2020_FMT_IBS	local_mannwhitney_metaphlan4	Goll et al. Gut Microbes 2020; DOI 10.1080/19490976.2020.1794263; local MetaPhlAn4 re-analysis	IBS baseline recipients vs healthy donor stool	s__Fumia_xinanensis	8.562611725961576	0.1319571248554485	0.1950670541341412	31	17	False	Goll_2020_FMT_IBS_baseline_vs_donor.standardized.tsv	48	up
Goll_2020_FMT_IBS	local_mannwhitney_metaphlan4	Goll et al. Gut Microbes 2020; DOI 10.1080/19490976.2020.1794263; local MetaPhlAn4 re-analysis	IBS baseline recipients vs healthy donor stool	s__GGB1627_SGB2230	20.44114247355397	0.1319571248554485	0.1950670541341412	31	17	False	Goll_2020_FMT_IBS_baseline_vs_donor.standardized.tsv	48	up
Goll_2020_FMT_IBS	local_mannwhitney_metaphlan4	Goll et al. Gut Microbes 2020; DOI 10.1080/19490976.2020.1794263; local MetaPhlAn4 re-analysis	IBS baseline recipients vs healthy donor stool	s__GGB33512_SGB15201	14.569225923965062	0.1319571248554485	0.1950670541341412	31	17	False	Goll_2020_FMT_IBS_baseline_vs_donor.standardized.tsv	48	up
Goll_2020_FMT_IBS	local_mannwhitney_metaphlan4	Goll et al. Gut Microbes 2020; DOI 10.1080/19490976.2020.1794263; local MetaPhlAn4 re-analysis	IBS baseline recipients vs healthy donor stool	s__GGB3351_SGB4434	12.203989312988796	0.1319571248554485	0.1950670541341412	31	17	False	Goll_2020_FMT_IBS_baseline_vs_donor.standardized.tsv	48	up
Goll_2020_FMT_IBS	local_mannwhitney_metaphlan4	Goll et al. Gut Microbes 2020; DOI 10.1080/19490976.2020.1794263; local MetaPhlAn4 re-analysis	IBS baseline recipients vs healthy donor stool	s__GGB34228_SGB53814	12.256769885646424	0.1319571248554485	0.1950670541341412	31	17	False	Goll_2020_FMT_IBS_baseline_vs_donor.standardized.tsv	48	up
Goll_2020_FMT_IBS	local_mannwhitney_metaphlan4	Goll et al. Gut Microbes 2020; DOI 10.1080/19490976.2020.1794263; local MetaPhlAn4 re-analysis	IBS baseline recipients vs healthy donor stool	s__GGB3446_SGB4597	10.821542536577414	0.1319571248554485	0.1950670541341412	31	17	False	Goll_2020_FMT_IBS_baseline_vs_donor.standardized.tsv	48	up
Goll_2020_FMT_IBS	local_mannwhitney_metaphlan4	Goll et al. Gut Microbes 2020; DOI 10.1080/19490976.2020.1794263; local MetaPhlAn4 re-analysis	IBS baseline recipients vs healthy donor stool	s__GGB36267_SGB14177	12.82190893287101	0.1319571248554485	0.1950670541341412	31	17	False	Goll_2020_FMT_IBS_baseline_vs_donor.standardized.tsv	48	up
Goll_2020_FMT_IBS	local_mannwhitney_metaphlan4	Goll et al. Gut Microbes 2020; DOI 10.1080/19490976.2020.1794263; local MetaPhlAn4 re-analysis	IBS baseline recipients vs healthy donor stool	s__GGB3654_SGB4965	13.893225048929176	0.1319571248554485	0.1950670541341412	31	17	False	Goll_2020_FMT_IBS_baseline_vs_donor.standardized.tsv	48	up
Goll_2020_FMT_IBS	local_mannwhitney_metaphlan4	Goll et al. Gut Microbes 2020; DOI 10.1080/19490976.2020.1794263; local MetaPhlAn4 re-analysis	IBS baseline recipients vs healthy donor stool	s__GGB3677_SGB4990	14.008742016357136	0.1319571248554485	0.1950670541341412	31	17	False	Goll_2020_FMT_IBS_baseline_vs_donor.standardized.tsv	48	up
Goll_2020_FMT_IBS	local_mannwhitney_metaphlan4	Goll et al. Gut Microbes 2020; DOI 10.1080/19490976.2020.1794263; local MetaPhlAn4 re-analysis	IBS baseline recipients vs healthy donor stool	s__GGB3678_SGB4992	16.27528026594083	0.1319571248554485	0.1950670541341412	31	17	False	Goll_2020_FMT_IBS_baseline_vs_donor.standardized.tsv	48	up
Goll_2020_FMT_IBS	local_mannwhitney_metaphlan4	Goll et al. Gut Microbes 2020; DOI 10.1080/19490976.2020.1794263; local MetaPhlAn4 re-analysis	IBS baseline recipients vs healthy donor stool	s__GGB3892_SGB5290	11.437869518319443	0.1319571248554485	0.1950670541341412	31	17	False	Goll_2020_FMT_IBS_baseline_vs_donor.standardized.tsv	48	up
Goll_2020_FMT_IBS	local_mannwhitney_metaphlan4	Goll et al. Gut Microbes 2020; DOI 10.1080/19490976.2020.1794263; local MetaPhlAn4 re-analysis	IBS baseline recipients vs healthy donor stool	s__GGB42389_SGB59559	10.213261061638768	0.1319571248554485	0.1950670541341412	31	17	False	Goll_2020_FMT_IBS_baseline_vs_donor.standardized.tsv	48	up
Goll_2020_FMT_IBS	local_mannwhitney_metaphlan4	Goll et al. Gut Microbes 2020; DOI 10.1080/19490976.2020.1794263; local MetaPhlAn4 re-analysis	IBS baseline recipients vs healthy donor stool	s__GGB4567_SGB6308	14.20878255436276	0.1319571248554485	0.1950670541341412	31	17	False	Goll_2020_FMT_IBS_baseline_vs_donor.standardized.tsv	48	up
Goll_2020_FMT_IBS	local_mannwhitney_metaphlan4	Goll et al. Gut Microbes 2020; DOI 10.1080/19490976.2020.1794263; local MetaPhlAn4 re-analysis	IBS baseline recipients vs healthy donor stool	s__GGB4596_SGB6358	12.962295479471043	0.1319571248554485	0.1950670541341412	31	17	False	Goll_2020_FMT_IBS_baseline_vs_donor.standardized.tsv	48	up
Goll_2020_FMT_IBS	local_mannwhitney_metaphlan4	Goll et al. Gut Microbes 2020; DOI 10.1080/19490976.2020.1794263; local MetaPhlAn4 re-analysis	IBS baseline recipients vs healthy donor stool	s__GGB4599_SGB6362	15.076210810481916	0.1319571248554485	0.1950670541341412	31	17	False	Goll_2020_FMT_IBS_baseline_vs_donor.standardized.tsv	48	up
Goll_2020_FMT_IBS	local_mannwhitney_metaphlan4	Goll et al. Gut Microbes 2020; DOI 10.1080/19490976.2020.1794263; local MetaPhlAn4 re-analysis	IBS baseline recipients vs healthy donor stool	s__GGB4604_SGB6370	14.340758673176866	0.1319571248554485	0.1950670541341412	31	17	False	Goll_2020_FMT_IBS_baseline_vs_donor.standardized.tsv	48	up
Goll_2020_FMT_IBS	local_mannwhitney_metaphlan4	Goll et al. Gut Microbes 2020; DOI 10.1080/19490976.2020.1794263; local MetaPhlAn4 re-analysis	IBS baseline recipients vs healthy donor stool	s__GGB4676_SGB6465	15.461965175460252	0.1319571248554485	0.1950670541341412	31	17	False	Goll_2020_FMT_IBS_baseline_vs_donor.standardized.tsv	48	up
Goll_2020_FMT_IBS	local_mannwhitney_metaphlan4	Goll et al. Gut Microbes 2020; DOI 10.1080/19490976.2020.1794263; local MetaPhlAn4 re-analysis	IBS baseline recipients vs healthy donor stool	s__GGB53380_SGB74412	9.34078333411422	0.1319571248554485	0.1950670541341412	31	17	False	Goll_2020_FMT_IBS_baseline_vs_donor.standardized.tsv	48	up
Goll_2020_FMT_IBS	local_mannwhitney_metaphlan4	Goll et al. Gut Microbes 2020; DOI 10.1080/19490976.2020.1794263; local MetaPhlAn4 re-analysis	IBS baseline recipients vs healthy donor stool	s__GGB6518_SGB9205	13.705217807421596	0.1319571248554485	0.1950670541341412	31	17	False	Goll_2020_FMT_IBS_baseline_vs_donor.standardized.tsv	48	up
Goll_2020_FMT_IBS	local_mannwhitney_metaphlan4	Goll et al. Gut Microbes 2020; DOI 10.1080/19490976.2020.1794263; local MetaPhlAn4 re-analysis	IBS baseline recipients vs healthy donor stool	s__GGB9109_SGB14042	14.73606945782318	0.1319571248554485	0.1950670541341412	31	17	False	Goll_2020_FMT_IBS_baseline_vs_donor.standardized.tsv	48	up
Goll_2020_FMT_IBS	local_mannwhitney_metaphlan4	Goll et al. Gut Microbes 2020; DOI 10.1080/19490976.2020.1794263; local MetaPhlAn4 re-analysis	IBS baseline recipients vs healthy donor stool	s__GGB9200_SGB14139	14.176798960040138	0.1319571248554485	0.1950670541341412	31	17	False	Goll_2020_FMT_IBS_baseline_vs_donor.standardized.tsv	48	up
Goll_2020_FMT_IBS	local_mannwhitney_metaphlan4	Goll et al. Gut Microbes 2020; DOI 10.1080/19490976.2020.1794263; local MetaPhlAn4 re-analysis	IBS baseline recipients vs healthy donor stool	s__GGB9210_SGB14150	12.018682583638604	0.1319571248554485	0.1950670541341412	31	17	False	Goll_2020_FMT_IBS_baseline_vs_donor.standardized.tsv	48	up
Goll_2020_FMT_IBS	local_mannwhitney_metaphlan4	Goll et al. Gut Microbes 2020; DOI 10.1080/19490976.2020.1794263; local MetaPhlAn4 re-analysis	IBS baseline recipients vs healthy donor stool	s__GGB9291_SGB14248	16.347034685205227	0.1319571248554485	0.1950670541341412	31	17	False	Goll_2020_FMT_IBS_baseline_vs_donor.standardized.tsv	48	up
Goll_2020_FMT_IBS	local_mannwhitney_metaphlan4	Goll et al. Gut Microbes 2020; DOI 10.1080/19490976.2020.1794263; local MetaPhlAn4 re-analysis	IBS baseline recipients vs healthy donor stool	s__GGB9361_SGB14336	13.355000209691733	0.1319571248554485	0.1950670541341412	31	17	False	Goll_2020_FMT_IBS_baseline_vs_donor.standardized.tsv	48	up
Goll_2020_FMT_IBS	local_mannwhitney_metaphlan4	Goll et al. Gut Microbes 2020; DOI 10.1080/19490976.2020.1794263; local MetaPhlAn4 re-analysis	IBS baseline recipients vs healthy donor stool	s__GGB9480_SGB14874	17.115453105137128	0.1319571248554485	0.1950670541341412	31	17	False	Goll_2020_FMT_IBS_baseline_vs_donor.standardized.tsv	48	up
Goll_2020_FMT_IBS	local_mannwhitney_metaphlan4	Goll et al. Gut Microbes 2020; DOI 10.1080/19490976.2020.1794263; local MetaPhlAn4 re-analysis	IBS baseline recipients vs healthy donor stool	s__GGB9563_SGB14975	8.073536923167286	0.1319571248554485	0.1950670541341412	31	17	False	Goll_2020_FMT_IBS_baseline_vs_donor.standardized.tsv	48	up
Goll_2020_FMT_IBS	local_mannwhitney_metaphlan4	Goll et al. Gut Microbes 2020; DOI 10.1080/19490976.2020.1794263; local MetaPhlAn4 re-analysis	IBS baseline recipients vs healthy donor stool	s__GGB9590_SGB15012	11.766622383303822	0.1319571248554485	0.1950670541341412	31	17	False	Goll_2020_FMT_IBS_baseline_vs_donor.standardized.tsv	48	up
Goll_2020_FMT_IBS	local_mannwhitney_metaphlan4	Goll et al. Gut Microbes 2020; DOI 10.1080/19490976.2020.1794263; local MetaPhlAn4 re-analysis	IBS baseline recipients vs healthy donor stool	s__GGB9616_SGB15051	13.129651760385224	0.1319571248554485	0.1950670541341412	31	17	False	Goll_2020_FMT_IBS_baseline_vs_donor.standardized.tsv	48	up
Goll_2020_FMT_IBS	local_mannwhitney_metaphlan4	Goll et al. Gut Microbes 2020; DOI 10.1080/19490976.2020.1794263; local MetaPhlAn4 re-analysis	IBS baseline recipients vs healthy donor stool	s__GGB9618_SGB15064	12.749957278672492	0.1319571248554485	0.1950670541341412	31	17	False	Goll_2020_FMT_IBS_baseline_vs_donor.standardized.tsv	48	up
Goll_2020_FMT_IBS	local_mannwhitney_metaphlan4	Goll et al. Gut Microbes 2020; DOI 10.1080/19490976.2020.1794263; local MetaPhlAn4 re-analysis	IBS baseline recipients vs healthy donor stool	s__GGB9634_SGB15097	17.45174107399285	0.1319571248554485	0.1950670541341412	31	17	False	Goll_2020_FMT_IBS_baseline_vs_donor.standardized.tsv	48	up
Goll_2020_FMT_IBS	local_mannwhitney_metaphlan4	Goll et al. Gut Microbes 2020; DOI 10.1080/19490976.2020.1794263; local MetaPhlAn4 re-analysis	IBS baseline recipients vs healthy donor stool	s__GGB9767_SGB15384	12.39685507656016	0.1319571248554485	0.1950670541341412	31	17	False	Goll_2020_FMT_IBS_baseline_vs_donor.standardized.tsv	48	up
Goll_2020_FMT_IBS	local_mannwhitney_metaphlan4	Goll et al. Gut Microbes 2020; DOI 10.1080/19490976.2020.1794263; local MetaPhlAn4 re-analysis	IBS baseline recipients vs healthy donor stool	s__GGB9778_SGB15398	10.46941210906624	0.1319571248554485	0.1950670541341412	31	17	False	Goll_2020_FMT_IBS_baseline_vs_donor.standardized.tsv	48	up
Goll_2020_FMT_IBS	local_mannwhitney_metaphlan4	Goll et al. Gut Microbes 2020; DOI 10.1080/19490976.2020.1794263; local MetaPhlAn4 re-analysis	IBS baseline recipients vs healthy donor stool	s__Granulicatella_SGB8255	11.060369068979078	0.1319571248554485	0.1950670541341412	31	17	False	Goll_2020_FMT_IBS_baseline_vs_donor.standardized.tsv	48	up
Goll_2020_FMT_IBS	local_mannwhitney_metaphlan4	Goll et al. Gut Microbes 2020; DOI 10.1080/19490976.2020.1794263; local MetaPhlAn4 re-analysis	IBS baseline recipients vs healthy donor stool	s__Lachnoclostridium_sp_An131	7.210396415854588	0.1319571248554485	0.1950670541341412	31	17	False	Goll_2020_FMT_IBS_baseline_vs_donor.standardized.tsv	48	up
Goll_2020_FMT_IBS	local_mannwhitney_metaphlan4	Goll et al. Gut Microbes 2020; DOI 10.1080/19490976.2020.1794263; local MetaPhlAn4 re-analysis	IBS baseline recipients vs healthy donor stool	s__Lacticaseibacillus_paracasei	11.032201337003748	0.1319571248554485	0.1950670541341412	31	17	False	Goll_2020_FMT_IBS_baseline_vs_donor.standardized.tsv	48	up
Goll_2020_FMT_IBS	local_mannwhitney_metaphlan4	Goll et al. Gut Microbes 2020; DOI 10.1080/19490976.2020.1794263; local MetaPhlAn4 re-analysis	IBS baseline recipients vs healthy donor stool	s__Lactococcus_cremoris	10.732987971496508	0.1319571248554485	0.1950670541341412	31	17	False	Goll_2020_FMT_IBS_baseline_vs_donor.standardized.tsv	48	up
Goll_2020_FMT_IBS	local_mannwhitney_metaphlan4	Goll et al. Gut Microbes 2020; DOI 10.1080/19490976.2020.1794263; local MetaPhlAn4 re-analysis	IBS baseline recipients vs healthy donor stool	s__Lactococcus_lactis	11.358739844142862	0.1319571248554485	0.1950670541341412	31	17	False	Goll_2020_FMT_IBS_baseline_vs_donor.standardized.tsv	48	up
Goll_2020_FMT_IBS	local_mannwhitney_metaphlan4	Goll et al. Gut Microbes 2020; DOI 10.1080/19490976.2020.1794263; local MetaPhlAn4 re-analysis	IBS baseline recipients vs healthy donor stool	s__Lawsonibacter_faecis	11.537672390967984	0.1319571248554485	0.1950670541341412	31	17	False	Goll_2020_FMT_IBS_baseline_vs_donor.standardized.tsv	48	up
Goll_2020_FMT_IBS	local_mannwhitney_metaphlan4	Goll et al. Gut Microbes 2020; DOI 10.1080/19490976.2020.1794263; local MetaPhlAn4 re-analysis	IBS baseline recipients vs healthy donor stool	s__Lentihominibacter_hominis	11.691645031456028	0.1319571248554485	0.1950670541341412	31	17	False	Goll_2020_FMT_IBS_baseline_vs_donor.standardized.tsv	48	up
Goll_2020_FMT_IBS	local_mannwhitney_metaphlan4	Goll et al. Gut Microbes 2020; DOI 10.1080/19490976.2020.1794263; local MetaPhlAn4 re-analysis	IBS baseline recipients vs healthy donor stool	s__Longicatena_caecimuris	17.390362704652343	0.1319571248554485	0.1950670541341412	31	17	False	Goll_2020_FMT_IBS_baseline_vs_donor.standardized.tsv	48	up
Goll_2020_FMT_IBS	local_mannwhitney_metaphlan4	Goll et al. Gut Microbes 2020; DOI 10.1080/19490976.2020.1794263; local MetaPhlAn4 re-analysis	IBS baseline recipients vs healthy donor stool	s__Merdimonas_faecis	13.83311004295054	0.1319571248554485	0.1950670541341412	31	17	False	Goll_2020_FMT_IBS_baseline_vs_donor.standardized.tsv	48	up
Goll_2020_FMT_IBS	local_mannwhitney_metaphlan4	Goll et al. Gut Microbes 2020; DOI 10.1080/19490976.2020.1794263; local MetaPhlAn4 re-analysis	IBS baseline recipients vs healthy donor stool	s__Phascolarctobacterium_sp_ET69	15.799205754416567	0.1319571248554485	0.1950670541341412	31	17	False	Goll_2020_FMT_IBS_baseline_vs_donor.standardized.tsv	48	up
Goll_2020_FMT_IBS	local_mannwhitney_metaphlan4	Goll et al. Gut Microbes 2020; DOI 10.1080/19490976.2020.1794263; local MetaPhlAn4 re-analysis	IBS baseline recipients vs healthy donor stool	s__Phocaeicola_plebeius	16.91132669111217	0.1319571248554485	0.1950670541341412	31	17	False	Goll_2020_FMT_IBS_baseline_vs_donor.standardized.tsv	48	up
Goll_2020_FMT_IBS	local_mannwhitney_metaphlan4	Goll et al. Gut Microbes 2020; DOI 10.1080/19490976.2020.1794263; local MetaPhlAn4 re-analysis	IBS baseline recipients vs healthy donor stool	s__Prevotella_marseillensis	19.06945713552388	0.1319571248554485	0.1950670541341412	31	17	False	Goll_2020_FMT_IBS_baseline_vs_donor.standardized.tsv	48	up
Goll_2020_FMT_IBS	local_mannwhitney_metaphlan4	Goll et al. Gut Microbes 2020; DOI 10.1080/19490976.2020.1794263; local MetaPhlAn4 re-analysis	IBS baseline recipients vs healthy donor stool	s__Roseburia_sp_BX1005	11.857216018621052	0.1319571248554485	0.1950670541341412	31	17	False	Goll_2020_FMT_IBS_baseline_vs_donor.standardized.tsv	48	up
Goll_2020_FMT_IBS	local_mannwhitney_metaphlan4	Goll et al. Gut Microbes 2020; DOI 10.1080/19490976.2020.1794263; local MetaPhlAn4 re-analysis	IBS baseline recipients vs healthy donor stool	s__Rubneribacter_badeniensis	12.318114526939006	0.1319571248554485	0.1950670541341412	31	17	False	Goll_2020_FMT_IBS_baseline_vs_donor.standardized.tsv	48	up
Goll_2020_FMT_IBS	local_mannwhitney_metaphlan4	Goll et al. Gut Microbes 2020; DOI 10.1080/19490976.2020.1794263; local MetaPhlAn4 re-analysis	IBS baseline recipients vs healthy donor stool	s__Yeguia_hominis	8.07698797187207	0.1319571248554485	0.1950670541341412	31	17	False	Goll_2020_FMT_IBS_baseline_vs_donor.standardized.tsv	48	up
Goll_2020_FMT_IBS	local_mannwhitney_metaphlan4	Goll et al. Gut Microbes 2020; DOI 10.1080/19490976.2020.1794263; local MetaPhlAn4 re-analysis	IBS baseline recipients vs healthy donor stool	s__GGB9699_SGB15216	2.6711205411865087	0.1349307111717361	0.1989539567787333	31	17	False	Goll_2020_FMT_IBS_baseline_vs_donor.standardized.tsv	48	up
Goll_2020_FMT_IBS	local_mannwhitney_metaphlan4	Goll et al. Gut Microbes 2020; DOI 10.1080/19490976.2020.1794263; local MetaPhlAn4 re-analysis	IBS baseline recipients vs healthy donor stool	s__Oliverpabstia_intestinalis	4.632407943148244	0.1359125834522873	0.1998917894031096	31	17	False	Goll_2020_FMT_IBS_baseline_vs_donor.standardized.tsv	48	up
Goll_2020_FMT_IBS	local_mannwhitney_metaphlan4	Goll et al. Gut Microbes 2020; DOI 10.1080/19490976.2020.1794263; local MetaPhlAn4 re-analysis	IBS baseline recipients vs healthy donor stool	s__Lacrimispora_amygdalina	-0.3594291240387196	0.1395675975933137	0.2047463741343536	31	17	False	Goll_2020_FMT_IBS_baseline_vs_donor.standardized.tsv	48	down
Goll_2020_FMT_IBS	local_mannwhitney_metaphlan4	Goll et al. Gut Microbes 2020; DOI 10.1080/19490976.2020.1794263; local MetaPhlAn4 re-analysis	IBS baseline recipients vs healthy donor stool	s__GGB3175_SGB4191	-0.9544751938497508	0.1405283182429675	0.2056338428973044	31	17	False	Goll_2020_FMT_IBS_baseline_vs_donor.standardized.tsv	48	down
Goll_2020_FMT_IBS	local_mannwhitney_metaphlan4	Goll et al. Gut Microbes 2020; DOI 10.1080/19490976.2020.1794263; local MetaPhlAn4 re-analysis	IBS baseline recipients vs healthy donor stool	s__Enterocloster_clostridioformis	6.395658880531847	0.1491931411673937	0.2177617060473575	31	17	False	Goll_2020_FMT_IBS_baseline_vs_donor.standardized.tsv	48	up
Goll_2020_FMT_IBS	local_mannwhitney_metaphlan4	Goll et al. Gut Microbes 2020; DOI 10.1080/19490976.2020.1794263; local MetaPhlAn4 re-analysis	IBS baseline recipients vs healthy donor stool	s__Eisenbergiella_tayi	1.2320581846354677	0.1522653336017929	0.2216860524479504	31	17	False	Goll_2020_FMT_IBS_baseline_vs_donor.standardized.tsv	48	up
Goll_2020_FMT_IBS	local_mannwhitney_metaphlan4	Goll et al. Gut Microbes 2020; DOI 10.1080/19490976.2020.1794263; local MetaPhlAn4 re-analysis	IBS baseline recipients vs healthy donor stool	s__GGB9634_SGB15093	3.2605069395837893	0.1543258578202923	0.2241214719098718	31	17	False	Goll_2020_FMT_IBS_baseline_vs_donor.standardized.tsv	48	up
Goll_2020_FMT_IBS	local_mannwhitney_metaphlan4	Goll et al. Gut Microbes 2020; DOI 10.1080/19490976.2020.1794263; local MetaPhlAn4 re-analysis	IBS baseline recipients vs healthy donor stool	s__GGB9529_SGB14929	-3.277923690465512	0.1601578578941136	0.2320081249694177	31	17	False	Goll_2020_FMT_IBS_baseline_vs_donor.standardized.tsv	48	down
Goll_2020_FMT_IBS	local_mannwhitney_metaphlan4	Goll et al. Gut Microbes 2020; DOI 10.1080/19490976.2020.1794263; local MetaPhlAn4 re-analysis	IBS baseline recipients vs healthy donor stool	s__Clostridium_sp_AF36_4	-1.4394523068303453	0.1634750776317132	0.2323959838330948	31	17	False	Goll_2020_FMT_IBS_baseline_vs_donor.standardized.tsv	48	down
Goll_2020_FMT_IBS	local_mannwhitney_metaphlan4	Goll et al. Gut Microbes 2020; DOI 10.1080/19490976.2020.1794263; local MetaPhlAn4 re-analysis	IBS baseline recipients vs healthy donor stool	s__Eubacteriaceae_bacterium	-0.4180077751494858	0.1686972951045693	0.2323959838330948	31	17	False	Goll_2020_FMT_IBS_baseline_vs_donor.standardized.tsv	48	down
Goll_2020_FMT_IBS	local_mannwhitney_metaphlan4	Goll et al. Gut Microbes 2020; DOI 10.1080/19490976.2020.1794263; local MetaPhlAn4 re-analysis	IBS baseline recipients vs healthy donor stool	s__Anaerosacchariphilus_sp_NSJ_68	8.310580053991924	0.1821010360839837	0.2323959838330948	31	17	False	Goll_2020_FMT_IBS_baseline_vs_donor.standardized.tsv	48	up
Goll_2020_FMT_IBS	local_mannwhitney_metaphlan4	Goll et al. Gut Microbes 2020; DOI 10.1080/19490976.2020.1794263; local MetaPhlAn4 re-analysis	IBS baseline recipients vs healthy donor stool	s__Clostridia_bacterium_UC5_1_1D1	9.409270569195854	0.1821010360839837	0.2323959838330948	31	17	False	Goll_2020_FMT_IBS_baseline_vs_donor.standardized.tsv	48	up
Goll_2020_FMT_IBS	local_mannwhitney_metaphlan4	Goll et al. Gut Microbes 2020; DOI 10.1080/19490976.2020.1794263; local MetaPhlAn4 re-analysis	IBS baseline recipients vs healthy donor stool	s__GGB3363_SGB4447	3.651657915662118	0.1821010360839837	0.2323959838330948	31	17	False	Goll_2020_FMT_IBS_baseline_vs_donor.standardized.tsv	48	up
Goll_2020_FMT_IBS	local_mannwhitney_metaphlan4	Goll et al. Gut Microbes 2020; DOI 10.1080/19490976.2020.1794263; local MetaPhlAn4 re-analysis	IBS baseline recipients vs healthy donor stool	s__Lachnotalea_sp_AF33_28	-0.1007193521923504	0.1840787236122164	0.2323959838330948	31	17	False	Goll_2020_FMT_IBS_baseline_vs_donor.standardized.tsv	48	down
Goll_2020_FMT_IBS	local_mannwhitney_metaphlan4	Goll et al. Gut Microbes 2020; DOI 10.1080/19490976.2020.1794263; local MetaPhlAn4 re-analysis	IBS baseline recipients vs healthy donor stool	s__GGB9758_SGB15368	0.1502299315366178	0.187584046327061	0.2323959838330948	31	17	False	Goll_2020_FMT_IBS_baseline_vs_donor.standardized.tsv	48	up
Goll_2020_FMT_IBS	local_mannwhitney_metaphlan4	Goll et al. Gut Microbes 2020; DOI 10.1080/19490976.2020.1794263; local MetaPhlAn4 re-analysis	IBS baseline recipients vs healthy donor stool	s__Intestinimonas_butyriciproducens	-1.0647387784748612	0.1927922016010362	0.2323959838330948	31	17	False	Goll_2020_FMT_IBS_baseline_vs_donor.standardized.tsv	48	down
Goll_2020_FMT_IBS	local_mannwhitney_metaphlan4	Goll et al. Gut Microbes 2020; DOI 10.1080/19490976.2020.1794263; local MetaPhlAn4 re-analysis	IBS baseline recipients vs healthy donor stool	s__GGB9730_SGB15291	-0.1251551611800922	0.1932468978098221	0.2323959838330948	31	17	False	Goll_2020_FMT_IBS_baseline_vs_donor.standardized.tsv	48	down
Goll_2020_FMT_IBS	local_mannwhitney_metaphlan4	Goll et al. Gut Microbes 2020; DOI 10.1080/19490976.2020.1794263; local MetaPhlAn4 re-analysis	IBS baseline recipients vs healthy donor stool	s__Dielma_fastidiosa	2.26333611218647	0.1938752050722738	0.2323959838330948	31	17	False	Goll_2020_FMT_IBS_baseline_vs_donor.standardized.tsv	48	up
Goll_2020_FMT_IBS	local_mannwhitney_metaphlan4	Goll et al. Gut Microbes 2020; DOI 10.1080/19490976.2020.1794263; local MetaPhlAn4 re-analysis	IBS baseline recipients vs healthy donor stool	s__Romboutsia_timonensis	0.5727333092413204	0.195682780275334	0.2323959838330948	31	17	False	Goll_2020_FMT_IBS_baseline_vs_donor.standardized.tsv	48	up
Goll_2020_FMT_IBS	local_mannwhitney_metaphlan4	Goll et al. Gut Microbes 2020; DOI 10.1080/19490976.2020.1794263; local MetaPhlAn4 re-analysis	IBS baseline recipients vs healthy donor stool	s__Eubacterium_sp_AF16_48	2.0282961208506576	0.1969050937507961	0.2323959838330948	31	17	False	Goll_2020_FMT_IBS_baseline_vs_donor.standardized.tsv	48	up
Goll_2020_FMT_IBS	local_mannwhitney_metaphlan4	Goll et al. Gut Microbes 2020; DOI 10.1080/19490976.2020.1794263; local MetaPhlAn4 re-analysis	IBS baseline recipients vs healthy donor stool	s__Alistipes_SGB2313	18.320446198808057	0.1990242422100033	0.2323959838330948	31	17	False	Goll_2020_FMT_IBS_baseline_vs_donor.standardized.tsv	48	up
Goll_2020_FMT_IBS	local_mannwhitney_metaphlan4	Goll et al. Gut Microbes 2020; DOI 10.1080/19490976.2020.1794263; local MetaPhlAn4 re-analysis	IBS baseline recipients vs healthy donor stool	s__Amedibacterium_intestinale	16.88414396619081	0.1990242422100033	0.2323959838330948	31	17	False	Goll_2020_FMT_IBS_baseline_vs_donor.standardized.tsv	48	up
Goll_2020_FMT_IBS	local_mannwhitney_metaphlan4	Goll et al. Gut Microbes 2020; DOI 10.1080/19490976.2020.1794263; local MetaPhlAn4 re-analysis	IBS baseline recipients vs healthy donor stool	s__Bittarella_massiliensis	7.232227535402269	0.1990242422100033	0.2323959838330948	31	17	False	Goll_2020_FMT_IBS_baseline_vs_donor.standardized.tsv	48	up
Goll_2020_FMT_IBS	local_mannwhitney_metaphlan4	Goll et al. Gut Microbes 2020; DOI 10.1080/19490976.2020.1794263; local MetaPhlAn4 re-analysis	IBS baseline recipients vs healthy donor stool	s__Blautia_hansenii	12.95645225237712	0.1990242422100033	0.2323959838330948	31	17	False	Goll_2020_FMT_IBS_baseline_vs_donor.standardized.tsv	48	up
Goll_2020_FMT_IBS	local_mannwhitney_metaphlan4	Goll et al. Gut Microbes 2020; DOI 10.1080/19490976.2020.1794263; local MetaPhlAn4 re-analysis	IBS baseline recipients vs healthy donor stool	s__Blautia_hydrogenotrophica	10.07642774997852	0.1990242422100033	0.2323959838330948	31	17	False	Goll_2020_FMT_IBS_baseline_vs_donor.standardized.tsv	48	up
Goll_2020_FMT_IBS	local_mannwhitney_metaphlan4	Goll et al. Gut Microbes 2020; DOI 10.1080/19490976.2020.1794263; local MetaPhlAn4 re-analysis	IBS baseline recipients vs healthy donor stool	s__Blautia_stercoris	12.041714341898068	0.1990242422100033	0.2323959838330948	31	17	False	Goll_2020_FMT_IBS_baseline_vs_donor.standardized.tsv	48	up
Goll_2020_FMT_IBS	local_mannwhitney_metaphlan4	Goll et al. Gut Microbes 2020; DOI 10.1080/19490976.2020.1794263; local MetaPhlAn4 re-analysis	IBS baseline recipients vs healthy donor stool	s__Clostridium_SGB6179	10.608850980045286	0.1990242422100033	0.2323959838330948	31	17	False	Goll_2020_FMT_IBS_baseline_vs_donor.standardized.tsv	48	up
Goll_2020_FMT_IBS	local_mannwhitney_metaphlan4	Goll et al. Gut Microbes 2020; DOI 10.1080/19490976.2020.1794263; local MetaPhlAn4 re-analysis	IBS baseline recipients vs healthy donor stool	s__Collinsella_intestinalis	14.42583135631516	0.1990242422100033	0.2323959838330948	31	17	False	Goll_2020_FMT_IBS_baseline_vs_donor.standardized.tsv	48	up
Goll_2020_FMT_IBS	local_mannwhitney_metaphlan4	Goll et al. Gut Microbes 2020; DOI 10.1080/19490976.2020.1794263; local MetaPhlAn4 re-analysis	IBS baseline recipients vs healthy donor stool	s__Desulfovibrio_piger	14.263404092344684	0.1990242422100033	0.2323959838330948	31	17	False	Goll_2020_FMT_IBS_baseline_vs_donor.standardized.tsv	48	up
Goll_2020_FMT_IBS	local_mannwhitney_metaphlan4	Goll et al. Gut Microbes 2020; DOI 10.1080/19490976.2020.1794263; local MetaPhlAn4 re-analysis	IBS baseline recipients vs healthy donor stool	s__Eubacterium_SGB4961	11.98452181314564	0.1990242422100033	0.2323959838330948	31	17	False	Goll_2020_FMT_IBS_baseline_vs_donor.standardized.tsv	48	up
Goll_2020_FMT_IBS	local_mannwhitney_metaphlan4	Goll et al. Gut Microbes 2020; DOI 10.1080/19490976.2020.1794263; local MetaPhlAn4 re-analysis	IBS baseline recipients vs healthy donor stool	s__Fournierella_massiliensis	8.137734885199638	0.1990242422100033	0.2323959838330948	31	17	False	Goll_2020_FMT_IBS_baseline_vs_donor.standardized.tsv	48	up
Goll_2020_FMT_IBS	local_mannwhitney_metaphlan4	Goll et al. Gut Microbes 2020; DOI 10.1080/19490976.2020.1794263; local MetaPhlAn4 re-analysis	IBS baseline recipients vs healthy donor stool	s__GGB10692_SGB17347	12.436434474063638	0.1990242422100033	0.2323959838330948	31	17	False	Goll_2020_FMT_IBS_baseline_vs_donor.standardized.tsv	48	up
Goll_2020_FMT_IBS	local_mannwhitney_metaphlan4	Goll et al. Gut Microbes 2020; DOI 10.1080/19490976.2020.1794263; local MetaPhlAn4 re-analysis	IBS baseline recipients vs healthy donor stool	s__GGB1550_SGB2134	19.523030636997643	0.1990242422100033	0.2323959838330948	31	17	False	Goll_2020_FMT_IBS_baseline_vs_donor.standardized.tsv	48	up
Goll_2020_FMT_IBS	local_mannwhitney_metaphlan4	Goll et al. Gut Microbes 2020; DOI 10.1080/19490976.2020.1794263; local MetaPhlAn4 re-analysis	IBS baseline recipients vs healthy donor stool	s__GGB2996_SGB3983	13.831802014555231	0.1990242422100033	0.2323959838330948	31	17	False	Goll_2020_FMT_IBS_baseline_vs_donor.standardized.tsv	48	up
Goll_2020_FMT_IBS	local_mannwhitney_metaphlan4	Goll et al. Gut Microbes 2020; DOI 10.1080/19490976.2020.1794263; local MetaPhlAn4 re-analysis	IBS baseline recipients vs healthy donor stool	s__GGB3000_SGB3991	10.207762182209688	0.1990242422100033	0.2323959838330948	31	17	False	Goll_2020_FMT_IBS_baseline_vs_donor.standardized.tsv	48	up
Goll_2020_FMT_IBS	local_mannwhitney_metaphlan4	Goll et al. Gut Microbes 2020; DOI 10.1080/19490976.2020.1794263; local MetaPhlAn4 re-analysis	IBS baseline recipients vs healthy donor stool	s__GGB3052_SGB4053	9.030489124445651	0.1990242422100033	0.2323959838330948	31	17	False	Goll_2020_FMT_IBS_baseline_vs_donor.standardized.tsv	48	up
Goll_2020_FMT_IBS	local_mannwhitney_metaphlan4	Goll et al. Gut Microbes 2020; DOI 10.1080/19490976.2020.1794263; local MetaPhlAn4 re-analysis	IBS baseline recipients vs healthy donor stool	s__GGB31234_SGB14869	8.663615523521795	0.1990242422100033	0.2323959838330948	31	17	False	Goll_2020_FMT_IBS_baseline_vs_donor.standardized.tsv	48	up
Goll_2020_FMT_IBS	local_mannwhitney_metaphlan4	Goll et al. Gut Microbes 2020; DOI 10.1080/19490976.2020.1794263; local MetaPhlAn4 re-analysis	IBS baseline recipients vs healthy donor stool	s__GGB3124_SGB4136	11.099708325966494	0.1990242422100033	0.2323959838330948	31	17	False	Goll_2020_FMT_IBS_baseline_vs_donor.standardized.tsv	48	up
Goll_2020_FMT_IBS	local_mannwhitney_metaphlan4	Goll et al. Gut Microbes 2020; DOI 10.1080/19490976.2020.1794263; local MetaPhlAn4 re-analysis	IBS baseline recipients vs healthy donor stool	s__GGB3152_SGB4165	9.922848102416756	0.1990242422100033	0.2323959838330948	31	17	False	Goll_2020_FMT_IBS_baseline_vs_donor.standardized.tsv	48	up
Goll_2020_FMT_IBS	local_mannwhitney_metaphlan4	Goll et al. Gut Microbes 2020; DOI 10.1080/19490976.2020.1794263; local MetaPhlAn4 re-analysis	IBS baseline recipients vs healthy donor stool	s__GGB3167_SGB4181	17.326766123094096	0.1990242422100033	0.2323959838330948	31	17	False	Goll_2020_FMT_IBS_baseline_vs_donor.standardized.tsv	48	up
Goll_2020_FMT_IBS	local_mannwhitney_metaphlan4	Goll et al. Gut Microbes 2020; DOI 10.1080/19490976.2020.1794263; local MetaPhlAn4 re-analysis	IBS baseline recipients vs healthy donor stool	s__GGB3321_SGB4395	12.703826809845264	0.1990242422100033	0.2323959838330948	31	17	False	Goll_2020_FMT_IBS_baseline_vs_donor.standardized.tsv	48	up
Goll_2020_FMT_IBS	local_mannwhitney_metaphlan4	Goll et al. Gut Microbes 2020; DOI 10.1080/19490976.2020.1794263; local MetaPhlAn4 re-analysis	IBS baseline recipients vs healthy donor stool	s__GGB3352_SGB62935	9.824650861036345	0.1990242422100033	0.2323959838330948	31	17	False	Goll_2020_FMT_IBS_baseline_vs_donor.standardized.tsv	48	up
Goll_2020_FMT_IBS	local_mannwhitney_metaphlan4	Goll et al. Gut Microbes 2020; DOI 10.1080/19490976.2020.1794263; local MetaPhlAn4 re-analysis	IBS baseline recipients vs healthy donor stool	s__GGB3353_SGB4437	8.8536617427537	0.1990242422100033	0.2323959838330948	31	17	False	Goll_2020_FMT_IBS_baseline_vs_donor.standardized.tsv	48	up
Goll_2020_FMT_IBS	local_mannwhitney_metaphlan4	Goll et al. Gut Microbes 2020; DOI 10.1080/19490976.2020.1794263; local MetaPhlAn4 re-analysis	IBS baseline recipients vs healthy donor stool	s__GGB34228_SGB72916	9.97741844614004	0.1990242422100033	0.2323959838330948	31	17	False	Goll_2020_FMT_IBS_baseline_vs_donor.standardized.tsv	48	up
Goll_2020_FMT_IBS	local_mannwhitney_metaphlan4	Goll et al. Gut Microbes 2020; DOI 10.1080/19490976.2020.1794263; local MetaPhlAn4 re-analysis	IBS baseline recipients vs healthy donor stool	s__GGB3475_SGB4638	12.134685093710056	0.1990242422100033	0.2323959838330948	31	17	False	Goll_2020_FMT_IBS_baseline_vs_donor.standardized.tsv	48	up
Goll_2020_FMT_IBS	local_mannwhitney_metaphlan4	Goll et al. Gut Microbes 2020; DOI 10.1080/19490976.2020.1794263; local MetaPhlAn4 re-analysis	IBS baseline recipients vs healthy donor stool	s__GGB3486_SGB4658	10.78640138768343	0.1990242422100033	0.2323959838330948	31	17	False	Goll_2020_FMT_IBS_baseline_vs_donor.standardized.tsv	48	up
Goll_2020_FMT_IBS	local_mannwhitney_metaphlan4	Goll et al. Gut Microbes 2020; DOI 10.1080/19490976.2020.1794263; local MetaPhlAn4 re-analysis	IBS baseline recipients vs healthy donor stool	s__GGB3538_SGB4728	9.4284952655724	0.1990242422100033	0.2323959838330948	31	17	False	Goll_2020_FMT_IBS_baseline_vs_donor.standardized.tsv	48	up
Goll_2020_FMT_IBS	local_mannwhitney_metaphlan4	Goll et al. Gut Microbes 2020; DOI 10.1080/19490976.2020.1794263; local MetaPhlAn4 re-analysis	IBS baseline recipients vs healthy donor stool	s__GGB3585_SGB4803	13.411617763466236	0.1990242422100033	0.2323959838330948	31	17	False	Goll_2020_FMT_IBS_baseline_vs_donor.standardized.tsv	48	up
Goll_2020_FMT_IBS	local_mannwhitney_metaphlan4	Goll et al. Gut Microbes 2020; DOI 10.1080/19490976.2020.1794263; local MetaPhlAn4 re-analysis	IBS baseline recipients vs healthy donor stool	s__GGB3627_SGB4906	11.38368689102696	0.1990242422100033	0.2323959838330948	31	17	False	Goll_2020_FMT_IBS_baseline_vs_donor.standardized.tsv	48	up
Goll_2020_FMT_IBS	local_mannwhitney_metaphlan4	Goll et al. Gut Microbes 2020; DOI 10.1080/19490976.2020.1794263; local MetaPhlAn4 re-analysis	IBS baseline recipients vs healthy donor stool	s__GGB36331_SGB15121	11.38281574672712	0.1990242422100033	0.2323959838330948	31	17	False	Goll_2020_FMT_IBS_baseline_vs_donor.standardized.tsv	48	up
Goll_2020_FMT_IBS	local_mannwhitney_metaphlan4	Goll et al. Gut Microbes 2020; DOI 10.1080/19490976.2020.1794263; local MetaPhlAn4 re-analysis	IBS baseline recipients vs healthy donor stool	s__GGB3722_SGB5050	15.980154708102924	0.1990242422100033	0.2323959838330948	31	17	False	Goll_2020_FMT_IBS_baseline_vs_donor.standardized.tsv	48	up
Goll_2020_FMT_IBS	local_mannwhitney_metaphlan4	Goll et al. Gut Microbes 2020; DOI 10.1080/19490976.2020.1794263; local MetaPhlAn4 re-analysis	IBS baseline recipients vs healthy donor stool	s__GGB38239_SGB47716	10.777414415310028	0.1990242422100033	0.2323959838330948	31	17	False	Goll_2020_FMT_IBS_baseline_vs_donor.standardized.tsv	48	up
Goll_2020_FMT_IBS	local_mannwhitney_metaphlan4	Goll et al. Gut Microbes 2020; DOI 10.1080/19490976.2020.1794263; local MetaPhlAn4 re-analysis	IBS baseline recipients vs healthy donor stool	s__GGB4569_SGB6310	18.0829448843739	0.1990242422100033	0.2323959838330948	31	17	False	Goll_2020_FMT_IBS_baseline_vs_donor.standardized.tsv	48	up
Goll_2020_FMT_IBS	local_mannwhitney_metaphlan4	Goll et al. Gut Microbes 2020; DOI 10.1080/19490976.2020.1794263; local MetaPhlAn4 re-analysis	IBS baseline recipients vs healthy donor stool	s__GGB4588_SGB6347	11.789678237659189	0.1990242422100033	0.2323959838330948	31	17	False	Goll_2020_FMT_IBS_baseline_vs_donor.standardized.tsv	48	up
Goll_2020_FMT_IBS	local_mannwhitney_metaphlan4	Goll et al. Gut Microbes 2020; DOI 10.1080/19490976.2020.1794263; local MetaPhlAn4 re-analysis	IBS baseline recipients vs healthy donor stool	s__GGB4632_SGB6411	15.067657978734452	0.1990242422100033	0.2323959838330948	31	17	False	Goll_2020_FMT_IBS_baseline_vs_donor.standardized.tsv	48	up
Goll_2020_FMT_IBS	local_mannwhitney_metaphlan4	Goll et al. Gut Microbes 2020; DOI 10.1080/19490976.2020.1794263; local MetaPhlAn4 re-analysis	IBS baseline recipients vs healthy donor stool	s__GGB4683_SGB6473	14.952548975714818	0.1990242422100033	0.2323959838330948	31	17	False	Goll_2020_FMT_IBS_baseline_vs_donor.standardized.tsv	48	up
Goll_2020_FMT_IBS	local_mannwhitney_metaphlan4	Goll et al. Gut Microbes 2020; DOI 10.1080/19490976.2020.1794263; local MetaPhlAn4 re-analysis	IBS baseline recipients vs healthy donor stool	s__GGB4689_SGB6486	15.954169189325114	0.1990242422100033	0.2323959838330948	31	17	False	Goll_2020_FMT_IBS_baseline_vs_donor.standardized.tsv	48	up
Goll_2020_FMT_IBS	local_mannwhitney_metaphlan4	Goll et al. Gut Microbes 2020; DOI 10.1080/19490976.2020.1794263; local MetaPhlAn4 re-analysis	IBS baseline recipients vs healthy donor stool	s__GGB47174_SGB65105	11.531239975432028	0.1990242422100033	0.2323959838330948	31	17	False	Goll_2020_FMT_IBS_baseline_vs_donor.standardized.tsv	48	up
Goll_2020_FMT_IBS	local_mannwhitney_metaphlan4	Goll et al. Gut Microbes 2020; DOI 10.1080/19490976.2020.1794263; local MetaPhlAn4 re-analysis	IBS baseline recipients vs healthy donor stool	s__GGB5997_SGB8620	13.21572382729272	0.1990242422100033	0.2323959838330948	31	17	False	Goll_2020_FMT_IBS_baseline_vs_donor.standardized.tsv	48	up
Goll_2020_FMT_IBS	local_mannwhitney_metaphlan4	Goll et al. Gut Microbes 2020; DOI 10.1080/19490976.2020.1794263; local MetaPhlAn4 re-analysis	IBS baseline recipients vs healthy donor stool	s__GGB6544_SGB9243	16.30232735623138	0.1990242422100033	0.2323959838330948	31	17	False	Goll_2020_FMT_IBS_baseline_vs_donor.standardized.tsv	48	up
Goll_2020_FMT_IBS	local_mannwhitney_metaphlan4	Goll et al. Gut Microbes 2020; DOI 10.1080/19490976.2020.1794263; local MetaPhlAn4 re-analysis	IBS baseline recipients vs healthy donor stool	s__GGB74827_SGB4137	10.509870701812334	0.1990242422100033	0.2323959838330948	31	17	False	Goll_2020_FMT_IBS_baseline_vs_donor.standardized.tsv	48	up
Goll_2020_FMT_IBS	local_mannwhitney_metaphlan4	Goll et al. Gut Microbes 2020; DOI 10.1080/19490976.2020.1794263; local MetaPhlAn4 re-analysis	IBS baseline recipients vs healthy donor stool	s__GGB9089_SGB14018	12.29394437133172	0.1990242422100033	0.2323959838330948	31	17	False	Goll_2020_FMT_IBS_baseline_vs_donor.standardized.tsv	48	up
Goll_2020_FMT_IBS	local_mannwhitney_metaphlan4	Goll et al. Gut Microbes 2020; DOI 10.1080/19490976.2020.1794263; local MetaPhlAn4 re-analysis	IBS baseline recipients vs healthy donor stool	s__GGB9092_SGB14022	12.060467143488566	0.1990242422100033	0.2323959838330948	31	17	False	Goll_2020_FMT_IBS_baseline_vs_donor.standardized.tsv	48	up
Goll_2020_FMT_IBS	local_mannwhitney_metaphlan4	Goll et al. Gut Microbes 2020; DOI 10.1080/19490976.2020.1794263; local MetaPhlAn4 re-analysis	IBS baseline recipients vs healthy donor stool	s__GGB9095_SGB14026	10.168267763637015	0.1990242422100033	0.2323959838330948	31	17	False	Goll_2020_FMT_IBS_baseline_vs_donor.standardized.tsv	48	up
Goll_2020_FMT_IBS	local_mannwhitney_metaphlan4	Goll et al. Gut Microbes 2020; DOI 10.1080/19490976.2020.1794263; local MetaPhlAn4 re-analysis	IBS baseline recipients vs healthy donor stool	s__GGB9110_SGB14043	13.057025513599452	0.1990242422100033	0.2323959838330948	31	17	False	Goll_2020_FMT_IBS_baseline_vs_donor.standardized.tsv	48	up
Goll_2020_FMT_IBS	local_mannwhitney_metaphlan4	Goll et al. Gut Microbes 2020; DOI 10.1080/19490976.2020.1794263; local MetaPhlAn4 re-analysis	IBS baseline recipients vs healthy donor stool	s__GGB9185_SGB14124	8.531507209531728	0.1990242422100033	0.2323959838330948	31	17	False	Goll_2020_FMT_IBS_baseline_vs_donor.standardized.tsv	48	up
Goll_2020_FMT_IBS	local_mannwhitney_metaphlan4	Goll et al. Gut Microbes 2020; DOI 10.1080/19490976.2020.1794263; local MetaPhlAn4 re-analysis	IBS baseline recipients vs healthy donor stool	s__GGB9186_SGB14125	9.844022384652696	0.1990242422100033	0.2323959838330948	31	17	False	Goll_2020_FMT_IBS_baseline_vs_donor.standardized.tsv	48	up
Goll_2020_FMT_IBS	local_mannwhitney_metaphlan4	Goll et al. Gut Microbes 2020; DOI 10.1080/19490976.2020.1794263; local MetaPhlAn4 re-analysis	IBS baseline recipients vs healthy donor stool	s__GGB9197_SGB14136	11.601216696083355	0.1990242422100033	0.2323959838330948	31	17	False	Goll_2020_FMT_IBS_baseline_vs_donor.standardized.tsv	48	up
Goll_2020_FMT_IBS	local_mannwhitney_metaphlan4	Goll et al. Gut Microbes 2020; DOI 10.1080/19490976.2020.1794263; local MetaPhlAn4 re-analysis	IBS baseline recipients vs healthy donor stool	s__GGB9238_SGB14180	10.35467598476355	0.1990242422100033	0.2323959838330948	31	17	False	Goll_2020_FMT_IBS_baseline_vs_donor.standardized.tsv	48	up
Goll_2020_FMT_IBS	local_mannwhitney_metaphlan4	Goll et al. Gut Microbes 2020; DOI 10.1080/19490976.2020.1794263; local MetaPhlAn4 re-analysis	IBS baseline recipients vs healthy donor stool	s__GGB9239_SGB14181	13.97947994068885	0.1990242422100033	0.2323959838330948	31	17	False	Goll_2020_FMT_IBS_baseline_vs_donor.standardized.tsv	48	up
Goll_2020_FMT_IBS	local_mannwhitney_metaphlan4	Goll et al. Gut Microbes 2020; DOI 10.1080/19490976.2020.1794263; local MetaPhlAn4 re-analysis	IBS baseline recipients vs healthy donor stool	s__GGB9253_SGB14199	9.930021952066584	0.1990242422100033	0.2323959838330948	31	17	False	Goll_2020_FMT_IBS_baseline_vs_donor.standardized.tsv	48	up
Goll_2020_FMT_IBS	local_mannwhitney_metaphlan4	Goll et al. Gut Microbes 2020; DOI 10.1080/19490976.2020.1794263; local MetaPhlAn4 re-analysis	IBS baseline recipients vs healthy donor stool	s__GGB9258_SGB14205	14.1690131912754	0.1990242422100033	0.2323959838330948	31	17	False	Goll_2020_FMT_IBS_baseline_vs_donor.standardized.tsv	48	up
Goll_2020_FMT_IBS	local_mannwhitney_metaphlan4	Goll et al. Gut Microbes 2020; DOI 10.1080/19490976.2020.1794263; local MetaPhlAn4 re-analysis	IBS baseline recipients vs healthy donor stool	s__GGB9261_SGB14209	12.673301899835876	0.1990242422100033	0.2323959838330948	31	17	False	Goll_2020_FMT_IBS_baseline_vs_donor.standardized.tsv	48	up
Goll_2020_FMT_IBS	local_mannwhitney_metaphlan4	Goll et al. Gut Microbes 2020; DOI 10.1080/19490976.2020.1794263; local MetaPhlAn4 re-analysis	IBS baseline recipients vs healthy donor stool	s__GGB9266_SGB14216	13.117606486706135	0.1990242422100033	0.2323959838330948	31	17	False	Goll_2020_FMT_IBS_baseline_vs_donor.standardized.tsv	48	up
Goll_2020_FMT_IBS	local_mannwhitney_metaphlan4	Goll et al. Gut Microbes 2020; DOI 10.1080/19490976.2020.1794263; local MetaPhlAn4 re-analysis	IBS baseline recipients vs healthy donor stool	s__GGB9299_SGB14259	11.375127062839338	0.1990242422100033	0.2323959838330948	31	17	False	Goll_2020_FMT_IBS_baseline_vs_donor.standardized.tsv	48	up
Goll_2020_FMT_IBS	local_mannwhitney_metaphlan4	Goll et al. Gut Microbes 2020; DOI 10.1080/19490976.2020.1794263; local MetaPhlAn4 re-analysis	IBS baseline recipients vs healthy donor stool	s__GGB9444_SGB14834	12.994016921399648	0.1990242422100033	0.2323959838330948	31	17	False	Goll_2020_FMT_IBS_baseline_vs_donor.standardized.tsv	48	up
Goll_2020_FMT_IBS	local_mannwhitney_metaphlan4	Goll et al. Gut Microbes 2020; DOI 10.1080/19490976.2020.1794263; local MetaPhlAn4 re-analysis	IBS baseline recipients vs healthy donor stool	s__GGB9476_SGB14870	10.210121433929396	0.1990242422100033	0.2323959838330948	31	17	False	Goll_2020_FMT_IBS_baseline_vs_donor.standardized.tsv	48	up
Goll_2020_FMT_IBS	local_mannwhitney_metaphlan4	Goll et al. Gut Microbes 2020; DOI 10.1080/19490976.2020.1794263; local MetaPhlAn4 re-analysis	IBS baseline recipients vs healthy donor stool	s__GGB9509_SGB14906	11.350743198578702	0.1990242422100033	0.2323959838330948	31	17	False	Goll_2020_FMT_IBS_baseline_vs_donor.standardized.tsv	48	up
Goll_2020_FMT_IBS	local_mannwhitney_metaphlan4	Goll et al. Gut Microbes 2020; DOI 10.1080/19490976.2020.1794263; local MetaPhlAn4 re-analysis	IBS baseline recipients vs healthy donor stool	s__GGB9547_SGB14953	13.28999567228701	0.1990242422100033	0.2323959838330948	31	17	False	Goll_2020_FMT_IBS_baseline_vs_donor.standardized.tsv	48	up
Goll_2020_FMT_IBS	local_mannwhitney_metaphlan4	Goll et al. Gut Microbes 2020; DOI 10.1080/19490976.2020.1794263; local MetaPhlAn4 re-analysis	IBS baseline recipients vs healthy donor stool	s__GGB9597_SGB15022	10.7976876564158	0.1990242422100033	0.2323959838330948	31	17	False	Goll_2020_FMT_IBS_baseline_vs_donor.standardized.tsv	48	up
Goll_2020_FMT_IBS	local_mannwhitney_metaphlan4	Goll et al. Gut Microbes 2020; DOI 10.1080/19490976.2020.1794263; local MetaPhlAn4 re-analysis	IBS baseline recipients vs healthy donor stool	s__GGB9608_SGB15042	11.267107606590368	0.1990242422100033	0.2323959838330948	31	17	False	Goll_2020_FMT_IBS_baseline_vs_donor.standardized.tsv	48	up
Goll_2020_FMT_IBS	local_mannwhitney_metaphlan4	Goll et al. Gut Microbes 2020; DOI 10.1080/19490976.2020.1794263; local MetaPhlAn4 re-analysis	IBS baseline recipients vs healthy donor stool	s__GGB9611_SGB15045	7.770956939412604	0.1990242422100033	0.2323959838330948	31	17	False	Goll_2020_FMT_IBS_baseline_vs_donor.standardized.tsv	48	up
Goll_2020_FMT_IBS	local_mannwhitney_metaphlan4	Goll et al. Gut Microbes 2020; DOI 10.1080/19490976.2020.1794263; local MetaPhlAn4 re-analysis	IBS baseline recipients vs healthy donor stool	s__GGB9616_SGB15062	11.203407191270784	0.1990242422100033	0.2323959838330948	31	17	False	Goll_2020_FMT_IBS_baseline_vs_donor.standardized.tsv	48	up
Goll_2020_FMT_IBS	local_mannwhitney_metaphlan4	Goll et al. Gut Microbes 2020; DOI 10.1080/19490976.2020.1794263; local MetaPhlAn4 re-analysis	IBS baseline recipients vs healthy donor stool	s__GGB9634_SGB15101	15.15982423455138	0.1990242422100033	0.2323959838330948	31	17	False	Goll_2020_FMT_IBS_baseline_vs_donor.standardized.tsv	48	up
Goll_2020_FMT_IBS	local_mannwhitney_metaphlan4	Goll et al. Gut Microbes 2020; DOI 10.1080/19490976.2020.1794263; local MetaPhlAn4 re-analysis	IBS baseline recipients vs healthy donor stool	s__GGB9635_SGB15103	13.281373863811046	0.1990242422100033	0.2323959838330948	31	17	False	Goll_2020_FMT_IBS_baseline_vs_donor.standardized.tsv	48	up
Goll_2020_FMT_IBS	local_mannwhitney_metaphlan4	Goll et al. Gut Microbes 2020; DOI 10.1080/19490976.2020.1794263; local MetaPhlAn4 re-analysis	IBS baseline recipients vs healthy donor stool	s__GGB9743_SGB15349	9.773989904446232	0.1990242422100033	0.2323959838330948	31	17	False	Goll_2020_FMT_IBS_baseline_vs_donor.standardized.tsv	48	up
Goll_2020_FMT_IBS	local_mannwhitney_metaphlan4	Goll et al. Gut Microbes 2020; DOI 10.1080/19490976.2020.1794263; local MetaPhlAn4 re-analysis	IBS baseline recipients vs healthy donor stool	s__GGB9786_SGB15409	7.81295361831779	0.1990242422100033	0.2323959838330948	31	17	False	Goll_2020_FMT_IBS_baseline_vs_donor.standardized.tsv	48	up
Goll_2020_FMT_IBS	local_mannwhitney_metaphlan4	Goll et al. Gut Microbes 2020; DOI 10.1080/19490976.2020.1794263; local MetaPhlAn4 re-analysis	IBS baseline recipients vs healthy donor stool	s__GGB9788_SGB15411	8.199197395569348	0.1990242422100033	0.2323959838330948	31	17	False	Goll_2020_FMT_IBS_baseline_vs_donor.standardized.tsv	48	up
Goll_2020_FMT_IBS	local_mannwhitney_metaphlan4	Goll et al. Gut Microbes 2020; DOI 10.1080/19490976.2020.1794263; local MetaPhlAn4 re-analysis	IBS baseline recipients vs healthy donor stool	s__Guopingia_tenuis	9.094035067148427	0.1990242422100033	0.2323959838330948	31	17	False	Goll_2020_FMT_IBS_baseline_vs_donor.standardized.tsv	48	up
Goll_2020_FMT_IBS	local_mannwhitney_metaphlan4	Goll et al. Gut Microbes 2020; DOI 10.1080/19490976.2020.1794263; local MetaPhlAn4 re-analysis	IBS baseline recipients vs healthy donor stool	s__Lachnoclostridium_sp_An138	10.857855595879462	0.1990242422100033	0.2323959838330948	31	17	False	Goll_2020_FMT_IBS_baseline_vs_donor.standardized.tsv	48	up
Goll_2020_FMT_IBS	local_mannwhitney_metaphlan4	Goll et al. Gut Microbes 2020; DOI 10.1080/19490976.2020.1794263; local MetaPhlAn4 re-analysis	IBS baseline recipients vs healthy donor stool	s__Lacticaseibacillus_rhamnosus	12.213427602843671	0.1990242422100033	0.2323959838330948	31	17	False	Goll_2020_FMT_IBS_baseline_vs_donor.standardized.tsv	48	up
Goll_2020_FMT_IBS	local_mannwhitney_metaphlan4	Goll et al. Gut Microbes 2020; DOI 10.1080/19490976.2020.1794263; local MetaPhlAn4 re-analysis	IBS baseline recipients vs healthy donor stool	s__Lactobacillus_gasseri	11.102250907995195	0.1990242422100033	0.2323959838330948	31	17	False	Goll_2020_FMT_IBS_baseline_vs_donor.standardized.tsv	48	up
Goll_2020_FMT_IBS	local_mannwhitney_metaphlan4	Goll et al. Gut Microbes 2020; DOI 10.1080/19490976.2020.1794263; local MetaPhlAn4 re-analysis	IBS baseline recipients vs healthy donor stool	s__Massiliimalia_massiliensis	8.099220559180313	0.1990242422100033	0.2323959838330948	31	17	False	Goll_2020_FMT_IBS_baseline_vs_donor.standardized.tsv	48	up
Goll_2020_FMT_IBS	local_mannwhitney_metaphlan4	Goll et al. Gut Microbes 2020; DOI 10.1080/19490976.2020.1794263; local MetaPhlAn4 re-analysis	IBS baseline recipients vs healthy donor stool	s__Negativibacillus_massiliensis	14.779955981902951	0.1990242422100033	0.2323959838330948	31	17	False	Goll_2020_FMT_IBS_baseline_vs_donor.standardized.tsv	48	up
Goll_2020_FMT_IBS	local_mannwhitney_metaphlan4	Goll et al. Gut Microbes 2020; DOI 10.1080/19490976.2020.1794263; local MetaPhlAn4 re-analysis	IBS baseline recipients vs healthy donor stool	s__Parabacteroides_sp_AD58	14.281418240927794	0.1990242422100033	0.2323959838330948	31	17	False	Goll_2020_FMT_IBS_baseline_vs_donor.standardized.tsv	48	up
Goll_2020_FMT_IBS	local_mannwhitney_metaphlan4	Goll et al. Gut Microbes 2020; DOI 10.1080/19490976.2020.1794263; local MetaPhlAn4 re-analysis	IBS baseline recipients vs healthy donor stool	s__Phascolarctobacterium_succinatutens	15.545191276473826	0.1990242422100033	0.2323959838330948	31	17	False	Goll_2020_FMT_IBS_baseline_vs_donor.standardized.tsv	48	up
Goll_2020_FMT_IBS	local_mannwhitney_metaphlan4	Goll et al. Gut Microbes 2020; DOI 10.1080/19490976.2020.1794263; local MetaPhlAn4 re-analysis	IBS baseline recipients vs healthy donor stool	s__Pseudoflavonifractor_phocaeensis	9.715962017468607	0.1990242422100033	0.2323959838330948	31	17	False	Goll_2020_FMT_IBS_baseline_vs_donor.standardized.tsv	48	up
Goll_2020_FMT_IBS	local_mannwhitney_metaphlan4	Goll et al. Gut Microbes 2020; DOI 10.1080/19490976.2020.1794263; local MetaPhlAn4 re-analysis	IBS baseline recipients vs healthy donor stool	s__Pseudoruminococcus_massiliensis	17.716397445060885	0.1990242422100033	0.2323959838330948	31	17	False	Goll_2020_FMT_IBS_baseline_vs_donor.standardized.tsv	48	up
Goll_2020_FMT_IBS	local_mannwhitney_metaphlan4	Goll et al. Gut Microbes 2020; DOI 10.1080/19490976.2020.1794263; local MetaPhlAn4 re-analysis	IBS baseline recipients vs healthy donor stool	s__Roseburia_sp_AM59_24XD	15.694109515120353	0.1990242422100033	0.2323959838330948	31	17	False	Goll_2020_FMT_IBS_baseline_vs_donor.standardized.tsv	48	up
Goll_2020_FMT_IBS	local_mannwhitney_metaphlan4	Goll et al. Gut Microbes 2020; DOI 10.1080/19490976.2020.1794263; local MetaPhlAn4 re-analysis	IBS baseline recipients vs healthy donor stool	s__Ruminococcus_SGB4421	14.73842093870932	0.1990242422100033	0.2323959838330948	31	17	False	Goll_2020_FMT_IBS_baseline_vs_donor.standardized.tsv	48	up
Goll_2020_FMT_IBS	local_mannwhitney_metaphlan4	Goll et al. Gut Microbes 2020; DOI 10.1080/19490976.2020.1794263; local MetaPhlAn4 re-analysis	IBS baseline recipients vs healthy donor stool	s__Saccharomyces_cerevisiae	13.4592538973979	0.1990242422100033	0.2323959838330948	31	17	False	Goll_2020_FMT_IBS_baseline_vs_donor.standardized.tsv	48	up
Goll_2020_FMT_IBS	local_mannwhitney_metaphlan4	Goll et al. Gut Microbes 2020; DOI 10.1080/19490976.2020.1794263; local MetaPhlAn4 re-analysis	IBS baseline recipients vs healthy donor stool	s__Sanguibacteroides_justesenii	11.992424495602204	0.1990242422100033	0.2323959838330948	31	17	False	Goll_2020_FMT_IBS_baseline_vs_donor.standardized.tsv	48	up
Goll_2020_FMT_IBS	local_mannwhitney_metaphlan4	Goll et al. Gut Microbes 2020; DOI 10.1080/19490976.2020.1794263; local MetaPhlAn4 re-analysis	IBS baseline recipients vs healthy donor stool	s__Vescimonas_SGB15087	12.651261489170231	0.1990242422100033	0.2323959838330948	31	17	False	Goll_2020_FMT_IBS_baseline_vs_donor.standardized.tsv	48	up
Goll_2020_FMT_IBS	local_mannwhitney_metaphlan4	Goll et al. Gut Microbes 2020; DOI 10.1080/19490976.2020.1794263; local MetaPhlAn4 re-analysis	IBS baseline recipients vs healthy donor stool	s__Victivallis_vadensis	12.953345719273942	0.1990242422100033	0.2323959838330948	31	17	False	Goll_2020_FMT_IBS_baseline_vs_donor.standardized.tsv	48	up
Goll_2020_FMT_IBS	local_mannwhitney_metaphlan4	Goll et al. Gut Microbes 2020; DOI 10.1080/19490976.2020.1794263; local MetaPhlAn4 re-analysis	IBS baseline recipients vs healthy donor stool	s__GGB9667_SGB15164	-1.911041180059609	0.2183631238504751	0.2544634790031747	31	17	False	Goll_2020_FMT_IBS_baseline_vs_donor.standardized.tsv	48	down
Goll_2020_FMT_IBS	local_mannwhitney_metaphlan4	Goll et al. Gut Microbes 2020; DOI 10.1080/19490976.2020.1794263; local MetaPhlAn4 re-analysis	IBS baseline recipients vs healthy donor stool	s__Mediterraneibacter_SGB48424	-0.5865808968552029	0.2190818397710958	0.2547873307599465	31	17	False	Goll_2020_FMT_IBS_baseline_vs_donor.standardized.tsv	48	down
Goll_2020_FMT_IBS	local_mannwhitney_metaphlan4	Goll et al. Gut Microbes 2020; DOI 10.1080/19490976.2020.1794263; local MetaPhlAn4 re-analysis	IBS baseline recipients vs healthy donor stool	s__Roseburia_hominis	0.3542239781147997	0.2272331644173404	0.2637364840024553	31	17	False	Goll_2020_FMT_IBS_baseline_vs_donor.standardized.tsv	48	up
Goll_2020_FMT_IBS	local_mannwhitney_metaphlan4	Goll et al. Gut Microbes 2020; DOI 10.1080/19490976.2020.1794263; local MetaPhlAn4 re-analysis	IBS baseline recipients vs healthy donor stool	s__Christensenella_hongkongensis	-1.239569375177408	0.2383997424072722	0.2755901022228067	31	17	False	Goll_2020_FMT_IBS_baseline_vs_donor.standardized.tsv	48	down
Goll_2020_FMT_IBS	local_mannwhitney_metaphlan4	Goll et al. Gut Microbes 2020; DOI 10.1080/19490976.2020.1794263; local MetaPhlAn4 re-analysis	IBS baseline recipients vs healthy donor stool	s__Enterocloster_lavalensis	-1.2465351598733547	0.2383997424072722	0.2755901022228067	31	17	False	Goll_2020_FMT_IBS_baseline_vs_donor.standardized.tsv	48	down
Goll_2020_FMT_IBS	local_mannwhitney_metaphlan4	Goll et al. Gut Microbes 2020; DOI 10.1080/19490976.2020.1794263; local MetaPhlAn4 re-analysis	IBS baseline recipients vs healthy donor stool	s__GGB3444_SGB4594	0.0982701868153582	0.2465596543436468	0.2844540523166224	31	17	False	Goll_2020_FMT_IBS_baseline_vs_donor.standardized.tsv	48	up
Goll_2020_FMT_IBS	local_mannwhitney_metaphlan4	Goll et al. Gut Microbes 2020; DOI 10.1080/19490976.2020.1794263; local MetaPhlAn4 re-analysis	IBS baseline recipients vs healthy donor stool	s__Neobittarella_massiliensis	0.6881757786543514	0.2611345488047238	0.3006688629663952	31	17	False	Goll_2020_FMT_IBS_baseline_vs_donor.standardized.tsv	48	up
Goll_2020_FMT_IBS	local_mannwhitney_metaphlan4	Goll et al. Gut Microbes 2020; DOI 10.1080/19490976.2020.1794263; local MetaPhlAn4 re-analysis	IBS baseline recipients vs healthy donor stool	s__Clostridiaceae_bacterium_AF18_31LB	-0.0594754096277047	0.2625976852957474	0.3017524097434235	31	17	False	Goll_2020_FMT_IBS_baseline_vs_donor.standardized.tsv	48	down
Goll_2020_FMT_IBS	local_mannwhitney_metaphlan4	Goll et al. Gut Microbes 2020; DOI 10.1080/19490976.2020.1794263; local MetaPhlAn4 re-analysis	IBS baseline recipients vs healthy donor stool	s__Eggerthella_lenta	4.729758882884014	0.2638334729463787	0.3019717769564493	31	17	False	Goll_2020_FMT_IBS_baseline_vs_donor.standardized.tsv	48	up
Goll_2020_FMT_IBS	local_mannwhitney_metaphlan4	Goll et al. Gut Microbes 2020; DOI 10.1080/19490976.2020.1794263; local MetaPhlAn4 re-analysis	IBS baseline recipients vs healthy donor stool	s__Mediterraneibacter_butyricigenes	1.7253603204609755	0.2638334729463787	0.3019717769564493	31	17	False	Goll_2020_FMT_IBS_baseline_vs_donor.standardized.tsv	48	up
Goll_2020_FMT_IBS	local_mannwhitney_metaphlan4	Goll et al. Gut Microbes 2020; DOI 10.1080/19490976.2020.1794263; local MetaPhlAn4 re-analysis	IBS baseline recipients vs healthy donor stool	s__Lacrimispora_sp_210928_DFI_3_58	8.742530164904451	0.2766067950981141	0.3159658647563438	31	17	False	Goll_2020_FMT_IBS_baseline_vs_donor.standardized.tsv	48	up
Goll_2020_FMT_IBS	local_mannwhitney_metaphlan4	Goll et al. Gut Microbes 2020; DOI 10.1080/19490976.2020.1794263; local MetaPhlAn4 re-analysis	IBS baseline recipients vs healthy donor stool	s__Lachnospiraceae_bacterium_AM48_27BH	0.6018968668300229	0.2853795313517829	0.3253439233162338	31	17	False	Goll_2020_FMT_IBS_baseline_vs_donor.standardized.tsv	48	up
Goll_2020_FMT_IBS	local_mannwhitney_metaphlan4	Goll et al. Gut Microbes 2020; DOI 10.1080/19490976.2020.1794263; local MetaPhlAn4 re-analysis	IBS baseline recipients vs healthy donor stool	s__Roseburia_faecis	1.449992945529999	0.2870634639060466	0.3266194530269585	31	17	False	Goll_2020_FMT_IBS_baseline_vs_donor.standardized.tsv	48	up
Goll_2020_FMT_IBS	local_mannwhitney_metaphlan4	Goll et al. Gut Microbes 2020; DOI 10.1080/19490976.2020.1794263; local MetaPhlAn4 re-analysis	IBS baseline recipients vs healthy donor stool	s__GGB9237_SGB14179	6.598439817837403	0.2935079602495098	0.3332958762754748	31	17	False	Goll_2020_FMT_IBS_baseline_vs_donor.standardized.tsv	48	up
Goll_2020_FMT_IBS	local_mannwhitney_metaphlan4	Goll et al. Gut Microbes 2020; DOI 10.1080/19490976.2020.1794263; local MetaPhlAn4 re-analysis	IBS baseline recipients vs healthy donor stool	s__Alistipes_onderdonkii	-0.414949310486537	0.3105158124332812	0.3519179207577186	31	17	False	Goll_2020_FMT_IBS_baseline_vs_donor.standardized.tsv	48	down
Goll_2020_FMT_IBS	local_mannwhitney_metaphlan4	Goll et al. Gut Microbes 2020; DOI 10.1080/19490976.2020.1794263; local MetaPhlAn4 re-analysis	IBS baseline recipients vs healthy donor stool	s__Clostridium_sp_Marseille_P3244	1.6734718423690924	0.3293497156645043	0.3709097655901086	31	17	False	Goll_2020_FMT_IBS_baseline_vs_donor.standardized.tsv	48	up
Goll_2020_FMT_IBS	local_mannwhitney_metaphlan4	Goll et al. Gut Microbes 2020; DOI 10.1080/19490976.2020.1794263; local MetaPhlAn4 re-analysis	IBS baseline recipients vs healthy donor stool	s__Clostridium_sp_NSJ_42	6.249289306609038	0.3293497156645043	0.3709097655901086	31	17	False	Goll_2020_FMT_IBS_baseline_vs_donor.standardized.tsv	48	up
Goll_2020_FMT_IBS	local_mannwhitney_metaphlan4	Goll et al. Gut Microbes 2020; DOI 10.1080/19490976.2020.1794263; local MetaPhlAn4 re-analysis	IBS baseline recipients vs healthy donor stool	s__GGB9621_SGB15073	1.723431537423011	0.3293497156645043	0.3709097655901086	31	17	False	Goll_2020_FMT_IBS_baseline_vs_donor.standardized.tsv	48	up
Goll_2020_FMT_IBS	local_mannwhitney_metaphlan4	Goll et al. Gut Microbes 2020; DOI 10.1080/19490976.2020.1794263; local MetaPhlAn4 re-analysis	IBS baseline recipients vs healthy donor stool	s__Ruminococcus_bicirculans	0.3325323314382515	0.3298401721683665	0.3709097655901086	31	17	False	Goll_2020_FMT_IBS_baseline_vs_donor.standardized.tsv	48	up
Goll_2020_FMT_IBS	local_mannwhitney_metaphlan4	Goll et al. Gut Microbes 2020; DOI 10.1080/19490976.2020.1794263; local MetaPhlAn4 re-analysis	IBS baseline recipients vs healthy donor stool	s__Brotolimicola_acetigignens	0.040867726311997	0.3319627662971335	0.3725718037276566	31	17	False	Goll_2020_FMT_IBS_baseline_vs_donor.standardized.tsv	48	up
Goll_2020_FMT_IBS	local_mannwhitney_metaphlan4	Goll et al. Gut Microbes 2020; DOI 10.1080/19490976.2020.1794263; local MetaPhlAn4 re-analysis	IBS baseline recipients vs healthy donor stool	s__Jutongia_hominis	1.7311703941546666	0.3482915827107362	0.3901405713310185	31	17	False	Goll_2020_FMT_IBS_baseline_vs_donor.standardized.tsv	48	up
Goll_2020_FMT_IBS	local_mannwhitney_metaphlan4	Goll et al. Gut Microbes 2020; DOI 10.1080/19490976.2020.1794263; local MetaPhlAn4 re-analysis	IBS baseline recipients vs healthy donor stool	s__Alistipes_indistinctus	2.346319535470077	0.3706831528237675	0.414419462924831	31	17	False	Goll_2020_FMT_IBS_baseline_vs_donor.standardized.tsv	48	up
Goll_2020_FMT_IBS	local_mannwhitney_metaphlan4	Goll et al. Gut Microbes 2020; DOI 10.1080/19490976.2020.1794263; local MetaPhlAn4 re-analysis	IBS baseline recipients vs healthy donor stool	s__GGB9760_SGB15373	0.2614913133496881	0.3756773513469772	0.4191921024682487	31	17	False	Goll_2020_FMT_IBS_baseline_vs_donor.standardized.tsv	48	up
Goll_2020_FMT_IBS	local_mannwhitney_metaphlan4	Goll et al. Gut Microbes 2020; DOI 10.1080/19490976.2020.1794263; local MetaPhlAn4 re-analysis	IBS baseline recipients vs healthy donor stool	s__Oscillibacter_sp_MSJ_31	2.003924555467044	0.3863995701081788	0.430325532798704	31	17	False	Goll_2020_FMT_IBS_baseline_vs_donor.standardized.tsv	48	up
Goll_2020_FMT_IBS	local_mannwhitney_metaphlan4	Goll et al. Gut Microbes 2020; DOI 10.1080/19490976.2020.1794263; local MetaPhlAn4 re-analysis	IBS baseline recipients vs healthy donor stool	s__Lachnospira_sp_NSJ_43	-0.7102759299053254	0.3909655794787919	0.4345732787283495	31	17	False	Goll_2020_FMT_IBS_baseline_vs_donor.standardized.tsv	48	down
Goll_2020_FMT_IBS	local_mannwhitney_metaphlan4	Goll et al. Gut Microbes 2020; DOI 10.1080/19490976.2020.1794263; local MetaPhlAn4 re-analysis	IBS baseline recipients vs healthy donor stool	s__Clostridiaceae_bacterium_Marseille_Q4143	-0.4138697764089152	0.3938433582524556	0.4369317870823788	31	17	False	Goll_2020_FMT_IBS_baseline_vs_donor.standardized.tsv	48	down
Goll_2020_FMT_IBS	local_mannwhitney_metaphlan4	Goll et al. Gut Microbes 2020; DOI 10.1080/19490976.2020.1794263; local MetaPhlAn4 re-analysis	IBS baseline recipients vs healthy donor stool	s__Senegalimassilia_anaerobia	4.056217981515841	0.408600266348294	0.4524347776806781	31	17	False	Goll_2020_FMT_IBS_baseline_vs_donor.standardized.tsv	48	up
Goll_2020_FMT_IBS	local_mannwhitney_metaphlan4	Goll et al. Gut Microbes 2020; DOI 10.1080/19490976.2020.1794263; local MetaPhlAn4 re-analysis	IBS baseline recipients vs healthy donor stool	s__Oscillibacter_sp_PC13	3.212562280538267	0.4158831354213719	0.4581726787198087	31	17	False	Goll_2020_FMT_IBS_baseline_vs_donor.standardized.tsv	48	up
Goll_2020_FMT_IBS	local_mannwhitney_metaphlan4	Goll et al. Gut Microbes 2020; DOI 10.1080/19490976.2020.1794263; local MetaPhlAn4 re-analysis	IBS baseline recipients vs healthy donor stool	s__GGB2652_SGB3573	3.947515936483704	0.4161603050655702	0.4581726787198087	31	17	False	Goll_2020_FMT_IBS_baseline_vs_donor.standardized.tsv	48	up
Goll_2020_FMT_IBS	local_mannwhitney_metaphlan4	Goll et al. Gut Microbes 2020; DOI 10.1080/19490976.2020.1794263; local MetaPhlAn4 re-analysis	IBS baseline recipients vs healthy donor stool	s__Mediterraneibacter_glycyrrhizinilyticus	6.889569975813027	0.4161603050655702	0.4581726787198087	31	17	False	Goll_2020_FMT_IBS_baseline_vs_donor.standardized.tsv	48	up
Goll_2020_FMT_IBS	local_mannwhitney_metaphlan4	Goll et al. Gut Microbes 2020; DOI 10.1080/19490976.2020.1794263; local MetaPhlAn4 re-analysis	IBS baseline recipients vs healthy donor stool	s__Alistipes_senegalensis	1.8287445024750064	0.4188754870733833	0.4602852310426151	31	17	False	Goll_2020_FMT_IBS_baseline_vs_donor.standardized.tsv	48	up
Goll_2020_FMT_IBS	local_mannwhitney_metaphlan4	Goll et al. Gut Microbes 2020; DOI 10.1080/19490976.2020.1794263; local MetaPhlAn4 re-analysis	IBS baseline recipients vs healthy donor stool	s__GGB3819_SGB5184	2.174151778226119	0.4356435257554898	0.4778025766350533	31	17	False	Goll_2020_FMT_IBS_baseline_vs_donor.standardized.tsv	48	up
Goll_2020_FMT_IBS	local_mannwhitney_metaphlan4	Goll et al. Gut Microbes 2020; DOI 10.1080/19490976.2020.1794263; local MetaPhlAn4 re-analysis	IBS baseline recipients vs healthy donor stool	s__Holdemania_massiliensis	1.5105618589148224	0.4549614004422103	0.4980448663931772	31	17	False	Goll_2020_FMT_IBS_baseline_vs_donor.standardized.tsv	48	up
Goll_2020_FMT_IBS	local_mannwhitney_metaphlan4	Goll et al. Gut Microbes 2020; DOI 10.1080/19490976.2020.1794263; local MetaPhlAn4 re-analysis	IBS baseline recipients vs healthy donor stool	s__Pseudoflavonifractor_capillosus	-0.5948549122233773	0.4801421214885376	0.5246165334978729	31	17	False	Goll_2020_FMT_IBS_baseline_vs_donor.standardized.tsv	48	down
Goll_2020_FMT_IBS	local_mannwhitney_metaphlan4	Goll et al. Gut Microbes 2020; DOI 10.1080/19490976.2020.1794263; local MetaPhlAn4 re-analysis	IBS baseline recipients vs healthy donor stool	s__GGB3593_SGB4817	0.3071026811091049	0.4894803144546084	0.5338106070844597	31	17	False	Goll_2020_FMT_IBS_baseline_vs_donor.standardized.tsv	48	up
Goll_2020_FMT_IBS	local_mannwhitney_metaphlan4	Goll et al. Gut Microbes 2020; DOI 10.1080/19490976.2020.1794263; local MetaPhlAn4 re-analysis	IBS baseline recipients vs healthy donor stool	s__Lancefieldella_parvula	1.6486991604893435	0.4994890507517184	0.5436999460159948	31	17	False	Goll_2020_FMT_IBS_baseline_vs_donor.standardized.tsv	48	up
Goll_2020_FMT_IBS	local_mannwhitney_metaphlan4	Goll et al. Gut Microbes 2020; DOI 10.1080/19490976.2020.1794263; local MetaPhlAn4 re-analysis	IBS baseline recipients vs healthy donor stool	s__GGB9559_SGB14968	-1.548334710296139	0.5143777176795659	0.5578054799602047	31	17	False	Goll_2020_FMT_IBS_baseline_vs_donor.standardized.tsv	48	down
Goll_2020_FMT_IBS	local_mannwhitney_metaphlan4	Goll et al. Gut Microbes 2020; DOI 10.1080/19490976.2020.1794263; local MetaPhlAn4 re-analysis	IBS baseline recipients vs healthy donor stool	s__Intestinibacter_bartlettii	-1.533466360400371	0.5143777176795659	0.5578054799602047	31	17	False	Goll_2020_FMT_IBS_baseline_vs_donor.standardized.tsv	48	down
Goll_2020_FMT_IBS	local_mannwhitney_metaphlan4	Goll et al. Gut Microbes 2020; DOI 10.1080/19490976.2020.1794263; local MetaPhlAn4 re-analysis	IBS baseline recipients vs healthy donor stool	s__Lawsonibacter_asaccharolyticus	0.3176766767241464	0.5174225350018804	0.5600566015563424	31	17	False	Goll_2020_FMT_IBS_baseline_vs_donor.standardized.tsv	48	up
Goll_2020_FMT_IBS	local_mannwhitney_metaphlan4	Goll et al. Gut Microbes 2020; DOI 10.1080/19490976.2020.1794263; local MetaPhlAn4 re-analysis	IBS baseline recipients vs healthy donor stool	s__Clostridium_SGB6173	3.2255212880257456	0.5438055640977721	0.5864171941203588	31	17	False	Goll_2020_FMT_IBS_baseline_vs_donor.standardized.tsv	48	up
Goll_2020_FMT_IBS	local_mannwhitney_metaphlan4	Goll et al. Gut Microbes 2020; DOI 10.1080/19490976.2020.1794263; local MetaPhlAn4 re-analysis	IBS baseline recipients vs healthy donor stool	s__GGB9574_SGB14987	0.5560044353848371	0.5438055640977721	0.5864171941203588	31	17	False	Goll_2020_FMT_IBS_baseline_vs_donor.standardized.tsv	48	up
Goll_2020_FMT_IBS	local_mannwhitney_metaphlan4	Goll et al. Gut Microbes 2020; DOI 10.1080/19490976.2020.1794263; local MetaPhlAn4 re-analysis	IBS baseline recipients vs healthy donor stool	s__Hydrogeniiclostridium_mannosilyticum	-0.7579338735000718	0.5516185081326695	0.5937346325897263	31	17	False	Goll_2020_FMT_IBS_baseline_vs_donor.standardized.tsv	48	down
Goll_2020_FMT_IBS	local_mannwhitney_metaphlan4	Goll et al. Gut Microbes 2020; DOI 10.1080/19490976.2020.1794263; local MetaPhlAn4 re-analysis	IBS baseline recipients vs healthy donor stool	s__GGB9531_SGB14932	-0.6992356174640998	0.5552789324936629	0.5965636114894742	31	17	False	Goll_2020_FMT_IBS_baseline_vs_donor.standardized.tsv	48	down
Goll_2020_FMT_IBS	local_mannwhitney_metaphlan4	Goll et al. Gut Microbes 2020; DOI 10.1080/19490976.2020.1794263; local MetaPhlAn4 re-analysis	IBS baseline recipients vs healthy donor stool	s__Blautia_sp_MCC283	2.8451733575186484	0.5633787677437567	0.6041427231092604	31	17	False	Goll_2020_FMT_IBS_baseline_vs_donor.standardized.tsv	48	up
Goll_2020_FMT_IBS	local_mannwhitney_metaphlan4	Goll et al. Gut Microbes 2020; DOI 10.1080/19490976.2020.1794263; local MetaPhlAn4 re-analysis	IBS baseline recipients vs healthy donor stool	s__Parabacteroides_distasonis	0.567862052539158	0.5750478745509604	0.6155142064638057	31	17	False	Goll_2020_FMT_IBS_baseline_vs_donor.standardized.tsv	48	up
Goll_2020_FMT_IBS	local_mannwhitney_metaphlan4	Goll et al. Gut Microbes 2020; DOI 10.1080/19490976.2020.1794263; local MetaPhlAn4 re-analysis	IBS baseline recipients vs healthy donor stool	s__Oscillibacter_valericigenes	0.6463487423768616	0.589838543126617	0.6301787022683635	31	17	False	Goll_2020_FMT_IBS_baseline_vs_donor.standardized.tsv	48	up
Goll_2020_FMT_IBS	local_mannwhitney_metaphlan4	Goll et al. Gut Microbes 2020; DOI 10.1080/19490976.2020.1794263; local MetaPhlAn4 re-analysis	IBS baseline recipients vs healthy donor stool	s__Hungatella_hathewayi	3.480453927327733	0.598399979322111	0.6381461034099264	31	17	False	Goll_2020_FMT_IBS_baseline_vs_donor.standardized.tsv	48	up
Goll_2020_FMT_IBS	local_mannwhitney_metaphlan4	Goll et al. Gut Microbes 2020; DOI 10.1080/19490976.2020.1794263; local MetaPhlAn4 re-analysis	IBS baseline recipients vs healthy donor stool	s__Barnesiella_intestinihominis	0.5834924398433105	0.6020674525574345	0.6408747469211734	31	17	False	Goll_2020_FMT_IBS_baseline_vs_donor.standardized.tsv	48	up
Goll_2020_FMT_IBS	local_mannwhitney_metaphlan4	Goll et al. Gut Microbes 2020; DOI 10.1080/19490976.2020.1794263; local MetaPhlAn4 re-analysis	IBS baseline recipients vs healthy donor stool	s__GGB3480_SGB4648	-2.733350089694189	0.6081632405042319	0.6461734430357464	31	17	False	Goll_2020_FMT_IBS_baseline_vs_donor.standardized.tsv	48	down
Goll_2020_FMT_IBS	local_mannwhitney_metaphlan4	Goll et al. Gut Microbes 2020; DOI 10.1080/19490976.2020.1794263; local MetaPhlAn4 re-analysis	IBS baseline recipients vs healthy donor stool	s__Streptococcus_mitis	2.319139531685837	0.6112815238336299	0.6482949005061249	31	17	False	Goll_2020_FMT_IBS_baseline_vs_donor.standardized.tsv	48	up
Goll_2020_FMT_IBS	local_mannwhitney_metaphlan4	Goll et al. Gut Microbes 2020; DOI 10.1080/19490976.2020.1794263; local MetaPhlAn4 re-analysis	IBS baseline recipients vs healthy donor stool	s__Ruminococcus_callidus	-1.2439927115050042	0.6163431106114993	0.6514651402771979	31	17	False	Goll_2020_FMT_IBS_baseline_vs_donor.standardized.tsv	48	down
Goll_2020_FMT_IBS	local_mannwhitney_metaphlan4	Goll et al. Gut Microbes 2020; DOI 10.1080/19490976.2020.1794263; local MetaPhlAn4 re-analysis	IBS baseline recipients vs healthy donor stool	s__Streptococcus_parasanguinis	1.46984919515536	0.6165249683938188	0.6514651402771979	31	17	False	Goll_2020_FMT_IBS_baseline_vs_donor.standardized.tsv	48	up
Goll_2020_FMT_IBS	local_mannwhitney_metaphlan4	Goll et al. Gut Microbes 2020; DOI 10.1080/19490976.2020.1794263; local MetaPhlAn4 re-analysis	IBS baseline recipients vs healthy donor stool	s__GGB2977_SGB3959	3.639783205436054	0.6208484214585472	0.6548364737281758	31	17	False	Goll_2020_FMT_IBS_baseline_vs_donor.standardized.tsv	48	up
Goll_2020_FMT_IBS	local_mannwhitney_metaphlan4	Goll et al. Gut Microbes 2020; DOI 10.1080/19490976.2020.1794263; local MetaPhlAn4 re-analysis	IBS baseline recipients vs healthy donor stool	s__Massiliimalia_timonensis	-1.253184924716353	0.6480478874781446	0.6822799252502142	31	17	False	Goll_2020_FMT_IBS_baseline_vs_donor.standardized.tsv	48	down
Goll_2020_FMT_IBS	local_mannwhitney_metaphlan4	Goll et al. Gut Microbes 2020; DOI 10.1080/19490976.2020.1794263; local MetaPhlAn4 re-analysis	IBS baseline recipients vs healthy donor stool	s__Actinomyces_sp_ph3	3.339992930760621	0.6529410161621312	0.6861816497122033	31	17	False	Goll_2020_FMT_IBS_baseline_vs_donor.standardized.tsv	48	up
Goll_2020_FMT_IBS	local_mannwhitney_metaphlan4	Goll et al. Gut Microbes 2020; DOI 10.1080/19490976.2020.1794263; local MetaPhlAn4 re-analysis	IBS baseline recipients vs healthy donor stool	s__GGB34797_SGB14322	3.684424051576993	0.6715937053955626	0.7045030158232944	31	17	False	Goll_2020_FMT_IBS_baseline_vs_donor.standardized.tsv	48	up
Goll_2020_FMT_IBS	local_mannwhitney_metaphlan4	Goll et al. Gut Microbes 2020; DOI 10.1080/19490976.2020.1794263; local MetaPhlAn4 re-analysis	IBS baseline recipients vs healthy donor stool	s__Lachnospira_eligens	1.5338192325317903	0.6803031184535003	0.7123463812792087	31	17	False	Goll_2020_FMT_IBS_baseline_vs_donor.standardized.tsv	48	up
Goll_2020_FMT_IBS	local_mannwhitney_metaphlan4	Goll et al. Gut Microbes 2020; DOI 10.1080/19490976.2020.1794263; local MetaPhlAn4 re-analysis	IBS baseline recipients vs healthy donor stool	s__Intestinimonas_gabonensis	0.4660442109815666	0.6860969940889178	0.7171140372213282	31	17	False	Goll_2020_FMT_IBS_baseline_vs_donor.standardized.tsv	48	up
Goll_2020_FMT_IBS	local_mannwhitney_metaphlan4	Goll et al. Gut Microbes 2020; DOI 10.1080/19490976.2020.1794263; local MetaPhlAn4 re-analysis	IBS baseline recipients vs healthy donor stool	s__Clostridium_SGB4750	0.0051554108703168	0.7037901523641966	0.7342792564377358	31	17	False	Goll_2020_FMT_IBS_baseline_vs_donor.standardized.tsv	48	up
Goll_2020_FMT_IBS	local_mannwhitney_metaphlan4	Goll et al. Gut Microbes 2020; DOI 10.1080/19490976.2020.1794263; local MetaPhlAn4 re-analysis	IBS baseline recipients vs healthy donor stool	s__Ruthenibacterium_lactatiformans	0.6497141873018168	0.7057237307470283	0.7349699394086169	31	17	False	Goll_2020_FMT_IBS_baseline_vs_donor.standardized.tsv	48	up
Goll_2020_FMT_IBS	local_mannwhitney_metaphlan4	Goll et al. Gut Microbes 2020; DOI 10.1080/19490976.2020.1794263; local MetaPhlAn4 re-analysis	IBS baseline recipients vs healthy donor stool	s__Streptococcus_salivarius	1.9170142805526655	0.7119281916435862	0.7400980121762462	31	17	False	Goll_2020_FMT_IBS_baseline_vs_donor.standardized.tsv	48	up
Goll_2020_FMT_IBS	local_mannwhitney_metaphlan4	Goll et al. Gut Microbes 2020; DOI 10.1080/19490976.2020.1794263; local MetaPhlAn4 re-analysis	IBS baseline recipients vs healthy donor stool	s__Ruminococcus_torques	3.1556349663754726	0.7199819384034385	0.747126679348631	31	17	False	Goll_2020_FMT_IBS_baseline_vs_donor.standardized.tsv	48	up
Goll_2020_FMT_IBS	local_mannwhitney_metaphlan4	Goll et al. Gut Microbes 2020; DOI 10.1080/19490976.2020.1794263; local MetaPhlAn4 re-analysis	IBS baseline recipients vs healthy donor stool	s__Collinsella_aerofaciens	1.4627924873071771	0.7293127056167938	0.7554529459614817	31	17	False	Goll_2020_FMT_IBS_baseline_vs_donor.standardized.tsv	48	up
Goll_2020_FMT_IBS	local_mannwhitney_metaphlan4	Goll et al. Gut Microbes 2020; DOI 10.1080/19490976.2020.1794263; local MetaPhlAn4 re-analysis	IBS baseline recipients vs healthy donor stool	s__Escherichia_coli	6.899381582481879	0.731803698051974	0.75667716900544	31	17	False	Goll_2020_FMT_IBS_baseline_vs_donor.standardized.tsv	48	up
Goll_2020_FMT_IBS	local_mannwhitney_metaphlan4	Goll et al. Gut Microbes 2020; DOI 10.1080/19490976.2020.1794263; local MetaPhlAn4 re-analysis	IBS baseline recipients vs healthy donor stool	s__GGB4456_SGB6141	-4.010026175291658	0.7449992147498519	0.7686617484280753	31	17	False	Goll_2020_FMT_IBS_baseline_vs_donor.standardized.tsv	48	down
Goll_2020_FMT_IBS	local_mannwhitney_metaphlan4	Goll et al. Gut Microbes 2020; DOI 10.1080/19490976.2020.1794263; local MetaPhlAn4 re-analysis	IBS baseline recipients vs healthy donor stool	s__Bifidobacterium_longum	0.3710272861318205	0.7460540499448967	0.7686617484280753	31	17	False	Goll_2020_FMT_IBS_baseline_vs_donor.standardized.tsv	48	up
Goll_2020_FMT_IBS	local_mannwhitney_metaphlan4	Goll et al. Gut Microbes 2020; DOI 10.1080/19490976.2020.1794263; local MetaPhlAn4 re-analysis	IBS baseline recipients vs healthy donor stool	s__Streptococcus_australis	3.0467980440242752	0.7515815952369539	0.772978936026618	31	17	False	Goll_2020_FMT_IBS_baseline_vs_donor.standardized.tsv	48	up
Goll_2020_FMT_IBS	local_mannwhitney_metaphlan4	Goll et al. Gut Microbes 2020; DOI 10.1080/19490976.2020.1794263; local MetaPhlAn4 re-analysis	IBS baseline recipients vs healthy donor stool	s__GGB3619_SGB4894	1.664538805364725	0.7855520176908115	0.8064814675404779	31	17	False	Goll_2020_FMT_IBS_baseline_vs_donor.standardized.tsv	48	up
Goll_2020_FMT_IBS	local_mannwhitney_metaphlan4	Goll et al. Gut Microbes 2020; DOI 10.1080/19490976.2020.1794263; local MetaPhlAn4 re-analysis	IBS baseline recipients vs healthy donor stool	s__Roseburia_intestinalis	-1.2440338492842336	0.8096989189603974	0.8297978282962937	31	17	False	Goll_2020_FMT_IBS_baseline_vs_donor.standardized.tsv	48	down
Goll_2020_FMT_IBS	local_mannwhitney_metaphlan4	Goll et al. Gut Microbes 2020; DOI 10.1080/19490976.2020.1794263; local MetaPhlAn4 re-analysis	IBS baseline recipients vs healthy donor stool	s__Bacteroides_thetaiotaomicron	0.5795145876059975	0.8261349765866769	0.8451433919771668	31	17	False	Goll_2020_FMT_IBS_baseline_vs_donor.standardized.tsv	48	up
Goll_2020_FMT_IBS	local_mannwhitney_metaphlan4	Goll et al. Gut Microbes 2020; DOI 10.1080/19490976.2020.1794263; local MetaPhlAn4 re-analysis	IBS baseline recipients vs healthy donor stool	s__TM7_phylum_sp_oral_taxon_352	1.9840580357026416	0.8330934851552153	0.8492992370658946	31	17	False	Goll_2020_FMT_IBS_baseline_vs_donor.standardized.tsv	48	up
Goll_2020_FMT_IBS	local_mannwhitney_metaphlan4	Goll et al. Gut Microbes 2020; DOI 10.1080/19490976.2020.1794263; local MetaPhlAn4 re-analysis	IBS baseline recipients vs healthy donor stool	s__Streptococcus_sanguinis	1.6718156297854772	0.8331361027964744	0.8492992370658946	31	17	False	Goll_2020_FMT_IBS_baseline_vs_donor.standardized.tsv	48	up
Goll_2020_FMT_IBS	local_mannwhitney_metaphlan4	Goll et al. Gut Microbes 2020; DOI 10.1080/19490976.2020.1794263; local MetaPhlAn4 re-analysis	IBS baseline recipients vs healthy donor stool	s__Oscillospiraceae_bacterium	0.798610323067878	0.9122079630551052	0.9269497568034109	31	17	False	Goll_2020_FMT_IBS_baseline_vs_donor.standardized.tsv	48	up
Goll_2020_FMT_IBS	local_mannwhitney_metaphlan4	Goll et al. Gut Microbes 2020; DOI 10.1080/19490976.2020.1794263; local MetaPhlAn4 re-analysis	IBS baseline recipients vs healthy donor stool	s__GGB3109_SGB4121	0.5029800629991761	0.9128367582282744	0.9269497568034109	31	17	False	Goll_2020_FMT_IBS_baseline_vs_donor.standardized.tsv	48	up
Goll_2020_FMT_IBS	local_mannwhitney_metaphlan4	Goll et al. Gut Microbes 2020; DOI 10.1080/19490976.2020.1794263; local MetaPhlAn4 re-analysis	IBS baseline recipients vs healthy donor stool	s__Gemmiger_formicilis	0.2373556922934256	0.9141200023839864	0.9269497568034109	31	17	False	Goll_2020_FMT_IBS_baseline_vs_donor.standardized.tsv	48	up
Goll_2020_FMT_IBS	local_mannwhitney_metaphlan4	Goll et al. Gut Microbes 2020; DOI 10.1080/19490976.2020.1794263; local MetaPhlAn4 re-analysis	IBS baseline recipients vs healthy donor stool	s__Streptococcus_oralis	4.644679935517281	0.9181638341462682	0.9294197830762576	31	17	False	Goll_2020_FMT_IBS_baseline_vs_donor.standardized.tsv	48	up
Goll_2020_FMT_IBS	local_mannwhitney_metaphlan4	Goll et al. Gut Microbes 2020; DOI 10.1080/19490976.2020.1794263; local MetaPhlAn4 re-analysis	IBS baseline recipients vs healthy donor stool	s__Streptococcus_cristatus	2.3158007772007654	0.9351953630193864	0.9450051045895198	31	17	False	Goll_2020_FMT_IBS_baseline_vs_donor.standardized.tsv	48	up
Goll_2020_FMT_IBS	local_mannwhitney_metaphlan4	Goll et al. Gut Microbes 2020; DOI 10.1080/19490976.2020.1794263; local MetaPhlAn4 re-analysis	IBS baseline recipients vs healthy donor stool	s__Alistipes_putredinis	0.0499167993476751	0.9483870978294496	0.9566627269553608	31	17	False	Goll_2020_FMT_IBS_baseline_vs_donor.standardized.tsv	48	up
Goll_2020_FMT_IBS	local_mannwhitney_metaphlan4	Goll et al. Gut Microbes 2020; DOI 10.1080/19490976.2020.1794263; local MetaPhlAn4 re-analysis	IBS baseline recipients vs healthy donor stool	s__Ruminococcus_gnavus	4.285953686679312	0.9564807054637824	0.963146076233565	31	17	False	Goll_2020_FMT_IBS_baseline_vs_donor.standardized.tsv	48	up
Goll_2020_FMT_IBS	local_mannwhitney_metaphlan4	Goll et al. Gut Microbes 2020; DOI 10.1080/19490976.2020.1794263; local MetaPhlAn4 re-analysis	IBS baseline recipients vs healthy donor stool	s__Candidatus_Stoquefichus_sp_SB1	0.8759827883852659	0.9590279328144904	0.9640315568117832	31	17	False	Goll_2020_FMT_IBS_baseline_vs_donor.standardized.tsv	48	up
Goll_2020_FMT_IBS	local_mannwhitney_metaphlan4	Goll et al. Gut Microbes 2020; DOI 10.1080/19490976.2020.1794263; local MetaPhlAn4 re-analysis	IBS baseline recipients vs healthy donor stool	s__Lentihominibacter_faecis	1.7802701886678345	0.96507622391942	0.9684271830302514	31	17	False	Goll_2020_FMT_IBS_baseline_vs_donor.standardized.tsv	48	up
Goll_2020_FMT_IBS	local_mannwhitney_metaphlan4	Goll et al. Gut Microbes 2020; DOI 10.1080/19490976.2020.1794263; local MetaPhlAn4 re-analysis	IBS baseline recipients vs healthy donor stool	s__Enterocloster_citroniae	0.4751035919256076	0.9735090994090868	0.9751962902226208	31	17	False	Goll_2020_FMT_IBS_baseline_vs_donor.standardized.tsv	48	up
Goll_2020_FMT_IBS	local_mannwhitney_metaphlan4	Goll et al. Gut Microbes 2020; DOI 10.1080/19490976.2020.1794263; local MetaPhlAn4 re-analysis	IBS baseline recipients vs healthy donor stool	s__Clostridium_sp_AM33_3	0.5034852600917731	1.0	1.0	31	17	False	Goll_2020_FMT_IBS_baseline_vs_donor.standardized.tsv	48	up
PRJEB34103_IBS	published_deseq2_supplementary_table	Ranasinghe et al. Scientific Reports 2026; PRJEB34103; Supplementary Table S3	IBS vs healthy controls; DESeq2 species table S3	s__Lactobacillus_plantarum	2.6001	1.3195365229855854e-09	5.374690403372269e-08	63	34	True	PRJEB34103_IBS_vs_HC_deseq2_species_s3.standardized.tsv	97	up
PRJEB34103_IBS	published_deseq2_supplementary_table	Ranasinghe et al. Scientific Reports 2026; PRJEB34103; Supplementary Table S3	IBS vs healthy controls; DESeq2 species table S3	s__Dialister_sp_Marseille_P5638	-2.605	1.580791295109491e-09	5.374690403372269e-08	63	34	True	PRJEB34103_IBS_vs_HC_deseq2_species_s3.standardized.tsv	97	down
PRJEB34103_IBS	published_deseq2_supplementary_table	Ranasinghe et al. Scientific Reports 2026; PRJEB34103; Supplementary Table S3	IBS vs healthy controls; DESeq2 species table S3	s__Porphyromonas_asaccharolytica	-1.9725	7.311868842092015e-09	1.6573569375408569e-07	63	34	True	PRJEB34103_IBS_vs_HC_deseq2_species_s3.standardized.tsv	97	down
PRJEB34103_IBS	published_deseq2_supplementary_table	Ranasinghe et al. Scientific Reports 2026; PRJEB34103; Supplementary Table S3	IBS vs healthy controls; DESeq2 species table S3	s__Streptococcus_mutans	1.6939	5.4489954585224015e-08	9.263292279488084e-07	63	34	True	PRJEB34103_IBS_vs_HC_deseq2_species_s3.standardized.tsv	97	up
PRJEB34103_IBS	published_deseq2_supplementary_table	Ranasinghe et al. Scientific Reports 2026; PRJEB34103; Supplementary Table S3	IBS vs healthy controls; DESeq2 species table S3	s__Streptococcus_infantarius	1.5413	1.3804963137485993e-06	0.0004	63	34	True	PRJEB34103_IBS_vs_HC_deseq2_species_s3.standardized.tsv	97	up
PRJEB34103_IBS	published_deseq2_supplementary_table	Ranasinghe et al. Scientific Reports 2026; PRJEB34103; Supplementary Table S3	IBS vs healthy controls; DESeq2 species table S3	s__Mobiluncus_curtisii	-1.3557	2.9915373114826614e-06	0.0008	63	34	True	PRJEB34103_IBS_vs_HC_deseq2_species_s3.standardized.tsv	97	down
PRJEB34103_IBS	published_deseq2_supplementary_table	Ranasinghe et al. Scientific Reports 2026; PRJEB34103; Supplementary Table S3	IBS vs healthy controls; DESeq2 species table S3	s__Streptococcus_equinus	1.5101	4.762199865612616e-06	0.0011	63	34	True	PRJEB34103_IBS_vs_HC_deseq2_species_s3.standardized.tsv	97	up
PRJEB34103_IBS	published_deseq2_supplementary_table	Ranasinghe et al. Scientific Reports 2026; PRJEB34103; Supplementary Table S3	IBS vs healthy controls; DESeq2 species table S3	s__Oscillibacter_valericigenes	-0.7041	1.6555840947620777e-05	0.003	63	34	True	PRJEB34103_IBS_vs_HC_deseq2_species_s3.standardized.tsv	97	down
PRJEB34103_IBS	published_deseq2_supplementary_table	Ranasinghe et al. Scientific Reports 2026; PRJEB34103; Supplementary Table S3	IBS vs healthy controls; DESeq2 species table S3	s__Rothia_dentocariosa	1.2475	1.7234616335044563e-05	0.003	63	34	True	PRJEB34103_IBS_vs_HC_deseq2_species_s3.standardized.tsv	97	up
PRJEB34103_IBS	published_deseq2_supplementary_table	Ranasinghe et al. Scientific Reports 2026; PRJEB34103; Supplementary Table S3	IBS vs healthy controls; DESeq2 species table S3	s__Pediococcus_inopinatus	0.8529	1.918247925444821e-05	0.003	63	34	True	PRJEB34103_IBS_vs_HC_deseq2_species_s3.standardized.tsv	97	up
PRJEB34103_IBS	published_deseq2_supplementary_table	Ranasinghe et al. Scientific Reports 2026; PRJEB34103; Supplementary Table S3	IBS vs healthy controls; DESeq2 species table S3	s__Streptococcus_salivarius	1.4972	2.404306160177298e-05	0.0034	63	34	True	PRJEB34103_IBS_vs_HC_deseq2_species_s3.standardized.tsv	97	up
PRJEB34103_IBS	published_deseq2_supplementary_table	Ranasinghe et al. Scientific Reports 2026; PRJEB34103; Supplementary Table S3	IBS vs healthy controls; DESeq2 species table S3	s__Thiocystis_violascens	-0.7426	3.043324384340985e-05	0.0039	63	34	True	PRJEB34103_IBS_vs_HC_deseq2_species_s3.standardized.tsv	97	down
PRJEB34103_IBS	published_deseq2_supplementary_table	Ranasinghe et al. Scientific Reports 2026; PRJEB34103; Supplementary Table S3	IBS vs healthy controls; DESeq2 species table S3	s__Coriobacterium_glomerans	1.1489	3.67526393820348e-05	0.0044	63	34	True	PRJEB34103_IBS_vs_HC_deseq2_species_s3.standardized.tsv	97	up
PRJEB34103_IBS	published_deseq2_supplementary_table	Ranasinghe et al. Scientific Reports 2026; PRJEB34103; Supplementary Table S3	IBS vs healthy controls; DESeq2 species table S3	s__Acinetobacter_radioresistens	0.7079	4.609350388568968e-05	0.0048	63	34	True	PRJEB34103_IBS_vs_HC_deseq2_species_s3.standardized.tsv	97	up
PRJEB34103_IBS	published_deseq2_supplementary_table	Ranasinghe et al. Scientific Reports 2026; PRJEB34103; Supplementary Table S3	IBS vs healthy controls; DESeq2 species table S3	s__Streptococcus_sp_I_P16	1.3587	4.643136327571342e-05	0.0048	63	34	True	PRJEB34103_IBS_vs_HC_deseq2_species_s3.standardized.tsv	97	up
PRJEB34103_IBS	published_deseq2_supplementary_table	Ranasinghe et al. Scientific Reports 2026; PRJEB34103; Supplementary Table S3	IBS vs healthy controls; DESeq2 species table S3	s__Bifidobacterium_animalis	2.0818	0.0001	0.0059	63	34	True	PRJEB34103_IBS_vs_HC_deseq2_species_s3.standardized.tsv	97	up
PRJEB34103_IBS	published_deseq2_supplementary_table	Ranasinghe et al. Scientific Reports 2026; PRJEB34103; Supplementary Table S3	IBS vs healthy controls; DESeq2 species table S3	s__Clostridium_autoethanogenum	0.809	0.0001	0.0081	63	34	True	PRJEB34103_IBS_vs_HC_deseq2_species_s3.standardized.tsv	97	up
PRJEB34103_IBS	published_deseq2_supplementary_table	Ranasinghe et al. Scientific Reports 2026; PRJEB34103; Supplementary Table S3	IBS vs healthy controls; DESeq2 species table S3	s__Clostridium_perfringens	0.6285	0.0001	0.0081	63	34	True	PRJEB34103_IBS_vs_HC_deseq2_species_s3.standardized.tsv	97	up
PRJEB34103_IBS	published_deseq2_supplementary_table	Ranasinghe et al. Scientific Reports 2026; PRJEB34103; Supplementary Table S3	IBS vs healthy controls; DESeq2 species table S3	s__Leuconostoc_gelidum	-1.0375	0.0001	0.0081	63	34	True	PRJEB34103_IBS_vs_HC_deseq2_species_s3.standardized.tsv	97	down
PRJEB34103_IBS	published_deseq2_supplementary_table	Ranasinghe et al. Scientific Reports 2026; PRJEB34103; Supplementary Table S3	IBS vs healthy controls; DESeq2 species table S3	s__Streptococcus_sp_FDAARGOS_192	1.3648	0.0001	0.0081	63	34	True	PRJEB34103_IBS_vs_HC_deseq2_species_s3.standardized.tsv	97	up
PRJEB34103_IBS	published_deseq2_supplementary_table	Ranasinghe et al. Scientific Reports 2026; PRJEB34103; Supplementary Table S3	IBS vs healthy controls; DESeq2 species table S3	s__Gordonibacter_urolithinfaciens	1.3639	0.0002	0.0115	63	34	True	PRJEB34103_IBS_vs_HC_deseq2_species_s3.standardized.tsv	97	up
PRJEB34103_IBS	published_deseq2_supplementary_table	Ranasinghe et al. Scientific Reports 2026; PRJEB34103; Supplementary Table S3	IBS vs healthy controls; DESeq2 species table S3	s__Lactobacillus_sakei	1.1355	0.0002	0.013	63	34	True	PRJEB34103_IBS_vs_HC_deseq2_species_s3.standardized.tsv	97	up
PRJEB34103_IBS	published_deseq2_supplementary_table	Ranasinghe et al. Scientific Reports 2026; PRJEB34103; Supplementary Table S3	IBS vs healthy controls; DESeq2 species table S3	s__Xenorhabdus_nematophila	0.7269	0.0002	0.013	63	34	True	PRJEB34103_IBS_vs_HC_deseq2_species_s3.standardized.tsv	97	up
PRJEB34103_IBS	published_deseq2_supplementary_table	Ranasinghe et al. Scientific Reports 2026; PRJEB34103; Supplementary Table S3	IBS vs healthy controls; DESeq2 species table S3	s__Actinomyces_oris	1.0728	0.0002	0.0134	63	34	True	PRJEB34103_IBS_vs_HC_deseq2_species_s3.standardized.tsv	97	up
PRJEB34103_IBS	published_deseq2_supplementary_table	Ranasinghe et al. Scientific Reports 2026; PRJEB34103; Supplementary Table S3	IBS vs healthy controls; DESeq2 species table S3	s__Vibrio_alginolyticus	0.9377	0.0002	0.0138	63	34	True	PRJEB34103_IBS_vs_HC_deseq2_species_s3.standardized.tsv	97	up
PRJEB34103_IBS	published_deseq2_supplementary_table	Ranasinghe et al. Scientific Reports 2026; PRJEB34103; Supplementary Table S3	IBS vs healthy controls; DESeq2 species table S3	s__Halobacillus_mangrovi	0.619	0.0002	0.0146	63	34	True	PRJEB34103_IBS_vs_HC_deseq2_species_s3.standardized.tsv	97	up
PRJEB34103_IBS	published_deseq2_supplementary_table	Ranasinghe et al. Scientific Reports 2026; PRJEB34103; Supplementary Table S3	IBS vs healthy controls; DESeq2 species table S3	s__Paenibacillus_sp_FSL_H7_0357	0.4484	0.0003	0.0146	63	34	False	PRJEB34103_IBS_vs_HC_deseq2_species_s3.standardized.tsv	97	up
PRJEB34103_IBS	published_deseq2_supplementary_table	Ranasinghe et al. Scientific Reports 2026; PRJEB34103; Supplementary Table S3	IBS vs healthy controls; DESeq2 species table S3	s__Actinomadura_amylolytica	-0.8204	0.0003	0.0164	63	34	True	PRJEB34103_IBS_vs_HC_deseq2_species_s3.standardized.tsv	97	down
PRJEB34103_IBS	published_deseq2_supplementary_table	Ranasinghe et al. Scientific Reports 2026; PRJEB34103; Supplementary Table S3	IBS vs healthy controls; DESeq2 species table S3	s__Caulobacter_henricii	-0.7456	0.0003	0.0164	63	34	True	PRJEB34103_IBS_vs_HC_deseq2_species_s3.standardized.tsv	97	down
PRJEB34103_IBS	published_deseq2_supplementary_table	Ranasinghe et al. Scientific Reports 2026; PRJEB34103; Supplementary Table S3	IBS vs healthy controls; DESeq2 species table S3	s__Lactobacillus_delbrueckii	1.3717	0.0003	0.0164	63	34	True	PRJEB34103_IBS_vs_HC_deseq2_species_s3.standardized.tsv	97	up
PRJEB34103_IBS	published_deseq2_supplementary_table	Ranasinghe et al. Scientific Reports 2026; PRJEB34103; Supplementary Table S3	IBS vs healthy controls; DESeq2 species table S3	s__Cystobacter_fuscus	-0.6668	0.0003	0.0168	63	34	True	PRJEB34103_IBS_vs_HC_deseq2_species_s3.standardized.tsv	97	down
PRJEB34103_IBS	published_deseq2_supplementary_table	Ranasinghe et al. Scientific Reports 2026; PRJEB34103; Supplementary Table S3	IBS vs healthy controls; DESeq2 species table S3	s__Spirosoma_radiotolerans	0.7143	0.0003	0.0168	63	34	True	PRJEB34103_IBS_vs_HC_deseq2_species_s3.standardized.tsv	97	up
PRJEB34103_IBS	published_deseq2_supplementary_table	Ranasinghe et al. Scientific Reports 2026; PRJEB34103; Supplementary Table S3	IBS vs healthy controls; DESeq2 species table S3	s__Nitrospira_moscoviensis	-0.8562	0.0004	0.018	63	34	True	PRJEB34103_IBS_vs_HC_deseq2_species_s3.standardized.tsv	97	down
PRJEB34103_IBS	published_deseq2_supplementary_table	Ranasinghe et al. Scientific Reports 2026; PRJEB34103; Supplementary Table S3	IBS vs healthy controls; DESeq2 species table S3	s__Gemmata_obscuriglobus	-0.6467	0.0004	0.0196	63	34	True	PRJEB34103_IBS_vs_HC_deseq2_species_s3.standardized.tsv	97	down
PRJEB34103_IBS	published_deseq2_supplementary_table	Ranasinghe et al. Scientific Reports 2026; PRJEB34103; Supplementary Table S3	IBS vs healthy controls; DESeq2 species table S3	s__Streptococcus_parauberis	0.9365	0.0005	0.0201	63	34	True	PRJEB34103_IBS_vs_HC_deseq2_species_s3.standardized.tsv	97	up
PRJEB34103_IBS	published_deseq2_supplementary_table	Ranasinghe et al. Scientific Reports 2026; PRJEB34103; Supplementary Table S3	IBS vs healthy controls; DESeq2 species table S3	s__Acetobacter_aceti	-0.718	0.0005	0.0221	63	34	True	PRJEB34103_IBS_vs_HC_deseq2_species_s3.standardized.tsv	97	down
PRJEB34103_IBS	published_deseq2_supplementary_table	Ranasinghe et al. Scientific Reports 2026; PRJEB34103; Supplementary Table S3	IBS vs healthy controls; DESeq2 species table S3	s__Gordonibacter_pamelaeae	0.9339	0.0006	0.0239	63	34	True	PRJEB34103_IBS_vs_HC_deseq2_species_s3.standardized.tsv	97	up
PRJEB34103_IBS	published_deseq2_supplementary_table	Ranasinghe et al. Scientific Reports 2026; PRJEB34103; Supplementary Table S3	IBS vs healthy controls; DESeq2 species table S3	s__Hungateiclostridium_thermocellum	0.3495	0.0006	0.0239	63	34	False	PRJEB34103_IBS_vs_HC_deseq2_species_s3.standardized.tsv	97	up
PRJEB34103_IBS	published_deseq2_supplementary_table	Ranasinghe et al. Scientific Reports 2026; PRJEB34103; Supplementary Table S3	IBS vs healthy controls; DESeq2 species table S3	s__Oxalobacter_formigenes	-1.7692	0.0006	0.0239	63	34	True	PRJEB34103_IBS_vs_HC_deseq2_species_s3.standardized.tsv	97	down
PRJEB34103_IBS	published_deseq2_supplementary_table	Ranasinghe et al. Scientific Reports 2026; PRJEB34103; Supplementary Table S3	IBS vs healthy controls; DESeq2 species table S3	s__Ruminococcus_champanellensis	-0.6908	0.0006	0.0239	63	34	True	PRJEB34103_IBS_vs_HC_deseq2_species_s3.standardized.tsv	97	down
PRJEB34103_IBS	published_deseq2_supplementary_table	Ranasinghe et al. Scientific Reports 2026; PRJEB34103; Supplementary Table S3	IBS vs healthy controls; DESeq2 species table S3	s__Spirochaeta_thermophila	-0.4545	0.0007	0.0259	63	34	False	PRJEB34103_IBS_vs_HC_deseq2_species_s3.standardized.tsv	97	down
PRJEB34103_IBS	published_deseq2_supplementary_table	Ranasinghe et al. Scientific Reports 2026; PRJEB34103; Supplementary Table S3	IBS vs healthy controls; DESeq2 species table S3	s__Deinococcus_gobiensis	-0.7058	0.0007	0.0267	63	34	True	PRJEB34103_IBS_vs_HC_deseq2_species_s3.standardized.tsv	97	down
PRJEB34103_IBS	published_deseq2_supplementary_table	Ranasinghe et al. Scientific Reports 2026; PRJEB34103; Supplementary Table S3	IBS vs healthy controls; DESeq2 species table S3	s__Bacillus_paralicheniformis	0.5924	0.0008	0.0267	63	34	True	PRJEB34103_IBS_vs_HC_deseq2_species_s3.standardized.tsv	97	up
PRJEB34103_IBS	published_deseq2_supplementary_table	Ranasinghe et al. Scientific Reports 2026; PRJEB34103; Supplementary Table S3	IBS vs healthy controls; DESeq2 species table S3	s__Desulfovibrio_piger	1.0317	0.0008	0.0267	63	34	True	PRJEB34103_IBS_vs_HC_deseq2_species_s3.standardized.tsv	97	up
PRJEB34103_IBS	published_deseq2_supplementary_table	Ranasinghe et al. Scientific Reports 2026; PRJEB34103; Supplementary Table S3	IBS vs healthy controls; DESeq2 species table S3	s__Thermaerobacter_marianensis	-0.6304	0.0008	0.0269	63	34	True	PRJEB34103_IBS_vs_HC_deseq2_species_s3.standardized.tsv	97	down
PRJEB34103_IBS	published_deseq2_supplementary_table	Ranasinghe et al. Scientific Reports 2026; PRJEB34103; Supplementary Table S3	IBS vs healthy controls; DESeq2 species table S3	s__Streptococcus_constellatus	0.9667	0.0008	0.027	63	34	True	PRJEB34103_IBS_vs_HC_deseq2_species_s3.standardized.tsv	97	up
PRJEB34103_IBS	published_deseq2_supplementary_table	Ranasinghe et al. Scientific Reports 2026; PRJEB34103; Supplementary Table S3	IBS vs healthy controls; DESeq2 species table S3	s__Lachnoanaerobaculum_umeaense	0.404	0.0008	0.0277	63	34	False	PRJEB34103_IBS_vs_HC_deseq2_species_s3.standardized.tsv	97	up
PRJEB34103_IBS	published_deseq2_supplementary_table	Ranasinghe et al. Scientific Reports 2026; PRJEB34103; Supplementary Table S3	IBS vs healthy controls; DESeq2 species table S3	s__Cronobacter_muytjensii	0.6646	0.0009	0.0278	63	34	True	PRJEB34103_IBS_vs_HC_deseq2_species_s3.standardized.tsv	97	up
PRJEB34103_IBS	published_deseq2_supplementary_table	Ranasinghe et al. Scientific Reports 2026; PRJEB34103; Supplementary Table S3	IBS vs healthy controls; DESeq2 species table S3	s__Acinetobacter_haemolyticus	0.7028	0.0009	0.0285	63	34	True	PRJEB34103_IBS_vs_HC_deseq2_species_s3.standardized.tsv	97	up
PRJEB34103_IBS	published_deseq2_supplementary_table	Ranasinghe et al. Scientific Reports 2026; PRJEB34103; Supplementary Table S3	IBS vs healthy controls; DESeq2 species table S3	s__Gramella_sp_MAR_2010_102	0.5505	0.0009	0.0285	63	34	True	PRJEB34103_IBS_vs_HC_deseq2_species_s3.standardized.tsv	97	up
PRJEB34103_IBS	published_deseq2_supplementary_table	Ranasinghe et al. Scientific Reports 2026; PRJEB34103; Supplementary Table S3	IBS vs healthy controls; DESeq2 species table S3	s__Lactobacillus_gasseri	1.0107	0.0009	0.0285	63	34	True	PRJEB34103_IBS_vs_HC_deseq2_species_s3.standardized.tsv	97	up
PRJEB34103_IBS	published_deseq2_supplementary_table	Ranasinghe et al. Scientific Reports 2026; PRJEB34103; Supplementary Table S3	IBS vs healthy controls; DESeq2 species table S3	s__Corynebacterium_variabile	-0.657	0.0011	0.0334	63	34	True	PRJEB34103_IBS_vs_HC_deseq2_species_s3.standardized.tsv	97	down
PRJEB34103_IBS	published_deseq2_supplementary_table	Ranasinghe et al. Scientific Reports 2026; PRJEB34103; Supplementary Table S3	IBS vs healthy controls; DESeq2 species table S3	s__Actinomyces_radicidentis	0.552	0.0012	0.0347	63	34	True	PRJEB34103_IBS_vs_HC_deseq2_species_s3.standardized.tsv	97	up
PRJEB34103_IBS	published_deseq2_supplementary_table	Ranasinghe et al. Scientific Reports 2026; PRJEB34103; Supplementary Table S3	IBS vs healthy controls; DESeq2 species table S3	s__Calditerrivibrio_nitroreducens	0.633	0.0013	0.036	63	34	True	PRJEB34103_IBS_vs_HC_deseq2_species_s3.standardized.tsv	97	up
PRJEB34103_IBS	published_deseq2_supplementary_table	Ranasinghe et al. Scientific Reports 2026; PRJEB34103; Supplementary Table S3	IBS vs healthy controls; DESeq2 species table S3	s__Luteimonas_sp_83_4	-0.6924	0.0013	0.036	63	34	True	PRJEB34103_IBS_vs_HC_deseq2_species_s3.standardized.tsv	97	down
PRJEB34103_IBS	published_deseq2_supplementary_table	Ranasinghe et al. Scientific Reports 2026; PRJEB34103; Supplementary Table S3	IBS vs healthy controls; DESeq2 species table S3	s__Sphaerochaeta_globosa	0.4087	0.0013	0.036	63	34	False	PRJEB34103_IBS_vs_HC_deseq2_species_s3.standardized.tsv	97	up
PRJEB34103_IBS	published_deseq2_supplementary_table	Ranasinghe et al. Scientific Reports 2026; PRJEB34103; Supplementary Table S3	IBS vs healthy controls; DESeq2 species table S3	s__Streptomyces_sp_SCSIO_03032	-0.6671	0.0014	0.0388	63	34	True	PRJEB34103_IBS_vs_HC_deseq2_species_s3.standardized.tsv	97	down
PRJEB34103_IBS	published_deseq2_supplementary_table	Ranasinghe et al. Scientific Reports 2026; PRJEB34103; Supplementary Table S3	IBS vs healthy controls; DESeq2 species table S3	s__Desulfomicrobium_orale	-0.507	0.0015	0.0388	63	34	True	PRJEB34103_IBS_vs_HC_deseq2_species_s3.standardized.tsv	97	down
PRJEB34103_IBS	published_deseq2_supplementary_table	Ranasinghe et al. Scientific Reports 2026; PRJEB34103; Supplementary Table S3	IBS vs healthy controls; DESeq2 species table S3	s__Paenibacillus_sp_FSL_R5_0345	0.4997	0.0015	0.0388	63	34	False	PRJEB34103_IBS_vs_HC_deseq2_species_s3.standardized.tsv	97	up
PRJEB34103_IBS	published_deseq2_supplementary_table	Ranasinghe et al. Scientific Reports 2026; PRJEB34103; Supplementary Table S3	IBS vs healthy controls; DESeq2 species table S3	s__Kyrpidia_tusciae	0.5522	0.0017	0.0445	63	34	True	PRJEB34103_IBS_vs_HC_deseq2_species_s3.standardized.tsv	97	up
PRJEB34103_IBS	published_deseq2_supplementary_table	Ranasinghe et al. Scientific Reports 2026; PRJEB34103; Supplementary Table S3	IBS vs healthy controls; DESeq2 species table S3	s__Candidatus_Planktophila_lacus	0.716	0.0018	0.0445	63	34	True	PRJEB34103_IBS_vs_HC_deseq2_species_s3.standardized.tsv	97	up
PRJEB34103_IBS	published_deseq2_supplementary_table	Ranasinghe et al. Scientific Reports 2026; PRJEB34103; Supplementary Table S3	IBS vs healthy controls; DESeq2 species table S3	s__Aminomonas_paucivorans	-0.6443	0.0019	0.0462	63	34	True	PRJEB34103_IBS_vs_HC_deseq2_species_s3.standardized.tsv	97	down
PRJEB34103_IBS	published_deseq2_supplementary_table	Ranasinghe et al. Scientific Reports 2026; PRJEB34103; Supplementary Table S3	IBS vs healthy controls; DESeq2 species table S3	s__Clostridium_aceticum	0.3664	0.0019	0.0462	63	34	False	PRJEB34103_IBS_vs_HC_deseq2_species_s3.standardized.tsv	97	up
PRJEB34103_IBS	published_deseq2_supplementary_table	Ranasinghe et al. Scientific Reports 2026; PRJEB34103; Supplementary Table S3	IBS vs healthy controls; DESeq2 species table S3	s__Streptococcus_lutetiensis	0.7963	0.0019	0.0462	63	34	True	PRJEB34103_IBS_vs_HC_deseq2_species_s3.standardized.tsv	97	up
PRJEB34103_IBS	published_deseq2_supplementary_table	Ranasinghe et al. Scientific Reports 2026; PRJEB34103; Supplementary Table S3	IBS vs healthy controls; DESeq2 species table S3	s__Streptococcus_sp_I_G2	1.0939	0.0019	0.0462	63	34	True	PRJEB34103_IBS_vs_HC_deseq2_species_s3.standardized.tsv	97	up
PRJEB34103_IBS	published_deseq2_supplementary_table	Ranasinghe et al. Scientific Reports 2026; PRJEB34103; Supplementary Table S3	IBS vs healthy controls; DESeq2 species table S3	s__Streptococcus_australis	1.0384	0.002	0.0462	63	34	True	PRJEB34103_IBS_vs_HC_deseq2_species_s3.standardized.tsv	97	up
PRJEB34103_IBS	published_deseq2_supplementary_table	Ranasinghe et al. Scientific Reports 2026; PRJEB34103; Supplementary Table S3	IBS vs healthy controls; DESeq2 species table S3	s__Streptococcus_parasanguinis	1.1067	0.0021	0.0475	63	34	True	PRJEB34103_IBS_vs_HC_deseq2_species_s3.standardized.tsv	97	up
PRJEB34103_IBS	published_deseq2_supplementary_table	Ranasinghe et al. Scientific Reports 2026; PRJEB34103; Supplementary Table S3	IBS vs healthy controls; DESeq2 species table S3	s__Mucilaginibacter_mallensis	0.539	0.0021	0.0482	63	34	True	PRJEB34103_IBS_vs_HC_deseq2_species_s3.standardized.tsv	97	up
