disease	species	n_arms_tested	n_arms_total	n_diff_support	n_ml_support	required_support	direction	direction_consistency	meta_log2fc	meta_z	meta_p	median_rf_rank	mean_rf_importance	ml_stability	meta_q	rank_score	eligible_for_top_key	ml_stability_rank	strict_ml_supported	is_strict_key_species	is_top50_key_species	ibs_association_sources	ibs_external_source_count	ibs_source_pass_count
IBS	s__Bacteroides_mediterraneensis	1	3	1	0	1	down	1.0	-22.44814275136175	-6.632052185607529	3.310514865861128e-11		0.0	0.0	8.298112801863126e-09	272.1058582241474	True	1.0	False	False	True	Goll_2020_FMT_IBS	1	1
IBS	s__Paraprevotella_xylaniphila	1	3	1	0	1	down	1.0	-20.538647049732724	-6.632052185607529	3.310514865861128e-11		0.0	0.0	8.298112801863126e-09	248.95984688494354	True	2.0	False	False	True	Goll_2020_FMT_IBS	1	1
IBS	s__Bacteroides_congonensis	1	3	1	0	1	down	1.0	-17.479436165633537	-6.632052185607529	3.310514865861128e-11		0.0	0.0	8.298112801863126e-09	211.87752732173755	True	3.0	False	False	True	Goll_2020_FMT_IBS	1	1
IBS	s__Alistipes_montrealensis	1	3	1	0	1	down	1.0	-16.70135182625577	-4.977243549443023	6.449614863521471e-07		0.0	0.0	1.8827914159279987e-05	118.37578611936848	True	4.0	False	False	True	Goll_2020_FMT_IBS	1	1
IBS	s__Bacteroides_acidifaciens	1	3	1	0	1	down	1.0	-15.123700636312874	-4.977243549443023	6.449614863521471e-07		0.0	0.0	1.8827914159279987e-05	107.19371524424005	True	5.0	False	False	True	Goll_2020_FMT_IBS	1	1
IBS	s__GGB3433_SGB4573	1	3	1	1	1	up	1.0	7.598479740927933	6.322356953940294	2.5760345752689833e-10		0.0	0.0	3.258683737715264e-08	85.33424559519956	True	6.0	False	False	True	Mars_2020_IBS	0	1
IBS	s__Oscillospiraceae_unclassified_SGB15253	1	3	1	0	1	down	1.0	-7.272199052916195	-5.858380613416134	4.6740244194411686e-09		0.0	0.0	2.956320445296539e-07	71.22299206186555	True	7.0	False	False	True	Goll_2020_FMT_IBS	1	1
IBS	s__Parasutterella_excrementihominis	2	3	2	1	1	up	1.0	6.8299405684849	5.230420694815767	1.691247186461794e-07		0.0	0.0	6.7560874448657975e-06	63.29766468666729	True	9.0	False	False	True	Goll_2020_FMT_IBS;Mars_2020_IBS	1	2
IBS	s__GGB9781_SGB15402	2	3	1	0	1	up	1.0	13.388535214038162	3.6771467917381533	0.00023585732724842399		0.0	0.0	0.001945822949799498	54.44240346606129	True	10.0	False	False	True	Goll_2020_FMT_IBS;Mars_2020_IBS	1	1
IBS	s__Clostridium_sp_AF32_12BH	1	3	1	0	1	down	1.0	-10.773478619417086	-4.1011290188001706	4.111392347008216e-05		0.0	0.0	0.0005200911318965393	53.068871771620124	True	11.0	False	False	True	Goll_2020_FMT_IBS	1	1
IBS	s__Clostridium_SGB4909	1	3	1	0	1	up	1.0	15.421064793946872	3.181322133854559	0.001466045149963299		0.0	0.0	0.0070425839798869865	49.78539562556411	True	12.0	False	False	True	Goll_2020_FMT_IBS	1	1
IBS	s__Lactobacillus_gasseri	3	3	1	0	1	up	1.0	11.54529010965919	3.767693069727495	0.00016476310361563358		0.0	0.0	0.0015250633615154377	48.779637739446756	True	13.0	False	False	True	Goll_2020_FMT_IBS;Mars_2020_IBS;PRJEB34103_IBS	2	1
IBS	s__Streptococcus_parasanguinis	3	3	2	1	1	up	1.0	3.7453145641020082	6.198933001818065	5.684722245995933e-10		0.0	0.0	6.16386312101559e-08	48.40464518316998	True	14.0	False	False	True	Goll_2020_FMT_IBS;Mars_2020_IBS;PRJEB34103_IBS	2	2
IBS	s__Lachnospiraceae_bacterium_CLA_AA_H215	1	3	1	0	1	up	1.0	14.761861154423569	3.1814560476101725	0.0014653675604698005		0.0	0.0	0.0070425839798869865	47.65722131140381	True	15.0	False	False	True	Goll_2020_FMT_IBS	1	1
IBS	s__GGB3537_SGB4727	1	3	1	0	1	up	1.0	13.11004647611407	3.3317527791890216	0.0008630088406796988		0.0	0.0	0.004924990301322491	45.37900908245434	True	16.0	False	False	True	Goll_2020_FMT_IBS	1	1
IBS	s__GGB2970_SGB3952	1	3	1	0	1	up	1.0	14.765725554121389	3.029984342601704	0.0024456641707199978		0.0	0.0	0.010428421941440889	43.89366050797343	True	17.0	False	False	True	Goll_2020_FMT_IBS	1	1
IBS	s__GGB9302_SGB14263	1	3	1	0	1	up	1.0	17.978250432131084	2.722845000577656	0.006472241592050403		0.0	0.0	0.024318967170129976	43.52682409192875	True	18.0	False	False	True	Goll_2020_FMT_IBS	1	1
IBS	s__GGB9762_SGB15377	1	3	1	0	1	up	1.0	18.028204971088105	2.565931113048297	0.010289926158655994		0.0	0.0	0.033956756323564784	39.72714542694667	True	21.0	False	False	True	Goll_2020_FMT_IBS	1	1
IBS	s__Blautia_caecimuris	2	3	1	1	1	up	1.0	4.406529824794071	5.562971664934517	2.6521896778906475e-08		0.0	0.0	1.258132478449376e-06	38.99959756294166	True	22.0	False	False	True	Goll_2020_FMT_IBS;Mars_2020_IBS	1	1
IBS	s__Provencibacterium_massiliense	1	3	1	0	1	up	1.0	11.909929381535765	3.181322133854559	0.001466045149963299		0.0	0.0	0.0070425839798869865	38.45003921940793	True	24.0	False	False	True	Goll_2020_FMT_IBS	1	1
IBS	s__Monoglobus_pectinilyticus	2	3	2	1	1	up	1.0	5.842376882136892	4.245779291321241	2.1783497795561375e-05		0.0	0.0	0.000311412550198877	36.72301515010623	True	25.0	False	False	True	Goll_2020_FMT_IBS;Mars_2020_IBS	1	2
IBS	s__Youxingia_wuxianensis	1	3	1	0	1	up	1.0	10.951308230464717	3.181322133854559	0.001466045149963299		0.0	0.0	0.0070425839798869865	35.3552248276132	True	27.0	False	False	True	Goll_2020_FMT_IBS	1	1
IBS	s__GGB4768_SGB6601	1	3	1	0	1	up	1.0	17.457901310649813	2.4058149001922766	0.016136438306330592		0.0	0.0	0.0493853091713908	34.210561622590646	True	29.0	False	False	True	Goll_2020_FMT_IBS	1	1
IBS	s__Dorea_phocaeensis	1	3	1	1	1	up	1.0	6.546630288988358	4.192473627991968	2.7592916705329843e-05		0.0	0.0	0.00037398256748830984	33.65441264871064	True	30.0	False	False	True	Mars_2020_IBS	0	1
IBS	s__Bacteroides_fragilis	2	3	2	1	1	up	1.0	6.2050998539696405	3.8456806334424547	0.00012021826278325193		0.0	0.0	0.0011850085902920546	32.547606212465126	True	33.0	False	False	True	Goll_2020_FMT_IBS;Mars_2020_IBS	1	2
IBS	s__Lachnospiraceae_bacterium_OM04_12BH	1	3	1	0	1	up	1.0	14.69156235453348	2.565931113048297	0.010289926158655994		0.0	0.0	0.033956756323564784	32.37448404561709	True	34.0	False	False	True	Goll_2020_FMT_IBS	1	1
IBS	s__GGB9767_SGB15385	1	3	1	0	1	up	1.0	14.09299419192252	2.565931113048297	0.010289926158655994		0.0	0.0	0.033956756323564784	31.055472836119474	True	36.0	False	False	True	Goll_2020_FMT_IBS	1	1
IBS	s__GGB3061_SGB4063	1	3	1	0	1	up	1.0	13.809447260030067	2.565931113048297	0.010289926158655994		0.0	0.0	0.033956756323564784	30.430645782249115	True	37.0	False	False	True	Goll_2020_FMT_IBS	1	1
IBS	s__Evtepia_gabavorous	2	3	2	1	1	up	1.0	4.477641352990976	4.411991274384452	1.0242424222943794e-05		0.0	0.0	0.00017275555522698534	30.198702343550003	True	38.0	False	False	True	Goll_2020_FMT_IBS;Mars_2020_IBS	1	2
IBS	s__GGB9818_SGB15459	1	3	1	0	1	up	1.0	13.48793319056612	2.565931113048297	0.010289926158655994		0.0	0.0	0.033956756323564784	29.72215393767071	True	39.0	False	False	True	Goll_2020_FMT_IBS	1	1
IBS	s__Colidextribacter_sp_210702_DFI_3_9	2	3	1	0	1	down	1.0	-3.995622761311944	-5.088432655856176	3.6103494324625247e-07		0.0	0.0	1.1914153127126332e-05	29.511291064350416	True	40.0	False	False	True	Goll_2020_FMT_IBS;Mars_2020_IBS	1	1
IBS	s__Dysosmobacter_SGB15077	1	3	1	0	1	down	1.0	-7.454572639887242	-3.5940955177078258	0.00032552041057769943		0.0	0.0	0.0024222548198869986	29.249284944804238	True	41.0	False	False	True	Goll_2020_FMT_IBS	1	1
IBS	s__Butyricimonas_faecalis	1	3	1	0	1	down	1.0	-3.0879620164568187	-5.633844393655321	1.762360501914414e-08		0.0	0.0	8.917544139686934e-07	28.02211923347994	True	42.0	False	False	True	Goll_2020_FMT_IBS	1	1
IBS	s__Bifidobacterium_catenulatum	2	3	1	1	1	up	1.0	8.526403285645163	3.2020731609486135	0.00136442340314013		0.0	0.0	0.006903982419889057	27.637061423103724	True	43.0	False	False	True	Goll_2020_FMT_IBS;Mars_2020_IBS	1	1
IBS	s__Lactobacillus_plantarum	1	3	1	0	1	up	1.0	2.6001	6.065000000000001	1.319536522985575e-09		0.0	0.0	1.2519102761825643e-07	26.920499867211877	True	44.0	False	False	True	PRJEB34103_IBS	1	1
IBS	s__Dialister_sp_Marseille_P5638	1	3	1	0	1	down	1.0	-2.605	-6.0359	1.580791295109491e-09		0.0	0.0	1.333133992209004e-07	26.86455561793708	True	45.0	False	False	True	PRJEB34103_IBS	1	1
IBS	s__GGB9301_SGB14262	1	3	1	0	1	up	1.0	12.058068122473172	2.565931113048297	0.010289926158655994		0.0	0.0	0.033956756323564784	26.571287970030724	True	46.0	False	False	True	Goll_2020_FMT_IBS	1	1
IBS	s__Ralstonia_pickettii	1	3	1	0	1	up	1.0	11.889221829377318	2.565931113048297	0.010289926158655994		0.0	0.0	0.033956756323564784	26.199216471432994	True	48.0	False	False	True	Goll_2020_FMT_IBS	1	1
IBS	s__GGB3828_SGB5197	1	3	1	0	1	down	1.0	-10.498145253036478	-2.765533520360552	0.005682976404560099		0.0	0.0	0.021784742884147047	26.16947563334267	True	49.0	False	False	True	Goll_2020_FMT_IBS	1	1
IBS	s__GGB2998_SGB3989	1	3	1	0	1	up	1.0	13.195426806770126	2.4058149001922766	0.016136438306330592		0.0	0.0	0.0493853091713908	25.85780237135452	True	50.0	False	False	True	Goll_2020_FMT_IBS	1	1
IBS	s__GGB87445_SGB15180	1	3	1	0	1	up	1.0	14.800324226305548	2.241507763311836	0.02499320322524806		0.0	0.0	0.06923299725534043	25.745612435046162	True	51.0	False	False	True	Goll_2020_FMT_IBS	1	1
IBS	s__Streptococcus_salivarius	3	3	2	1	1	up	1.0	1.7664268814138824	6.590849101542615	4.3731819772664696e-11		0.0	0.0	8.298112801863126e-09	25.586831206689716	True	52.0	False	False	True	Goll_2020_FMT_IBS;Mars_2020_IBS;PRJEB34103_IBS	2	2
IBS	s__Alistipes_finegoldii	2	3	1	0	1	up	1.0	5.516695190158809	3.9368332812528952	8.25639250508182e-05		0.0	0.0	0.0009082031755590003	25.171165686711426	True	53.0	False	False	True	Goll_2020_FMT_IBS;Mars_2020_IBS	1	1
IBS	s__GGB9636_SGB15107	1	3	1	0	1	up	1.0	14.414239798021608	2.241507763311836	0.02499320322524806		0.0	0.0	0.06923299725534043	25.07400687385597	True	54.0	False	False	True	Goll_2020_FMT_IBS	1	1
IBS	s__GGB9766_SGB15383	1	3	1	0	1	up	1.0	14.306555589720023	2.241507763311836	0.02499320322524806		0.0	0.0	0.06923299725534043	24.886686930730683	True	55.0	False	False	True	Goll_2020_FMT_IBS	1	1
IBS	s__Gordonibacter_pamelaeae	3	3	2	0	1	up	1.0	3.6167997701182006	4.451484491580778	8.527869273066224e-06		0.0	0.0	0.00014710574496039236	24.845432508724052	True	56.0	False	False	True	Goll_2020_FMT_IBS;Mars_2020_IBS;PRJEB34103_IBS	2	2
IBS	s__Blautia_hydrogenotrophica	2	3	1	1	1	up	1.0	4.444335245389333	4.365627759990116	1.2675818636631314e-05		0.0	0.0	0.00020470098606815252	24.59192953524749	True	57.0	False	False	True	Goll_2020_FMT_IBS;Mars_2020_IBS	1	1
IBS	s__GGB9545_SGB14951	1	3	1	0	1	up	1.0	12.452880531558812	2.4058149001922766	0.016136438306330592		0.0	0.0	0.0493853091713908	24.402706214392897	True	59.0	False	False	True	Goll_2020_FMT_IBS	1	1
IBS	s__GGB5980_SGB8599	1	3	1	0	1	up	1.0	14.020131418989717	2.241507763311836	0.02499320322524806		0.0	0.0	0.06923299725534043	24.3884434072175	True	60.0	False	False	True	Goll_2020_FMT_IBS	1	1
IBS	s__Jingyaoa_shaoxingensis	1	3	1	0	1	up	1.0	13.660883708098378	2.241507763311836	0.02499320322524806		0.0	0.0	0.06923299725534043	23.76352112907261	True	61.0	False	False	True	Goll_2020_FMT_IBS	1	1
IBS	s__Prevotella_pectinovora	1	3	0	0	1	down	1.0	-15.4973600951954	-4.901030216344097	9.533539023484259e-07		0.0	0.0	2.6799837477127972e-05	70.8518822189356	False	8.0	False	False	False	Mars_2020_IBS	0	0
IBS	s__Blautia_SGB4793	1	3	0	0	1	up	1.0	17.102347591521088	3.5062060673035678	0.000454543164875999		0.0	0.0	0.0031944283531563263	42.680735767626864	False	19.0	False	False	False	Mars_2020_IBS	0	0
IBS	s__GGB1631_SGB2239	1	3	0	0	1	down	1.0	-8.139210859211069	-5.1998010373132795	1.9950196593031745e-07		0.0	0.0	7.571099607055547e-06	41.67960500190997	False	20.0	False	False	False	Mars_2020_IBS	0	0
IBS	s__GGB1239_SGB1657	1	3	0	0	1	down	1.0	-9.307374619892602	-4.651579202708366	3.2940271261176292e-06		0.0	0.0	6.835417939041912e-05	38.76740183752028	False	23.0	False	False	False	Mars_2020_IBS	0	0
IBS	s__Prevotella_SGB1671	1	3	0	0	1	down	1.0	-8.001485503743258	-4.8141292762090195	1.4784308218149545e-06		0.0	0.0	3.619770947605001e-05	35.537148875442355	False	26.0	False	False	False	Mars_2020_IBS	0	0
IBS	s__Bacteroides_clarus	2	3	0	0	1	up	1.0	14.689052268497242	3.3506223079799824	0.0008063019353672436		0.0	0.0	0.004651036553340913	34.26148359590456	False	28.0	False	False	False	Goll_2020_FMT_IBS;Mars_2020_IBS	1	0
IBS	s__Segatella_brunsvicensis	1	3	0	0	1	down	1.0	-7.998662698036713	-4.649205948013105	3.3321536725237253e-06		0.0	0.0	6.835417939041912e-05	33.31630923233984	False	31.0	False	False	False	Mars_2020_IBS	0	0
IBS	s__GGB1146_SGB1472	1	3	0	0	1	down	1.0	-8.348875045413873	-4.506937650171977	6.576994941827833e-06		0.0	0.0	0.00011885569430588871	32.76916763123574	False	32.0	False	False	False	Mars_2020_IBS	0	0
IBS	s__Lachnospiraceae_bacterium_EP_SM_12S_S03	1	3	0	0	1	up	1.0	14.41862348131113	3.199580761556576	0.0013762762201201993		0.0	0.0	0.006917838748816101	31.144653011710037	False	35.0	False	False	False	Mars_2020_IBS	0	0
IBS	s__Blautia_faecicola	1	3	0	0	1	up	1.0	16.664843502739853	2.6865243150336062	0.007219969301653202		0.0	0.0	0.02634594567285952	26.318557503287806	False	47.0	False	False	False	Mars_2020_IBS	0	0
IBS	s__Lentihominibacter_SGB71368	2	3	0	0	1	up	1.0	11.964717532811646	3.0778123437720457	0.0020852618259795206		0.0	0.0	0.009096055896083081	24.42174585659703	False	58.0	False	False	False	Goll_2020_FMT_IBS;Mars_2020_IBS	1	0
IBS	s__GGB6649_SGB9391	1	3	1	0	1	up	1.0	13.360187757630817	2.241507763311836	0.02499320322524806		0.0	0.0	0.06923299725534043	23.240451412277753	True	62.0	False	False	False	Goll_2020_FMT_IBS	1	1
IBS	s__Clostridium_sp_AM29_11AC	2	3	0	0	1	up	1.0	13.316894350276003	2.7999877881236577	0.0051104539891929516		0.0	0.0	0.020202263426028388	22.56680876964344	False	63.0	False	False	False	Goll_2020_FMT_IBS;Mars_2020_IBS	1	0
IBS	s__GGB9619_SGB15067	1	3	1	0	1	down	1.0	-3.6011581051774786	-4.628861400845724	3.676817412839817e-06		0.0	0.0	7.343958990382686e-05	22.331158218950172	True	64.0	False	False	False	Goll_2020_FMT_IBS	1	1
IBS	s__GGB2958_SGB3940	1	3	1	0	1	up	1.0	12.686422860554714	2.241507763311836	0.02499320322524806		0.0	0.0	0.06923299725534043	22.0684169590305	True	65.0	False	False	False	Goll_2020_FMT_IBS	1	1
IBS	s__Candidatus_Borkfalkia_ceftriaxoniphila	1	3	1	0	1	up	1.0	13.888629731136449	2.0716977455445265	0.03829363772800011		0.0	0.0	0.0946738470213423	21.328143173093373	True	66.0	False	False	False	Goll_2020_FMT_IBS	1	1
IBS	s__GGB3142_SGB4155	1	3	1	0	1	up	1.0	12.2413777310284	2.241507763311836	0.02499320322524806		0.0	0.0	0.06923299725534043	21.294247471545596	True	67.0	False	False	False	Goll_2020_FMT_IBS	1	1
IBS	s__GGB9602_SGB15028	1	3	1	0	1	up	1.0	13.785917130072622	2.0716977455445265	0.03829363772800011		0.0	0.0	0.0946738470213423	21.170412057527745	True	68.0	False	False	False	Goll_2020_FMT_IBS	1	1
IBS	s__GGB9608_SGB15041	1	3	1	0	1	up	1.0	10.70147413071252	2.4058149001922766	0.016136438306330592		0.0	0.0	0.0493853091713908	20.970644391142642	True	69.0	False	False	False	Goll_2020_FMT_IBS	1	1
IBS	s__GGB9715_SGB15265	2	3	2	1	1	down	1.0	-1.7166932603231513	-5.985162601566937	2.1617379349503783e-09		0.0	0.0	1.640759092627337e-07	20.8782602522379	True	70.0	False	False	False	Goll_2020_FMT_IBS;Mars_2020_IBS	1	2
IBS	s__Phocaeicola_coprocola	2	3	1	0	1	down	1.0	-2.7299310270283055	-5.150146938698538	2.602824618514643e-07		0.0	0.0	9.407351835488637e-06	20.583131008033615	True	71.0	False	False	False	Goll_2020_FMT_IBS;Mars_2020_IBS	1	1
IBS	s__Anaerobutyricum_soehngenii	2	3	2	1	1	up	1.0	4.6961861293323865	3.4582451346272887	0.0005437064299173191		0.0	0.0	0.0036519750469667716	20.518215835785554	True	72.0	False	False	False	Goll_2020_FMT_IBS;Mars_2020_IBS	1	2
IBS	s__GGB45495_SGB63167	1	3	0	0	1	up	1.0	13.394163542300182	2.5925830343508625	0.009525818320690098		0.0	0.0	0.03286407320638084	19.86727629009468	False	73.0	False	False	False	Mars_2020_IBS	0	0
IBS	s__GGB9559_SGB14969	1	3	1	0	1	up	1.0	11.408381098565602	2.241507763311836	0.02499320322524806		0.0	0.0	0.06923299725534043	19.84522458994085	True	74.0	False	False	False	Goll_2020_FMT_IBS	1	1
IBS	s__GGB32451_SGB47419	1	3	0	0	1	up	1.0	15.021345118253326	2.394971855769205	0.016621641071744603		0.0	0.0	0.050262253280693836	19.509092829253365	False	75.0	False	False	False	Mars_2020_IBS	0	0
IBS	s__GGB3493_SGB4668	1	3	0	0	1	up	1.0	9.07414459741502	3.1700416136022618	0.0015241710750872992		0.0	0.0	0.007097213779087485	19.499539240050947	False	76.0	False	False	False	Mars_2020_IBS	0	0
IBS	s__GGB3277_SGB4327	2	3	1	0	1	down	1.0	-1.9660083139388125	-5.859535148112414	4.641646392450022e-09		0.0	0.0	2.956320445296539e-07	19.254835231864956	True	77.0	False	False	False	Goll_2020_FMT_IBS;Mars_2020_IBS	1	1
IBS	s__Vescimonas_fastidiosa	1	3	1	0	1	up	1.0	12.520183007810832	2.0716977455445265	0.03829363772800011		0.0	0.0	0.0946738470213423	19.22668117109276	True	78.0	False	False	False	Goll_2020_FMT_IBS	1	1
IBS	s__Porphyromonas_asaccharolytica	1	3	1	0	1	down	1.0	-1.9725	-5.7836	7.311868842092015e-09		0.0	0.0	4.269006500882953e-07	18.846270532709852	True	79.0	False	False	False	PRJEB34103_IBS	1	1
IBS	s__Yanshouia_hominis	1	3	1	0	1	up	1.0	12.253533008650232	2.0716977455445265	0.03829363772800011		0.0	0.0	0.0946738470213423	18.81719877655151	True	80.0	False	False	False	Goll_2020_FMT_IBS	1	1
IBS	s__GGB9537_SGB14940	1	3	1	0	1	up	1.0	12.23202432280673	2.0718469334427176	0.03827971816987909		0.0	0.0	0.0946738470213423	18.78416885639266	True	81.0	False	False	False	Goll_2020_FMT_IBS	1	1
IBS	s__GGB2980_SGB3962	2	3	1	0	1	up	1.0	5.355987035455574	3.3505350380530627	0.0008065560488961386		0.0	0.0	0.004651036553340913	18.738859927882054	True	82.0	False	False	False	Goll_2020_FMT_IBS;Mars_2020_IBS	1	1
IBS	s__Lawsonibacter_SGB15145	1	3	1	0	1	up	1.0	12.171671178230278	2.0716977455445265	0.03829363772800011		0.0	0.0	0.0946738470213423	18.691487250403327	True	83.0	False	False	False	Goll_2020_FMT_IBS	1	1
IBS	s__Clostridiaceae_bacterium_Marseille_Q4145	1	3	1	0	1	up	1.0	10.416593240938578	2.241652129895781	0.02498386399243535		0.0	0.0	0.06923299725534043	18.119979560857868	True	84.0	False	False	False	Goll_2020_FMT_IBS	1	1
IBS	s__GGB3304_SGB4365	1	3	0	0	1	up	1.0	16.206876844644693	2.181416058818153	0.029152656914883304		0.0	0.0	0.07902452356570153	17.86383736410385	False	85.0	False	False	False	Mars_2020_IBS	0	0
IBS	s__GGB52106_SGB72838	1	3	1	0	1	up	1.0	11.538767792204286	2.0716977455445265	0.03829363772800011		0.0	0.0	0.0946738470213423	17.719566024680404	True	86.0	False	False	False	Goll_2020_FMT_IBS	1	1
IBS	s__GGB3034_SGB4030	1	3	1	0	1	up	1.0	11.531239949804784	2.0716977455445265	0.03829363772800011		0.0	0.0	0.0946738470213423	17.708005856140442	True	87.0	False	False	False	Goll_2020_FMT_IBS	1	1
IBS	s__GGB51959_SGB72479	1	3	1	0	1	down	1.0	-3.3373548673287567	-4.24197807964237	2.21558336109873e-05		0.0	0.0	0.000311412550198877	17.55447269689359	True	88.0	False	False	False	Goll_2020_FMT_IBS	1	1
IBS	s__Streptococcus_gordonii	1	3	1	0	1	up	1.0	11.359979763174143	2.0716977455445265	0.03829363772800011		0.0	0.0	0.0946738470213423	17.445009300611268	True	89.0	False	False	False	Goll_2020_FMT_IBS	1	1
IBS	s__Anaerofilum_hominis	1	3	1	0	1	down	1.0	-4.848606769720589	-3.4104556007446627	0.0006485444252639998		0.0	0.0	0.004068142303928726	17.386647116825237	True	90.0	False	False	False	Goll_2020_FMT_IBS	1	1
IBS	s__Zhenpiania_hominis	1	3	1	0	1	up	1.0	11.244651577476034	2.0716977455445265	0.03829363772800011		0.0	0.0	0.0946738470213423	17.267904999893393	True	91.0	False	False	False	Goll_2020_FMT_IBS	1	1
IBS	s__GGB48165_SGB66168	1	3	0	0	1	up	1.0	13.236657115185986	2.394971855769205	0.016621641071744603		0.0	0.0	0.050262253280693836	17.191214926242765	False	92.0	False	False	False	Mars_2020_IBS	0	0
IBS	s__GGB36599_SGB9269	1	3	0	0	1	down	1.0	-5.065872701488027	-4.151578022097354	3.301906579897037e-05		0.0	0.0	0.0004320943265761812	17.04373070874774	False	93.0	False	False	False	Mars_2020_IBS	0	0
IBS	s__Escherichia_coli	2	3	0	0	1	up	1.0	5.443744791703572	3.9600441900411947	7.493589549510758e-05		0.0	0.0	0.0008364168335409801	16.753545045464826	False	94.0	False	False	False	Goll_2020_FMT_IBS;Mars_2020_IBS	1	0
IBS	s__Phocaeicola_massiliensis	2	3	2	1	1	down	1.0	-1.781961185053579	-5.251676937741935	1.507206504855321e-07		0.0	0.0	6.355387428806603e-06	16.599450407521065	True	95.0	False	False	False	Goll_2020_FMT_IBS;Mars_2020_IBS	1	2
IBS	s__Collinsella_sp_AF08_23	1	3	0	0	1	up	1.0	14.60726635148089	2.181416058818153	0.029152656914883304		0.0	0.0	0.07902452356570153	16.10068571127727	False	96.0	False	False	False	Mars_2020_IBS	0	0
IBS	s__GGB13404_SGB14252	1	3	1	0	1	up	1.0	4.64360011008855	3.3221869432824214	0.0008931483248194988		0.0	0.0	0.004986131386861312	16.035996977574964	True	97.0	False	False	False	Goll_2020_FMT_IBS	1	1
IBS	s__Prevotella_dentalis	1	3	0	0	1	down	1.0	-3.689434239637737	-4.7009599520955065	2.5894130024772252e-06		0.0	0.0	5.78048373200063e-05	15.635954450979304	False	98.0	False	False	False	Mars_2020_IBS	0	0
IBS	s__GGB9614_SGB15049	1	3	1	0	1	down	1.0	-2.605906305164576	-4.54618781712097	5.462629444112217e-06		0.0	0.0	0.0001011252621483213	15.616442101280043	True	99.0	False	False	False	Goll_2020_FMT_IBS	1	1
IBS	s__GGB9523_SGB14922	1	3	0	0	1	up	1.0	13.030954706363763	2.290458941196849	0.021994726115534477		0.0	0.0	0.06371754626599492	15.58164625165096	False	100.0	False	False	False	Mars_2020_IBS	0	0
IBS	s__GGB34900_SGB14891	1	3	1	0	1	up	1.0	9.987539098191874	2.0716977455445265	0.03829363772800011		0.0	0.0	0.0946738470213423	15.337413982284485	True	101.0	False	False	False	Goll_2020_FMT_IBS	1	1
IBS	s__Dorea_sp_AF36_15AT	2	3	2	1	1	up	1.0	2.7773680645824075	3.9641847537504646	7.364719953684542e-05		0.0	0.0	0.0008343018574397861	15.326823513041662	True	102.0	False	False	False	Goll_2020_FMT_IBS;Mars_2020_IBS	1	2
IBS	s__GGB47687_SGB2286	2	3	1	0	1	up	1.0	5.1680790707049935	3.0128900098254103	0.0025877268817379563		0.0	0.0	0.010972540241559267	15.191771154359799	True	103.0	False	False	False	Goll_2020_FMT_IBS;Mars_2020_IBS	1	1
IBS	s__Bifidobacterium_animalis	3	3	1	0	1	up	1.0	4.393641023620203	3.3038812241177697	0.0009535622317819285		0.0	0.0	0.0052364511933909496	15.032598519647465	True	104.0	False	False	False	Goll_2020_FMT_IBS;Mars_2020_IBS;PRJEB34103_IBS	2	1
IBS	s__GGB2999_SGB3990	1	3	0	0	1	up	1.0	12.551776029428815	2.290458941196849	0.021994726115534477		0.0	0.0	0.06371754626599492	15.008672681902596	False	105.0	False	False	False	Mars_2020_IBS	0	0
IBS	s__GGB3550_SGB4747	1	3	0	0	1	up	1.0	12.536384806843312	2.290458941196849	0.021994726115534477		0.0	0.0	0.06371754626599492	14.990268766678286	False	106.0	False	False	False	Mars_2020_IBS	0	0
IBS	s__GGB4552_SGB6276	2	3	1	0	1	up	1.0	4.0771044140219	3.3875485328339785	0.0007052023928930251		0.0	0.0	0.00431652109843392	14.46270921795347	True	107.0	False	False	False	Goll_2020_FMT_IBS;Mars_2020_IBS	1	1
IBS	s__Segatella_sinensis	1	3	0	0	1	down	1.0	-7.582708620142181	-2.9720774453843477	0.002957920613647495		0.0	0.0	0.01240365605391408	14.456057009928784	False	108.0	False	False	False	Mars_2020_IBS	0	0
IBS	s__Parabacteroides_sp_AGMB00274	1	3	0	0	1	down	1.0	-4.823892157661311	-3.8919945729037924	9.942346953395588e-05		0.0	0.0	0.001011999999999997	14.446686239344288	False	109.0	False	False	False	Mars_2020_IBS	0	0
IBS	s__Streptococcus_mutans	1	3	1	0	1	up	1.0	1.6939	5.436000000000001	5.44899545852236e-08		0.0	0.0	2.4328162076579242e-06	14.264054183931943	True	110.0	False	False	False	PRJEB34103_IBS	1	1
IBS	s__Guopingia_tenuis	2	3	0	0	1	up	1.0	10.32596803923047	2.4681641099548264	0.013580804115810176		0.0	0.0	0.04294929301624968	14.116052452406421	False	111.0	False	False	False	Goll_2020_FMT_IBS;Mars_2020_IBS	1	0
IBS	s__GGB74505_SGB47518	1	3	0	0	1	up	1.0	11.790294231921486	2.290458941196849	0.021994726115534477		0.0	0.0	0.06371754626599492	14.098137708587394	False	112.0	False	False	False	Mars_2020_IBS	0	0
IBS	s__Pseudoflavonifractor_phocaeensis	2	3	0	0	1	up	1.0	5.337866969977267	3.605687773509112	0.0003113272779678445		0.0	0.0	0.002339578257203901	14.04319363237803	False	113.0	False	False	False	Goll_2020_FMT_IBS;Mars_2020_IBS	1	0
IBS	s__GGB4684_SGB6478	1	3	0	0	1	down	1.0	-4.866110323197749	-3.790447610703661	0.00015037604865170007		0.0	0.0	0.0014090792706992635	13.873594755935049	False	114.0	False	False	False	Mars_2020_IBS	0	0
IBS	s__GGB1627_SGB2230	1	3	0	0	1	up	1.0	20.44114247355397	1.5064288281638776	0.1319571248554485		0.0	0.0	0.21179032555021707	13.779249084068892	False	115.0	False	False	False	Goll_2020_FMT_IBS	1	0
IBS	s__Lactobacillus_acidophilus	1	3	0	0	1	up	1.0	17.70351701168811	1.7075115436133665	0.08772701405635573		0.0	0.0	0.1676353760993632	13.731455500310798	False	116.0	False	False	False	Goll_2020_FMT_IBS	1	0
IBS	s__GGB1420_SGB1957	1	3	0	0	1	up	1.0	15.391703733078858	1.8945745878626044	0.05814878410462811		0.0	0.0	0.12867325695455606	13.706492351400453	False	117.0	False	False	False	Goll_2020_FMT_IBS	1	0
IBS	s__GGB58158_SGB79798	1	3	1	0	1	up	1.0	8.832379610529783	2.0716977455445265	0.03829363772800011		0.0	0.0	0.0946738470213423	13.563487582232181	True	118.0	False	False	False	Goll_2020_FMT_IBS	1	1
IBS	s__Enterocloster_asparagiformis	1	3	1	0	1	down	1.0	-3.6996063984399856	-3.4301116929040503	0.0006033328404724007		0.0	0.0	0.0038481481169626228	13.400426948673754	True	119.0	False	False	False	Goll_2020_FMT_IBS	1	1
IBS	s__GGB6601_SGB9333	1	3	0	0	1	up	1.0	17.10417040728811	1.7075115436133665	0.08772701405635573		0.0	0.0	0.1676353760993632	13.266581700254713	False	120.0	False	False	False	Goll_2020_FMT_IBS	1	0
IBS	s__Feifania_hominis	1	3	1	0	1	up	1.0	8.5527311039036	2.0716977455445265	0.03829363772800011		0.0	0.0	0.0946738470213423	13.134043965192436	True	121.0	False	False	False	Goll_2020_FMT_IBS	1	1
IBS	s__Prevotella_marseillensis	1	3	0	0	1	up	1.0	19.06945713552388	1.5064288281638776	0.1319571248554485		0.0	0.0	0.21179032555021707	12.854604389569305	False	122.0	False	False	False	Goll_2020_FMT_IBS	1	0
IBS	s__GGB42639_SGB59836	1	3	0	0	1	up	1.0	14.371010290433315	1.8945745878626044	0.05814878410462811		0.0	0.0	0.12867325695455606	12.797552892367138	False	123.0	False	False	False	Goll_2020_FMT_IBS	1	0
IBS	s__Lentihominibacter_hominis	2	3	0	0	1	up	1.0	7.965618212631329	2.7006209249653605	0.006921017211650149		0.0	0.0	0.02575025521393364	12.659107526793571	False	124.0	False	False	False	Goll_2020_FMT_IBS;Mars_2020_IBS	1	0
IBS	s__GGB4605_SGB6376	1	3	0	0	1	up	1.0	14.21449782574251	1.8945745878626044	0.05814878410462811		0.0	0.0	0.12867325695455606	12.658176710406662	False	125.0	False	False	False	Goll_2020_FMT_IBS	1	0
IBS	s__GGB9781_SGB66170	2	3	1	0	1	up	1.0	5.781873908819139	2.545700454563465	0.010905872779246149		0.0	0.0	0.03567912689417167	12.5546376939324	True	126.0	False	False	False	Goll_2020_FMT_IBS;Mars_2020_IBS	1	1
IBS	s__Anaerotruncus_rubiinfantis	1	3	1	0	1	up	1.0	7.922512480232839	2.0718469334427176	0.03827971816987909		0.0	0.0	0.0946738470213423	12.16624560810426	True	127.0	False	False	False	Goll_2020_FMT_IBS	1	1
IBS	s__GGB1458_SGB2021	1	3	0	0	1	down	1.0	-5.305453354686022	-3.271761662712875	0.0010687963493435989		0.0	0.0	0.00567284216190064	11.917105610642919	False	128.0	False	False	False	Mars_2020_IBS	0	0
IBS	s__Coprococcus_SGB106014	1	3	0	0	1	up	1.0	5.761814175575156	3.086278896550702	0.002026786192704899		0.0	0.0	0.008892085088225539	11.81746007508445	False	129.0	False	False	False	Mars_2020_IBS	0	0
IBS	s__GGB3005_SGB3996	2	3	1	0	1	up	1.0	4.417204665017692	2.8546650400815707	0.004308224065454602		0.0	0.0	0.01730128077079388	11.674153433347339	True	130.0	False	False	False	Goll_2020_FMT_IBS;Mars_2020_IBS	1	1
IBS	s__GGB9691_SGB15198	1	3	0	0	1	up	1.0	15.025637759491609	1.7075115436133665	0.08772701405635573		0.0	0.0	0.1676353760993632	11.654400429136807	False	131.0	False	False	False	Goll_2020_FMT_IBS	1	0
IBS	s__GGB4605_SGB6378	1	3	0	0	1	up	1.0	14.91566706624679	1.7075115436133665	0.08772701405635573		0.0	0.0	0.1676353760993632	11.569103384508184	False	132.0	False	False	False	Goll_2020_FMT_IBS	1	0
IBS	s__GGB9240_SGB14182	1	3	0	0	1	up	1.0	14.638977779414626	1.7075115436133665	0.08772701405635573		0.0	0.0	0.1676353760993632	11.354493675768378	False	133.0	False	False	False	Goll_2020_FMT_IBS	1	0
IBS	s__GGB2653_SGB3574	2	3	1	0	1	up	1.0	4.4741350015178885	2.7814612475552347	0.005411479093547299		0.0	0.0	0.0208493027005198	11.280917098505512	True	134.0	False	False	False	Goll_2020_FMT_IBS;Mars_2020_IBS	1	1
IBS	s__GGB1550_SGB2134	1	3	0	0	1	up	1.0	19.523030636997643	1.284336496127381	0.19902424221000348		0.0	0.0	0.26548224927485525	11.244572803698395	False	135.0	False	False	False	Goll_2020_FMT_IBS	1	0
IBS	s__GGB9296_SGB14253	1	3	0	0	1	up	1.0	12.61722305361724	1.8945745878626044	0.05814878410462811		0.0	0.0	0.12867325695455606	11.235784827942812	False	136.0	False	False	False	Goll_2020_FMT_IBS	1	0
IBS	s__GGB13493_SGB15238	1	3	0	0	1	up	1.0	12.582969029495334	1.8945745878626044	0.05814878410462811		0.0	0.0	0.12867325695455606	11.20528121848062	False	137.0	False	False	False	Goll_2020_FMT_IBS	1	0
IBS	s__GGB3002_SGB3993	1	3	0	0	1	up	1.0	7.243551671766529	2.6427999319091784	0.00822236045754439		0.0	0.0	0.029162484052692485	11.1201229558185	False	138.0	False	False	False	Mars_2020_IBS	0	0
IBS	s__Holdemania_sp_1001095H_141210_F2	1	3	0	0	1	up	1.0	12.395041692178882	1.8945745878626044	0.05814878410462811		0.0	0.0	0.12867325695455606	11.037929724700811	False	139.0	False	False	False	Goll_2020_FMT_IBS	1	0
IBS	s__GGB9291_SGB14248	1	3	0	0	1	up	1.0	16.347034685205227	1.5064288281638776	0.1319571248554485		0.0	0.0	0.21179032555021707	11.019436071382843	False	140.0	False	False	False	Goll_2020_FMT_IBS	1	0
IBS	s__GGB3678_SGB4992	1	3	0	0	1	up	1.0	16.27528026594083	1.5064288281638776	0.1319571248554485		0.0	0.0	0.21179032555021707	10.971066856344788	False	141.0	False	False	False	Goll_2020_FMT_IBS	1	0
IBS	s__GGB6007_SGB8634	1	3	0	0	1	up	1.0	14.121395149123517	1.7075115436133665	0.08772701405635573		0.0	0.0	0.1676353760993632	10.953038820731159	False	142.0	False	False	False	Goll_2020_FMT_IBS	1	0
IBS	s__GGB9719_SGB15272	2	3	1	0	1	up	1.0	4.432814735131553	2.73911793828967	0.006160427000127041		0.0	0.0	0.02337882046548212	10.84606084899228	True	143.0	False	False	False	Goll_2020_FMT_IBS;Mars_2020_IBS	1	1
IBS	s__GGB9618_SGB15065	1	3	0	0	1	up	1.0	13.926813073177888	1.7075115436133665	0.08772701405635573		0.0	0.0	0.1676353760993632	10.802114283237197	False	144.0	False	False	False	Goll_2020_FMT_IBS	1	0
IBS	s__GGB9491_SGB14888	2	3	1	0	1	up	1.0	4.841425376886609	2.5883745249403343	0.009643007144484262		0.0	0.0	0.033117839016577166	10.74751415137696	True	145.0	False	False	False	Goll_2020_FMT_IBS;Mars_2020_IBS	1	1
IBS	s__Clostridium_innocuum	2	3	0	0	1	up	1.0	4.984619993657355	3.190515044973506	0.001420194463393199		0.0	0.0	0.0070425839798869865	10.728237932689636	False	146.0	False	False	False	Goll_2020_FMT_IBS;Mars_2020_IBS	1	0
IBS	s__Phascolarctobacterium_sp_ET69	1	3	0	0	1	up	1.0	15.799205754416567	1.5064288281638776	0.1319571248554485		0.0	0.0	0.21179032555021707	10.650147940713909	False	147.0	False	False	False	Goll_2020_FMT_IBS	1	0
IBS	s__Victivallis_lenta	1	3	0	0	1	up	1.0	11.840054504891327	1.8945745878626044	0.05814878410462811		0.0	0.0	0.12867325695455606	10.543707137675971	False	148.0	False	False	False	Goll_2020_FMT_IBS	1	0
IBS	s__GGB9719_SGB53514	1	3	0	0	1	up	1.0	7.225749120632773	2.55396447401378	0.010650412261306898		0.0	0.0	0.034994211715722666	10.520718069215661	False	149.0	False	False	False	Mars_2020_IBS	0	0
IBS	s__Clostridia_bacterium_UC5_1_1E11	1	3	0	0	1	up	1.0	4.893907526770282	3.1572738970917835	0.0015925168506760014		0.0	0.0	0.007370245668677348	10.43634606628205	False	150.0	False	False	False	Mars_2020_IBS	0	0
IBS	s__Cutibacterium_acnes	1	3	0	0	1	up	1.0	11.712180275676994	1.8945745878626044	0.05814878410462811		0.0	0.0	0.12867325695455606	10.429833639649845	False	151.0	False	False	False	Goll_2020_FMT_IBS	1	0
IBS	s__GGB4676_SGB6465	1	3	0	0	1	up	1.0	15.461965175460252	1.5064288281638776	0.1319571248554485		0.0	0.0	0.21179032555021707	10.422816129651652	False	152.0	False	False	False	Goll_2020_FMT_IBS	1	0
IBS	s__GGB4569_SGB6310	1	3	0	0	1	up	1.0	18.0829448843739	1.284336496127381	0.19902424221000348		0.0	0.0	0.26548224927485525	10.415134516680641	False	153.0	False	False	False	Goll_2020_FMT_IBS	1	0
IBS	s__GGB9501_SGB14898	1	3	0	0	1	up	1.0	13.37142973923858	1.7075115436133665	0.08772701405635573		0.0	0.0	0.1676353760993632	10.371339904871197	False	154.0	False	False	False	Goll_2020_FMT_IBS	1	0
IBS	s__GGB74463_SGB54347	1	3	0	0	1	up	1.0	11.577809485473905	1.8945745878626044	0.05814878410462811		0.0	0.0	0.12867325695455606	10.310174878013724	False	155.0	False	False	False	Goll_2020_FMT_IBS	1	0
IBS	s__GGB9619_SGB15066	1	3	0	0	1	up	1.0	11.543920547701147	1.8945745878626044	0.05814878410462811		0.0	0.0	0.12867325695455606	10.279996382219192	False	156.0	False	False	False	Goll_2020_FMT_IBS	1	0
IBS	s__Streptococcus_infantarius	1	3	1	0	1	up	1.0	1.5413	4.827800000000001	1.3804963137485965e-06		0.0	0.0	3.613092076328223e-05	10.26996157819957	True	157.0	False	False	False	PRJEB34103_IBS	1	1
IBS	s__Wujia_chipingensis	2	3	2	1	1	up	0.5	2.7890733433053216	-4.606377295991696	4.097446582395497e-06		0.0	0.0	7.97426142573893e-05	10.24446579739191	False	158.0	False	False	False	Goll_2020_FMT_IBS;Mars_2020_IBS	1	2
IBS	s__Bianquea_SGB71281	1	3	0	0	1	up	1.0	13.160984581817129	1.7075115436133665	0.08772701405635573		0.0	0.0	0.1676353760993632	10.208111416854905	False	159.0	False	False	False	Goll_2020_FMT_IBS	1	0
IBS	s__GGB9453_SGB14845	2	3	0	0	1	up	1.0	7.544697351199913	2.446956869662743	0.01440680779498518		0.0	0.0	0.0451849880842717	10.147661907188866	False	160.0	False	False	False	Goll_2020_FMT_IBS;Mars_2020_IBS	1	0
IBS	s__GGB3534_SGB4722	1	3	0	0	1	up	1.0	13.029125762291466	1.7075115436133665	0.08772701405635573		0.0	0.0	0.1676353760993632	10.105837190132341	False	161.0	False	False	False	Goll_2020_FMT_IBS	1	0
IBS	s__Dakarella_massiliensis	1	3	0	0	1	up	1.0	14.986004010605917	1.5064288281638776	0.1319571248554485		0.0	0.0	0.21179032555021707	10.101973620317525	False	162.0	False	False	False	Goll_2020_FMT_IBS	1	0
IBS	s__GGB3321_SGB4394	1	3	0	0	1	up	1.0	12.870756224801667	1.7075115436133665	0.08772701405635573		0.0	0.0	0.1676353760993632	9.983000340527246	False	163.0	False	False	False	Goll_2020_FMT_IBS	1	0
IBS	s__GGB9109_SGB14042	1	3	0	0	1	up	1.0	14.73606945782318	1.5064288281638776	0.1319571248554485		0.0	0.0	0.21179032555021707	9.933494267367253	False	164.0	False	False	False	Goll_2020_FMT_IBS	1	0
IBS	s__GGB9774_SGB15394	1	3	0	0	1	up	1.0	12.66594476043003	1.7075115436133665	0.08772701405635573		0.0	0.0	0.1676353760993632	9.82414153822735	False	165.0	False	False	False	Goll_2020_FMT_IBS	1	0
IBS	s__Amedibacterium_intestinale	1	3	0	0	1	up	1.0	16.88414396619081	1.284336496127381	0.19902424221000348		0.0	0.0	0.26548224927485525	9.72466773146213	False	166.0	False	False	False	Goll_2020_FMT_IBS	1	0
IBS	s__GGB34540_SGB54300	1	3	0	0	1	up	1.0	12.480179435705422	1.7075115436133665	0.08772701405635573		0.0	0.0	0.1676353760993632	9.680055575631744	False	167.0	False	False	False	Goll_2020_FMT_IBS	1	0
IBS	s__GGB4604_SGB6370	1	3	0	0	1	up	1.0	14.340758673176866	1.5064288281638776	0.1319571248554485		0.0	0.0	0.21179032555021707	9.667017685918465	False	168.0	False	False	False	Goll_2020_FMT_IBS	1	0
IBS	s__GGB9059_SGB13976	1	3	0	0	1	up	1.0	12.338475799654605	1.7075115436133665	0.08772701405635573		0.0	0.0	0.1676353760993632	9.57014537127069	False	169.0	False	False	False	Goll_2020_FMT_IBS	1	0
IBS	s__Eubacterium_sp_c_25	1	3	0	0	1	up	1.0	14.191201021930494	1.5064288281638776	0.1319571248554485		0.0	0.0	0.21179032555021707	9.566201788195613	False	170.0	False	False	False	Goll_2020_FMT_IBS	1	0
IBS	s__GGB9200_SGB14139	1	3	0	0	1	up	1.0	14.176798960040138	1.5064288281638776	0.1319571248554485		0.0	0.0	0.21179032555021707	9.556493446386042	False	171.0	False	False	False	Goll_2020_FMT_IBS	1	0
IBS	s__Lachnospira_pectinoschiza	2	3	2	1	1	down	1.0	-1.0990140018279309	-5.032581753921589	4.839181277287995e-07		0.0	0.0	1.5303910789423284e-05	9.485756206688206	True	172.0	False	False	False	Goll_2020_FMT_IBS;Mars_2020_IBS	1	2
IBS	s__GGB3677_SGB4990	1	3	0	0	1	up	1.0	14.008742016357136	1.5064288281638776	0.1319571248554485		0.0	0.0	0.21179032555021707	9.443207288808921	False	173.0	False	False	False	Goll_2020_FMT_IBS	1	0
IBS	s__GGB6544_SGB9243	1	3	0	0	1	up	1.0	16.30232735623138	1.284336496127381	0.19902424221000348		0.0	0.0	0.26548224927485525	9.389562011928419	False	174.0	False	False	False	Goll_2020_FMT_IBS	1	0
IBS	s__GGB9787_SGB15410	1	3	0	0	1	up	1.0	10.521315474411384	1.8945745878626044	0.05814878410462811		0.0	0.0	0.12867325695455606	9.369354593719429	False	175.0	False	False	False	Goll_2020_FMT_IBS	1	0
IBS	s__GGB3654_SGB4965	1	3	0	0	1	up	1.0	13.893225048929176	1.5064288281638776	0.1319571248554485		0.0	0.0	0.21179032555021707	9.365338007789747	False	176.0	False	False	False	Goll_2020_FMT_IBS	1	0
IBS	s__GGB9063_SGB13982	1	3	0	0	1	up	1.0	12.042155821021227	1.7075115436133665	0.08772701405635573		0.0	0.0	0.1676353760993632	9.34030942410997	False	177.0	False	False	False	Goll_2020_FMT_IBS	1	0
IBS	s__Merdimonas_faecis	1	3	0	0	1	up	1.0	13.83311004295054	1.5064288281638776	0.1319571248554485		0.0	0.0	0.21179032555021707	9.32481485003858	False	178.0	False	False	False	Goll_2020_FMT_IBS	1	0
IBS	s__Ligaoa_zhengdingensis	1	3	0	0	1	up	1.0	10.4674412395137	1.8945745878626044	0.05814878410462811		0.0	0.0	0.12867325695455606	9.321378956884912	False	179.0	False	False	False	Goll_2020_FMT_IBS	1	0
IBS	s__Acidaminococcus_intestini	2	3	0	0	1	up	1.0	7.844656620979402	2.273643523061042	0.02298742839304099		0.0	0.0	0.06634014505824376	9.242759432900804	False	180.0	False	False	False	Goll_2020_FMT_IBS;Mars_2020_IBS	1	0
IBS	s__GGB6518_SGB9205	1	3	0	0	1	up	1.0	13.705217807421596	1.5064288281638776	0.1319571248554485		0.0	0.0	0.21179032555021707	9.238603476503481	False	181.0	False	False	False	Goll_2020_FMT_IBS	1	0
IBS	s__Blautia_glucerasea	2	3	2	1	1	up	1.0	1.7961791123655477	3.8067831105449352	0.00014078610941251787		0.0	0.0	0.0013526159119506464	9.236520468916193	True	182.0	False	False	False	Goll_2020_FMT_IBS;Mars_2020_IBS	1	2
IBS	s__GGB4689_SGB6486	1	3	0	0	1	up	1.0	15.954169189325116	1.284336496127381	0.19902424221000348		0.0	0.0	0.26548224927485525	9.189035263404003	False	183.0	False	False	False	Goll_2020_FMT_IBS	1	0
IBS	s__Streptococcus_equinus	1	3	1	0	1	up	1.0	1.5101	4.575	4.762199865612616e-06		0.0	0.0	9.036274244999939e-05	9.160290603791879	True	184.0	False	False	False	PRJEB34103_IBS	1	1
IBS	s__Eubacteriaceae_bacterium_Marseille_Q4139	1	3	0	0	1	up	1.0	11.71190278642494	1.7075115436133665	0.08772701405635573		0.0	0.0	0.1676353760993632	9.084153833929355	False	185.0	False	False	False	Goll_2020_FMT_IBS	1	0
IBS	s__GGB1123_SGB1437	1	3	0	0	1	down	1.0	-2.7998251215812227	-4.051145764807743	5.0967442585452535e-05		0.0	0.0	0.0006044420144118511	9.011644124427118	False	186.0	False	False	False	Mars_2020_IBS	0	0
IBS	s__GGB9616_SGB15051	1	3	0	0	1	up	1.0	13.129651760385224	1.5064288281638776	0.1319571248554485		0.0	0.0	0.21179032555021707	8.850617925465531	False	187.0	False	False	False	Goll_2020_FMT_IBS	1	0
IBS	s__GGB51884_SGB49168	1	3	0	0	1	up	1.0	11.410605233564578	1.7075115436133665	0.08772701405635573		0.0	0.0	0.1676353760993632	8.850457109333721	False	188.0	False	False	False	Goll_2020_FMT_IBS	1	0
IBS	s__GGB9708_SGB15234	2	3	1	0	1	up	1.0	4.391335169324887	2.4416905182649606	0.014618672588140091		0.0	0.0	0.04566079215801781	8.829591041192995	True	189.0	False	False	False	Goll_2020_FMT_IBS;Mars_2020_IBS	1	1
IBS	s__GGB4596_SGB6358	1	3	0	0	1	up	1.0	12.962295479471043	1.5064288281638776	0.1319571248554485		0.0	0.0	0.21179032555021707	8.737804080374271	False	190.0	False	False	False	Goll_2020_FMT_IBS	1	0
IBS	s__GGB9634_SGB15101	1	3	0	0	1	up	1.0	15.15982423455138	1.284336496127381	0.19902424221000348		0.0	0.0	0.26548224927485525	8.731520759570934	False	191.0	False	False	False	Goll_2020_FMT_IBS	1	0
IBS	s__GGB4632_SGB6411	1	3	0	0	1	up	1.0	15.067657978734452	1.284336496127381	0.19902424221000348		0.0	0.0	0.26548224927485525	8.678436267063212	False	192.0	False	False	False	Goll_2020_FMT_IBS	1	0
IBS	s__GGB9531_SGB14932	2	3	0	0	1	up	0.5	10.252102321895283	2.793347606957908	0.005216560202006855		0.0	0.0	0.02048307227597883	8.655875121138164	False	193.0	False	False	False	Goll_2020_FMT_IBS;Mars_2020_IBS	1	0
IBS	s__Clostridium_leptum	2	3	2	1	1	up	1.0	1.9723771089043305	3.4632258818697403	0.0005337401232384072		0.0	0.0	0.0036170424423031347	8.632316272958873	True	194.0	False	False	False	Goll_2020_FMT_IBS;Mars_2020_IBS	1	2
IBS	s__GGB4683_SGB6473	1	3	0	0	1	up	1.0	14.952548975714818	1.284336496127381	0.19902424221000348		0.0	0.0	0.26548224927485525	8.61213756637058	False	195.0	False	False	False	Goll_2020_FMT_IBS	1	0
IBS	s__GGB9618_SGB15064	1	3	0	0	1	up	1.0	12.749957278672492	1.5064288281638776	0.1319571248554485		0.0	0.0	0.21179032555021707	8.59466819828492	False	196.0	False	False	False	Goll_2020_FMT_IBS	1	0
IBS	s__GGB9480_SGB14874	2	3	0	0	1	up	1.0	4.7296917622710755	2.88898138902822	0.0038649194803067003		0.0	0.0	0.015771364976090246	8.523522810684325	False	197.0	False	False	False	Goll_2020_FMT_IBS;Mars_2020_IBS	1	0
IBS	s__Mobiluncus_curtisii	1	3	1	0	1	down	1.0	-1.3557	-4.671400000000001	2.9915373114826394e-06		0.0	0.0	6.487362341186637e-05	8.516368802530906	True	198.0	False	False	False	PRJEB34103_IBS	1	1
IBS	s__Massilioclostridium_coli	2	3	1	0	1	up	1.0	4.230203565887143	2.4317886527832138	0.015024471345885108		0.0	0.0	0.04673595799806065	8.441469677991915	True	199.0	False	False	False	Goll_2020_FMT_IBS;Mars_2020_IBS	1	1
IBS	s__GGB9767_SGB15384	1	3	0	0	1	up	1.0	12.396855076560158	1.5064288281638776	0.1319571248554485		0.0	0.0	0.21179032555021707	8.356644164093392	False	200.0	False	False	False	Goll_2020_FMT_IBS	1	0
IBS	s__Rubneribacter_badeniensis	1	3	0	0	1	up	1.0	12.318114526939006	1.5064288281638776	0.1319571248554485		0.0	0.0	0.21179032555021707	8.303565641322463	False	201.0	False	False	False	Goll_2020_FMT_IBS	1	0
IBS	s__GGB34228_SGB53814	1	3	0	0	1	up	1.0	12.256769885646424	1.5064288281638776	0.1319571248554485		0.0	0.0	0.21179032555021707	8.26221359392898	False	202.0	False	False	False	Goll_2020_FMT_IBS	1	0
IBS	s__Faecalibacterium_SGB15346	2	3	1	1	1	down	1.0	-0.893951191057597	-5.682308393113558	1.3288875657757546e-08		0.0	0.0	7.204469017312841e-07	8.236506041543999	True	203.0	False	False	False	Goll_2020_FMT_IBS;Mars_2020_IBS	1	1
IBS	s__GGB3351_SGB4434	1	3	0	0	1	up	1.0	12.203989312988796	1.5064288281638776	0.1319571248554485		0.0	0.0	0.21179032555021707	8.226634532808	False	204.0	False	False	False	Goll_2020_FMT_IBS	1	0
IBS	s__Parabacteroides_sp_AD58	1	3	0	0	1	up	1.0	14.281418240927794	1.284336496127381	0.19902424221000348		0.0	0.0	0.26548224927485525	8.22559008056113	False	205.0	False	False	False	Goll_2020_FMT_IBS	1	0
IBS	s__Ruminococcus_torques	2	3	1	1	1	up	1.0	1.4138718094405447	4.465741464366572	7.979192038991313e-06		0.0	0.0	0.00014084201761847457	8.167798379191073	True	206.0	False	False	False	Goll_2020_FMT_IBS;Mars_2020_IBS	1	1
IBS	s__GGB9258_SGB14205	1	3	0	0	1	up	1.0	14.1690131912754	1.284336496127381	0.19902424221000348		0.0	0.0	0.26548224927485525	8.16084876104876	False	207.0	False	False	False	Goll_2020_FMT_IBS	1	0
IBS	s__Phocaeicola_plebeius	2	3	0	0	1	up	1.0	8.726836150738537	1.96542100003047	0.04936553090237272		0.0	0.0	0.11672410577850748	8.14073698716235	False	208.0	False	False	False	Goll_2020_FMT_IBS;Mars_2020_IBS	1	0
IBS	s__GGB9210_SGB14150	1	3	0	0	1	up	1.0	12.018682583638604	1.5064288281638776	0.1319571248554485		0.0	0.0	0.21179032555021707	8.101720400245501	False	209.0	False	False	False	Goll_2020_FMT_IBS	1	0
IBS	s__GGB1380_SGB1883	1	3	0	0	1	down	1.0	-5.230809775592296	-2.6488838360605866	0.008075808479707102		0.0	0.0	0.029049946142643085	8.038994423321189	False	210.0	False	False	False	Mars_2020_IBS	0	0
IBS	s__Longicatena_caecimuris	2	3	0	0	1	up	1.0	5.373475410947254	2.606398984860076	0.009149980876771607		0.0	0.0	0.032003850163454604	8.032259069763347	False	211.0	False	False	False	Goll_2020_FMT_IBS;Mars_2020_IBS	1	0
IBS	s__Phocea_massiliensis	1	3	1	0	1	down	1.0	-1.9407945288011408	-3.7064697613487154	0.00021016831622879914		0.0	0.0	0.001772419466862873	8.009950591741484	True	212.0	False	False	False	Goll_2020_FMT_IBS	1	1
IBS	s__GGB2996_SGB3983	1	3	0	0	1	up	1.0	13.831802014555231	1.284336496127381	0.19902424221000348		0.0	0.0	0.26548224927485525	7.966627090379196	False	213.0	False	False	False	Goll_2020_FMT_IBS	1	0
IBS	s__GGB9590_SGB15012	1	3	0	0	1	up	1.0	11.766622383303822	1.5064288281638776	0.1319571248554485		0.0	0.0	0.21179032555021707	7.931808161284946	False	214.0	False	False	False	Goll_2020_FMT_IBS	1	0
IBS	s__Clostridiaceae_unclassified_SGB4771	1	3	0	0	1	up	1.0	11.703415246001557	1.5064288281638776	0.1319571248554485		0.0	0.0	0.21179032555021707	7.889200616725943	False	215.0	False	False	False	Goll_2020_FMT_IBS	1	0
IBS	s__Diplocloster_agilis	1	3	0	0	1	up	1.0	8.800378078726698	1.8945745878626044	0.05814878410462811		0.0	0.0	0.12867325695455606	7.836839697366705	False	216.0	False	False	False	Goll_2020_FMT_IBS	1	0
IBS	s__GGB3175_SGB4191	2	3	0	0	1	down	1.0	-1.570990600971252	-5.110921031981495	3.205919794837816e-07		0.0	0.0	1.1060423292190466e-05	7.786187999970072	False	217.0	False	False	False	Goll_2020_FMT_IBS;Mars_2020_IBS	1	0
IBS	s__Saccharomyces_cerevisiae	1	3	0	0	1	up	1.0	13.4592538973979	1.284336496127381	0.19902424221000348		0.0	0.0	0.26548224927485525	7.75205259607309	False	218.0	False	False	False	Goll_2020_FMT_IBS	1	0
IBS	s__GGB3585_SGB4803	1	3	0	0	1	up	1.0	13.411617763466237	1.284336496127381	0.19902424221000348		0.0	0.0	0.26548224927485525	7.7246158734637325	False	219.0	False	False	False	Goll_2020_FMT_IBS	1	0
IBS	s__GGB3892_SGB5290	1	3	0	0	1	up	1.0	11.437869518319445	1.5064288281638776	0.1319571248554485		0.0	0.0	0.21179032555021707	7.710197866283982	False	220.0	False	False	False	Goll_2020_FMT_IBS	1	0
IBS	s__Blautia_faecis	2	3	2	1	1	up	1.0	1.5395351153972179	3.7411734635656653	0.00018316304309614145		0.0	0.0	0.0016598615222494426	7.671455866376606	True	221.0	False	False	False	Goll_2020_FMT_IBS;Mars_2020_IBS	1	2
IBS	s__GGB45432_SGB63101	2	3	1	0	1	up	1.0	4.099707015374537	2.342334508413992	0.019163530610277885		0.0	0.0	0.05703968522823888	7.648964079240182	True	222.0	False	False	False	Goll_2020_FMT_IBS;Mars_2020_IBS	1	1
IBS	s__Candidatus_Nanosynsacchari_sp_TM7_ANC_38_39_G1_1	1	3	0	0	1	up	1.0	11.322491499050654	1.5064288281638776	0.1319571248554485		0.0	0.0	0.21179032555021707	7.632422249368831	False	223.0	False	False	False	Goll_2020_FMT_IBS	1	0
IBS	s__GGB5997_SGB8620	1	3	0	0	1	up	1.0	13.21572382729272	1.284336496127381	0.19902424221000348		0.0	0.0	0.26548224927485525	7.61178791821114	False	224.0	False	False	False	Goll_2020_FMT_IBS	1	0
IBS	s__GGB9266_SGB14216	1	3	0	0	1	up	1.0	13.117606486706135	1.284336496127381	0.19902424221000348		0.0	0.0	0.26548224927485525	7.555275812071209	False	225.0	False	False	False	Goll_2020_FMT_IBS	1	0
IBS	s__GGB9110_SGB14043	1	3	0	0	1	up	1.0	13.057025513599452	1.284336496127381	0.19902424221000348		0.0	0.0	0.26548224927485525	7.520383321490057	False	226.0	False	False	False	Goll_2020_FMT_IBS	1	0
IBS	s__GGB4563_SGB6300	1	3	0	0	1	up	1.0	9.28680095105477	1.7773838620396525	0.07550510413616113		0.0	0.0	0.15530724671909565	7.511241498224091	False	227.0	False	False	False	Mars_2020_IBS	0	0
IBS	s__Lactococcus_lactis	2	3	0	0	1	up	1.0	6.264063796480241	2.2948962954393215	0.0217390681714581		0.0	0.0	0.06371754626599492	7.490197638923799	False	228.0	False	False	False	Goll_2020_FMT_IBS;Mars_2020_IBS	1	0
IBS	s__GGB9444_SGB14834	1	3	0	0	1	up	1.0	12.994016921399648	1.284336496127381	0.19902424221000348		0.0	0.0	0.26548224927485525	7.484092608463844	False	229.0	False	False	False	Goll_2020_FMT_IBS	1	0
IBS	s__Victivallis_vadensis	1	3	0	0	1	up	1.0	12.953345719273942	1.284336496127381	0.19902424221000348		0.0	0.0	0.26548224927485525	7.460667439399685	False	230.0	False	False	False	Goll_2020_FMT_IBS	1	0
IBS	s__Granulicatella_SGB8255	1	3	0	0	1	up	1.0	11.060369068979078	1.5064288281638776	0.1319571248554485		0.0	0.0	0.21179032555021707	7.455727122902658	False	231.0	False	False	False	Goll_2020_FMT_IBS	1	0
IBS	s__Lacticaseibacillus_paracasei	1	3	0	0	1	up	1.0	11.032201337003748	1.5064288281638776	0.1319571248554485		0.0	0.0	0.21179032555021707	7.4367394271061285	False	232.0	False	False	False	Goll_2020_FMT_IBS	1	0
IBS	s__Longibaculum_muris	1	3	0	0	1	up	1.0	4.247087352062516	2.8260815812257123	0.004712126125230392		0.0	0.0	0.01872515041387365	7.33716059461456	False	233.0	False	False	False	Mars_2020_IBS	0	0
IBS	s__GGB3321_SGB4395	1	3	0	0	1	up	1.0	12.703826809845264	1.284336496127381	0.19902424221000348		0.0	0.0	0.26548224927485525	7.316953402622366	False	234.0	False	False	False	Goll_2020_FMT_IBS	1	0
IBS	s__GGB9261_SGB14209	1	3	0	0	1	up	1.0	12.673301899835876	1.284336496127381	0.19902424221000348		0.0	0.0	0.26548224927485525	7.299372137740446	False	235.0	False	False	False	Goll_2020_FMT_IBS	1	0
IBS	s__GGB9730_SGB15291	2	3	0	0	1	down	1.0	-1.6405687688099926	-4.820184273523355	1.4342567784422352e-06		0.0	0.0	3.619770947605001e-05	7.286289095984417	False	236.0	False	False	False	Goll_2020_FMT_IBS;Mars_2020_IBS	1	0
IBS	s__GGB51269_SGB5062	2	3	0	0	1	up	1.0	7.075873006495511	2.079797963962521	0.037544067944268386		0.0	0.0	0.0946738470213423	7.244066332372165	False	237.0	False	False	False	Goll_2020_FMT_IBS;Mars_2020_IBS	1	0
IBS	s__Lactococcus_cremoris	1	3	0	0	1	up	1.0	10.73298797149651	1.5064288281638776	0.1319571248554485		0.0	0.0	0.21179032555021707	7.235041527982295	False	238.0	False	False	False	Goll_2020_FMT_IBS	1	0
IBS	s__GGB10692_SGB17347	1	3	0	0	1	up	1.0	12.436434474063638	1.284336496127381	0.19902424221000348		0.0	0.0	0.26548224927485525	7.162944906566969	False	239.0	False	False	False	Goll_2020_FMT_IBS	1	0
IBS	s__Coprococcus_eutactus	2	3	2	1	1	up	0.5	3.534408105627518	-3.27830802555177	0.0010443137096754077		0.0	0.0	0.005581930321434046	7.137466250587762	False	240.0	False	False	False	Goll_2020_FMT_IBS;Mars_2020_IBS	1	2
IBS	s__GGB9089_SGB14018	1	3	0	0	1	up	1.0	12.29394437133172	1.284336496127381	0.19902424221000348		0.0	0.0	0.26548224927485525	7.080875664154413	False	241.0	False	False	False	Goll_2020_FMT_IBS	1	0
IBS	s__Christensenella_minuta	1	3	0	0	1	up	1.0	10.496402833173011	1.5064288281638776	0.1319571248554485		0.0	0.0	0.21179032555021707	7.075560933648294	False	242.0	False	False	False	Goll_2020_FMT_IBS	1	0
IBS	s__GGB9778_SGB15398	1	3	0	0	1	up	1.0	10.46941210906624	1.5064288281638776	0.1319571248554485		0.0	0.0	0.21179032555021707	7.057366651655116	False	243.0	False	False	False	Goll_2020_FMT_IBS	1	0
IBS	s__Lacticaseibacillus_rhamnosus	1	3	0	0	1	up	1.0	12.21342760284367	1.284336496127381	0.19902424221000348		0.0	0.0	0.26548224927485525	7.034500862925209	False	244.0	False	False	False	Goll_2020_FMT_IBS	1	0
IBS	s__GGB9634_SGB15097	2	3	0	0	1	up	1.0	7.820854763139276	1.8922015649861748	0.058464129946284145		0.0	0.0	0.12899498438729554	6.956080763621609	False	245.0	False	False	False	Goll_2020_FMT_IBS;Mars_2020_IBS	1	0
IBS	s__Clostridiaceae_bacterium_CLA_AA_H274	1	3	1	0	1	down	1.0	-1.5058301011341693	-3.9665249575876707	7.292814224660324e-05		0.0	0.0	0.0008343018574397861	6.95394627200116	True	246.0	False	False	False	Goll_2020_FMT_IBS	1	1
IBS	s__GGB9092_SGB14022	1	3	0	0	1	up	1.0	12.060467143488568	1.284336496127381	0.19902424221000348		0.0	0.0	0.26548224927485525	6.946401066675025	False	247.0	False	False	False	Goll_2020_FMT_IBS	1	0
IBS	s__Sanguibacteroides_justesenii	1	3	0	0	1	up	1.0	11.992424495602204	1.284336496127381	0.19902424221000348		0.0	0.0	0.26548224927485525	6.907210916224476	False	248.0	False	False	False	Goll_2020_FMT_IBS	1	0
IBS	s__Eubacterium_SGB4961	1	3	0	0	1	up	1.0	11.98452181314564	1.284336496127381	0.19902424221000348		0.0	0.0	0.26548224927485525	6.902659251583898	False	249.0	False	False	False	Goll_2020_FMT_IBS	1	0
IBS	s__GGB4588_SGB6347	1	3	0	0	1	up	1.0	11.789678237659187	1.284336496127381	0.19902424221000348		0.0	0.0	0.26548224927485525	6.790436266811321	False	250.0	False	False	False	Goll_2020_FMT_IBS	1	0
IBS	s__GGB9350_SGB14317	1	3	0	0	1	up	1.0	4.699952416061062	2.5370227527931233	0.0111799687691539		0.0	0.0	0.036263232033281245	6.770438862141632	False	251.0	False	False	False	Mars_2020_IBS	0	0
IBS	s__GGB3496_SGB4671	1	3	0	0	1	up	1.0	3.610763216456739	2.942758910119746	0.0032530164338860014		0.0	0.0	0.013492018979887842	6.751849390155237	False	252.0	False	False	False	Mars_2020_IBS	0	0
IBS	s__Rothia_dentocariosa	1	3	1	0	1	up	1.0	1.2475	4.298000000000001	1.7234616335044465e-05		0.0	0.0	0.00026696068976119896	6.687010460385933	True	253.0	False	False	False	PRJEB34103_IBS	1	1
IBS	s__GGB9197_SGB14136	1	3	0	0	1	up	1.0	11.601216696083355	1.284336496127381	0.19902424221000348		0.0	0.0	0.26548224927485525	6.681889107082407	False	254.0	False	False	False	Goll_2020_FMT_IBS	1	0
IBS	s__Christensenellaceae_bacterium	1	3	0	0	1	up	1.0	9.88938126913183	1.5064288281638776	0.1319571248554485		0.0	0.0	0.21179032555021707	6.6663714110398615	False	255.0	False	False	False	Goll_2020_FMT_IBS	1	0
IBS	s__GGB47174_SGB65105	1	3	0	0	1	up	1.0	11.531239975432028	1.284336496127381	0.19902424221000348		0.0	0.0	0.26548224927485525	6.641584999356593	False	256.0	False	False	False	Goll_2020_FMT_IBS	1	0
IBS	s__Streptococcus_sp_I_P16	1	3	1	0	1	up	1.0	1.3587	4.0729	4.643136327571342e-05		0.0	0.0	0.0005593873766074046	6.628324209909466	True	257.0	False	False	False	PRJEB34103_IBS	1	1
IBS	s__GGB3627_SGB4906	1	3	0	0	1	up	1.0	11.38368689102696	1.284336496127381	0.19902424221000348		0.0	0.0	0.26548224927485525	6.556599659177964	False	258.0	False	False	False	Goll_2020_FMT_IBS	1	0
IBS	s__GGB9299_SGB14259	1	3	0	0	1	up	1.0	11.375127062839338	1.284336496127381	0.19902424221000348		0.0	0.0	0.26548224927485525	6.551669501917417	False	259.0	False	False	False	Goll_2020_FMT_IBS	1	0
IBS	s__GGB9534_SGB14937	2	3	1	0	1	up	1.0	3.3804449596032238	2.384077090367452	0.017122015187981947		0.0	0.0	0.05156987907808848	6.529011104322405	True	260.0	False	False	False	Goll_2020_FMT_IBS;Mars_2020_IBS	1	1
IBS	s__Anaerotruncus_massiliensis	2	3	1	0	1	up	1.0	4.853470118892489	1.9159939189312938	0.05536586972894502		0.0	0.0	0.12815409046375092	6.495890672761194	True	261.0	False	False	False	Goll_2020_FMT_IBS;Mars_2020_IBS	1	1
IBS	s__GGB9608_SGB15042	1	3	0	0	1	up	1.0	11.267107606590368	1.284336496127381	0.19902424221000348		0.0	0.0	0.26548224927485525	6.489454128567256	False	262.0	False	False	False	Goll_2020_FMT_IBS	1	0
IBS	s__GGB9616_SGB15062	1	3	0	0	1	up	1.0	11.203407191270784	1.284336496127381	0.19902424221000348		0.0	0.0	0.26548224927485525	6.45276494997582	False	263.0	False	False	False	Goll_2020_FMT_IBS	1	0
IBS	s__Oxalobacter_formigenes	1	3	1	0	1	down	1.0	-1.7692	-3.431614403623269	0.0005999999999999997		0.0	0.0	0.0038481481169626228	6.408258826558032	True	264.0	False	False	False	PRJEB34103_IBS	1	1
IBS	s__GGB3124_SGB4136	1	3	0	0	1	up	1.0	11.099708325966496	1.284336496127381	0.19902424221000348		0.0	0.0	0.26548224927485525	6.393038083678472	False	265.0	False	False	False	Goll_2020_FMT_IBS	1	0
IBS	s__Methanobrevibacter_smithii	2	3	1	0	1	up	1.0	5.490012044184904	1.706561091082052	0.08790366230243286		0.0	0.0	0.1676353760993632	6.387362694468381	True	266.0	False	False	False	Goll_2020_FMT_IBS;Mars_2020_IBS	1	1
IBS	s__GGB9712_SGB15244	2	3	1	0	1	down	1.0	-1.208824043306627	-4.250612287669046	2.131869245265439e-05		0.0	0.0	0.000311412550198877	6.358409431167132	True	267.0	False	False	False	Goll_2020_FMT_IBS;Mars_2020_IBS	1	1
IBS	s__GGB3167_SGB4181	2	3	0	0	1	up	1.0	4.29473536806406	2.5741205306238806	0.010049525724663999		0.0	0.0	0.033956756323564784	6.309283215234212	False	268.0	False	False	False	Goll_2020_FMT_IBS;Mars_2020_IBS	1	0
IBS	s__GGB53380_SGB74412	1	3	0	0	1	up	1.0	9.340783334114223	1.5064288281638776	0.1319571248554485		0.0	0.0	0.21179032555021707	6.2965648993249035	False	269.0	False	False	False	Goll_2020_FMT_IBS	1	0
IBS	s__GGB9532_SGB14933	1	3	0	0	1	up	1.0	8.099220494971	1.7075115436133665	0.08772701405635573		0.0	0.0	0.1676353760993632	6.282033436659755	False	270.0	False	False	False	Goll_2020_FMT_IBS	1	0
IBS	s__Lachnoclostridium_sp_An138	1	3	0	0	1	up	1.0	10.857855595879462	1.284336496127381	0.19902424221000348		0.0	0.0	0.26548224927485525	6.25373949414068	False	271.0	False	False	False	Goll_2020_FMT_IBS	1	0
IBS	s__GGB9597_SGB15022	1	3	0	0	1	up	1.0	10.7976876564158	1.284336496127381	0.19902424221000348		0.0	0.0	0.26548224927485525	6.21908489627996	False	272.0	False	False	False	Goll_2020_FMT_IBS	1	0
IBS	s__GGB38239_SGB47716	1	3	0	0	1	up	1.0	10.777414415310028	1.284336496127381	0.19902424221000348		0.0	0.0	0.26548224927485525	6.207408228870097	False	273.0	False	False	False	Goll_2020_FMT_IBS	1	0
IBS	s__Streptococcus_sp_FDAARGOS_192	1	3	1	0	1	up	1.0	1.3648	3.890591886413094	9.999999999999972e-05		0.0	0.0	0.001011999999999997	6.130994454802263	True	274.0	False	False	False	PRJEB34103_IBS	1	1
IBS	s__Clostridium_SGB6179	1	3	0	0	1	up	1.0	10.608850980045286	1.284336496127381	0.19902424221000348		0.0	0.0	0.26548224927485525	6.110321672222283	False	275.0	False	False	False	Goll_2020_FMT_IBS	1	0
IBS	s__Megamonas_funiformis	1	3	0	0	1	up	1.0	9.008804444701674	1.5063191075470617	0.1319852753428889		0.0	0.0	0.21179032555021707	6.072779960993483	False	276.0	False	False	False	Mars_2020_IBS	0	0
IBS	s__GGB74827_SGB4137	1	3	0	0	1	up	1.0	10.509870701812334	1.284336496127381	0.19902424221000348		0.0	0.0	0.26548224927485525	6.053312544622413	False	277.0	False	False	False	Goll_2020_FMT_IBS	1	0
IBS	s__GGB3511_SGB4688	1	3	0	0	1	up	1.0	3.330592289606082	2.894206507701979	0.0038011807729054956		0.0	0.0	0.015595114630460925	6.0184183315028035	False	278.0	False	False	False	Mars_2020_IBS	0	0
IBS	s__GGB9238_SGB14180	1	3	0	0	1	up	1.0	10.35467598476355	1.284336496127381	0.19902424221000348		0.0	0.0	0.26548224927485525	5.963925895231139	False	279.0	False	False	False	Goll_2020_FMT_IBS	1	0
IBS	s__GGB9169_SGB14107	1	3	0	0	1	up	1.0	8.767378133513018	1.5092103150471519	0.13124504501439793		0.0	0.0	0.21179032555021707	5.910035961649006	False	280.0	False	False	False	Mars_2020_IBS	0	0
IBS	s__GGB9476_SGB14870	1	3	0	0	1	up	1.0	10.210121433929396	1.284336496127381	0.19902424221000348		0.0	0.0	0.26548224927485525	5.880667603975876	False	281.0	False	False	False	Goll_2020_FMT_IBS	1	0
IBS	s__GGB9095_SGB14026	1	3	0	0	1	up	1.0	10.168267763637015	1.284336496127381	0.19902424221000348		0.0	0.0	0.26548224927485525	5.856561375211742	False	282.0	False	False	False	Goll_2020_FMT_IBS	1	0
IBS	s__Fumia_xinanensis	1	3	0	0	1	up	1.0	8.562611725961576	1.5064288281638776	0.1319571248554485		0.0	0.0	0.21179032555021707	5.772004179063875	False	283.0	False	False	False	Goll_2020_FMT_IBS	1	0
IBS	s__Segatella_copri	1	3	1	1	1	down	1.0	-1.295644851760466	-3.867986667184042	0.00010973766343119988		0.0	0.0	0.001095932717687904	5.75308313979037	True	284.0	False	False	False	Mars_2020_IBS	0	1
IBS	s__GGB34228_SGB72916	1	3	0	0	1	up	1.0	9.97741844614004	1.284336496127381	0.19902424221000348		0.0	0.0	0.26548224927485525	5.746638941290852	False	285.0	False	False	False	Goll_2020_FMT_IBS	1	0
IBS	s__Coriobacterium_glomerans	1	3	1	0	1	up	1.0	1.1489	4.127	3.6752639382034795e-05		0.0	0.0	0.00047280090323668494	5.730693155920336	True	286.0	False	False	False	PRJEB34103_IBS	1	1
IBS	s__GGB9253_SGB14199	1	3	0	0	1	up	1.0	9.930021952066584	1.284336496127381	0.19902424221000348		0.0	0.0	0.26548224927485525	5.71934024273536	False	287.0	False	False	False	Goll_2020_FMT_IBS	1	0
IBS	s__GGB3152_SGB4165	1	3	0	0	1	up	1.0	9.922848102416756	1.284336496127381	0.19902424221000348		0.0	0.0	0.26548224927485525	5.715208359926273	False	288.0	False	False	False	Goll_2020_FMT_IBS	1	0
IBS	s__Anaerotignum_faecicola	2	3	1	0	1	up	1.0	4.470175007944618	1.8356751255627684	0.06640571893109008		0.0	0.0	0.14218751296417934	5.68028630851029	True	289.0	False	False	False	Goll_2020_FMT_IBS;Mars_2020_IBS	1	1
IBS	s__GGB9186_SGB14125	1	3	0	0	1	up	1.0	9.844022384652696	1.284336496127381	0.19902424221000348		0.0	0.0	0.26548224927485525	5.669807543901223	False	290.0	False	False	False	Goll_2020_FMT_IBS	1	0
IBS	s__GGB3352_SGB62935	1	3	0	0	1	up	1.0	9.824650861036345	1.284336496127381	0.19902424221000348		0.0	0.0	0.26548224927485525	5.658650233764659	False	291.0	False	False	False	Goll_2020_FMT_IBS	1	0
IBS	s__GGB9743_SGB15349	1	3	0	0	1	up	1.0	9.773989904446232	1.284336496127381	0.19902424221000348		0.0	0.0	0.26548224927485525	5.629471320650474	False	292.0	False	False	False	Goll_2020_FMT_IBS	1	0
IBS	s__Eisenbergiella_massiliensis	2	3	1	0	1	up	1.0	3.828096161491435	2.0080153569292016	0.044641659797176075		0.0	0.0	0.1072247461584071	5.568185828685469	True	293.0	False	False	False	Goll_2020_FMT_IBS;Mars_2020_IBS	1	1
IBS	s__Bacteroides_faecis	2	3	1	0	1	down	1.0	-2.3038846384491767	-2.682063578996644	0.007316955225920295		0.0	0.0	0.026572100557289494	5.444911492546457	True	294.0	False	False	False	Goll_2020_FMT_IBS;Mars_2020_IBS	1	1
IBS	s__Yeguia_hominis	1	3	0	0	1	up	1.0	8.07698797187207	1.5064288281638776	0.1319571248554485		0.0	0.0	0.21179032555021707	5.444648177441305	False	295.0	False	False	False	Goll_2020_FMT_IBS	1	0
IBS	s__GGB9563_SGB14975	1	3	0	0	1	up	1.0	8.073536923167286	1.5064288281638776	0.1319571248554485		0.0	0.0	0.21179032555021707	5.442321846622663	False	296.0	False	False	False	Goll_2020_FMT_IBS	1	0
IBS	s__Lactobacillus_delbrueckii	1	3	1	0	1	up	1.0	1.3717	3.615300006924662	0.00029999999999999987		0.0	0.0	0.002276999999999999	5.437357696357813	True	297.0	False	False	False	PRJEB34103_IBS	1	1
IBS	s__GGB3538_SGB4728	1	3	0	0	1	up	1.0	9.428495265572398	1.284336496127381	0.19902424221000348		0.0	0.0	0.26548224927485525	5.430478669748105	False	298.0	False	False	False	Goll_2020_FMT_IBS	1	0
IBS	s__GGB4651_SGB6438	1	3	0	0	1	down	1.0	-2.094046312915036	-3.576427455170036	0.0003483219208066993		0.0	0.0	0.002566760562061017	5.424867039697838	False	299.0	False	False	False	Mars_2020_IBS	0	0
IBS	s__GGB9062_SGB13981	1	3	1	0	1	down	1.0	-1.3902785785901262	-3.5153926961521798	0.0004391041669192998		0.0	0.0	0.003114766941044379	5.227255131426614	True	300.0	False	False	False	Goll_2020_FMT_IBS	1	1
IBS	s__GGB3052_SGB4053	1	3	0	0	1	up	1.0	9.030489124445651	1.284336496127381	0.19902424221000348		0.0	0.0	0.26548224927485525	5.2012412571028825	False	301.0	False	False	False	Goll_2020_FMT_IBS	1	0
IBS	s__GGB3353_SGB4437	1	3	0	0	1	up	1.0	8.8536617427537	1.284336496127381	0.19902424221000348		0.0	0.0	0.26548224927485525	5.099394960588117	False	302.0	False	False	False	Goll_2020_FMT_IBS	1	0
IBS	s__GGB31234_SGB14869	1	3	0	0	1	up	1.0	8.663615523521795	1.284336496127381	0.19902424221000348		0.0	0.0	0.26548224927485525	4.989935082767149	False	303.0	False	False	False	Goll_2020_FMT_IBS	1	0
IBS	s__GGB9185_SGB14124	1	3	0	0	1	up	1.0	8.531507209531728	1.284336496127381	0.19902424221000348		0.0	0.0	0.26548224927485525	4.913845382235715	False	304.0	False	False	False	Goll_2020_FMT_IBS	1	0
IBS	s__Lachnoclostridium_sp_An131	1	3	0	0	1	up	1.0	7.210396415854588	1.5064288281638776	0.1319571248554485		0.0	0.0	0.21179032555021707	4.860484111271102	False	305.0	False	False	False	Goll_2020_FMT_IBS	1	0
IBS	s__GGB9770_SGB15390	2	3	1	0	1	up	1.0	4.461041959375318	1.6318468202116783	0.10271175928624952		0.0	0.0	0.18876083607327696	4.845281146208627	True	306.0	False	False	False	Goll_2020_FMT_IBS;Mars_2020_IBS	1	1
IBS	s__Clostridium_spiroforme	2	3	1	0	1	up	1.0	4.228183648323697	1.6894966548417103	0.09112429237864321		0.0	0.0	0.17247715190870375	4.840858629057759	True	307.0	False	False	False	Goll_2020_FMT_IBS;Mars_2020_IBS	1	1
IBS	s__GGB3510_SGB4687	2	3	0	0	1	up	1.0	5.117733976304332	1.9788758481104278	0.04782998611023754		0.0	0.0	0.11344674830521966	4.837322828468589	False	308.0	False	False	False	Goll_2020_FMT_IBS;Mars_2020_IBS	1	0
IBS	s__Bacteroides_ovatus	2	3	2	1	1	down	1.0	-1.2557813019479585	-3.154044504651233	0.001610245276739586		0.0	0.0	0.0074071282730020956	4.795342393618248	True	309.0	False	False	False	Goll_2020_FMT_IBS;Mars_2020_IBS	1	2
IBS	s__GGB4567_SGB6307	1	3	0	0	1	down	1.0	-2.910422377968256	-2.751551992632334	0.005931360346398093		0.0	0.0	0.022622625642794738	4.78897484887964	False	310.0	False	False	False	Mars_2020_IBS	0	0
IBS	s__Anaerosacchariphilus_sp_NSJ_68	1	3	0	0	1	up	1.0	8.310580053991924	1.3343138022151186	0.18210103608398343		0.0	0.0	0.26548224927485525	4.786599181019725	False	311.0	False	False	False	Goll_2020_FMT_IBS	1	0
IBS	s__Phocaeicola_coprophilus	1	3	0	0	1	down	1.0	-3.6685660328658805	-2.4017337516024835	0.016317580115990785		0.0	0.0	0.04973912975115263	4.781248778361695	False	312.0	False	False	False	Mars_2020_IBS	0	0
IBS	s__GGB33586_SGB53517	2	3	1	0	1	up	1.0	3.540840835165632	1.9246953823229314	0.054267478538136966		0.0	0.0	0.12673543449367985	4.764742783862811	True	313.0	False	False	False	Goll_2020_FMT_IBS;Mars_2020_IBS	1	1
IBS	s__GGB9342_SGB14306	2	3	1	0	1	up	1.0	4.649787949124943	1.5759364072911959	0.11504045950212749		0.0	0.0	0.20839071303607343	4.750606785744839	True	314.0	False	False	False	Goll_2020_FMT_IBS;Mars_2020_IBS	1	1
IBS	s__GGB9640_SGB15115	2	3	1	0	1	up	1.0	3.2659992301680907	2.008629848238617	0.044576403428646064		0.0	0.0	0.1072247461584071	4.750583544075452	True	315.0	False	False	False	Goll_2020_FMT_IBS;Mars_2020_IBS	1	1
IBS	s__GGB4745_SGB6571	2	3	1	0	1	up	1.0	4.257482370800057	1.6620795212503532	0.0964968310838506		0.0	0.0	0.1806613572019224	4.745824527695927	True	316.0	False	False	False	Goll_2020_FMT_IBS;Mars_2020_IBS	1	1
IBS	s__GGB9788_SGB15411	1	3	0	0	1	up	1.0	8.199197395569348	1.284336496127381	0.19902424221000348		0.0	0.0	0.26548224927485525	4.722446722572591	False	317.0	False	False	False	Goll_2020_FMT_IBS	1	0
IBS	s__Lactobacillus_sakei	1	3	1	0	1	up	1.0	1.1355	3.7190164854556804	0.0001999999999999999		0.0	0.0	0.001705617977528089	4.7147973839092945	True	318.0	False	False	False	PRJEB34103_IBS	1	1
IBS	s__Fournierella_massiliensis	1	3	0	0	1	up	1.0	8.137734885199638	1.284336496127381	0.19902424221000348		0.0	0.0	0.26548224927485525	4.687046497812377	False	319.0	False	False	False	Goll_2020_FMT_IBS	1	0
IBS	s__Alistipes_ihumii	2	3	1	0	1	up	1.0	4.684727387467543	1.4912240263009247	0.1359026876908114		0.0	0.0	0.21579527187725073	4.679748049555322	True	320.0	False	False	False	Goll_2020_FMT_IBS;Mars_2020_IBS	1	1
IBS	s__GGB9293_SGB14250	2	3	0	0	1	up	1.0	4.565566211895506	2.091022512428042	0.03652604596961613		0.0	0.0	0.0946738470213423	4.674089607522288	False	321.0	False	False	False	Goll_2020_FMT_IBS;Mars_2020_IBS	1	0
IBS	s__Massiliimalia_massiliensis	1	3	0	0	1	up	1.0	8.099220559180313	1.284336496127381	0.19902424221000348		0.0	0.0	0.26548224927485525	4.66486361284118	False	322.0	False	False	False	Goll_2020_FMT_IBS	1	0
IBS	s__Leuconostoc_gelidum	1	3	1	0	1	down	1.0	-1.0375	-3.890591886413094	9.999999999999972e-05		0.0	0.0	0.001011999999999997	4.660687827415995	True	323.0	False	False	False	PRJEB34103_IBS	1	1
IBS	s__GGB9715_SGB15267	2	3	1	0	1	up	1.0	3.976496871176959	1.7172857478028838	0.08592697481051507		0.0	0.0	0.1676353760993632	4.626461210869158	True	324.0	False	False	False	Goll_2020_FMT_IBS;Mars_2020_IBS	1	1
IBS	s__Clostridiaceae_bacterium_Marseille_Q4143	2	3	0	0	1	down	1.0	-1.3018490709636563	-4.243430066282853	2.201289939605892e-05		0.0	0.0	0.000311412550198877	4.565147126033122	False	325.0	False	False	False	Goll_2020_FMT_IBS;Mars_2020_IBS	1	0
IBS	s__Bacteroides_stercoris	2	3	2	1	1	up	1.0	5.104921604903053	1.1607728718121588	0.24573427797168745		0.0	0.0	0.31719781799406593	4.563066248214388	True	326.0	False	False	False	Goll_2020_FMT_IBS;Mars_2020_IBS	1	2
IBS	s__GGB9345_SGB14311	2	3	1	0	1	up	1.0	5.0972422165652596	1.3866863420348345	0.16553742709340935		0.0	0.0	0.2543378687528294	4.546146016230008	True	327.0	False	False	False	Goll_2020_FMT_IBS;Mars_2020_IBS	1	1
IBS	s__Pediococcus_inopinatus	1	3	1	0	1	up	1.0	0.8529	4.274200000000001	1.9182479254448095e-05		0.0	0.0	0.0002911900350825221	4.523555783530966	True	328.0	False	False	False	PRJEB34103_IBS	1	1
IBS	s__Eubacterium_sp_AF34_35BH	2	3	1	0	1	down	1.0	-1.3274787441591918	-3.2942475079216362	0.0009868556041917902		0.0	0.0	0.005350167168439776	4.523316082207698	True	329.0	False	False	False	Goll_2020_FMT_IBS;Mars_2020_IBS	1	1
IBS	s__Clostridium_sp_1001270J_160509_D11	2	3	0	0	1	down	1.0	-1.9148528314760156	-3.3761162951098114	0.0007351683734730008		0.0	0.0	0.004463942363728061	4.500443034600811	False	330.0	False	False	False	Goll_2020_FMT_IBS;Mars_2020_IBS	1	0
IBS	s__GGB9786_SGB15409	1	3	0	0	1	up	1.0	7.812953618317789	1.284336496127381	0.19902424221000348		0.0	0.0	0.26548224927485525	4.499984014090742	False	331.0	False	False	False	Goll_2020_FMT_IBS	1	0
IBS	s__GGB9611_SGB15045	1	3	0	0	1	up	1.0	7.770956939412604	1.284336496127381	0.19902424221000348		0.0	0.0	0.26548224927485525	4.475795417440795	False	332.0	False	False	False	Goll_2020_FMT_IBS	1	0
IBS	s__Actinomyces_oris	1	3	1	0	1	up	1.0	1.0728	3.7190164854556804	0.0001999999999999999		0.0	0.0	0.001705617977528089	4.454455863899508	True	333.0	False	False	False	PRJEB34103_IBS	1	1
IBS	s__Veillonella_rogosae	2	3	1	0	1	down	1.0	-4.3647342427258575	-1.5594335437640654	0.1188938022180397		0.0	0.0	0.21084204645675733	4.426120588299069	True	334.0	False	False	False	Goll_2020_FMT_IBS;Mars_2020_IBS	1	1
IBS	s__Bacteroides_salyersiae	2	3	0	0	1	up	1.0	6.08699512072838	1.6344376157116463	0.10216699531970012		0.0	0.0	0.1882154112807097	4.41517037381016	False	335.0	False	False	False	Goll_2020_FMT_IBS;Mars_2020_IBS	1	0
IBS	s__Desulfovibrio_piger	3	3	1	0	1	up	1.0	3.043469389275091	1.9998705433710888	0.04551424468317968		0.0	0.0	0.1086330557060798	4.4010302336132625	True	336.0	False	False	False	Goll_2020_FMT_IBS;Mars_2020_IBS;PRJEB34103_IBS	2	1
IBS	s__Streptococcus_thermophilus	2	3	1	0	1	up	1.0	1.7344334210493946	2.7884293842469896	0.005296429274407583		0.0	0.0	0.02053709405567665	4.390183153251378	True	337.0	False	False	False	Goll_2020_FMT_IBS;Mars_2020_IBS	1	1
IBS	s__Collinsella_stercoris	1	3	0	0	1	up	1.0	5.298921611632207	1.8004841967234364	0.07178421672048597		0.0	0.0	0.14927183696122975	4.377026477434754	False	338.0	False	False	False	Mars_2020_IBS	0	0
IBS	s__GGB3606_SGB4870	1	3	0	0	1	up	1.0	3.040146211701034	2.5285518921827963	0.01145341538556041		0.0	0.0	0.03683534863406929	4.358764683497708	False	339.0	False	False	False	Mars_2020_IBS	0	0
IBS	s__GGB1266_SGB1699	1	3	0	0	1	down	1.0	-2.422734876578538	-2.8747831458784248	0.0040430507625884		0.0	0.0	0.016410029565799976	4.324316795882949	False	340.0	False	False	False	Mars_2020_IBS	0	0
IBS	s__Haemophilus_parainfluenzae	2	3	1	0	1	down	1.0	-2.5209276807520697	-2.222490352123123	0.026250185325579184		0.0	0.0	0.0722542116171543	4.315085145865525	True	341.0	False	False	False	Goll_2020_FMT_IBS;Mars_2020_IBS	1	1
IBS	s__Parabacteroides_goldsteinii	2	3	1	0	1	up	1.0	5.084268655662212	1.2682738219658491	0.20470018218797692		0.0	0.0	0.27209708980853675	4.3110233596017125	True	342.0	False	False	False	Goll_2020_FMT_IBS;Mars_2020_IBS	1	1
IBS	s__Bittarella_massiliensis	1	3	0	0	1	up	1.0	7.232227535402269	1.284336496127381	0.19902424221000348		0.0	0.0	0.26548224927485525	4.165506399433145	False	343.0	False	False	False	Goll_2020_FMT_IBS	1	0
IBS	s__Clostridium_symbiosum	2	3	1	0	1	up	1.0	1.8515838912545732	2.5351059713623676	0.01124133139650696		0.0	0.0	0.03630710863807993	3.999444355351977	True	344.0	False	False	False	Goll_2020_FMT_IBS;Mars_2020_IBS	1	1
IBS	s__Lacrimispora_sp_210928_DFI_3_58	1	3	0	0	1	up	1.0	8.742530164904451	1.087973525703277	0.27660679509811437		0.0	0.0	0.34932538682107955	3.9933242039600363	False	345.0	False	False	False	Goll_2020_FMT_IBS	1	0
IBS	s__GGB9253_SGB14198	1	3	1	0	1	down	1.0	-2.4973265795875346	-2.1419247877663747	0.032199534832519576		0.0	0.0	0.08635846974516735	3.984590925917475	True	346.0	False	False	False	Goll_2020_FMT_IBS	1	1
IBS	s__Bacteroides_finegoldii	2	3	1	1	1	up	1.0	3.948262690780329	1.4866003009055844	0.13712040830068672		0.0	0.0	0.21682164562546088	3.9318617874600834	True	347.0	False	False	False	Goll_2020_FMT_IBS;Mars_2020_IBS	1	1
IBS	s__Veillonella_parvula	2	3	1	0	1	down	1.0	-1.639169384678318	-2.7056532656568475	0.006817018269714875		0.0	0.0	0.025488260427160545	3.9184175407140707	True	348.0	False	False	False	Goll_2020_FMT_IBS;Mars_2020_IBS	1	1
IBS	s__GGB3363_SGB4448	2	3	0	0	1	up	1.0	5.858969359258663	1.488869579911425	0.13652171543429462		0.0	0.0	0.21632564094912238	3.8955818601621037	False	349.0	False	False	False	Goll_2020_FMT_IBS;Mars_2020_IBS	1	0
IBS	s__Vibrio_alginolyticus	1	3	1	0	1	up	1.0	0.9377000000000001	3.7190164854556804	0.0001999999999999999		0.0	0.0	0.001705617977528089	3.8934967035594426	True	350.0	False	False	False	PRJEB34103_IBS	1	1
IBS	s__Streptococcus_australis	3	3	1	0	1	up	1.0	1.5897237081427489	2.736201933901094	0.006215287279814357		0.0	0.0	0.02346966689243332	3.88566565881593	True	351.0	False	False	False	Goll_2020_FMT_IBS;Mars_2020_IBS;PRJEB34103_IBS	2	1
IBS	s__GGB9715_SGB15260	2	3	0	0	1	up	1.0	3.612206059987888	2.1358412891352563	0.03269235240793377		0.0	0.0	0.0873714629493723	3.823991118687966	False	352.0	False	False	False	Goll_2020_FMT_IBS;Mars_2020_IBS	1	0
IBS	s__GGB2982_SGB3964	2	3	1	0	1	up	1.0	4.24476517253021	1.3921267837654903	0.163884008938061		0.0	0.0	0.2528210625690819	3.802376262388255	True	353.0	False	False	False	Goll_2020_FMT_IBS;Mars_2020_IBS	1	1
IBS	s__Thiocystis_violascens	1	3	1	0	1	down	1.0	-0.7426	-4.1702	3.043324384340985e-05		0.0	0.0	0.0004052426680201417	3.7786660766118296	True	354.0	False	False	False	PRJEB34103_IBS	1	1
IBS	s__GGB9347_SGB14313	2	3	1	0	1	up	1.0	4.2430921678184985	1.381279347456816	0.1671930857555316		0.0	0.0	0.2563627314918151	3.7624247778083277	True	355.0	False	False	False	Goll_2020_FMT_IBS;Mars_2020_IBS	1	1
IBS	s__Bacteroides_xylanisolvens	2	3	2	1	1	up	1.0	2.478406438250324	1.8292162822977414	0.06736721419225461		0.0	0.0	0.14282602115061802	3.7547659266245756	True	356.0	False	False	False	Goll_2020_FMT_IBS;Mars_2020_IBS	1	2
IBS	s__Gordonibacter_urolithinfaciens	3	3	1	0	1	up	1.0	1.7350383853516989	2.539021046289275	0.011116313582113834		0.0	0.0	0.036211510767486695	3.750684587133775	True	357.0	False	False	False	Goll_2020_FMT_IBS;Mars_2020_IBS;PRJEB34103_IBS	2	1
IBS	s__GGB9765_SGB15382	2	3	1	0	1	up	1.0	4.512072033688297	1.2471761746491243	0.21233290689076634		0.0	0.0	0.2804575349573913	3.7368950405499106	True	358.0	False	False	False	Goll_2020_FMT_IBS;Mars_2020_IBS	1	1
IBS	s__GGB9759_SGB15370	2	3	1	0	1	up	1.0	3.9800331465683887	1.4254011683117975	0.1540412705464656		0.0	0.0	0.24007664136502546	3.6993418656325576	True	359.0	False	False	False	Goll_2020_FMT_IBS;Mars_2020_IBS	1	1
IBS	s__Paraprevotella_clara	2	3	1	0	1	up	1.0	4.607194968845058	1.2178879539038756	0.22326655447305033		0.0	0.0	0.2916683560155683	3.698038892184229	True	360.0	False	False	False	Goll_2020_FMT_IBS;Mars_2020_IBS	1	1
IBS	s__Butyricimonas_virosa	2	3	1	0	1	up	1.0	3.9236233756973666	1.4364200397862759	0.1508828541561927		0.0	0.0	0.2361238892877325	3.6893442474495863	True	361.0	False	False	False	Goll_2020_FMT_IBS;Mars_2020_IBS	1	1
IBS	s__GGB9770_SGB15389	1	3	0	0	1	up	1.0	5.710304808822412	1.4588647552499632	0.1446023353828496		0.0	0.0	0.22770367750120923	3.6696129240814606	False	362.0	False	False	False	Mars_2020_IBS	0	0
IBS	s__Clostridium_autoethanogenum	1	3	1	0	1	up	1.0	0.809	3.890591886413094	9.999999999999972e-05		0.0	0.0	0.001011999999999997	3.6342134480766646	True	363.0	False	False	False	PRJEB34103_IBS	1	1
IBS	s__GGB9775_SGB15395	2	3	0	0	1	up	1.0	4.563611577829416	1.7262070575728794	0.08431016881525669		0.0	0.0	0.1676353760993632	3.539693794193292	False	364.0	False	False	False	Goll_2020_FMT_IBS;Mars_2020_IBS	1	0
IBS	s__Firmicutes_unclassified_SGB47659	1	3	0	0	1	up	1.0	3.3537068889843304	2.124062952257136	0.0336648798933748		0.0	0.0	0.08903011790617238	3.5229451723377543	False	365.0	False	False	False	Mars_2020_IBS	0	0
IBS	s__GGB3740_SGB5076	1	3	1	0	1	down	1.0	-1.8380395035458288	-2.3685517966599647	0.01785787966927737		0.0	0.0	0.05336271916921859	3.509080385545673	True	366.0	False	False	False	Goll_2020_FMT_IBS	1	1
IBS	s__GGB32387_SGB47381	1	3	0	0	1	up	1.0	4.146454209270207	1.8319174925560884	0.06696371398844053		0.0	0.0	0.14276814302591675	3.505282560047152	False	367.0	False	False	False	Mars_2020_IBS	0	0
IBS	s__GGB9708_SGB15233	2	3	1	0	1	up	0.5	2.4581419289912763	-2.9521046038811902	0.0031561599245485054		0.0	0.0	0.013162227377650087	3.4672164626928508	False	368.0	False	False	False	Goll_2020_FMT_IBS;Mars_2020_IBS	1	1
IBS	s__Streptococcus_parauberis	1	3	1	0	1	up	1.0	0.9365000000000001	3.480756404346212	0.0005000000000000015		0.0	0.0	0.0034189189189189296	3.4642697061703576	True	369.0	False	False	False	PRJEB34103_IBS	1	1
IBS	s__Acinetobacter_radioresistens	1	3	1	0	1	up	1.0	0.7079	4.0746	4.609350388568968e-05		0.0	0.0	0.0005593873766074046	3.4534413102192616	True	370.0	False	False	False	PRJEB34103_IBS	1	1
IBS	s__GGB3000_SGB3991	2	3	0	0	1	up	1.0	4.624085947075216	1.6648166898139485	0.09594933314708702		0.0	0.0	0.18026124717484915	3.440771387211059	False	371.0	False	False	False	Goll_2020_FMT_IBS;Mars_2020_IBS	1	0
IBS	s__Clostridium_scindens	2	3	1	0	1	up	1.0	4.183474317711609	1.2385534781752587	0.21551090571525644		0.0	0.0	0.2839805163852077	3.4307299995112457	True	372.0	False	False	False	Goll_2020_FMT_IBS;Mars_2020_IBS	1	1
IBS	s__GGB9747_SGB15356	2	3	1	0	1	up	0.5	3.2254540412444186	-2.509163501455751	0.012101745536155723		0.0	0.0	0.038593381772866364	3.4193534149825346	False	373.0	False	False	False	Goll_2020_FMT_IBS;Mars_2020_IBS	1	1
IBS	s__Streptococcus_sp_I_G2	1	3	1	0	1	up	1.0	1.0939	3.105434027262786	0.0018999999999999946		0.0	0.0	0.008384302325581372	3.4072792880067055	True	374.0	False	False	False	PRJEB34103_IBS	1	1
IBS	s__Streptococcus_constellatus	1	3	1	0	1	up	1.0	0.9667	3.3527947805048286	0.0007999999999999998		0.0	0.0	0.004651036553340913	3.3821694810623733	True	375.0	False	False	False	PRJEB34103_IBS	1	1
IBS	s__Anaeromassilibacillus_senegalensis	2	3	1	0	1	up	1.0	4.184343621527682	1.2184741867293465	0.2230438282945204		0.0	0.0	0.2916683560155683	3.3586304802185083	True	376.0	False	False	False	Goll_2020_FMT_IBS;Mars_2020_IBS	1	1
IBS	s__GGB9512_SGB14909	2	3	1	0	1	up	1.0	3.8341365099724145	1.3635664999256263	0.17270404159731279		0.0	0.0	0.2621647351447208	3.3438984141897303	True	377.0	False	False	False	Goll_2020_FMT_IBS;Mars_2020_IBS	1	1
IBS	s__Pseudoruminococcus_massiliensis	2	3	0	0	1	up	1.0	4.764970669143957	1.6029935146170742	0.1089360859330322		0.0	0.0	0.19923491379077454	3.3385030985199724	False	378.0	False	False	False	Goll_2020_FMT_IBS;Mars_2020_IBS	1	0
IBS	s__GGB33512_SGB15203	2	3	0	0	1	up	1.0	5.775113298293213	1.3245292883262672	0.1853273226511143		0.0	0.0	0.26548224927485525	3.3262603096673433	False	379.0	False	False	False	Goll_2020_FMT_IBS;Mars_2020_IBS	1	0
IBS	s__GGB9782_SGB15403	2	3	1	0	1	up	1.0	3.8472552442347934	1.3334239886720312	0.1823927044711633		0.0	0.0	0.26548224927485525	3.3238237310010277	True	380.0	False	False	False	Goll_2020_FMT_IBS;Mars_2020_IBS	1	1
IBS	s__Prevotella_stercorea	1	3	0	0	1	down	1.0	-1.0732241780410163	-3.9813044868539826	6.853808395384244e-05		0.0	0.0	0.000800313934168714	3.323495834989836	False	381.0	False	False	False	Mars_2020_IBS	0	0
IBS	s__Klebsiella_pneumoniae	1	3	0	0	1	up	1.0	4.255535630324203	1.7093947975050376	0.08737784396680698		0.0	0.0	0.1676353760993632	3.300739514030147	False	382.0	False	False	False	Goll_2020_FMT_IBS	1	0
IBS	s__Clostridiaceae_bacterium_Marseille_Q4149	2	3	1	0	1	up	1.0	4.663780693379215	1.1144357151137252	0.2650923085486159		0.0	0.0	0.3385437402712292	3.2906602050402007	True	383.0	False	False	False	Goll_2020_FMT_IBS;Mars_2020_IBS	1	1
IBS	s__GGB3600_SGB4860	1	3	0	0	1	up	1.0	3.6905647577478162	1.8900872980504502	0.05874628561227624		0.0	0.0	0.12924182834700773	3.279424427975341	False	384.0	False	False	False	Mars_2020_IBS	0	0
IBS	s__Nitrospira_moscoviensis	1	3	1	0	1	down	1.0	-0.8562	-3.540083799206144	0.00040000000000000143		0.0	0.0	0.0028914285714285817	3.260693257150452	True	385.0	False	False	False	PRJEB34103_IBS	1	1
IBS	s__Actinomadura_amylolytica	1	3	1	0	1	down	1.0	-0.8204	-3.615300006924662	0.00029999999999999987		0.0	0.0	0.002276999999999999	3.2520290545250052	True	386.0	False	False	False	PRJEB34103_IBS	1	1
IBS	s__Lawsonibacter_faecis	2	3	0	0	1	up	1.0	3.889535868551137	1.8165825459420102	0.06928105799773984		0.0	0.0	0.1464744373824082	3.2447992519511577	False	387.0	False	False	False	Goll_2020_FMT_IBS;Mars_2020_IBS	1	0
IBS	s__Alistipes_communis	2	3	1	0	1	down	1.0	-0.7986446496284868	-3.654608290382207	0.00025757493019407915		0.0	0.0	0.0020797805533755965	3.212926445346504	True	388.0	False	False	False	Goll_2020_FMT_IBS;Mars_2020_IBS	1	1
IBS	s__Kineothrix_SGB4886	1	3	0	0	1	down	1.0	-0.8534719064280869	-4.370893186963309	1.2373931704645177e-05		0.0	0.0	0.00020416987312664542	3.149318453609036	False	389.0	False	False	False	Mars_2020_IBS	0	0
IBS	s__Clostridiaceae_unclassified_SGB15090	2	3	1	0	1	up	1.0	3.718204742158731	1.261673090568898	0.20706644366767535		0.0	0.0	0.2747612425590307	3.129117638370985	True	390.0	False	False	False	Goll_2020_FMT_IBS;Mars_2020_IBS	1	1
IBS	s__Blautia_stercoris	2	3	0	0	1	up	1.0	4.045733465326755	1.6855630094828467	0.09187999898846275		0.0	0.0	0.1734749234632916	3.077845523583377	False	391.0	False	False	False	Goll_2020_FMT_IBS;Mars_2020_IBS	1	0
IBS	s__Phascolarctobacterium_faecium	2	3	1	0	1	up	1.0	4.444298727682504	1.0946620067603274	0.2736647393487939		0.0	0.0	0.34618589527622423	3.071170175482064	True	392.0	False	False	False	Goll_2020_FMT_IBS;Mars_2020_IBS	1	1
IBS	s__Collinsella_intestinalis	2	3	0	0	1	up	1.0	4.571775877617784	1.492093200966728	0.1356747140350226		0.0	0.0	0.21579527187725073	3.044611062964671	False	393.0	False	False	False	Goll_2020_FMT_IBS;Mars_2020_IBS	1	0
IBS	s__Bifidobacterium_adolescentis	2	3	2	1	1	up	0.5	0.9474210330386513	-4.298551993516811	1.7191757484221606e-05		0.0	0.0	0.00026696068976119896	3.0343651170480137	False	394.0	False	False	False	Goll_2020_FMT_IBS;Mars_2020_IBS	1	2
IBS	s__Xenorhabdus_nematophila	1	3	1	0	1	up	1.0	0.7269	3.7190164854556804	0.0001999999999999999		0.0	0.0	0.001705617977528089	3.018217717625422	True	395.0	False	False	False	PRJEB34103_IBS	1	1
IBS	s__Streptococcus_vestibularis	1	3	0	0	1	up	1.0	3.714875894553396	1.7720940291169158	0.07637894993802974		0.0	0.0	0.15625774394330072	2.9947785943788414	False	396.0	False	False	False	Mars_2020_IBS	0	0
IBS	s__GGB9522_SGB14921	2	3	1	0	1	up	1.0	4.480972028275074	1.0622456597944057	0.28812417635881504		0.0	0.0	0.3620633275767229	2.9656112119917926	True	397.0	False	False	False	Goll_2020_FMT_IBS;Mars_2020_IBS	1	1
IBS	s__Eggerthella_lenta	2	3	1	1	1	up	1.0	1.2423180576629282	2.6957553295956	0.007022923089638402		0.0	0.0	0.025916396466448235	2.956267354161074	True	398.0	False	False	False	Goll_2020_FMT_IBS;Mars_2020_IBS	1	1
IBS	s__Caulobacter_henricii	1	3	1	0	1	down	1.0	-0.7456	-3.615300006924662	0.00029999999999999987		0.0	0.0	0.002276999999999999	2.9555251865600245	True	399.0	False	False	False	PRJEB34103_IBS	1	1
IBS	s__GGB3637_SGB4930	2	3	0	0	1	up	1.0	3.751141782373951	1.7188798452097536	0.08563625278492372		0.0	0.0	0.1676353760993632	2.9095143313059046	False	400.0	False	False	False	Goll_2020_FMT_IBS;Mars_2020_IBS	1	0
IBS	s__Anaerotruncus_colihominis	1	3	0	0	1	up	1.0	4.281970963631906	1.563449564667935	0.11794688978925026		0.0	0.0	0.21014481068084728	2.9009553834656194	False	401.0	False	False	False	Goll_2020_FMT_IBS	1	0
IBS	s__GGB9583_SGB15004	1	3	0	0	1	down	1.0	-3.5748271687231314	-1.775613639352913	0.07579662035766233		0.0	0.0	0.15548549959855598	2.889568929683384	False	402.0	False	False	False	Mars_2020_IBS	0	0
IBS	s__GGB9237_SGB14179	1	3	0	0	1	up	1.0	6.598439817837404	1.0504571972307502	0.29350796024951		0.0	0.0	0.36761145516399024	2.867754290106713	False	403.0	False	False	False	Goll_2020_FMT_IBS	1	0
IBS	s__Megasphaera_massiliensis	1	3	0	0	1	up	1.0	4.2131598865316695	1.5063191075470617	0.1319852753428889		0.0	0.0	0.21179032555021707	2.8400653037194843	False	404.0	False	False	False	Mars_2020_IBS	0	0
IBS	s__GGB3345_SGB4425	2	3	2	1	1	up	0.5	0.4020511749475068	-6.483248577343895	8.976841431679868e-11		0.0	0.0	1.3626845293290039e-08	2.8342494857931704	False	405.0	False	False	False	Goll_2020_FMT_IBS;Mars_2020_IBS	1	2
IBS	s__Spirosoma_radiotolerans	1	3	1	0	1	up	1.0	0.7143	3.615300006924662	0.00029999999999999987		0.0	0.0	0.002276999999999999	2.831453380847406	True	406.0	False	False	False	PRJEB34103_IBS	1	1
IBS	s__Clostridium_perfringens	1	3	1	0	1	up	1.0	0.6285	3.890591886413094	9.999999999999972e-05		0.0	0.0	0.001011999999999997	2.823366071837062	True	407.0	False	False	False	PRJEB34103_IBS	1	1
IBS	s__Ruthenibacterium_lactatiformans	2	3	1	1	1	up	1.0	0.8227583764644202	3.2795357665392286	0.0010397802923851577		0.0	0.0	0.005581930321434046	2.7807779998182776	True	408.0	False	False	False	Goll_2020_FMT_IBS;Mars_2020_IBS	1	1
IBS	s__GGB9547_SGB14953	2	3	0	0	1	up	1.0	4.883006500166421	1.268636804710662	0.2045706312032758		0.0	0.0	0.27209708980853675	2.7602468860964944	False	409.0	False	False	False	Goll_2020_FMT_IBS;Mars_2020_IBS	1	0
IBS	s__GGB9760_SGB15374	2	3	1	0	1	up	1.0	4.6921587170120285	0.9762888180715967	0.328921359613204		0.0	0.0	0.40712774297941157	2.746808263891457	True	410.0	False	False	False	Goll_2020_FMT_IBS;Mars_2020_IBS	1	1
IBS	s__Roseburia_sp_AF02_12	2	3	1	0	1	up	0.5	2.1553319219217273	-2.7921775183950617	0.0052354624789721915		0.0	0.0	0.02048307227597883	2.729628037497226	False	411.0	False	False	False	Goll_2020_FMT_IBS;Mars_2020_IBS	1	1
IBS	s__GGB74511_SGB47635	1	3	0	0	1	up	1.0	2.682062524715757	2.0414774070889585	0.04120339730611089		0.0	0.0	0.10023518767736592	2.6793262634121033	False	412.0	False	False	False	Mars_2020_IBS	0	0
IBS	s__Acetobacter_aceti	1	3	1	0	1	down	1.0	-0.718	-3.480756404346212	0.0005000000000000015		0.0	0.0	0.0034189189189189296	2.656001760843904	True	413.0	False	False	False	PRJEB34103_IBS	1	1
IBS	s__Faecalibacterium_sp_HTFF	2	3	1	0	1	up	0.5	3.3024361181809385	-2.149116196754752	0.031625190145020264		0.0	0.0	0.08511886283712901	2.650141050642002	False	414.0	False	False	False	Goll_2020_FMT_IBS;Mars_2020_IBS	1	1
IBS	s__Cystobacter_fuscus	1	3	1	0	1	down	1.0	-0.6668	-3.615300006924662	0.00029999999999999987		0.0	0.0	0.002276999999999999	2.643165496778734	True	415.0	False	False	False	PRJEB34103_IBS	1	1
IBS	s__Bifidobacterium_bifidum	2	3	0	0	1	up	1.0	5.5894141471927234	1.1157169274399388	0.2645433224601651		0.0	0.0	0.3385437402712292	2.6291777584034106	False	416.0	False	False	False	Goll_2020_FMT_IBS;Mars_2020_IBS	1	0
IBS	s__GGB3004_SGB3995	1	3	0	0	1	down	1.0	-1.71255801114518	-2.6223252025819312	0.008733205389535302		0.0	0.0	0.03068751338267266	2.591165863785501	False	417.0	False	False	False	Mars_2020_IBS	0	0
IBS	s__Sutterella_wadsworthensis	2	3	1	1	1	down	0.5	-1.0536667175861318	-4.089320578775689	4.326385717780825e-05		0.0	0.0	0.0005383158622615813	2.5832979956179702	False	418.0	False	False	False	Goll_2020_FMT_IBS;Mars_2020_IBS	1	1
IBS	s__Halobacillus_mangrovi	1	3	1	0	1	up	1.0	0.619	3.7190164854556804	0.0001999999999999999		0.0	0.0	0.001705617977528089	2.5701977812768417	True	419.0	False	False	False	PRJEB34103_IBS	1	1
IBS	s__Deinococcus_gobiensis	1	3	1	0	1	down	1.0	-0.7058	-3.3895791411329905	0.0006999999999999978		0.0	0.0	0.00431652109843392	2.5036837739365114	True	420.0	False	False	False	PRJEB34103_IBS	1	1
IBS	s__Ruminococcus_champanellensis	1	3	1	0	1	down	1.0	-0.6908	-3.431614403623269	0.0005999999999999997		0.0	0.0	0.0038481481169626228	2.50216210568974	True	421.0	False	False	False	PRJEB34103_IBS	1	1
IBS	s__GGB4585_SGB6340	2	3	1	0	1	up	0.5	1.5913855490771127	-3.119618533207211	0.0018108538575442356		0.0	0.0	0.008181179034976635	2.4911359651167726	False	422.0	False	False	False	Goll_2020_FMT_IBS;Mars_2020_IBS	1	1
IBS	s__Streptococcus_lutetiensis	1	3	1	0	1	up	1.0	0.7963	3.105434027262786	0.0018999999999999946		0.0	0.0	0.008384302325581372	2.48031492553226	True	423.0	False	False	False	PRJEB34103_IBS	1	1
IBS	s__GGB9620_SGB15070	1	3	1	0	1	down	1.0	-1.6142795514554154	-2.0734068743876595	0.038134429718844856		0.0	0.0	0.0946738470213423	2.478976404536981	True	424.0	False	False	False	Goll_2020_FMT_IBS	1	1
IBS	s__Gemmata_obscuriglobus	1	3	1	0	1	down	1.0	-0.6467	-3.540083799206144	0.00040000000000000143		0.0	0.0	0.0028914285714285817	2.462847850267692	True	425.0	False	False	False	PRJEB34103_IBS	1	1
IBS	s__Clostridium_sp_NSJ_42	1	3	0	0	1	up	1.0	6.249289306609038	0.9754245402856973	0.3293497156645042		0.0	0.0	0.40712774297941157	2.4389057782161996	False	426.0	False	False	False	Goll_2020_FMT_IBS	1	0
IBS	s__Acinetobacter_haemolyticus	1	3	1	0	1	up	1.0	0.7028	3.3200541166994473	0.0008999999999999995		0.0	0.0	0.004986131386861312	2.4270174882963325	True	427.0	False	False	False	PRJEB34103_IBS	1	1
IBS	s__GGB42389_SGB59559	2	3	0	0	1	up	1.0	2.49599003438075	2.0030438845519996	0.045172578314415755		0.0	0.0	0.10815768750991027	2.4109831204447523	False	428.0	False	False	False	Goll_2020_FMT_IBS;Mars_2020_IBS	1	0
IBS	s__Massilistercora_timonensis	1	3	0	0	1	up	1.0	2.733950178201873	1.8777663067914396	0.060413141395412574		0.0	0.0	0.13142296673691328	2.4095088474276802	False	429.0	False	False	False	Mars_2020_IBS	0	0
IBS	s__GGB51647_SGB4348	2	3	1	0	1	up	1.0	5.318574728698615	0.811892560495509	0.41685328364962104		0.0	0.0	0.5006196871678201	2.397284338411957	True	430.0	False	False	False	Goll_2020_FMT_IBS;Mars_2020_IBS	1	1
IBS	s__Dorea_longicatena	2	3	2	1	1	up	1.0	0.4851101839548219	3.691007106255247	0.00022336789630275633		0.0	0.0	0.0018630355307010116	2.373681691453598	True	431.0	False	False	False	Goll_2020_FMT_IBS;Mars_2020_IBS	1	2
IBS	s__Anaerostipes_caccae	1	3	0	0	1	down	1.0	-3.4934085711805625	-1.5337097931559742	0.12510106344161528		0.0	0.0	0.21179032555021707	2.3548853454250684	False	432.0	False	False	False	Mars_2020_IBS	0	0
IBS	s__GGB3653_SGB4964	2	3	1	0	1	up	1.0	2.30733907412826	1.5733219874944933	0.11564428061955959		0.0	0.0	0.20893548537055973	2.353443609374461	True	433.0	False	False	False	Goll_2020_FMT_IBS;Mars_2020_IBS	1	1
IBS	s__Anaerobutyricum_hallii	2	3	2	1	1	up	1.0	1.2382528266404922	2.1315498648334956	0.03304386900492242		0.0	0.0	0.0876933446669095	2.3461330945460426	True	434.0	False	False	False	Goll_2020_FMT_IBS;Mars_2020_IBS	1	2
IBS	s__Oscillibacter_sp_ER4	2	3	2	1	1	down	0.5	-0.5857432124560248	-4.839391240418008	1.3023743874296538e-06		0.0	0.0	3.5303648573539544e-05	2.337247182327468	False	435.0	False	False	False	Goll_2020_FMT_IBS;Mars_2020_IBS	1	2
IBS	s__Holdemanella_porci	2	3	0	0	1	up	0.5	1.665406866590752	-3.7404376819917164	0.00018370008941891066		0.0	0.0	0.0016598615222494426	2.3148557085415997	False	436.0	False	False	False	Goll_2020_FMT_IBS;Mars_2020_IBS	1	0
IBS	s__Eubacterium_siraeum	2	3	1	0	1	up	0.5	3.920108777941203	-1.746705820949658	0.0806883801550114		0.0	0.0	0.1641889558650232	2.3069528282939333	False	437.0	False	False	False	Goll_2020_FMT_IBS;Mars_2020_IBS	1	1
IBS	s__Cronobacter_muytjensii	1	3	1	0	1	up	1.0	0.6646	3.3200541166994473	0.0008999999999999995		0.0	0.0	0.004986131386861312	2.2950993493479546	True	438.0	False	False	False	PRJEB34103_IBS	1	1
IBS	s__Blautia_producta	1	3	0	0	1	up	1.0	2.2628374810455085	2.0581886439666106	0.0395720282944057		0.0	0.0	0.09720119571344314	2.290734629899268	False	439.0	False	False	False	Mars_2020_IBS	0	0
IBS	s__Luteimonas_sp_83_4	1	3	1	0	1	down	1.0	-0.6924	-3.215979760788107	0.0013000000000000008		0.0	0.0	0.006666891891891896	2.260073143458276	True	440.0	False	False	False	PRJEB34103_IBS	1	1
IBS	s__Candidatus_Planktophila_lacus	1	3	1	0	1	up	1.0	0.716	3.121389149359866	0.0017999999999999963		0.0	0.0	0.008180838323353276	2.2416551522198085	True	441.0	False	False	False	PRJEB34103_IBS	1	1
IBS	s__GGB1495_SGB2071	1	3	0	0	1	down	1.0	-0.7815509978567146	-3.7951809980239357	0.0001475357837303001		0.0	0.0	0.0013997457481412221	2.2305081292128066	False	442.0	False	False	False	Mars_2020_IBS	0	0
IBS	s__Thermaerobacter_marianensis	1	3	1	0	1	down	1.0	-0.6304	-3.3527947805048286	0.0007999999999999998		0.0	0.0	0.004651036553340913	2.2055649538240614	True	443.0	False	False	False	PRJEB34103_IBS	1	1
IBS	s__Corynebacterium_variabile	1	3	1	0	1	down	1.0	-0.657	-3.2636163700692475	0.001100000000000001		0.0	0.0	0.005797916666666672	2.2042954745914414	True	444.0	False	False	False	PRJEB34103_IBS	1	1
IBS	s__GGB9361_SGB14336	2	3	0	0	1	up	1.0	4.656632256446153	1.1137340102760827	0.2653933141783681		0.0	0.0	0.3385437402712292	2.190410951004803	False	445.0	False	False	False	Goll_2020_FMT_IBS;Mars_2020_IBS	1	0
IBS	s__GGB9412_SGB14770	2	3	1	0	1	up	0.5	2.5567736802227814	-2.220647735793733	0.026374829921415714		0.0	0.0	0.07226893830452898	2.188051744703468	False	446.0	False	False	False	Goll_2020_FMT_IBS;Mars_2020_IBS	1	1
IBS	s__GGB3433_SGB4574	1	3	0	0	1	up	1.0	1.7079020356801808	2.3759718744047005	0.017502796880877705		0.0	0.0	0.052508390642633115	2.1857239955456707	False	447.0	False	False	False	Mars_2020_IBS	0	0
IBS	s__GGB9635_SGB15106	2	3	1	0	1	up	0.5	3.066551299087806	-1.984243488608962	0.04722870262882322		0.0	0.0	0.1123717407375449	2.1834065078579545	False	448.0	False	False	False	Goll_2020_FMT_IBS;Mars_2020_IBS	1	1
IBS	s__Streptomyces_sp_SCSIO_03032	1	3	1	0	1	down	1.0	-0.6671	-3.1946510537632866	0.0013999999999999976		0.0	0.0	0.0069907894736841985	2.1568748343256963	True	449.0	False	False	False	PRJEB34103_IBS	1	1
IBS	s__GGB9694_SGB15204	1	3	0	0	1	up	1.0	1.8844906228302232	2.2221338870559633	0.02627425876987429		0.0	0.0	0.0722542116171543	2.1504616617090266	False	450.0	False	False	False	Mars_2020_IBS	0	0
IBS	s__Senegalimassilia_anaerobia	2	3	0	0	1	up	1.0	2.9965696231867573	1.6197123776638966	0.10529407607661075		0.0	0.0	0.19303913947378637	2.1406133757047887	False	451.0	False	False	False	Goll_2020_FMT_IBS;Mars_2020_IBS	1	0
IBS	s__GGB9176_SGB14114	2	3	0	0	1	up	1.0	4.29584009114953	1.149064705373928	0.25052930063361223		0.0	0.0	0.3217457515751467	2.115646167654132	False	452.0	False	False	False	Goll_2020_FMT_IBS;Mars_2020_IBS	1	0
IBS	s__GGB3109_SGB4119	1	3	0	0	1	up	1.0	2.576064625832989	1.7885353657660052	0.07368967514744389		0.0	0.0	0.15205711021655688	2.1072035202171064	False	453.0	False	False	False	Mars_2020_IBS	0	0
IBS	s__GGB3363_SGB4447	1	3	0	0	1	up	1.0	3.651657915662118	1.3343138022151186	0.18210103608398343		0.0	0.0	0.26548224927485525	2.10322536753335	False	454.0	False	False	False	Goll_2020_FMT_IBS	1	0
IBS	s__Faecalibacillus_faecis	2	3	0	0	1	up	1.0	3.6086798694085664	1.3608809910864053	0.1735513016189688		0.0	0.0	0.2629250258059827	2.0936408523430337	False	455.0	False	False	False	Goll_2020_FMT_IBS;Mars_2020_IBS	1	0
IBS	s__Bacillus_paralicheniformis	1	3	1	0	1	up	1.0	0.5924	3.3527947805048286	0.0007999999999999998		0.0	0.0	0.004651036553340913	2.0726152897293373	True	456.0	False	False	False	PRJEB34103_IBS	1	1
IBS	s__Calditerrivibrio_nitroreducens	1	3	1	0	1	up	1.0	0.633	3.215979760788107	0.0013000000000000008		0.0	0.0	0.006666891891891896	2.066184719539412	True	457.0	False	False	False	PRJEB34103_IBS	1	1
IBS	s__Mediterraneibacter_faecis	2	3	2	1	1	up	1.0	1.0424803209042488	2.167869500493842	0.030168617005495196		0.0	0.0	0.08148747440274326	2.0347644023195457	True	458.0	False	False	False	Goll_2020_FMT_IBS;Mars_2020_IBS	1	2
IBS	s__Enterocloster_clostridioformis	2	3	0	0	1	up	1.0	2.0396803031878226	2.03068245175762	0.04228721759834541		0.0	0.0	0.10254312510269702	2.0174344303064218	False	459.0	False	False	False	Goll_2020_FMT_IBS;Mars_2020_IBS	1	0
IBS	s__Tyzzerella_nexilis	1	3	0	0	1	up	1.0	1.6351349995786235	2.328137292407554	0.01990481464202517		0.0	0.0	0.05901466528631681	2.009646404455135	False	460.0	False	False	False	Mars_2020_IBS	0	0
IBS	s__Aminomonas_paucivorans	1	3	1	0	1	down	1.0	-0.6443	-3.105434027262786	0.0018999999999999946		0.0	0.0	0.008384302325581372	2.0068653855587533	True	461.0	False	False	False	PRJEB34103_IBS	1	1
IBS	s__GGB9529_SGB14929	1	3	0	0	1	down	1.0	-3.277923690465512	-1.4045408444369671	0.16015785789411363		0.0	0.0	0.24909797979842674	1.9786524040131932	False	462.0	False	False	False	Goll_2020_FMT_IBS	1	0
IBS	s__Ruminococcus_lactaris	2	3	1	0	1	down	1.0	-0.5969856270899248	-3.174699552624098	0.001499917169919255		0.0	0.0	0.007071428571428569	1.9257199759274226	True	463.0	False	False	False	Goll_2020_FMT_IBS;Mars_2020_IBS	1	1
IBS	s__Firmicutes_bacterium	1	3	1	1	1	down	1.0	-0.44691210264312997	-3.809943463737487	0.0001389985738799995		0.0	0.0	0.0013525630458323028	1.9231806389169495	True	464.0	False	False	False	Mars_2020_IBS	0	1
IBS	s__GGB9365_SGB14341	2	3	1	0	1	up	1.0	3.7517005858211663	0.8854352475793534	0.3759219289112382		0.0	0.0	0.4572511923776118	1.9124958912935477	True	465.0	False	False	False	Goll_2020_FMT_IBS;Mars_2020_IBS	1	1
IBS	s__Gramella_sp_MAR_2010_102	1	3	1	0	1	up	1.0	0.5505	3.3200541166994473	0.0008999999999999995		0.0	0.0	0.004986131386861312	1.9010716097141875	True	466.0	False	False	False	PRJEB34103_IBS	1	1
IBS	s__Hungatella_hathewayi	2	3	0	0	1	up	1.0	2.445997893629511	1.737337567066975	0.08232760426044342		0.0	0.0	0.16707660864619397	1.9007466801222868	False	467.0	False	False	False	Goll_2020_FMT_IBS;Mars_2020_IBS	1	0
IBS	s__GGB3033_SGB4029	2	3	0	0	1	up	1.0	3.7082512157112264	1.1776476322802147	0.23893711212755775		0.0	0.0	0.30993593223265287	1.8864914884079773	False	468.0	False	False	False	Goll_2020_FMT_IBS;Mars_2020_IBS	1	0
IBS	s__GGB9509_SGB14906	2	3	0	0	1	up	1.0	3.128439160727071	1.3993580798264538	0.16170563101735913		0.0	0.0	0.25091097155628217	1.8785662356907091	False	469.0	False	False	False	Goll_2020_FMT_IBS;Mars_2020_IBS	1	0
IBS	s__GGB3304_SGB4367	2	3	0	0	1	up	0.5	4.397120302686615	-1.837091577726633	0.0661963773061466		0.0	0.0	0.14218751296417934	1.8624850412517933	False	470.0	False	False	False	Goll_2020_FMT_IBS;Mars_2020_IBS	1	0
IBS	s__Actinomyces_radicidentis	1	3	1	0	1	up	1.0	0.552	3.2388801183529776	0.0012		0.0	0.0	0.006281379310344827	1.8232104436816683	True	471.0	False	False	False	PRJEB34103_IBS	1	1
IBS	s__GGB3256_SGB4303	2	3	0	0	1	up	0.5	3.6769351523029967	-2.0136443581713013	0.04404688573052757		0.0	0.0	0.10647001996646631	1.788411002629357	False	472.0	False	False	False	Goll_2020_FMT_IBS;Mars_2020_IBS	1	0
IBS	s__Neglectibacter_timonensis	1	3	0	0	1	up	1.0	2.105501245284364	1.836232295149657	0.06632330822777227		0.0	0.0	0.14218751296417934	1.7836512552468302	False	473.0	False	False	False	Mars_2020_IBS	0	0
IBS	s__GGB4599_SGB6362	2	3	0	0	1	up	1.0	6.8338294090370635	0.7276624916814688	0.46682021626921044		0.0	0.0	0.5496955039358358	1.7759606562494232	False	474.0	False	False	False	Goll_2020_FMT_IBS;Mars_2020_IBS	1	0
IBS	s__Blautia_massiliensis	2	3	2	1	1	up	1.0	1.1486635604502025	1.8549965996226887	0.06359671215571826		0.0	0.0	0.1379140129319719	1.7715100870043667	True	475.0	False	False	False	Goll_2020_FMT_IBS;Mars_2020_IBS	1	2
IBS	s__GGB3475_SGB4638	2	3	0	0	1	up	1.0	4.6015725819059075	0.9582936622601308	0.33791469875050384		0.0	0.0	0.41501174166930815	1.7575228644239804	False	476.0	False	False	False	Goll_2020_FMT_IBS;Mars_2020_IBS	1	0
IBS	s__GGB13489_SGB15224	2	3	1	0	1	up	0.5	1.2053688924107626	-2.9988137733323024	0.0027103291451568826		0.0	0.0	0.011428554562078188	1.7556276513702094	False	477.0	False	False	False	Goll_2020_FMT_IBS;Mars_2020_IBS	1	1
IBS	s__Kyrpidia_tusciae	1	3	1	0	1	up	1.0	0.5522	3.138180768053932	0.0016999999999999995		0.0	0.0	0.007772891566265058	1.7472304247717272	True	478.0	False	False	False	PRJEB34103_IBS	1	1
IBS	s__GGB2848_SGB3813	2	3	1	0	1	up	1.0	4.1844295720776605	0.7604635285816674	0.44697756187835624		0.0	0.0	0.5292604827857603	1.7344284707587694	True	479.0	False	False	False	Goll_2020_FMT_IBS;Mars_2020_IBS	1	1
IBS	s__GGB3497_SGB4672	1	3	0	0	1	up	1.0	1.918368590905564	1.915871312405532	0.055381477828867334		0.0	0.0	0.12815409046375092	1.7116979990700034	False	480.0	False	False	False	Mars_2020_IBS	0	0
IBS	s__Bacteroides_thetaiotaomicron	2	3	1	1	1	up	1.0	0.8376793285394338	2.4511058728012953	0.014241805681933995		0.0	0.0	0.044852823703684236	1.6940517361777108	True	481.0	False	False	False	Goll_2020_FMT_IBS;Mars_2020_IBS	1	1
IBS	s__Lachnospiraceae_bacterium	2	3	1	0	1	up	1.0	1.6560568020144006	1.504077469123463	0.13256142087305522		0.0	0.0	0.21184099096238995	1.674248587641609	True	482.0	False	False	False	Goll_2020_FMT_IBS;Mars_2020_IBS	1	1
IBS	s__GGB45497_SGB63169	1	3	0	0	1	up	1.0	2.453840378096258	1.5427294843083883	0.12289642495708018		0.0	0.0	0.21179032555021707	1.6541187864660207	False	483.0	False	False	False	Mars_2020_IBS	0	0
IBS	s__Mediterraneibacter_glycyrrhizinilyticus	2	3	0	0	1	up	1.0	2.225082256376032	1.6613740090677702	0.09663835444529709		0.0	0.0	0.1806613572019224	1.6535359051435499	False	484.0	False	False	False	Goll_2020_FMT_IBS;Mars_2020_IBS	1	0
IBS	s__Oscillibacter_valericigenes	3	3	1	0	1	down	0.6666666666666666	-0.681728676988041	-3.446422730454787	0.0005680609901627675		0.0	0.0	0.003757646686171809	1.6532493457507833	True	485.0	False	False	False	Goll_2020_FMT_IBS;Mars_2020_IBS;PRJEB34103_IBS	2	1
IBS	s__Mucilaginibacter_mallensis	1	3	1	0	1	up	1.0	0.539	3.075712822161009	0.002099999999999997		0.0	0.0	0.009107999999999986	1.649806486759	True	486.0	False	False	False	PRJEB34103_IBS	1	1
IBS	s__Lawsonibacter_asaccharolyticus	2	3	1	1	1	down	0.5	-0.8121427503230645	-3.6679226757546837	0.000244529105449452		0.0	0.0	0.001995673021893915	1.6445346234920328	False	487.0	False	False	False	Goll_2020_FMT_IBS;Mars_2020_IBS	1	1
IBS	s__Desulfomicrobium_orale	1	3	1	0	1	down	1.0	-0.507	-3.1746835274550755	0.0014999999999999996		0.0	0.0	0.007071428571428569	1.6354498056418632	True	488.0	False	False	False	PRJEB34103_IBS	1	1
IBS	s__Oscillospiraceae_bacterium_CLA_AA_H250	2	3	2	1	1	up	1.0	1.0212569088841366	1.885749206239461	0.059328758622605865		0.0	0.0	0.13014603408831749	1.6211084317872748	True	489.0	False	False	False	Goll_2020_FMT_IBS;Mars_2020_IBS	1	2
IBS	s__GGB3612_SGB4882	2	3	0	0	1	up	1.0	2.3879086198824027	1.5248478870318622	0.12729704257630364		0.0	0.0	0.21179032555021707	1.6096745916195394	False	490.0	False	False	False	Goll_2020_FMT_IBS;Mars_2020_IBS	1	0
IBS	s__GGB4197_SGB5684	1	3	0	0	1	down	1.0	-2.1903907228864177	-1.6447150951244836	0.10002857839316448		0.0	0.0	0.18517485609856546	1.6042815578039766	False	491.0	False	False	False	Mars_2020_IBS	0	0
IBS	s__Eisenbergiella_tayi	2	3	0	0	1	up	1.0	1.4408039346002295	2.1940265794279017	0.028233498796333772		0.0	0.0	0.0770835452748825	1.6036699896819786	False	492.0	False	False	False	Goll_2020_FMT_IBS;Mars_2020_IBS	1	0
IBS	s__GGB9602_SGB15031	2	3	1	0	1	up	0.5	3.5681651171566786	-1.394356475645666	0.16320998447370583		0.0	0.0	0.2522940493188243	1.600570915181713	False	493.0	False	False	False	Goll_2020_FMT_IBS;Mars_2020_IBS	1	1
IBS	s__Wansuia_hejianensis	2	3	1	0	1	up	1.0	1.245056712908296	1.8498329794233566	0.0643376259443116		0.0	0.0	0.13912324242658833	1.5997739477925437	True	494.0	False	False	False	Goll_2020_FMT_IBS;Mars_2020_IBS	1	1
IBS	s__Blautia_sp_OF03_15BH	2	3	0	0	1	up	1.0	4.544339389124056	0.9050773716660215	0.36542439909199864		0.0	0.0	0.4451960175133659	1.597102303757654	False	495.0	False	False	False	Goll_2020_FMT_IBS;Mars_2020_IBS	1	0
IBS	s__GGB9524_SGB14924	2	3	0	0	1	up	1.0	3.0045007396900165	1.2117782406035962	0.2255972797793212		0.0	0.0	0.2942067617740632	1.596433506329963	False	496.0	False	False	False	Goll_2020_FMT_IBS;Mars_2020_IBS	1	0
IBS	s__GGB9646_SGB15123	1	3	0	0	1	up	1.0	1.942185796650336	1.7910669741965868	0.07328254811948373		0.0	0.0	0.15197118585433922	1.589171673958727	False	497.0	False	False	False	Goll_2020_FMT_IBS	1	0
IBS	s__Coprococcus_comes	2	3	1	0	1	up	1.0	1.1523981732914101	1.9494832300426717	0.05123774359231737		0.0	0.0	0.12077468132474808	1.5868939434124256	True	498.0	False	False	False	Goll_2020_FMT_IBS;Mars_2020_IBS	1	1
IBS	s__Bilophila_wadsworthia	2	3	1	0	1	down	1.0	-0.6835308166311468	-2.649748207111646	0.008055177923713155		0.0	0.0	0.029049946142643085	1.5757312898394686	True	499.0	False	False	False	Goll_2020_FMT_IBS;Mars_2020_IBS	1	1
IBS	s__GGB9547_SGB14954	2	3	1	0	1	up	1.0	4.047879775795245	0.7202138422320716	0.47139334249347065		0.0	0.0	0.5535700859186433	1.5594095756909212	True	500.0	False	False	False	Goll_2020_FMT_IBS;Mars_2020_IBS	1	1
IBS	s__Jutongia_hominis	2	3	0	0	1	down	0.5	-2.507375068093797	-2.314244134212872	0.02065433430691851		0.0	0.0	0.060998598206035606	1.5228293560050041	False	501.0	False	False	False	Goll_2020_FMT_IBS;Mars_2020_IBS	1	0
IBS	s__GGB4567_SGB6308	2	3	0	0	1	up	1.0	3.5404741725191444	1.0415866861875884	0.29760334395645727		0.0	0.0	0.37212675133929335	1.5199578103927105	False	502.0	False	False	False	Goll_2020_FMT_IBS;Mars_2020_IBS	1	0
IBS	s__GGB9343_SGB14307	1	3	0	0	1	up	1.0	1.9806834500673032	1.6896038716797144	0.09110376474605905		0.0	0.0	0.17247715190870375	1.511793143058254	False	503.0	False	False	False	Mars_2020_IBS	0	0
IBS	s__GGB9364_SGB14339	1	3	0	0	1	down	1.0	-2.040761730663497	-1.636436327867145	0.10174830137463771		0.0	0.0	0.187900147794039	1.4817417437120146	False	504.0	False	False	False	Mars_2020_IBS	0	0
IBS	s__Phascolarctobacterium_succinatutens	2	3	1	1	1	up	0.5	2.1386834804078485	-1.9278471110561455	0.053874145886060563		0.0	0.0	0.12620517508493817	1.441883565177944	False	505.0	False	False	False	Goll_2020_FMT_IBS;Mars_2020_IBS	1	1
IBS	s__GGB9469_SGB14862	1	3	0	0	1	up	1.0	0.6963507399512717	3.045008911152511	0.002326734158811598		0.0	0.0	0.009977351562361599	1.3933871936720033	False	506.0	False	False	False	Mars_2020_IBS	0	0
IBS	s__Adlercreutzia_equolifaciens	2	3	1	0	1	up	0.5	3.1713866206864822	1.3006952275302865	0.19336279651031185		0.0	0.0	0.26548224927485525	1.3699546093040003	False	507.0	False	False	False	Goll_2020_FMT_IBS;Mars_2020_IBS	1	1
IBS	s__Anaerotignum_sp_MSJ_24	1	3	1	0	1	down	1.0	-0.6337585620212536	-2.5220842428131824	0.011666176574426819		0.0	0.0	0.03736129966240488	1.3571096941311491	True	508.0	False	False	False	Goll_2020_FMT_IBS	1	1
IBS	s__Alistipes_senegalensis	2	3	0	0	1	down	0.5	-1.7361804388815394	-2.6264853852930856	0.008627169714670264		0.0	0.0	0.03045591541132433	1.316309803504736	False	509.0	False	False	False	Goll_2020_FMT_IBS;Mars_2020_IBS	1	0
IBS	s__GGB9211_SGB14151	1	3	0	0	1	up	1.0	2.664691869463101	1.1492162024646257	0.2504668414564649		0.0	0.0	0.3217457515751467	1.3123265815278926	False	510.0	False	False	False	Mars_2020_IBS	0	0
IBS	s__Dielma_fastidiosa	1	3	0	0	1	up	1.0	2.26333611218647	1.2992002811041945	0.19387520507227374		0.0	0.0	0.26548224927485525	1.3036012781996187	False	511.0	False	False	False	Goll_2020_FMT_IBS	1	0
IBS	s__GGB3490_SGB4664	1	3	0	0	1	up	1.0	1.4608721515841778	1.879911861721781	0.06012009103081806		0.0	0.0	0.13142296673691328	1.2875086028516773	False	512.0	False	False	False	Mars_2020_IBS	0	0
IBS	s__Rikenellaceae_bacterium	1	3	0	0	1	up	1.0	1.8419872394161478	1.5702509490497945	0.1163567407214929		0.0	0.0	0.20908405346226738	1.2519602087070223	False	513.0	False	False	False	Mars_2020_IBS	0	0
IBS	s__Holdemania_filiformis	2	3	0	0	1	up	1.0	1.6805461537753705	1.645453774667219	0.0998762678509245		0.0	0.0	0.18517485609856546	1.2308622262549809	False	514.0	False	False	False	Goll_2020_FMT_IBS;Mars_2020_IBS	1	0
IBS	s__GGB3819_SGB5184	2	3	0	0	1	up	1.0	1.2013947925403092	2.063998874490113	0.039017823102819114		0.0	0.0	0.09615106407480424	1.2218736542732687	False	515.0	False	False	False	Goll_2020_FMT_IBS;Mars_2020_IBS	1	0
IBS	s__Barnesiella_intestinihominis	2	3	1	1	1	down	0.5	-0.6707537931452733	-3.445814798578803	0.0005693404069957286		0.0	0.0	0.003757646686171809	1.2199757474373478	False	516.0	False	False	False	Goll_2020_FMT_IBS;Mars_2020_IBS	1	1
IBS	s__GGB52130_SGB14966	1	3	0	0	1	up	1.0	1.787964869843263	1.5595949569451735	0.11885562901721895		0.0	0.0	0.21084204645675733	1.2087407360112186	False	517.0	False	False	False	Goll_2020_FMT_IBS	1	0
IBS	s__GGB2652_SGB3573	1	3	0	0	1	up	1.0	3.947515936483704	0.8131007350539837	0.41616030506557034		0.0	0.0	0.5005795111644499	1.1863348460620564	False	518.0	False	False	False	Goll_2020_FMT_IBS	1	0
IBS	s__Paenibacillus_sp_FSL_H7_0357	1	3	0	0	1	up	1.0	0.44839999999999997	3.615300006924662	0.00029999999999999987		0.0	0.0	0.002276999999999999	1.1849584170721699	False	519.0	False	False	False	PRJEB34103_IBS	1	0
IBS	s__Vescimonas_SGB15087	2	3	0	0	1	up	1.0	3.5960672872590758	0.8597327364163462	0.389936384875201		0.0	0.0	0.47202825537524334	1.1724330239586949	False	520.0	False	False	False	Goll_2020_FMT_IBS;Mars_2020_IBS	1	0
IBS	s__Dialister_hominis	1	3	0	0	1	down	1.0	-3.1711158830457538	-0.9159587462780439	0.35968853268625867		0.0	0.0	0.4403283811433392	1.129625432424767	False	521.0	False	False	False	Mars_2020_IBS	0	0
IBS	s__Akkermansia_sp_KLE1798	1	3	0	0	1	down	1.0	-1.5401616803551512	-1.6459222507266213	0.099779767258711		0.0	0.0	0.18517485609856546	1.128042113223595	False	522.0	False	False	False	Mars_2020_IBS	0	0
IBS	s__Candidatus_Methanomassiliicoccus_intestinalis	1	3	0	0	1	up	1.0	2.719456347008048	1.0017308381378978	0.31647360844210337		0.0	0.0	0.39377617837304335	1.1007014798884294	False	523.0	False	False	False	Mars_2020_IBS	0	0
IBS	s__Spirochaeta_thermophila	1	3	0	0	1	down	1.0	-0.4545	-3.3895791411329905	0.0006999999999999978		0.0	0.0	0.00431652109843392	1.0748316569888963	False	524.0	False	False	False	PRJEB34103_IBS	1	0
IBS	s__Butyricimonas_faecihominis	2	3	0	0	1	up	1.0	5.447211230817112	0.5871658139666057	0.5570923496380549		0.0	0.0	0.634884524587513	1.0747634216048898	False	525.0	False	False	False	Goll_2020_FMT_IBS;Mars_2020_IBS	1	0
IBS	s__Paenibacillus_sp_FSL_R5_0345	1	3	0	0	1	up	1.0	0.4997	3.1746835274550755	0.0014999999999999996		0.0	0.0	0.007071428571428569	1.0746012726880199	False	526.0	False	False	False	PRJEB34103_IBS	1	0
IBS	s__Clostridium_sp_AF27_2AA	2	3	1	0	1	up	0.5	1.7003545105407551	1.8055236793497673	0.07099277350713777		0.0	0.0	0.1480316348679054	1.0580185557419985	False	527.0	False	False	False	Goll_2020_FMT_IBS;Mars_2020_IBS	1	1
IBS	s__GGB2998_SGB3988	2	3	1	0	1	up	0.5	1.338477318171353	-2.107979072840516	0.03503279964913384		0.0	0.0	0.09202593856321166	1.0400869669858757	False	528.0	False	False	False	Goll_2020_FMT_IBS;Mars_2020_IBS	1	1
IBS	s__Eubacterium_sp_AF16_48	2	3	0	0	1	up	1.0	1.0029089745590716	2.0967836986377586	0.03601272727369192		0.0	0.0	0.09425400000252471	1.0286839457214476	False	529.0	False	False	False	Goll_2020_FMT_IBS;Mars_2020_IBS	1	0
IBS	s__Brotolimicola_acetigignens	2	3	1	1	1	down	0.5	-0.6358537105760855	-3.1821278974338765	0.0014619724252827716		0.0	0.0	0.0070425839798869865	1.0263956790272732	False	530.0	False	False	False	Goll_2020_FMT_IBS;Mars_2020_IBS	1	1
IBS	s__Blautia_argi	1	3	0	0	1	up	1.0	1.202507514563362	1.812771267444839	0.06986710727255618		0.0	0.0	0.14680759818293176	1.0019911499472476	False	531.0	False	False	False	Mars_2020_IBS	0	0
IBS	s__Anaerostipes_hadrus	2	3	2	1	1	up	1.0	0.9876158027967317	1.2572850342069197	0.20865044122347276		0.0	0.0	0.27637990381957384	0.9886915104339228	True	532.0	False	False	False	Goll_2020_FMT_IBS;Mars_2020_IBS	1	2
IBS	s__Faecalibacillus_intestinalis	2	3	1	0	1	up	1.0	1.4583490203686835	1.076652836334018	0.2816353900977512		0.0	0.0	0.3550851513026464	0.9836582116580684	True	533.0	False	False	False	Goll_2020_FMT_IBS;Mars_2020_IBS	1	1
IBS	s__Hydrogenoanaerobacterium_saccharovorans	2	3	1	0	1	down	1.0	-0.4382135641271711	-2.573327213765766	0.010072592752244381		0.0	0.0	0.033956756323564784	0.9656521000321208	True	534.0	False	False	False	Goll_2020_FMT_IBS;Mars_2020_IBS	1	1
IBS	s__Oscillibacter_sp_PC13	1	3	0	0	1	up	1.0	3.212562280538267	0.8135842992761475	0.4158831354213718		0.0	0.0	0.5005795111644499	0.9654614800471158	False	535.0	False	False	False	Goll_2020_FMT_IBS	1	0
IBS	s__Lawsonibacter_hominis	2	3	1	0	1	up	0.5	2.718061080770251	-1.1084385517085484	0.26767246320334637		0.0	0.0	0.34013871868520623	0.9547405536084932	False	536.0	False	False	False	Goll_2020_FMT_IBS;Mars_2020_IBS	1	1
IBS	s__Ruminococcus_bovis	1	3	0	0	1	up	1.0	1.898441552611204	1.161764256459653	0.24533123671831836		0.0	0.0	0.31719781799406593	0.9466954861702988	False	537.0	False	False	False	Mars_2020_IBS	0	0
IBS	s__Lachnoanaerobaculum_umeaense	1	3	0	0	1	up	1.0	0.404	3.3527947805048286	0.0007999999999999998		0.0	0.0	0.004651036553340913	0.942309899899451	False	538.0	False	False	False	PRJEB34103_IBS	1	0
IBS	s__GGB3730_SGB5060	2	3	0	0	1	up	1.0	3.9401334957363754	0.6651459002418185	0.5059571790195413		0.0	0.0	0.5853986263351095	0.916271350119395	False	539.0	False	False	False	Goll_2020_FMT_IBS;Mars_2020_IBS	1	0
IBS	s__Ruminococcus_gnavus	2	3	1	1	1	up	0.5	0.860073823518509	-2.499205592369583	0.012447207552808278		0.0	0.0	0.03952899804427399	0.9050669904186148	False	540.0	False	False	False	Goll_2020_FMT_IBS;Mars_2020_IBS	1	1
IBS	s__Clostridium_sp_AF36_4	2	3	0	0	1	down	1.0	-0.49095698480289385	-2.9156005945676333	0.003550046429865483		0.0	0.0	0.014643941523195116	0.9005830243054781	False	541.0	False	False	False	Goll_2020_FMT_IBS;Mars_2020_IBS	1	0
IBS	s__Clostridium_sp_Marseille_P3244	2	3	0	0	1	up	1.0	1.907596280973071	1.1056280960332205	0.26888752381749226		0.0	0.0	0.34071056857675563	0.8920194803474097	False	542.0	False	False	False	Goll_2020_FMT_IBS;Mars_2020_IBS	1	0
IBS	s__GGB9707_SGB15229	2	3	1	0	1	down	0.5	-0.7477604350432817	-2.6945314180672533	0.007048768093685873		0.0	0.0	0.025916396466448235	0.8896996019724287	False	543.0	False	False	False	Goll_2020_FMT_IBS;Mars_2020_IBS	1	1
IBS	s__Sphaerochaeta_globosa	1	3	0	0	1	up	1.0	0.40869999999999995	3.215979760788107	0.0013000000000000008		0.0	0.0	0.006666891891891896	0.8893625011856319	False	544.0	False	False	False	PRJEB34103_IBS	1	0
IBS	s__Oscillibacter_sp_MSJ_31	2	3	0	0	1	down	0.5	-0.5153579261616129	-4.194320565575288	2.736907013484655e-05		0.0	0.0	0.00037398256748830984	0.8831041081801503	False	545.0	False	False	False	Goll_2020_FMT_IBS;Mars_2020_IBS	1	0
IBS	s__GGB9239_SGB14181	2	3	0	0	1	up	1.0	3.767220232697632	0.652530158380197	0.5140592240943328		0.0	0.0	0.5906394670480946	0.8614786421249729	False	546.0	False	False	False	Goll_2020_FMT_IBS;Mars_2020_IBS	1	0
IBS	s__Oscillospiraceae_bacterium_Marseille_Q3528	1	3	0	0	1	up	1.0	1.023929456795162	1.811788341779769	0.07001890717025204		0.0	0.0	0.14680759818293176	0.8531907214331051	False	547.0	False	False	False	Goll_2020_FMT_IBS	1	0
IBS	s__Hungateiclostridium_thermocellum	1	3	0	0	1	up	1.0	0.3495	3.431614403623269	0.0005999999999999997		0.0	0.0	0.0038481481169626228	0.8439545029324108	False	548.0	False	False	False	PRJEB34103_IBS	1	0
IBS	s__GGB36267_SGB14177	2	3	0	0	1	up	1.0	4.246825493830463	0.5835416775422729	0.5595287088919094		0.0	0.0	0.6367050825321728	0.8326397551866164	False	549.0	False	False	False	Goll_2020_FMT_IBS;Mars_2020_IBS	1	0
IBS	s__Clostridia_bacterium_UC5_1_1D1	2	3	0	0	1	up	1.0	2.939221892083115	0.7691272448862877	0.44181777579259207		0.0	0.0	0.5247882501198394	0.823028855388559	False	550.0	False	False	False	Goll_2020_FMT_IBS;Mars_2020_IBS	1	0
IBS	s__Faecalibacterium_sp_CLA_AA_H233	2	3	1	1	1	down	0.5	-0.2481739252033095	-4.75805895522282	1.9546341679280447e-06		0.0	0.0	4.495658586234503e-05	0.8091475086764613	False	551.0	False	False	False	Goll_2020_FMT_IBS;Mars_2020_IBS	1	1
IBS	s__GGB9760_SGB15373	2	3	1	1	1	down	0.5	-0.44786919346920206	-3.349739504061958	0.0008088759223201589		0.0	0.0	0.004651036553340913	0.7834744582908633	False	552.0	False	False	False	Goll_2020_FMT_IBS;Mars_2020_IBS	1	1
IBS	s__Alistipes_sp_AF17_16	2	3	1	0	1	down	1.0	-0.5010950464352878	-2.107893766949083	0.035040179505623416		0.0	0.0	0.09202593856321166	0.7787691579720932	True	553.0	False	False	False	Goll_2020_FMT_IBS;Mars_2020_IBS	1	1
IBS	s__GGB9641_SGB15117	2	3	0	0	1	up	1.0	3.348982862851921	0.6599753359884649	0.5092696570486088		0.0	0.0	0.5865488159330714	0.7759453894630891	False	554.0	False	False	False	Goll_2020_FMT_IBS;Mars_2020_IBS	1	0
IBS	s__Clostridiaceae_bacterium_AF18_31LB	2	3	0	0	1	down	1.0	-0.3811088109831054	-3.0671404227282757	0.00216117304642767		0.0	0.0	0.009320058762719326	0.7738724436828338	False	555.0	False	False	False	Goll_2020_FMT_IBS;Mars_2020_IBS	1	0
IBS	s__Clostridium_aceticum	1	3	0	0	1	up	1.0	0.3664	3.105434027262786	0.0018999999999999946		0.0	0.0	0.008384302325581372	0.7608417168697058	False	556.0	False	False	False	PRJEB34103_IBS	1	0
IBS	s__GGB38744_SGB14842	1	3	0	0	1	down	1.0	-0.3172413151057169	-3.41727455859784	0.0006325145556924009		0.0	0.0	0.004000654564754435	0.7607030978868747	False	557.0	False	False	False	Mars_2020_IBS	0	0
IBS	s__Clostridium_SGB48024	1	3	0	0	1	up	1.0	1.931091101870089	0.9824137145374428	0.3258960725472545		0.0	0.0	0.40417503114929115	0.7597501754911256	False	558.0	False	False	False	Mars_2020_IBS	0	0
IBS	s__Faecalicatena_fissicatena	2	3	2	1	1	down	0.5	-0.18579343928428732	-4.801983800770307	1.5710140507268373e-06		0.0	0.0	3.726248951567717e-05	0.7374524471241574	False	559.0	False	False	False	Goll_2020_FMT_IBS;Mars_2020_IBS	1	2
IBS	s__Sellimonas_intestinalis	1	3	0	0	1	up	1.0	1.911503105301931	0.9650948908265669	0.3344972857605286		0.0	0.0	0.4120352209491949	0.7360542023494878	False	560.0	False	False	False	Mars_2020_IBS	0	0
IBS	s__Lachnospiraceae_bacterium_CLA_AA_H244	2	3	2	1	1	up	0.5	0.9913357895746066	-1.7883183592174245	0.07372465949893667		0.0	0.0	0.15205711021655688	0.7267669018056028	False	561.0	False	False	False	Goll_2020_FMT_IBS;Mars_2020_IBS	1	2
IBS	s__Alistipes_putredinis	2	3	1	1	1	down	0.5	-0.38978241889683646	-3.497194262580399	0.0004701793121346245		0.0	0.0	0.003274000898258532	0.7264339487649644	False	562.0	False	False	False	Goll_2020_FMT_IBS;Mars_2020_IBS	1	1
IBS	s__Emergencia_timonensis	1	3	0	0	1	up	1.0	2.3983258981145013	0.8138749112754281	0.41571661470029364		0.0	0.0	0.5005795111644499	0.7207615196306771	False	563.0	False	False	False	Mars_2020_IBS	0	0
IBS	s__Blautia_hansenii	2	3	0	0	1	up	1.0	3.772794353019617	0.5596441897608305	0.5757221570407381		0.0	0.0	0.6521986823789855	0.7003064006614704	False	564.0	False	False	False	Goll_2020_FMT_IBS;Mars_2020_IBS	1	0
IBS	s__Veillonella_atypica	1	3	0	0	1	up	1.0	0.946222445392602	1.6510659175700835	0.09872511575218057		0.0	0.0	0.18410899964595837	0.6954025133868585	False	565.0	False	False	False	Goll_2020_FMT_IBS	1	0
IBS	s__Blautia_luti	2	3	0	0	1	up	0.5	2.3812232039753884	-1.3661551984532052	0.17189025607201402		0.0	0.0	0.2614523133440053	0.693659262188222	False	566.0	False	False	False	Goll_2020_FMT_IBS;Mars_2020_IBS	1	0
IBS	s__Catenibacterium_tridentinum	1	3	0	0	1	down	1.0	-1.0060216643312203	-1.569527379521373	0.11652510489399091		0.0	0.0	0.20908405346226738	0.6837718882564693	False	567.0	False	False	False	Mars_2020_IBS	0	0
IBS	s__Odoribacter_splanchnicus	2	3	1	0	1	down	1.0	-0.5041605248664297	-1.9280759582098494	0.053845678896828286		0.0	0.0	0.12620517508493817	0.6798021134738115	True	568.0	False	False	False	Goll_2020_FMT_IBS;Mars_2020_IBS	1	1
IBS	s__GGB9359_SGB14334	1	3	0	0	1	up	1.0	2.6511103351934397	0.7071928248425644	0.47944665687757204		0.0	0.0	0.5606582618612306	0.6662287295086916	False	569.0	False	False	False	Mars_2020_IBS	0	0
IBS	s__GGB3722_SGB5050	2	3	0	0	1	up	0.5	3.1090501873340366	-1.017085782481469	0.30911262315878063		0.0	0.0	0.385248737237298	0.6439756627679555	False	570.0	False	False	False	Goll_2020_FMT_IBS;Mars_2020_IBS	1	0
IBS	s__Christensenella_hongkongensis	1	3	0	0	1	down	1.0	-1.239569375177408	-1.1789960658282763	0.23839974240727213		0.0	0.0	0.309838021382054	0.6307738288396375	False	571.0	False	False	False	Goll_2020_FMT_IBS	1	0
IBS	s__Romboutsia_timonensis	2	3	0	0	1	up	1.0	1.0543562594642826	1.3896567565839666	0.16463313206690888		0.0	0.0	0.2534615562652816	0.628489011582901	False	572.0	False	False	False	Goll_2020_FMT_IBS;Mars_2020_IBS	1	0
IBS	s__Slackia_isoflavoniconvertens	2	3	1	0	1	down	0.5	-1.3402897216394813	-1.3771079161238076	0.16847888561922797		0.0	0.0	0.25726415656285595	0.5926969408367473	False	573.0	False	False	False	Goll_2020_FMT_IBS;Mars_2020_IBS	1	1
IBS	s__Tyzzerella_SGB4587	1	3	0	0	1	up	1.0	1.1637654017707064	1.1767588438016228	0.2392917737659217		0.0	0.0	0.30993593223265287	0.5920401281451622	False	574.0	False	False	False	Mars_2020_IBS	0	0
IBS	s__GGB3480_SGB4648	2	3	0	0	1	down	1.0	-0.8677264700757972	-1.5722535905037713	0.11589175143742508		0.0	0.0	0.20893548537055973	0.5900434078901013	False	575.0	False	False	False	Goll_2020_FMT_IBS;Mars_2020_IBS	1	0
IBS	s__Lachnotalea_sp_AF33_28	2	3	0	0	1	up	0.5	2.032216536960947	1.2976810699602355	0.1943969511948036		0.0	0.0	0.26548224927485525	0.5852423024792069	False	576.0	False	False	False	Goll_2020_FMT_IBS;Mars_2020_IBS	1	0
IBS	s__GGB2977_SGB3959	1	3	0	0	1	up	1.0	3.639783205436054	0.49464827193440775	0.6208484214585472		0.0	0.0	0.6909442109780606	0.58439273588746	False	577.0	False	False	False	Goll_2020_FMT_IBS	1	0
IBS	s__Collinsella_tanakaei	1	3	0	0	1	up	1.0	0.7560548724521516	1.6806431088466671	0.09283225713025		0.0	0.0	0.1748379234785602	0.5726090147480422	False	578.0	False	False	False	Mars_2020_IBS	0	0
IBS	s__Gemmiger_SGB15295	2	3	1	0	1	up	0.5	2.223397514849796	0.8748691516177832	0.3816451056934905		0.0	0.0	0.4627294492353982	0.5580831040023086	False	579.0	False	False	False	Goll_2020_FMT_IBS;Mars_2020_IBS	1	1
IBS	s__Enterocloster_bolteae	2	3	1	0	1	up	0.5	0.8283030470695493	1.9212054750853154	0.05470580819833465		0.0	0.0	0.12736720375011043	0.5559626287637798	False	580.0	False	False	False	Goll_2020_FMT_IBS;Mars_2020_IBS	1	1
IBS	s__Clostridium_sp_AM49_4BH	2	3	0	0	1	down	1.0	-0.6172526665211967	-1.9074935482375488	0.05645670571512501		0.0	0.0	0.12867325695455606	0.5496707251694195	False	581.0	False	False	False	Goll_2020_FMT_IBS;Mars_2020_IBS	1	0
IBS	s__Blautia_obeum	2	3	1	0	1	up	1.0	0.6157203621711893	1.3760769011828038	0.168797826045194		0.0	0.0	0.25726415656285595	0.5445622228951487	True	582.0	False	False	False	Goll_2020_FMT_IBS;Mars_2020_IBS	1	1
IBS	s__GGB3281_SGB4335	1	3	0	0	1	down	1.0	-0.9792136260936025	-1.2468082097466204	0.21246782951317522		0.0	0.0	0.2804575349573913	0.5406560468106308	False	583.0	False	False	False	Mars_2020_IBS	0	0
IBS	s__Turicibacter_sanguinis	2	3	0	0	1	up	1.0	1.1500749139015731	1.108548996714833	0.2676247910643019		0.0	0.0	0.34013871868520623	0.5386306033900055	False	584.0	False	False	False	Goll_2020_FMT_IBS;Mars_2020_IBS	1	0
IBS	s__Roseburia_sp_AM59_24XD	2	3	0	0	1	up	0.5	3.0543232648773007	-0.9091400411548626	0.3632762089568671		0.0	0.0	0.44400425539172644	0.5384968424011473	False	585.0	False	False	False	Goll_2020_FMT_IBS;Mars_2020_IBS	1	0
IBS	s__Bacteroides_eggerthii	2	3	2	1	1	down	0.5	-0.9549670277775862	1.4297263438596997	0.15279557624514942		0.0	0.0	0.23862519006186914	0.5326003370985953	False	586.0	False	False	False	Goll_2020_FMT_IBS;Mars_2020_IBS	1	2
IBS	s__Alistipes_SGB2313	2	3	0	0	1	up	0.5	2.4848411561750816	-1.0392955814050948	0.29866728920127306		0.0	0.0	0.3728428824075103	0.5323450926917519	False	587.0	False	False	False	Goll_2020_FMT_IBS;Mars_2020_IBS	1	0
IBS	s__Veillonella_dispar	2	3	1	0	1	up	0.5	2.545640664045658	0.7630458797130999	0.44543603455818037		0.0	0.0	0.528259297233842	0.5291486752350638	False	588.0	False	False	False	Goll_2020_FMT_IBS;Mars_2020_IBS	1	1
IBS	s__Slackia_piriformis	1	3	0	0	1	down	1.0	-0.7722266818109111	-1.5785944198973092	0.11442911540270494		0.0	0.0	0.20777918323122738	0.5269659163808729	False	589.0	False	False	False	Mars_2020_IBS	0	0
IBS	s__Flavonifractor_plautii	2	3	1	0	1	down	1.0	-0.3473240055346801	-2.050636900626128	0.040302320037417086		0.0	0.0	0.09835839520385714	0.5247311504715253	True	590.0	False	False	False	Goll_2020_FMT_IBS;Mars_2020_IBS	1	1
IBS	s__GGB9627_SGB15081	2	3	1	0	1	up	1.0	0.9745175873373374	0.9070211839450255	0.36439559494095397		0.0	0.0	0.4446563610292348	0.5145094587153337	True	591.0	False	False	False	Goll_2020_FMT_IBS;Mars_2020_IBS	1	1
IBS	s__Lentihominibacter_faecis	2	3	1	1	1	up	0.5	0.27205327202241036	-3.523136626485762	0.0004264714522717458		0.0	0.0	0.0030536965308891988	0.5131960126643293	False	592.0	False	False	False	Goll_2020_FMT_IBS;Mars_2020_IBS	1	1
IBS	s__GGB9642_SGB15119	2	3	0	0	1	down	0.5	-0.47272476421425785	-3.172304615064621	0.0015123428526108414		0.0	0.0	0.0070856063279730154	0.5080900082967863	False	593.0	False	False	False	Goll_2020_FMT_IBS;Mars_2020_IBS	1	0
IBS	s__Dorea_formicigenerans	2	3	1	1	1	up	1.0	0.5828317266840395	1.3154708041615748	0.1883517232414148		0.0	0.0	0.26548224927485525	0.5035355861131652	True	594.0	False	False	False	Goll_2020_FMT_IBS;Mars_2020_IBS	1	1
IBS	s__GGB34797_SGB14322	1	3	0	0	1	up	1.0	3.6844240515769933	0.4239617549182728	0.6715937053955625		0.0	0.0	0.73449513313434	0.4937536373364718	False	595.0	False	False	False	Goll_2020_FMT_IBS	1	0
IBS	s__Faecalibacterium_prausnitzii	2	3	1	1	1	down	1.0	-0.21219890682734693	-2.6454795205461723	0.008157522476297184		0.0	0.0	0.029068354739481515	0.4890907506600333	True	596.0	False	False	False	Goll_2020_FMT_IBS;Mars_2020_IBS	1	1
IBS	s__Veillonella_ratti	1	3	0	0	1	down	1.0	-1.1141837926580471	-1.0535583025586237	0.2920851881625447		0.0	0.0	0.3664341451493743	0.48578866230141377	False	597.0	False	False	False	Mars_2020_IBS	0	0
IBS	s__Butyricimonas_paravirosa	2	3	0	0	1	up	0.5	0.6083159286401121	-2.6936181879619867	0.007068108127213155		0.0	0.0	0.025916396466448235	0.4825239156114389	False	598.0	False	False	False	Goll_2020_FMT_IBS;Mars_2020_IBS	1	0
IBS	s__bacterium_210917_DFI_7_65	2	3	1	0	1	up	0.5	2.9734198550169535	0.624414691809184	0.532355278954157		0.0	0.0	0.6103589980758386	0.4781585799222058	False	599.0	False	False	False	Goll_2020_FMT_IBS;Mars_2020_IBS	1	1
IBS	s__Roseburia_sp_BX1005	2	3	0	0	1	up	0.5	1.4077725724075416	-1.566437821262392	0.11724615448176844		0.0	0.0	0.20938783823920526	0.4779729597708264	False	600.0	False	False	False	Goll_2020_FMT_IBS;Mars_2020_IBS	1	0
IBS	s__Actinomyces_sp_ph3	1	3	0	0	1	up	1.0	3.339992930760621	0.44968024721309785	0.6529410161621312		0.0	0.0	0.7192775490087918	0.477964662437513	False	601.0	False	False	False	Goll_2020_FMT_IBS	1	0
IBS	s__Mediterraneibacter_sp_NSJ_151	2	3	0	0	1	up	0.5	1.509662649214979	-1.4399686743100928	0.14987626193055836		0.0	0.0	0.23503322893655743	0.47469132835724853	False	602.0	False	False	False	Goll_2020_FMT_IBS;Mars_2020_IBS	1	0
IBS	s__Collinsella_aerofaciens	2	3	1	1	1	up	1.0	0.5248291082778366	1.3984276488567142	0.16198468519443776		0.0	0.0	0.25091097155628217	0.4727243483085368	True	603.0	False	False	False	Goll_2020_FMT_IBS;Mars_2020_IBS	1	1
IBS	s__GGB9635_SGB15103	2	3	0	0	1	up	1.0	3.644661864535999	0.3978534821084069	0.6907381913766049		0.0	0.0	0.7489575532212044	0.4575610373634928	False	604.0	False	False	False	Goll_2020_FMT_IBS;Mars_2020_IBS	1	0
IBS	s__GGB9495_SGB14892	1	3	0	0	1	up	1.0	1.569308246081042	0.7890034879892794	0.4301099679145286		0.0	0.0	0.5149108290964152	0.45238130934428755	False	605.0	False	False	False	Mars_2020_IBS	0	0
IBS	s__GGB9290_SGB14247	1	3	0	0	1	down	1.0	-0.6343717618112499	-1.543766241712342	0.12264497224043094		0.0	0.0	0.21179032555021707	0.42762612359880803	False	606.0	False	False	False	Mars_2020_IBS	0	0
IBS	s__GGB1385_SGB1890	1	3	0	0	1	down	1.0	-0.7743026904832822	-1.2374368100386601	0.2159249601040606		0.0	0.0	0.2840330064453761	0.4232580005259749	False	607.0	False	False	False	Mars_2020_IBS	0	0
IBS	s__GGB9699_SGB15216	2	3	0	0	1	up	1.0	1.6463477999888183	0.7118539805064922	0.4765552017426732		0.0	0.0	0.5581873427819274	0.4168882156161908	False	608.0	False	False	False	Goll_2020_FMT_IBS;Mars_2020_IBS	1	0
IBS	s__Blautia_SGB4815	2	3	1	0	1	up	0.5	2.63305700836268	-0.6143137362376696	0.5390080272213862		0.0	0.0	0.6161251395497472	0.4153602743857372	False	609.0	False	False	False	Goll_2020_FMT_IBS;Mars_2020_IBS	1	1
IBS	s__GGB9790_SGB15413	2	3	0	0	1	up	0.5	0.3598436937265602	-3.3022921878222573	0.0009589811803443241		0.0	0.0	0.0052364511933909496	0.41039506478700466	False	610.0	False	False	False	Goll_2020_FMT_IBS;Mars_2020_IBS	1	0
IBS	s__Holdemania_massiliensis	1	3	0	0	1	up	1.0	1.5105618589148224	0.7471692544372784	0.4549614004422101		0.0	0.0	0.5378749266910241	0.40682255626508346	False	611.0	False	False	False	Goll_2020_FMT_IBS	1	0
IBS	s__GGB6613_SGB9347	2	3	0	0	1	up	1.0	0.9012277063649723	1.0727346429103568	0.2833901922481621		0.0	0.0	0.3567050678546518	0.4034712811237851	False	612.0	False	False	False	Goll_2020_FMT_IBS;Mars_2020_IBS	1	0
IBS	s__GGB4571_SGB6317	2	3	1	0	1	up	0.5	3.679682289563489	-0.45719621817192446	0.6475300163726503		0.0	0.0	0.7149249223777786	0.40220646693920203	False	613.0	False	False	False	Goll_2020_FMT_IBS;Mars_2020_IBS	1	1
IBS	s__GGB4456_SGB6141	1	3	0	0	1	down	1.0	-4.010026175291658	-0.32524029402159366	0.7449992147498519		0.0	0.0	0.7941775337010359	0.40133305471941083	False	614.0	False	False	False	Goll_2020_FMT_IBS	1	0
IBS	s__Ruminococcus_sp_AF41_9	2	3	1	0	1	up	0.5	0.7857670361650341	-1.5673189223556485	0.11704016458020304		0.0	0.0	0.20938783823920526	0.4001804730332086	False	615.0	False	False	False	Goll_2020_FMT_IBS;Mars_2020_IBS	1	1
IBS	s__Lancefieldella_parvula	1	3	0	0	1	up	1.0	1.6486991604893435	0.6752939125054827	0.49948905075171834		0.0	0.0	0.5805699686379084	0.38933277687351836	False	616.0	False	False	False	Goll_2020_FMT_IBS	1	0
IBS	s__Streptococcus_mitis	1	3	0	0	1	up	1.0	2.319139531685837	0.5082450174424565	0.6112815238336299		0.0	0.0	0.6843107324332228	0.38207046562867464	False	617.0	False	False	False	Goll_2020_FMT_IBS	1	0
IBS	s__Oliverpabstia_intestinalis	2	3	1	1	1	up	0.5	0.750289845356318	-1.5040244933439972	0.13257506022020452		0.0	0.0	0.21184099096238995	0.37926589002915534	False	618.0	False	False	False	Goll_2020_FMT_IBS;Mars_2020_IBS	1	1
IBS	s__Coprobacillus_cateniformis	1	3	0	0	1	up	1.0	1.600939760590191	0.666884569367883	0.504845868039787		0.0	0.0	0.585004601285799	0.3727639633490434	False	619.0	False	False	False	Mars_2020_IBS	0	0
IBS	s__Bacteroides_intestinalis	2	3	1	0	1	up	0.5	4.015313364088384	-0.3869374684091461	0.6988025017566799		0.0	0.0	0.754468134898037	0.3684825910907517	False	620.0	False	False	False	Goll_2020_FMT_IBS;Mars_2020_IBS	1	1
IBS	s__Bacteroidales_bacterium	1	3	0	0	1	down	1.0	-0.543866068412226	-1.4983732653206134	0.13403629840582162		0.0	0.0	0.21372594640760215	0.3644679033305779	False	621.0	False	False	False	Mars_2020_IBS	0	0
IBS	s__Clostridia_bacterium	1	3	0	0	1	up	1.0	0.7663342243429353	1.1077076802723012	0.2679880813883443		0.0	0.0	0.34013871868520623	0.35890798126875173	False	622.0	False	False	False	Mars_2020_IBS	0	0
IBS	s__GGB3486_SGB4658	2	3	0	0	1	up	1.0	2.7545650156606953	0.41295960069551	0.6796362128702662		0.0	0.0	0.7411550080007645	0.35834398663135086	False	623.0	False	False	False	Goll_2020_FMT_IBS;Mars_2020_IBS	1	0
IBS	s__Clostridiaceae_bacterium	2	3	0	0	1	up	1.0	0.4191292616871456	1.8350111258032658	0.06650404097797584		0.0	0.0	0.14218751296417934	0.35506055168254624	False	624.0	False	False	False	Goll_2020_FMT_IBS;Mars_2020_IBS	1	0
IBS	s__GGB9559_SGB14968	1	3	0	0	1	down	1.0	-1.548334710296139	-0.6520363584589918	0.5143777176795659		0.0	0.0	0.5906394670480946	0.35406936716989656	False	625.0	False	False	False	Goll_2020_FMT_IBS	1	0
IBS	s__GGB9502_SGB14899	2	3	1	0	1	up	0.5	2.8955792980250337	0.4990427727649923	0.6177492517092122		0.0	0.0	0.6895171794813119	0.3506291186253025	False	626.0	False	False	False	Goll_2020_FMT_IBS;Mars_2020_IBS	1	1
IBS	s__GGB9634_SGB15093	2	3	0	0	1	down	0.5	-1.7851168829762618	-0.9687630608979575	0.33266342085819656		0.0	0.0	0.41055534379084746	0.3450883445982935	False	627.0	False	False	False	Goll_2020_FMT_IBS;Mars_2020_IBS	1	0
IBS	s__Phocaeicola_dorei	2	3	1	1	1	up	0.5	0.4543557468578218	2.0518597678081263	0.04018329278098553		0.0	0.0	0.09835839520385714	0.34321643475957264	False	628.0	False	False	False	Goll_2020_FMT_IBS;Mars_2020_IBS	1	1
IBS	s__Blautia_schinkii	1	3	0	0	1	down	1.0	-0.486703367417126	-1.5907063975435807	0.11167566648954344		0.0	0.0	0.20326578145219057	0.33676744789090407	False	629.0	False	False	False	Mars_2020_IBS	0	0
IBS	s__Neobittarella_massiliensis	1	3	0	0	1	up	1.0	0.6881757786543514	1.1237135910197789	0.26113454880472386		0.0	0.0	0.3347991934844348	0.32703186340647267	False	630.0	False	False	False	Goll_2020_FMT_IBS	1	0
IBS	s__Eubacterium_ramulus	2	3	2	1	1	up	0.5	0.3141697325674687	-2.2423770196060446	0.024937015746014816		0.0	0.0	0.06923299725534043	0.3265349763740406	False	631.0	False	False	False	Goll_2020_FMT_IBS;Mars_2020_IBS	1	2
IBS	s__GGB33469_SGB15237	1	3	0	0	1	up	1.0	0.1849799586503221	2.826411699455153	0.004707272021367795		0.0	0.0	0.01872515041387365	0.3195666938056885	False	632.0	False	False	False	Goll_2020_FMT_IBS	1	0
IBS	s__Mediterraneibacter_SGB48424	1	3	0	0	1	down	1.0	-0.5865808968552029	-1.2289732388823462	0.21908183977109574		0.0	0.0	0.28729343871499696	0.31773579225655674	False	633.0	False	False	False	Goll_2020_FMT_IBS	1	0
IBS	s__Cuneatibacter_sp_NSJ_177	2	3	0	0	1	up	0.5	2.4395386234085934	-0.6980787652147571	0.48512793710807356		0.0	0.0	0.5656099911905189	0.3018720802198742	False	634.0	False	False	False	Goll_2020_FMT_IBS;Mars_2020_IBS	1	0
IBS	s__GGB6612_SGB9346	2	3	1	0	1	up	0.5	3.3107920927794283	0.3739380803110768	0.7084503842673302		0.0	0.0	0.7627146690197215	0.29210597408264893	False	635.0	False	False	False	Goll_2020_FMT_IBS;Mars_2020_IBS	1	1
IBS	s__Allisonella_histaminiformans	1	3	0	0	1	down	1.0	-1.1166374832322454	-0.7194172774922405	0.471883854531439		0.0	0.0	0.5535700859186433	0.2867830865168881	False	636.0	False	False	False	Mars_2020_IBS	0	0
IBS	s__GGB9719_SGB15273	2	3	1	0	1	up	0.5	2.2115075383456433	0.5223702629565896	0.6014125565325971		0.0	0.0	0.6772583537214261	0.280715988948037	False	637.0	False	False	False	Goll_2020_FMT_IBS;Mars_2020_IBS	1	1
IBS	s__Intestinibacter_bartlettii	2	3	0	0	1	down	1.0	-0.6988451122305819	-0.9920895169433106	0.3211538598354724		0.0	0.0	0.3989456294846539	0.2788995019595566	False	638.0	False	False	False	Goll_2020_FMT_IBS;Mars_2020_IBS	1	0
IBS	s__Lachnospiraceae_bacterium_AM48_27BH	2	3	0	0	1	up	1.0	2.0174874694375506	0.43303787887209777	0.6649872515750131		0.0	0.0	0.7293718554124783	0.2764986731727201	False	639.0	False	False	False	Goll_2020_FMT_IBS;Mars_2020_IBS	1	0
IBS	s__Blautia_wexlerae	2	3	2	1	1	up	1.0	0.5364377130230076	0.7776360766715803	0.4367835865140546		0.0	0.0	0.5196218529218924	0.27338206509316765	True	640.0	False	False	False	Goll_2020_FMT_IBS;Mars_2020_IBS	1	2
IBS	s__Oscillospiraceae_bacterium	2	3	0	0	1	up	1.0	0.7357679521067324	0.938546989260717	0.34796338072092814		0.0	0.0	0.4266626913847891	0.27217184586751225	False	641.0	False	False	False	Goll_2020_FMT_IBS;Mars_2020_IBS	1	0
IBS	s__Coprococcus_catus	2	3	1	0	1	up	0.5	0.9194227783090821	-0.9641948166105619	0.33494826261614397		0.0	0.0	0.4120352209491949	0.2655286033147771	False	642.0	False	False	False	Goll_2020_FMT_IBS;Mars_2020_IBS	1	1
IBS	s__GGB9453_SGB14844	2	3	0	0	1	up	0.5	1.799552972357857	-0.7869561871846613	0.43130751421498403		0.0	0.0	0.515531343762477	0.2589061174701161	False	643.0	False	False	False	Goll_2020_FMT_IBS;Mars_2020_IBS	1	0
IBS	s__Coprobacter_fastidiosus	2	3	1	0	1	down	1.0	-0.1952801609216383	-1.8776407781544229	0.06043032330854115		0.0	0.0	0.13142296673691328	0.25815902529207235	True	644.0	False	False	False	Goll_2020_FMT_IBS;Mars_2020_IBS	1	1
IBS	s__GGB36331_SGB15121	2	3	0	0	1	up	0.5	1.8254457573723446	-0.7324788529885303	0.4638763454219208		0.0	0.0	0.5475616581263419	0.23873815787058228	False	645.0	False	False	False	Goll_2020_FMT_IBS;Mars_2020_IBS	1	0
IBS	s__Ruminococcus_bromii	2	3	1	1	1	up	0.5	0.1884032651098984	-2.788004139938068	0.005303386607263008		0.0	0.0	0.02053709405567665	0.23844237272670543	False	646.0	False	False	False	Goll_2020_FMT_IBS;Mars_2020_IBS	1	1
IBS	s__GGB3267_SGB4317	1	3	0	0	1	up	1.0	0.1525863202847856	2.646549136762553	0.008131769036396693		0.0	0.0	0.029068354739481515	0.23446101912692285	False	647.0	False	False	False	Goll_2020_FMT_IBS	1	0
IBS	s__Eubacterium_rectale	2	3	2	1	1	up	1.0	0.4187055307133668	0.7947183494238498	0.42677735607227085		0.0	0.0	0.5117282989871305	0.21837225121816586	True	648.0	False	False	False	Goll_2020_FMT_IBS;Mars_2020_IBS	1	2
IBS	s__Slackia_SGB14778	1	3	0	0	1	up	1.0	2.951646082934235	0.24795620940508298	0.8041682887090388		0.0	0.0	0.8453791289891419	0.2153180904848507	False	649.0	False	False	False	Mars_2020_IBS	0	0
IBS	s__GGB3740_SGB5077	1	3	0	0	1	up	1.0	1.1499054817634538	0.5539631113003474	0.5796040916942022		0.0	0.0	0.6556177430639337	0.21083436696124425	False	650.0	False	False	False	Mars_2020_IBS	0	0
IBS	s__GGB9064_SGB13983	2	3	0	0	1	up	0.5	0.18552555873652013	-3.2137166745800103	0.0013102889535373358		0.0	0.0	0.006674559166005623	0.20181260754434693	False	651.0	False	False	False	Goll_2020_FMT_IBS;Mars_2020_IBS	1	0
IBS	s__GGB9580_SGB14998	1	3	0	0	1	down	1.0	-0.3710908692124667	-1.2287631875383895	0.2191606073991874		0.0	0.0	0.28729343871499696	0.20101038400761814	False	652.0	False	False	False	Mars_2020_IBS	0	0
IBS	s__Lachnospira_eligens	2	3	1	1	1	down	0.5	-0.14548960350518972	-2.862587918808375	0.004201966647139242		0.0	0.0	0.01696432279350364	0.1931880214726974	False	653.0	False	False	False	Goll_2020_FMT_IBS;Mars_2020_IBS	1	1
IBS	s__Massiliimalia_timonensis	1	3	0	0	1	down	1.0	-1.253184924716353	-0.4564757744420141	0.6480478874781446		0.0	0.0	0.7149249223777786	0.18263862342000442	False	654.0	False	False	False	Goll_2020_FMT_IBS	1	0
IBS	s__Fusobacterium_SGB6028	1	3	0	0	1	down	1.0	-0.9452866118125084	-0.57101348126784	0.5679905044421134		0.0	0.0	0.644401783066613	0.18040158482776836	False	655.0	False	False	False	Mars_2020_IBS	0	0
IBS	s__Ruminococcus_SGB4421	2	3	0	0	1	up	0.5	0.11309024113759626	-3.8989220942912213	9.662185312257133e-05		0.0	0.0	0.001011999999999997	0.16934242900226004	False	656.0	False	False	False	Goll_2020_FMT_IBS;Mars_2020_IBS	1	0
IBS	s__Eubacterium_callanderi	1	3	0	0	1	up	1.0	0.8009779555165139	0.6153424583721219	0.5383285834432396		0.0	0.0	0.6161251395497472	0.1684705508077326	False	657.0	False	False	False	Mars_2020_IBS	0	0
IBS	s__GGB9198_SGB14137	1	3	0	0	1	down	1.0	-0.2836932672820915	-1.3581646029127405	0.17441145970208682		0.0	0.0	0.2637017886730755	0.16422632297097065	False	658.0	False	False	False	Mars_2020_IBS	0	0
IBS	s__GGB4566_SGB6305	2	3	1	0	1	up	0.5	3.4750798325530687	-0.21109773786610578	0.8328110053807076		0.0	0.0	0.8663541944075185	0.16238487957178432	False	659.0	False	False	False	Goll_2020_FMT_IBS;Mars_2020_IBS	1	1
IBS	s__Candidatus_Gastranaerophilales_bacterium	2	3	1	0	1	up	0.5	2.691713900101133	0.2582265258347164	0.7962320873044992		0.0	0.0	0.8381971626409361	0.15474760170942703	False	660.0	False	False	False	Goll_2020_FMT_IBS;Mars_2020_IBS	1	1
IBS	s__Faecalimonas_umbilicata	2	3	0	0	1	up	0.5	3.504096875651202	0.290807728051566	0.7711983745390174		0.0	0.0	0.8175133607194333	0.15331324538505003	False	661.0	False	False	False	Goll_2020_FMT_IBS;Mars_2020_IBS	1	0
IBS	s__Coprobacter_secundus	1	3	0	0	1	down	1.0	-0.1811319084834813	-1.8142739532715442	0.06963555953299651		0.0	0.0	0.14680759818293176	0.1509284283677879	False	662.0	False	False	False	Goll_2020_FMT_IBS	1	0
IBS	s__Pseudoflavonifractor_capillosus	1	3	0	0	1	down	1.0	-0.5948549122233773	-0.7060739969468094	0.4801421214885374		0.0	0.0	0.5606582618612306	0.14948809453593262	False	663.0	False	False	False	Goll_2020_FMT_IBS	1	0
IBS	s__Clostridium_SGB6173	2	3	0	0	1	up	1.0	0.9818740190134642	0.47148228177224205	0.6372963695847681		0.0	0.0	0.7069932623363404	0.14785522915817942	False	664.0	False	False	False	Goll_2020_FMT_IBS;Mars_2020_IBS	1	0
IBS	s__Intestinimonas_butyriciproducens	2	3	0	0	1	up	0.5	0.48651671798591656	1.3770814568009495	0.16848706504808952		0.0	0.0	0.25726415656285595	0.1434301682492253	False	665.0	False	False	False	Goll_2020_FMT_IBS;Mars_2020_IBS	1	0
IBS	s__Enterocloster_lavalensis	2	3	0	0	1	down	1.0	-0.8563058648903804	-0.4977313854617313	0.6186733834324953		0.0	0.0	0.6895346520194772	0.13824536168625046	False	666.0	False	False	False	Goll_2020_FMT_IBS;Mars_2020_IBS	1	0
IBS	s__GGB3619_SGB4894	1	3	0	0	1	up	1.0	1.664538805364725	0.272091041423699	0.7855520176908115		0.0	0.0	0.830409444884855	0.13434113167037215	False	667.0	False	False	False	Goll_2020_FMT_IBS	1	0
IBS	s__Streptococcus_oralis	1	3	0	0	1	up	1.0	4.6446799355172805	0.10274691969019048	0.9181638341462682		0.0	0.0	0.9366752017701849	0.13195989691054857	False	668.0	False	False	False	Goll_2020_FMT_IBS	1	0
IBS	s__Alistipes_shahii	2	3	2	1	1	up	0.5	0.46491626823145704	-0.8295808972741372	0.40677578092321376		0.0	0.0	0.49162869063808795	0.12848763101123986	False	669.0	False	False	False	Goll_2020_FMT_IBS;Mars_2020_IBS	1	2
IBS	s__Intestinimonas_massiliensis	2	3	1	0	1	up	0.5	1.9365584393131647	0.2884267593679739	0.7730200866365438		0.0	0.0	0.8183015979876385	0.12648621869378457	False	670.0	False	False	False	Goll_2020_FMT_IBS;Mars_2020_IBS	1	1
IBS	s__TM7_phylum_sp_oral_taxon_352	1	3	0	0	1	up	1.0	1.9840580357026414	0.2107357389395552	0.8330934851552152		0.0	0.0	0.8663541944075185	0.12361577890401239	False	671.0	False	False	False	Goll_2020_FMT_IBS	1	0
IBS	s__GGB3446_SGB4597	2	3	0	0	1	up	0.5	0.3180997662738628	-1.7071323955968456	0.08779744700531232		0.0	0.0	0.1676353760993632	0.12336454904313691	False	672.0	False	False	False	Goll_2020_FMT_IBS;Mars_2020_IBS	1	0
IBS	s__Gemmiger_formicilis	2	3	1	1	1	down	0.5	-0.15077219473263095	-2.132898729153755	0.03293303463068533		0.0	0.0	0.0876933446669095	0.11952843030566068	False	673.0	False	False	False	Goll_2020_FMT_IBS;Mars_2020_IBS	1	1
IBS	s__Clostridium_SGB4750	2	3	0	0	1	up	1.0	0.5018772299063398	0.6682544813683168	0.5039711637699447		0.0	0.0	0.5848839652926422	0.11690240606707562	False	674.0	False	False	False	Goll_2020_FMT_IBS;Mars_2020_IBS	1	0
IBS	s__Clostridiaceae_bacterium_Marseille_Q3526	1	3	0	0	1	down	1.0	-0.7684142279974753	-0.4704077223856673	0.6380637479583573		0.0	0.0	0.7069932623363404	0.115711445225046	False	675.0	False	False	False	Mars_2020_IBS	0	0
IBS	s__GGB3680_SGB4995	1	3	0	0	1	up	1.0	0.6899388689214268	0.5157587099668633	0.6060229440697438		0.0	0.0	0.6804310866108514	0.11536871658809827	False	676.0	False	False	False	Mars_2020_IBS	0	0
IBS	s__GGB9574_SGB14987	1	3	0	0	1	up	1.0	0.5560044353848371	0.6070683337376822	0.5438055640977721		0.0	0.0	0.6206743205266302	0.11516865845482457	False	677.0	False	False	False	Goll_2020_FMT_IBS	1	0
IBS	s__Candidatus_Cibionibacter_quicibialis	2	3	2	1	1	up	0.5	0.5429111176373242	-0.6639274709180135	0.5067367330328406		0.0	0.0	0.5854081893027794	0.11314966759559467	False	678.0	False	False	False	Goll_2020_FMT_IBS;Mars_2020_IBS	1	2
IBS	s__Bifidobacterium_pseudocatenulatum	2	3	0	0	1	up	0.5	3.1575576526960445	0.22989753014750622	0.8181713955878129		0.0	0.0	0.855361004478168	0.10712101630162223	False	679.0	False	False	False	Goll_2020_FMT_IBS;Mars_2020_IBS	1	0
IBS	s__Ellagibacter_isourolithinifaciens	2	3	1	0	1	down	0.5	-0.7373314302418487	0.5736502316725008	0.5662045127563085		0.0	0.0	0.6433371634461649	0.10593315873202039	False	680.0	False	False	False	Goll_2020_FMT_IBS;Mars_2020_IBS	1	1
IBS	s__Streptococcus_sanguinis	1	3	0	0	1	up	1.0	1.6718156297854772	0.21068112666554503	0.8331361027964744		0.0	0.0	0.8663541944075185	0.10416166641347539	False	681.0	False	False	False	Goll_2020_FMT_IBS	1	0
IBS	s__GGB9621_SGB15073	2	3	0	0	1	up	1.0	0.7955423881420205	0.39981637572483103	0.6892917684207869		0.0	0.0	0.7484584438217129	0.10010493457754163	False	682.0	False	False	False	Goll_2020_FMT_IBS;Mars_2020_IBS	1	0
IBS	s__GGB9758_SGB15368	2	3	0	0	1	down	0.5	-0.13319172992918515	-2.599417782855407	0.009338204498920274		0.0	0.0	0.03236391422228534	0.0992237736895725	False	683.0	False	False	False	Goll_2020_FMT_IBS;Mars_2020_IBS	1	0
IBS	s__Clostridium_sp_AF12_28	1	3	0	0	1	up	1.0	0.5847922045788165	0.5189472527621692	0.6037975248930176		0.0	0.0	0.6789367724352598	0.09834489598887346	False	684.0	False	False	False	Mars_2020_IBS	0	0
IBS	s__GGB33512_SGB15201	2	3	0	0	1	up	0.5	3.0951739725140106	-0.2105321174365617	0.8332523872430679		0.0	0.0	0.8663541944075185	0.0964216607001231	False	685.0	False	False	False	Goll_2020_FMT_IBS;Mars_2020_IBS	1	0
IBS	s__GGB3548_SGB4744	1	3	0	0	1	up	1.0	0.41451387823772723	0.6601288912067836	0.5091711198151638		0.0	0.0	0.5865488159330714	0.0960411402085011	False	686.0	False	False	False	Mars_2020_IBS	0	0
IBS	s__GGB33469_SGB15236	2	3	0	0	1	down	0.5	-0.24675004178265839	-1.6977069414514074	0.08956308699904654		0.0	0.0	0.17037188729893815	0.0948262959081684	False	687.0	False	False	False	Goll_2020_FMT_IBS;Mars_2020_IBS	1	0
IBS	s__Alistipes_onderdonkii	2	3	1	1	1	up	0.5	1.0193882607338973	0.39190648874631817	0.6951273084148752		0.0	0.0	0.7526414081125397	0.09435347526838725	False	688.0	False	False	False	Goll_2020_FMT_IBS;Mars_2020_IBS	1	1
IBS	s__Enterocloster_hominis	2	3	0	0	1	up	0.5	0.607281337430166	-0.780692056059564	0.4349836339705754		0.0	0.0	0.5182929013872319	0.08666655870228782	False	689.0	False	False	False	Goll_2020_FMT_IBS;Mars_2020_IBS	1	0
IBS	s__Vescimonas_coprocola	2	3	0	0	1	up	0.5	0.25021939758806533	1.4408974194993414	0.14961366522380043		0.0	0.0	0.23503322893655743	0.0786778279793787	False	690.0	False	False	False	Goll_2020_FMT_IBS;Mars_2020_IBS	1	0
IBS	s__Roseburia_faecis	2	3	1	1	1	up	0.5	0.11923319984532053	-1.8305291749676709	0.06717084827541764		0.0	0.0	0.14280861019899715	0.07558600381389372	False	691.0	False	False	False	Goll_2020_FMT_IBS;Mars_2020_IBS	1	1
IBS	s__GGB3593_SGB4817	1	3	0	0	1	up	1.0	0.3071026811091049	0.6911356247958864	0.4894803144546084		0.0	0.0	0.5698091390660242	0.07501615294227873	False	692.0	False	False	False	Goll_2020_FMT_IBS	1	0
IBS	s__Bacteroides_cellulosilyticus	2	3	1	0	1	up	0.5	4.50599759399687	0.07489508453939814	0.9402981875438788		0.0	0.0	0.9503146795549987	0.07479695373429208	False	693.0	False	False	False	Goll_2020_FMT_IBS;Mars_2020_IBS	1	1
IBS	s__Agathobaculum_butyriciproducens	2	3	1	1	1	down	0.5	-0.124213053177018	-1.7520147758908804	0.07977126721668971		0.0	0.0	0.16275911778889113	0.07345227165383258	False	694.0	False	False	False	Goll_2020_FMT_IBS;Mars_2020_IBS	1	1
IBS	s__Bacteroides_cutis	1	3	0	0	1	down	1.0	-1.2966937317859184	-0.1836983276351088	0.8542501209376524		0.0	0.0	0.8850491365810857	0.06876706238664357	False	695.0	False	False	False	Mars_2020_IBS	0	0
IBS	s__Simiaoa_sunii	2	3	1	0	1	up	0.5	0.5145654273402341	-0.5229687805024603	0.6009959789308337		0.0	0.0	0.6772583537214261	0.06531596221568342	False	696.0	False	False	False	Goll_2020_FMT_IBS;Mars_2020_IBS	1	1
IBS	s__Mediterraneibacter_butyricigenes	2	3	0	0	1	up	0.5	0.25601036663665827	-1.1804825520941633	0.2378083459198106		0.0	0.0	0.3095995446880553	0.0651801992394903	False	697.0	False	False	False	Goll_2020_FMT_IBS;Mars_2020_IBS	1	0
IBS	s__Intestinimonas_gabonensis	1	3	0	0	1	up	1.0	0.4660442109815666	0.4041573776905713	0.6860969940889178		0.0	0.0	0.7469770102579067	0.05904442936501717	False	698.0	False	False	False	Goll_2020_FMT_IBS	1	0
IBS	s__GGB3550_SGB4746	2	3	0	0	1	up	0.5	2.3012419184596102	0.1765262738709355	0.8598805092135273		0.0	0.0	0.8891679924973668	0.058700284874667524	False	699.0	False	False	False	Goll_2020_FMT_IBS;Mars_2020_IBS	1	0
IBS	s__Clostridium_fessum	2	3	0	0	1	up	0.5	0.13876739393882906	-1.8094563714136889	0.07038013228277125		0.0	0.0	0.1471584584094308	0.05774213744039087	False	700.0	False	False	False	Goll_2020_FMT_IBS;Mars_2020_IBS	1	0
IBS	s__GGB3001_SGB3992	1	3	0	0	1	up	1.0	1.4992359583278174	0.13386880949616164	0.8935063146591666		0.0	0.0	0.9152109214929924	0.05768880951480997	False	701.0	False	False	False	Mars_2020_IBS	0	0
IBS	s__GGB3109_SGB4121	2	3	0	0	1	up	1.0	0.553994292546585	0.3259316800093895	0.7444760461551423		0.0	0.0	0.7941775337010359	0.05544507990865393	False	702.0	False	False	False	Goll_2020_FMT_IBS;Mars_2020_IBS	1	0
IBS	s__Streptococcus_cristatus	1	3	0	0	1	up	1.0	2.3158007772007654	0.08131007350539836	0.9351953630193864		0.0	0.0	0.9464177073756191	0.05538733765330898	False	703.0	False	False	False	Goll_2020_FMT_IBS	1	0
IBS	s__Amedibacillus_dolichus	2	3	0	0	1	up	0.5	2.357123953813448	0.1628107914514074	0.8706674112938635		0.0	0.0	0.89909736758101	0.05444163618423825	False	704.0	False	False	False	Goll_2020_FMT_IBS;Mars_2020_IBS	1	0
IBS	s__Clostridium_sp_AM22_11AC	2	3	2	1	1	up	0.5	1.4495023448702364	0.1479843728717069	0.8823551010893587		0.0	0.0	0.908694059330832	0.05401970053064259	False	705.0	False	False	False	Goll_2020_FMT_IBS;Mars_2020_IBS	1	2
IBS	s__Erysipelatoclostridium_ramosum	2	3	0	0	1	up	0.5	3.8001329298089708	0.10072868789319919	0.9197658375432082		0.0	0.0	0.9370500277789195	0.05365259881911856	False	706.0	False	False	False	Goll_2020_FMT_IBS;Mars_2020_IBS	1	0
IBS	s__Massilimicrobiota_timonensis	2	3	0	0	1	up	0.5	1.1596734746373945	-0.29836969217192105	0.7654210183103756		0.0	0.0	0.8125238502063986	0.05228033128606097	False	707.0	False	False	False	Goll_2020_FMT_IBS;Mars_2020_IBS	1	0
IBS	s__GGB9739_SGB15313	1	3	0	0	1	up	1.0	1.3703078487881133	0.12714517501500122	0.8988254970841587		0.0	0.0	0.9194185340793484	0.04999807412072752	False	708.0	False	False	False	Mars_2020_IBS	0	0
IBS	s__GGB3444_SGB4594	1	3	0	0	1	up	1.0	0.0982701868153582	1.158746196660497	0.24655965434364702		0.0	0.0	0.31772288225267925	0.04893378755518161	False	709.0	False	False	False	Goll_2020_FMT_IBS	1	0
IBS	s__Frisingicoccus_SGB4674	1	3	0	0	1	up	1.0	0.3159551229949056	0.40300671471173155	0.6869432847958088		0.0	0.0	0.7469770102579067	0.040029227920022135	False	710.0	False	False	False	Mars_2020_IBS	0	0
IBS	s__Enterocloster_aldenensis	2	3	1	0	1	down	0.5	-0.9367244153992031	0.1830850984732019	0.8547312478444478		0.0	0.0	0.8850491365810857	0.03725771055289802	False	711.0	False	False	False	Goll_2020_FMT_IBS;Mars_2020_IBS	1	1
IBS	s__GGB32900_SGB53446	1	3	0	0	1	up	1.0	0.2722061650641673	0.42474660800402403	0.6710214033297894		0.0	0.0	0.73449513313434	0.03647864149847737	False	712.0	False	False	False	Mars_2020_IBS	0	0
IBS	s__Bacteroides_caccae	2	3	1	1	1	up	0.5	0.6080394269251455	-0.2677846670976242	0.7888650737190777		0.0	0.0	0.8318170028032928	0.03646969103016637	False	713.0	False	False	False	Goll_2020_FMT_IBS;Mars_2020_IBS	1	1
IBS	s__Parabacteroides_merdae	2	3	1	0	1	down	0.5	-0.2683658098348042	-0.5388718962274457	0.5899752502546542		0.0	0.0	0.66635597461798	0.03548340198131728	False	714.0	False	False	False	Goll_2020_FMT_IBS;Mars_2020_IBS	1	1
IBS	s__GGB9524_SGB14923	1	3	0	0	1	down	1.0	-0.1224429005983541	-0.7841615122435748	0.43294534548319463		0.0	0.0	0.5166753415436238	0.035114452338550775	False	715.0	False	False	False	Mars_2020_IBS	0	0
IBS	s__Ruminococcus_bicirculans	2	3	1	1	1	down	0.5	-0.46840840125390987	-0.31735341286595253	0.7509754526423793		0.0	0.0	0.7994254818451134	0.0341547056280486	False	716.0	False	False	False	Goll_2020_FMT_IBS;Mars_2020_IBS	1	1
IBS	s__Phocaeicola_vulgatus	2	3	2	1	1	down	0.5	-0.220110773373587	-0.5062206433935269	0.6127017647115154		0.0	0.0	0.6848904851488073	0.03242738358122162	False	717.0	False	False	False	Goll_2020_FMT_IBS;Mars_2020_IBS	1	2
IBS	s__GGB9184_SGB14123	2	3	1	0	1	up	0.5	0.16547892933428188	-0.7271524963213797	0.4671325428703743		0.0	0.0	0.5496955039358358	0.032253226962396506	False	718.0	False	False	False	Goll_2020_FMT_IBS;Mars_2020_IBS	1	1
IBS	s__Negativibacillus_massiliensis	2	3	0	0	1	up	0.5	2.1642038442201037	-0.10703419736320514	0.9147618500071499		0.0	0.0	0.9344606247044774	0.031855991703265606	False	719.0	False	False	False	Goll_2020_FMT_IBS;Mars_2020_IBS	1	0
IBS	s__Bianquea_renquensis	2	3	0	0	1	up	0.5	1.4973477571589688	0.14913897326597053	0.881443973545422		0.0	0.0	0.908694059330832	0.031131590189520417	False	720.0	False	False	False	Goll_2020_FMT_IBS;Mars_2020_IBS	1	0
IBS	s__GGB3478_SGB4643	2	3	1	0	1	up	0.5	0.4185715834622821	0.310922203835868	0.7558597642839469		0.0	0.0	0.8034979847220107	0.029827999601471547	False	721.0	False	False	False	Goll_2020_FMT_IBS;Mars_2020_IBS	1	1
IBS	s__Clostridiales_bacterium_KLE1615	2	3	1	1	1	down	0.5	-0.02563417100433697	-2.603946661090243	0.00921570977697835		0.0	0.0	0.03208588862718609	0.028717050384716156	False	722.0	False	False	False	Goll_2020_FMT_IBS;Mars_2020_IBS	1	1
IBS	s__Akkermansia_muciniphila	2	3	2	1	1	up	0.5	4.5302334825413	-0.023629394771833703	0.9811482250561676		0.0	0.0	0.9850752463929322	0.026515382603195418	False	723.0	False	False	False	Goll_2020_FMT_IBS;Mars_2020_IBS	1	2
IBS	s__Fusicatenibacter_sp_CLA_AA_H277	2	3	1	0	1	up	0.5	0.10405797918770766	-0.8799116033185657	0.37890719836840536		0.0	0.0	0.46014490169859146	0.026308878890956122	False	724.0	False	False	False	Goll_2020_FMT_IBS;Mars_2020_IBS	1	1
IBS	s__Roseburia_inulinivorans	2	3	1	0	1	down	0.5	-0.2556370308110176	0.419300819742069	0.6749962975566306		0.0	0.0	0.7371542299935002	0.025392740324263315	False	725.0	False	False	False	Goll_2020_FMT_IBS;Mars_2020_IBS	1	1
IBS	s__Anaerotignum_lactatifermentans	1	3	0	0	1	down	1.0	-0.8462412899956023	-0.09858483518926742	0.9214679111254336		0.0	0.0	0.9375256629278875	0.023709002995751332	False	726.0	False	False	False	Mars_2020_IBS	0	0
IBS	s__Lacrimispora_amygdalina	2	3	0	0	1	up	0.5	0.6253530744304927	-0.2440813756136135	0.8071677965009669		0.0	0.0	0.8460912265327587	0.022694941161849586	False	727.0	False	False	False	Goll_2020_FMT_IBS;Mars_2020_IBS	1	0
IBS	s__Clostridium_sp_AM33_3	2	3	0	0	1	down	0.5	-0.28533071232477536	-0.46615832362733084	0.6411021783679205		0.0	0.0	0.7093244218385593	0.021279263647134995	False	728.0	False	False	False	Goll_2020_FMT_IBS;Mars_2020_IBS	1	0
IBS	s__Eubacteriaceae_bacterium	2	3	0	0	1	up	0.5	0.06102815985828282	1.5945422776838458	0.1108146293503572		0.0	0.0	0.20218342230029113	0.02118453597840337	False	729.0	False	False	False	Goll_2020_FMT_IBS;Mars_2020_IBS	1	0
IBS	s__Faecalitalea_cylindroides	1	3	0	0	1	down	1.0	-0.1323358193426964	-0.4425045845916837	0.6581241134826683		0.0	0.0	0.7239365248309352	0.018566650784232808	False	730.0	False	False	False	Mars_2020_IBS	0	0
IBS	s__Clostridiales_bacterium	2	3	1	0	1	down	0.5	-0.02769177207667204	1.9115203001914047	0.055937750571194295		0.0	0.0	0.12867325695455606	0.018494885398062384	False	731.0	False	False	False	Goll_2020_FMT_IBS;Mars_2020_IBS	1	1
IBS	s__Parasutterella_SGB9260	1	3	0	0	1	up	1.0	0.4671773010384676	0.1360995317721867	0.8917425976761272		0.0	0.0	0.9146386914002439	0.018103321709479384	False	732.0	False	False	False	Mars_2020_IBS	0	0
IBS	s__Hydrogeniiclostridium_mannosilyticum	2	3	0	0	1	up	0.5	0.45965589925272454	0.24560763788334966	0.8059859761437073		0.0	0.0	0.8460912265327587	0.0166815580106293	False	733.0	False	False	False	Goll_2020_FMT_IBS;Mars_2020_IBS	1	0
IBS	s__GGB51441_SGB71759	2	3	0	0	1	up	0.5	1.5047035747532984	0.07202696654413396	0.9425804473820975		0.0	0.0	0.9513544675040053	0.016294162704062955	False	734.0	False	False	False	Goll_2020_FMT_IBS;Mars_2020_IBS	1	0
IBS	s__Dysosmobacter_welbionis	2	3	1	0	1	down	0.5	-0.1800326728940505	-0.35483538055396	0.7227129209977823		0.0	0.0	0.7747727500527073	0.01496418018224088	False	735.0	False	False	False	Goll_2020_FMT_IBS;Mars_2020_IBS	1	1
IBS	s__Lachnospira_sp_NSJ_43	2	3	0	0	1	up	0.5	0.27057025362585463	0.3421768802319605	0.7322177831385823		0.0	0.0	0.7838551444318533	0.014308321456395028	False	736.0	False	False	False	Goll_2020_FMT_IBS;Mars_2020_IBS	1	0
IBS	s__Candidatus_Stoquefichus_sp_SB1	1	3	0	0	1	up	1.0	0.8759827883852659	0.051373459845095164	0.9590279328144904		0.0	0.0	0.9666695896496657	0.012896169217153808	False	737.0	False	False	False	Goll_2020_FMT_IBS	1	0
IBS	s__Bacteroides_uniformis	2	3	2	1	1	down	0.5	-0.15493023792423086	-0.2675114263709691	0.789075417679013		0.0	0.0	0.8318170028032928	0.011104522625662253	False	738.0	False	False	False	Goll_2020_FMT_IBS;Mars_2020_IBS	1	2
IBS	s__Oscillospiraceae_unclassified_SGB15256	2	3	0	0	1	up	0.5	3.0260663928150375	-0.02358746814401329	0.9811816683439483		0.0	0.0	0.9850752463929322	0.00988100555230905	False	739.0	False	False	False	Goll_2020_FMT_IBS;Mars_2020_IBS	1	0
IBS	s__GGB3278_SGB4328	1	3	0	0	1	down	1.0	-0.1358676329601965	-0.24276182948214362	0.8081899067671279		0.0	0.0	0.8460912265327587	0.0098616543578668	False	740.0	False	False	False	Mars_2020_IBS	0	0
IBS	s__Ruminococcus_callidus	2	3	0	0	1	down	0.5	-0.030170134868325052	1.468882195445053	0.1418647446372104		0.0	0.0	0.22385725816973534	0.009805728581334515	False	741.0	False	False	False	Goll_2020_FMT_IBS;Mars_2020_IBS	1	0
IBS	s__Turicibacter_bilis	2	3	1	0	1	down	0.5	-0.32142211275644933	-0.14317773214654278	0.8861498157882558		0.0	0.0	0.9113654609529622	0.009716775541209782	False	742.0	False	False	False	Goll_2020_FMT_IBS;Mars_2020_IBS	1	1
IBS	s__Blautia_sp_MCC283	2	3	0	0	1	down	0.5	-0.12206629912946024	-0.47894115252673564	0.6319804936949672		0.0	0.0	0.7023033597576576	0.00936707812894006	False	743.0	False	False	False	Goll_2020_FMT_IBS;Mars_2020_IBS	1	0
IBS	s__Fusicatenibacter_saccharivorans	2	3	2	1	1	up	0.5	0.3313200524269376	0.09213409338438992	0.9265915010386132		0.0	0.0	0.9389625491165654	0.008121890656495144	False	744.0	False	False	False	Goll_2020_FMT_IBS;Mars_2020_IBS	1	2
IBS	s__Clostridium_sp_AT4	2	3	1	0	1	up	0.5	0.08768556672585734	0.3591007455976612	0.7195197238527875		0.0	0.0	0.7735346606292716	0.007334035375078199	False	745.0	False	False	False	Goll_2020_FMT_IBS;Mars_2020_IBS	1	1
IBS	s__Faecalicatena_contorta	2	3	0	0	1	up	0.5	0.5080589563932548	0.09407746252387453	0.9250476232669188		0.0	0.0	0.93865126478555	0.006984726026392367	False	746.0	False	False	False	Goll_2020_FMT_IBS;Mars_2020_IBS	1	0
IBS	s__Eubacterium_ventriosum	2	3	2	1	1	down	0.5	-0.06130434517544712	-0.3838982729248704	0.7010538464725946		0.0	0.0	0.755823678228266	0.0066799968993777725	False	747.0	False	False	False	Goll_2020_FMT_IBS;Mars_2020_IBS	1	2
IBS	s__Roseburia_hominis	2	3	0	0	1	down	0.5	-0.09538212528653124	-0.43993086179720076	0.6599871827926937		0.0	0.0	0.7249352702455203	0.00666247817445029	False	748.0	False	False	False	Goll_2020_FMT_IBS;Mars_2020_IBS	1	0
IBS	s__GGB4239_SGB5731	1	3	0	0	1	up	1.0	0.0400546984430342	0.38833972870505484	0.6977646404416049		0.0	0.0	0.754420743725325	0.004902149490206286	False	749.0	False	False	False	Mars_2020_IBS	0	0
IBS	s__Bacteroides_nordii	2	3	1	0	1	down	0.5	-0.10132049753383748	-0.2005503707835276	0.8410501678848934		0.0	0.0	0.8732654957929331	0.004472314564794574	False	750.0	False	False	False	Goll_2020_FMT_IBS;Mars_2020_IBS	1	1
IBS	s__Enterocloster_citroniae	1	3	0	0	1	up	1.0	0.4751035919256076	0.033207522419434775	0.9735090994090868		0.0	0.0	0.979964730041773	0.004175949028417232	False	751.0	False	False	False	Goll_2020_FMT_IBS	1	0
IBS	s__Alistipes_indistinctus	2	3	0	0	1	up	0.5	0.28542614095182584	0.09559372921090191	0.923843245757253		0.0	0.0	0.93865126478555	0.00392400009926372	False	752.0	False	False	False	Goll_2020_FMT_IBS;Mars_2020_IBS	1	0
IBS	s__GGB9667_SGB15164	2	3	0	0	1	up	0.5	0.053941784668356495	-0.32967168600806007	0.7416480500499043		0.0	0.0	0.7928322112505315	0.002719170670136568	False	753.0	False	False	False	Goll_2020_FMT_IBS;Mars_2020_IBS	1	0
IBS	s__Clostridium_sp_AF20_17LB	2	3	1	0	1	up	0.5	0.5524461765313258	-0.02123739838218666	0.9830562814081553		0.0	0.0	0.9856535238953631	0.0026002485814034565	False	754.0	False	False	False	Goll_2020_FMT_IBS;Mars_2020_IBS	1	1
IBS	s__Parabacteroides_distasonis	2	3	0	0	1	down	0.5	-0.0263661220502249	-0.513111623741515	0.607873241056653		0.0	0.0	0.681500428304283	0.002195426129920327	False	755.0	False	False	False	Goll_2020_FMT_IBS;Mars_2020_IBS	1	0
IBS	s__Dialister_invisus	2	3	1	1	1	down	0.5	-0.07029960253447537	0.1383964254724529	0.8899271218929518		0.0	0.0	0.9140117530673212	0.002058805745403696	False	756.0	False	False	False	Goll_2020_FMT_IBS;Mars_2020_IBS	1	1
IBS	s__GGB9690_SGB15196	2	3	0	0	1	up	0.5	2.883346443826265	-0.0015468805660106783	0.9987657683711938		0.0	0.0	0.9987657683711939	0.000773242938575578	False	757.0	False	False	False	Goll_2020_FMT_IBS;Mars_2020_IBS	1	0
IBS	s__Bifidobacterium_longum	2	3	1	1	1	up	0.5	0.007388141009658534	-0.3572079233748282	0.7209361546841893		0.0	0.0	0.7739611618179627	0.000616618859544677	False	758.0	False	False	False	Goll_2020_FMT_IBS;Mars_2020_IBS	1	1
IBS	s__Roseburia_intestinalis	2	3	0	0	1	up	0.5	0.3975006184755664	-0.004619846920258877	0.9963139085810901		0.0	0.0	0.9976283068773713	0.00020495859479127492	False	759.0	False	False	False	Goll_2020_FMT_IBS;Mars_2020_IBS	1	0
