disease	species	n_arms_tested	n_arms_total_evaluable	required_support	direction	direction_consistency	meta_log2fc	meta_z	meta_p	meta_q	rank_score	eligible_for_adjusted_top
CRA	s__Streptococcus_thermophilus	4	4	2	down	1.0	-1.9194022184078274	-3.827173595744902	0.00012962310103001247	0.17252834747094659	1.4647717211698377	True
CRA	s__Prevotella_histicola	2	4	2	down	1.0	-6.842426277640668	-2.759465249755659	0.005789604424746555	0.7005421353943332	1.0576046683594034	True
CRA	s__Candidatus_Gastranaerophilales_bacterium	4	4	2	up	1.0	2.1030299251706497	3.3979621139707468	0.0006788982116660657	0.3697100707427846	0.9088006584528705	True
CRA	s__GGB9271_SGB14222	1	4	2	up	1.0	5.829419982224005	2.7967080967253253	0.005162615282714245	0.7005421353943332	0.9010286025549293	False
CRA	s__Streptococcus_australis	4	4	2	down	1.0	-1.781735157066982	-3.2607768084736026	0.0011110745927656938	0.3697100707427846	0.7699567488559199	True
CRA	s__Pseudoflavonifractor_phocaeensis	4	4	2	up	1.0	1.4564090385085802	3.2734932853952277	0.001062269144631149	0.3697100707427846	0.6293707366365259	True
CRA	s__Bacteroides_congonensis	1	4	2	up	1.0	6.849605923402229	2.241699398655966	0.02498080678117455	0.819515481431413	0.5920993736782991	False
CRA	s__GGB9380_SGB14375	1	4	2	up	1.0	5.851482853977826	2.1104095996448873	0.034823090319569115	0.819515481431413	0.5058187831057974	False
CRA	s__Enterobacter_kobei	1	4	2	up	1.0	5.790171940586162	2.1879020456928733	0.028676738264893694	0.819515481431413	0.500518893765475	False
CRA	s__GGB9095_SGB14026	1	4	2	up	1.0	5.6259617885660385	2.140638691426253	0.03230318608958793	0.819515481431413	0.4863241022329368	False
CRA	s__GGB4580_SGB6330	1	4	2	up	1.0	5.130826001647546	2.0803545440132654	0.03749302531833436	0.819515481431413	0.44352315972637396	False
CRA	s__GGB3616_SGB4890	1	4	2	up	1.0	4.998301515821861	2.4348222449958596	0.01489910683567018	0.819515481431413	0.4320673670965621	False
CRA	s__GGB9380_SGB72486	1	4	2	up	1.0	4.858777848677889	2.088751483069816	0.03673009983578583	0.819515481431413	0.4200065453714764	False
CRA	s__Anaeroglobus_geminatus	2	4	2	down	1.0	-4.770274634546857	-2.0153000465922153	0.04387322005686581	0.819515481431413	0.4123560763895366	True
CRA	s__Alloscardovia_omnicolens	4	4	2	down	1.0	-4.08577863578498	-2.207300247038205	0.02729309006403504	0.819515481431413	0.35318629980903216	True
CRA	s__GGB3353_SGB4437	2	4	2	down	1.0	-4.298562124553257	-1.9372558741817818	0.05271407327242568	0.8300105970251471	0.3478240124078105	True
CRA	s__Prevotella_melaninogenica	2	4	2	down	0.5	-6.7666305327803835	2.5680348096896854	0.01022768849772881	0.8007678464986497	0.32646750384198964	False
CRA	s__GGB9522_SGB98319	2	4	2	up	1.0	3.6761482109565096	2.1221481173381442	0.03382530180961251	0.819515481431413	0.3177766834467464	True
CRA	s__Streptococcus_mutans	4	4	2	down	1.0	-3.660023180850047	-2.1107708291445104	0.03479201460509819	0.819515481431413	0.31638279008509185	True
CRA	s__Oliverpabstia_intestinalis	4	4	2	down	1.0	-1.2603223805770256	-2.969996506575394	0.002978031356138654	0.5662513907172212	0.31128793012832173	True
CRA	s__GGB4644_SGB6428	3	4	2	down	1.0	-6.229988401067716	-1.6375651232473623	0.10151244350962871	0.8930366949763155	0.306083663329659	True
CRA	s__Eubacterium_sp_AF16_48	4	4	2	down	1.0	-3.270860452585303	-2.4954531266339517	0.01257963741816332	0.819515481431413	0.28274245949654886	True
CRA	s__Cloacibacillus_porcorum	3	4	2	up	1.0	3.1737876689967774	2.3445147993326314	0.01905185441407814	0.819515481431413	0.27435121261216955	True
CRA	s__GGB6002_SGB8625	1	4	2	up	1.0	5.450212580824588	1.690450339003727	0.09094183145061494	0.8930366949763155	0.2677727349184598	False
CRA	s__Haemophilus_parahaemolyticus	2	4	2	down	0.5	-1.7608998866418084	3.0514152403399346	0.002277653447476177	0.5052594564317986	0.2610406852392446	False
CRA	s__GGB9355_SGB14328	1	4	2	up	1.0	1.8068801040446048	2.722259039605503	0.006483729754752313	0.7191536919646108	0.2587059956548844	False
CRA	s__Clostridium_sp_AM42_4	1	4	2	down	1.0	-2.9663016314365027	-2.409883076637126	0.01595763368471254	0.819515481431413	0.25641553072619483	False
CRA	s__Prevotella_pallens	2	4	2	down	0.5	-5.747080997995741	2.310921862292221	0.020837171248571002	0.819515481431413	0.24839699520272004	False
CRA	s__GGB3632_SGB4921	1	4	2	up	1.0	2.8735122048464006	2.020826033310482	0.04329777690541924	0.819515481431413	0.2483945493759745	False
CRA	s__GGB9499_SGB72735	3	4	2	down	1.0	-2.8793615440537756	-1.941047114463686	0.05225256289627321	0.8300105970251471	0.23298746334383114	True
CRA	s__Intestinimonas_SGB15130	1	4	2	up	1.0	4.616832868767182	1.6654423268604177	0.09582454082385515	0.8930366949763155	0.2268282100189544	False
CRA	s__Neisseria_subflava	2	4	2	down	0.5	-5.19187701250866	2.2279713347401935	0.02588242658976644	0.819515481431413	0.22440029117720497	False
CRA	s__Dialister_pneumosintes	2	4	2	down	1.0	-4.529265050508405	-1.7102741462292654	0.08721519028385107	0.8930366949763155	0.22252594220127456	True
CRA	s__GGB51441_SGB71759	4	4	2	down	1.0	-2.5631427949108065	-2.057235119402931	0.03966361488427601	0.819515481431413	0.2215653368217303	True
CRA	s__Blautia_SGB4815	4	4	2	down	1.0	-2.541497352930183	-2.5223825022555424	0.011656288377718538	0.819515481431413	0.21969424339197116	True
CRA	s__GGB9059_SGB13976	2	4	2	down	1.0	-4.552110980491277	-1.5545689674595484	0.120048759338322	0.8996060962242406	0.20915862095909685	True
CRA	s__bacterium_OL_1	1	4	2	up	1.0	4.114967708377034	1.8142806161333624	0.06963453426226175	0.8930366949763155	0.20217122562337886	False
CRA	s__GGB4711_SGB6524	1	4	2	up	1.0	3.9950767091491515	1.733431601275178	0.0830189848494146	0.8930366949763155	0.19628089744273014	False
CRA	s__Acidaminococcus_massiliensis	2	4	2	down	0.5	-3.7827686449648232	2.621854588659298	0.00874527353110139	0.7926674044800452	0.1908577009686329	False
CRA	s__Megasphaera_sp_AM44_1BH	1	4	2	up	1.0	2.2004180587391216	2.2744055957639353	0.022941611316968584	0.819515481431413	0.19021038129485754	False
CRA	s__Hafnia_alvei	1	4	2	up	1.0	2.1806478030718215	2.0735740855306117	0.03811888401051572	0.819515481431413	0.18850138429138413	False
CRA	s__Enterococcus_avium	2	4	2	down	1.0	-5.1101940852516945	-1.5051940488343785	0.13227419474972404	0.9192303434306766	0.18690866106414988	True
CRA	s__Longicatena_caecimuris	3	4	2	down	1.0	-3.736466319171884	-1.6295757887564926	0.10319118488471263	0.8930366949763155	0.1835751891101452	True
CRA	s__GGB1627_SGB2230	3	4	2	down	1.0	-3.6999627885602036	-1.791472089050735	0.07321756964765579	0.8930366949763155	0.18178174526165028	True
CRA	s__Hafnia_paralvei	2	4	2	up	1.0	3.867237066961187	1.5807690979936886	0.1139308426401004	0.8996060962242406	0.17769030133799793	True
CRA	s__Oribacterium_parvum	2	4	2	down	0.5	-4.0612154745274855	2.0377201965262453	0.041577923206055266	0.819515481431413	0.1755314952225707	False
CRA	s__Bifidobacterium_bifidum	4	4	2	down	1.0	-2.0044621543235563	-2.3248541298405248	0.020079761440038008	0.819515481431413	0.173271396837867	True
CRA	s__Latilactobacillus_sakei	2	4	2	down	1.0	-4.033504554495347	-1.5283107496577812	0.12643540220665894	0.9074592372616569	0.17010448017645713	True
CRA	s__GGB9525_SGB14925	2	4	2	up	1.0	3.419720800710155	1.6541474001772567	0.09809756717998475	0.8930366949763155	0.16801326148000667	True
CRA	s__Streptococcus_anginosus	4	4	2	down	1.0	-1.9419942535125194	-2.1754787096883743	0.02959426185615993	0.819515481431413	0.1678714942217408	True
CRA	s__Lachnoanaerobaculum_orale	2	4	2	down	0.5	-3.3215458820869523	2.592479570343263	0.00952868405084953	0.7926674044800452	0.1675869370337452	False
CRA	s__GGB9618_SGB15064	2	4	2	up	1.0	2.008024690187892	1.9551364487041418	0.0505669671749895	0.8300105970251471	0.16248205435153293	True
CRA	s__Massilimicrobiota_timonensis	4	4	2	down	1.0	-3.1838462044884355	-1.7036478206486234	0.08844690181205803	0.8930366949763155	0.1564245785082094	True
CRA	s__GGB9061_SGB13979	2	4	2	up	1.0	3.128130291709123	1.6406230281158016	0.10087569174385946	0.8930366949763155	0.15368721696090298	True
CRA	s__Gemella_sanguinis	4	4	2	down	0.75	-2.3663959642519172	-1.9994207914034803	0.0455628441967878	0.819515481431413	0.1534184868418454	True
CRA	s__Enterococcus_durans	2	4	2	up	1.0	3.6101615399521325	1.5267930295275538	0.12681248544753432	0.9074592372616569	0.15225088847914522	True
CRA	s__Granulicatella_adiacens	3	4	2	down	1.0	-3.217873565419607	-1.6051466756593822	0.10846152937319613	0.8996060962242406	0.14785360028530323	True
CRA	s__GGB45596_SGB63306	1	4	2	up	1.0	3.1650274975683232	1.5519724816556353	0.1206688081901269	0.8996060962242406	0.14542544975860133	False
CRA	s__Provencibacterium_massiliense	4	4	2	up	1.0	1.6763706425747054	2.354197300224536	0.018562755434733944	0.819515481431413	0.14491023551149831	True
CRA	s__GGB4571_SGB6317	3	4	2	up	1.0	1.6085761920097685	2.0163919115224185	0.04375901064011213	0.819515481431413	0.13904989081908056	True
CRA	s__GGB1239_SGB1657	1	4	2	up	1.0	2.772815810030547	1.6437575738776962	0.10022628814615843	0.8930366949763155	0.1362303693417937	False
CRA	s__GGB1550_SGB2135	1	4	2	up	1.0	3.0599737322505023	1.5428788851418154	0.12286016481500278	0.9029711849190001	0.1356367273977197	False
CRA	s__Clostridiales_bacterium_KLE1615	4	4	2	down	1.0	-0.8674642623971905	-2.8524771603013797	0.0043379929670219275	0.7005421353943332	0.13408025403856524	True
CRA	s__GGB3818_SGB5183	1	4	2	up	1.0	1.6254568075877978	1.9544050326991866	0.05065333599869861	0.8300105970251471	0.1315260527657342	False
CRA	s__GGB3281_SGB4335	3	4	2	down	1.0	-2.927634101821623	-1.539270972407412	0.12373815737449807	0.9029711849190001	0.12977062659194735	True
CRA	s__GGB9719_SGB53514	2	4	2	up	1.0	3.5127338052036587	1.501924912750578	0.13311650186020704	0.9192303434306766	0.12848051585756048	True
CRA	s__Turicibacter_bilis	4	4	2	down	1.0	-2.5679195453295933	-1.849511346772973	0.06438401089923432	0.8930366949763155	0.12616367334417625	True
CRA	s__Lacticaseibacillus_paracasei	4	4	2	down	0.75	-3.386700373640914	-1.7947147187647898	0.0726991642485085	0.8930366949763155	0.12479320869838346	True
CRA	s__Fusobacterium_periodonticum	2	4	2	down	0.5	-5.0776252813329705	1.6344501844674373	0.10216435811573611	0.8930366949763155	0.12473363087315907	False
CRA	s__GGB9466_SGB14859	1	4	2	down	1.0	-3.343429353769591	-1.4959253261152554	0.134673115679175	0.9192303434306766	0.12228809580426551	False
CRA	s__Bacteroides_bouchesdurhonensis	1	4	2	up	1.0	1.5018769186210394	1.9753693807697015	0.04822624492698073	0.8300105970251471	0.12152641763476657	False
CRA	s__Blautia_sp_MCC283	4	4	2	down	1.0	-2.453850763049563	-1.700553314053773	0.08902689710387736	0.8930366949763155	0.12055939473174077	True
CRA	s__Alistipes_shahii	4	4	2	up	1.0	0.7670760599980183	2.7640956948038755	0.0057080796348275495	0.7005421353943332	0.11856367743290806	True
CRA	s__GGB1691_SGB2323	1	4	2	up	1.0	2.3848014571228644	1.7133689045799	0.08664469320155734	0.8930366949763155	0.11716695430523978	False
CRA	s__Merdimonas_faecis	4	4	2	down	1.0	-2.358707080360818	-1.858881588089021	0.06304392442253312	0.8930366949763155	0.11588491942532529	True
CRA	s__Fusobacterium_ulcerans	1	4	2	up	1.0	2.4775813929744497	1.552332844503666	0.12058260293455934	0.8996060962242406	0.113838944105121	False
CRA	s__Lactobacillus_gasseri	4	4	2	down	1.0	-2.2635252641983357	-1.6480177715008775	0.09934902442737006	0.8930366949763155	0.1112085705948219	True
CRA	s__GGB9116_SGB14049	2	4	2	up	1.0	2.2152558113357985	1.6457527028131722	0.0998146835567081	0.8930366949763155	0.10883705880251238	True
CRA	s__Streptococcus_parasanguinis	4	4	2	down	1.0	-1.0526638075658945	-2.5926361885596942	0.009524346362467113	0.7926674044800452	0.10622325236429166	True
CRA	s__Porphyromonas_bobii	2	4	2	down	0.5	-5.625092909652929	1.5122448313014758	0.13047158997592892	0.9192303434306766	0.10287070966042262	False
CRA	s__GGB1332_SGB1789	1	4	2	up	1.0	2.0648979464422315	1.7782260598842774	0.07536673452755085	0.8930366949763155	0.10144987232088723	False
CRA	s__Klebsiella_pneumoniae	3	4	2	down	1.0	-1.1618392940835904	-2.3241241711803053	0.02011883991263473	0.819515481431413	0.10043268562230455	True
CRA	s__Lentihominibacter_faecis	4	4	2	down	1.0	-1.1579125175959866	-2.095503517801723	0.03612625606708742	0.819515481431413	0.10009324391939706	True
CRA	s__GGB3649_SGB4958	3	4	2	up	0.6666666666666666	1.7252160979898885	2.2055598062522552	0.02741483596451064	0.819515481431413	0.09942171686008947	True
CRA	s__Clostridium_sp_NSJ_42	4	4	2	down	1.0	-2.1573594850405877	-1.575416816685593	0.1151602652275238	0.8996060962242406	0.0991255126990376	True
CRA	s__Blautia_SGB71764	1	4	2	up	1.0	1.9460742892944554	1.683664322804576	0.09224656001733608	0.8930366949763155	0.0956119833990097	False
CRA	s__GGB9606_SGB15038	1	4	2	up	1.0	2.038640442892363	1.5711903060410912	0.11613845111620563	0.8996060962242406	0.09367065642604143	False
CRA	s__Blautia_wexlerae	4	4	2	down	1.0	-1.0747069962254032	-2.13084057928819	0.03310227802746648	0.819515481431413	0.0929007225333451	True
CRA	s__Massiliimalia_timonensis	4	4	2	down	0.75	-1.3733099167074327	-2.150509046799096	0.03151497116611144	0.819515481431413	0.08903460476140575	True
CRA	s__Erysipelotrichaceae_bacterium_7770_A6	2	4	2	up	1.0	1.7795344836393012	1.7485867116859868	0.08036248492361894	0.8930366949763155	0.08742976691263506	True
CRA	s__Blautia_obeum	4	4	2	down	1.0	-0.9861175945130278	-2.10750168027804	0.03507411619587073	0.819515481431413	0.08524280325229268	True
CRA	s__Ligaoa_zhengdingensis	3	4	2	up	0.6666666666666666	2.5513605615713013	1.8246700200030017	0.06805084001315255	0.8930366949763155	0.08356674596983428	True
CRA	s__GGB9724_SGB15278	4	4	2	up	1.0	0.9331652853377094	2.097314513181264	0.03596574295448023	0.819515481431413	0.0806654553802924	True
CRA	s__Streptococcus_oralis	4	4	2	down	0.75	-2.18620622480483	-1.844162858498959	0.06515940941678386	0.8930366949763155	0.08055737430839557	True
CRA	s__GGB49418_SGB69331	2	4	2	up	1.0	1.6259094891369328	1.7861538721267392	0.07407434749316835	0.8930366949763155	0.07988206408092115	True
CRA	s__Intestinimonas_gabonensis	4	4	2	up	0.75	1.224116448724415	2.081177582584806	0.03741765465620855	0.819515481431413	0.07936207469863675	True
CRA	s__Segatella_brunsvicensis	3	4	2	up	1.0	1.5883028489344537	1.7251355179507486	0.08450305298224789	0.8930366949763155	0.07803442369097717	True
CRA	s__GGB3169_SGB4183	1	4	2	up	1.0	1.5856098294778243	1.7226394834362666	0.08495374024082566	0.8930366949763155	0.07790211377197925	False
CRA	s__Lachnospiraceae_bacterium_oral_taxon_096	2	4	2	down	0.5	-3.1643945191415632	1.8167945130542038	0.06924858330254952	0.8930366949763155	0.07773445183887884	False
CRA	s__GGB9747_SGB15356	4	4	2	up	1.0	0.9542740451022871	1.9427363945509972	0.05204801648145887	0.8300105970251471	0.07721638484836492	True
CRA	s__Dorea_longicatena	4	4	2	down	1.0	-0.879231489442141	-2.18690114613015	0.028749741252890884	0.819515481431413	0.07600326501095253	True
CRA	s__Paraprevotella_clara	4	4	2	up	1.0	0.8745510181081478	2.3399592069516517	0.01928584626487002	0.819515481431413	0.07559867178670467	True
CRA	s__Methanobrevibacter_smithii	4	4	2	down	0.5	-2.9495064990734146	1.6318725871889366	0.10270632993678956	0.8930366949763155	0.072455652894659	False
CRA	s__Bifidobacterium_adolescentis	4	4	2	down	1.0	-0.8597984144177857	-1.955336694702489	0.05054334277138344	0.8300105970251471	0.06957176043971876	True
CRA	s__GGB9469_SGB14863	3	4	2	up	0.6666666666666666	1.1971877001357916	2.007613313739339	0.04468439867465079	0.819515481431413	0.06899220143491844	True
CRA	s__GGB6612_SGB9346	4	4	2	up	1.0	1.360951560679253	1.6555739587829623	0.09780812744272113	0.8930366949763155	0.06686449676784793	True
CRA	s__Clostridiaceae_bacterium	4	4	2	down	1.0	-0.7671787127159407	-2.3810258699453364	0.01726449945854804	0.819515481431413	0.06631710500986111	True
CRA	s__Bacteroides_caccae	4	4	2	up	1.0	0.7623703134783913	2.146048360220326	0.031869120589891185	0.819515481431413	0.06590145333459889	True
CRA	s__Propionibacterium_freudenreichii	2	4	2	down	1.0	-1.4070937774458363	-1.6003684476597424	0.10951687044498024	0.8996060962242406	0.06465259641339743	True
CRA	s__Colidextribacter_sp_210702_DFI_3_9	4	4	2	up	1.0	1.277893468248616	1.7897710825693098	0.07349071975404019	0.8930366949763155	0.06278379491678418	True
CRA	s__GGB9819_SGB15460	3	4	2	up	0.6666666666666666	1.0770610908859553	2.242721131221539	0.024914803104646763	0.819515481431413	0.0620694781041338	True
CRA	s__Gemmiger_SGB15295	4	4	2	down	0.75	-0.9532536510524909	-2.0166483769428223	0.04373222071864859	0.819515481431413	0.061801463039246815	True
CRA	s__Bifidobacterium_dentium	4	4	2	down	0.75	-0.9337317360311416	-2.0037888510051403	0.045092683629110765	0.819515481431413	0.0605358157392704	True
CRA	s__Angelakisella_massiliensis	4	4	2	up	1.0	1.2194548452261982	1.8001644133045884	0.07183468115422906	0.8930366949763155	0.05991266472148926	True
CRA	s__Eisenbergiella_massiliensis	4	4	2	up	1.0	1.2005450826234583	1.6393680925911003	0.10113662261605184	0.8930366949763155	0.058983614932383896	True
CRA	s__Enterococcus_faecalis	4	4	2	up	0.75	1.5896123468684078	1.7096398576124239	0.08733249046357842	0.8930366949763155	0.05857407017645709	True
CRA	s__Brachyspira_aalborgi	1	4	2	down	1.0	-1.267875446287291	-1.5856800453883664	0.11281190800451357	0.8996060962242406	0.05825584679939624	False
CRA	s__Streptococcus_gallolyticus	1	4	2	down	1.0	-0.1929149403007256	-3.0943796137970154	0.001972249569673823	0.5052594564317986	0.05719649207886289	False
CRA	s__GGB9454_SGB14846	3	4	2	up	0.6666666666666666	1.724657652587621	1.6449683003161624	0.0999763484089116	0.8930366949763155	0.05648908668947953	True
CRA	s__Phascolarctobacterium_faecium	4	4	2	down	0.75	-0.9189570918914824	-1.9837813999940708	0.04728021451928229	0.8280258621732202	0.056485603422291246	True
CRA	s__Enterobacter_ludwigii	1	4	2	up	1.0	1.5249472957946397	1.497149749491886	0.1343542972596377	0.9192303434306766	0.05577593580505539	False
CRA	s__Clostridium_SGB4750	4	4	2	down	1.0	-0.6407997865416032	-2.118741086884335	0.034112353997706894	0.819515481431413	0.05539255199604431	True
CRA	s__GGB9695_SGB15211	3	4	2	up	1.0	1.1200445751156902	1.6389409509270907	0.10122555804696848	0.8930366949763155	0.055028569007474715	True
CRA	s__GGB33512_SGB15201	4	4	2	up	0.75	0.8418657759769864	2.083750712944849	0.03718284867057611	0.819515481431413	0.054579950027575194	True
CRA	s__Traorella_massiliensis	1	4	2	up	1.0	1.0920535127981552	1.732939106331905	0.08310649257880758	0.8930366949763155	0.05365334864700477	False
CRA	s__Sutterella_parvirubra	1	4	2	up	1.0	1.0906309312940432	1.651400078657956	0.09865690879138546	0.8930366949763155	0.05358345622825019	False
CRA	s__GGB45599_SGB63311	1	4	2	down	1.0	-1.0902101142775973	-1.6465257758448624	0.09965555776779579	0.8930366949763155	0.05356278119553855	False
CRA	s__Eubacteriaceae_bacterium_CHKCI004	1	4	2	up	1.0	1.0881898934808067	1.6347995519406382	0.10209107474436208	0.8930366949763155	0.053463526342654645	False
CRA	s__Alistipes_communis	4	4	2	up	1.0	0.59100495195271	2.006824281363802	0.0447683764705143	0.819515481431413	0.05108814518750581	True
CRA	s__Lactonifactor_longoviformis	3	4	2	up	0.6666666666666666	0.8835871801571409	2.0274527335404784	0.042616133640608	0.819515481431413	0.05091985551789292	True
CRA	s__Enterobacter_hormaechei	3	4	2	down	0.6666666666666666	-0.8807455826451664	2.20954032563578	0.02713708076574874	0.819515481431413	0.05075609834938805	True
CRA	s__Streptococcus_salivarius	4	4	2	down	0.75	-1.3429855972505857	-1.8296487303074258	0.06730248196836217	0.8930366949763155	0.049486362366458744	True
CRA	s__GGB9790_SGB15413	4	4	2	up	1.0	0.9903868444397804	1.7380619899257377	0.08219989149627502	0.8930366949763155	0.04865839451766487	True
CRA	s__GGB1662_SGB2276	4	4	2	down	0.75	-1.2670920951350386	1.7110845881986814	0.08706549878656096	0.8930366949763155	0.046689836957222515	True
CRA	s__Veillonella_dispar	4	4	2	down	0.75	-1.2666090849857796	-1.7473335515480892	0.08057949639622682	0.8930366949763155	0.04667203898878425	True
CRA	s__Anaerotruncus_rubiinfantis	4	4	2	up	1.0	0.9430050511532999	1.6257750800472548	0.1039975114360097	0.8930366949763155	0.04633049405772677	True
CRA	s__Anaerotruncus_colihominis	4	4	2	up	1.0	0.9244174431845747	1.7182823421223399	0.08574512856931651	0.8930366949763155	0.0454172719498609	True
CRA	s__Streptococcus_sanguinis	4	4	2	down	1.0	-2.2067335548802336	-1.4633862208708026	0.14336172691166962	0.9540722925971613	0.04505866662788755	True
CRA	s__Hydrogenoanaerobacterium_SGB53821	3	4	2	up	0.6666666666666666	1.5177207110441957	1.5348182715359868	0.12482847334717957	0.9029711849190001	0.044849768519281394	True
CRA	s__Phocaeicola_massiliensis	4	4	2	up	1.0	0.5047639750383867	2.3000817395293227	0.021443589601169873	0.819515481431413	0.0436332304103047	True
CRA	s__Ruminococcus_SGB4421	4	4	2	down	1.0	-1.180230433490202	-1.5149972449581073	0.1297731018142257	0.9192303434306766	0.0431676931229413	True
CRA	s__Clostridiaceae_unclassified_SGB15090	4	4	2	up	0.75	1.1468130295209886	1.636402639881456	0.10175534706088604	0.8930366949763155	0.0422577913431359	True
CRA	s__Anaerobutyricum_hallii	4	4	2	down	0.75	-1.112657788796779	-1.6884961118508268	0.09131603471175116	0.8930366949763155	0.040999238293384546	True
CRA	s__Bilophila_wadsworthia	4	4	2	up	1.0	0.5040921403469901	1.9348725620911091	0.05300593594826259	0.8300105970251471	0.040789302515187816	True
CRA	s__Enterocloster_citroniae	4	4	2	up	1.0	0.4384491812874483	2.1697815504160047	0.03002339867539047	0.819515481431413	0.037900791451826184	True
CRA	s__Sutterella_wadsworthensis	4	4	2	up	1.0	0.7638254303445103	1.6270410863841502	0.1037283719612424	0.8930366949763155	0.03752727466139945	True
CRA	s__Intestinibacillus_sp_Marseille_P6563	3	4	2	up	1.0	1.0208001604980987	1.5011047852796655	0.1333284613227816	0.9192303434306766	0.03733642754654231	True
CRA	s__GGB3550_SGB4746	4	4	2	up	0.75	1.0087465524182715	1.7457755762535723	0.08084995655538507	0.8930366949763155	0.037170314805373306	True
CRA	s__GGB3593_SGB4817	3	4	2	down	1.0	-1.4150936835979058	-1.4728253528322122	0.14079813424940713	0.9417201843515624	0.03690298435454113	True
CRA	s__Bacteroides_uniformis	4	4	2	up	1.0	0.4555836253152723	1.947008450189304	0.05153372160110412	0.8300105970251471	0.036864169913776314	True
CRA	s__Eggerthella_lenta	4	4	2	down	0.75	-1.0688457656746346	-1.5938579159850388	0.1109678621421958	0.8996060962242406	0.036833181460958604	True
CRA	s__GGB3304_SGB4367	4	4	2	up	0.75	1.057014968389149	1.578964393784082	0.11434422433527074	0.8996060962242406	0.03642548381435843	True
CRA	s__Oscillibacter_sp_ER4	4	4	2	up	1.0	0.4171191253121287	2.4171376982613357	0.015643098154596285	0.819515481431413	0.03605696088336091	True
CRA	s__Hydrogeniiclostridium_mannosilyticum	4	4	2	down	0.75	-0.9633220890714032	-1.7044973476285525	0.0882882111605696	0.8930366949763155	0.035496513196415606	True
CRA	s__GGB3061_SGB4063	4	4	2	up	0.75	0.9531002127116877	1.6219467802158276	0.10481474387883043	0.8942847698892519	0.034686294297583666	True
CRA	s__Ruminococcus_bicirculans	4	4	2	down	0.75	-0.9368634406136733	-1.8655065745705193	0.06211043150834452	0.8930366949763155	0.034521564345149816	True
CRA	s__Phascolarctobacterium_succinatutens	4	4	2	up	0.75	0.5342664492045389	1.9917148169661314	0.04640235706401265	0.8234871633626778	0.03379629297504818	True
CRA	s__GGB33544_SGB53490	1	4	2	up	1.0	2.338026046285577	1.4431446705769495	0.1489797219149005	0.9685149196701281	0.032483796759759286	False
CRA	s__Ruminococcus_bromii	4	4	2	down	0.75	-0.8756906847949966	-1.7603888747305196	0.07834189436568506	0.8930366949763155	0.03226746931420132	True
CRA	s__Desulfovibrio_piger	4	4	2	up	1.0	0.6413809330682039	1.6969976995510665	0.08969709545343532	0.8930366949763155	0.03151149134558025	True
CRA	s__GGB9719_SGB15273	4	4	2	up	1.0	0.6362156532032983	1.6785265712897375	0.09324434770812375	0.8930366949763155	0.03125771755317603	True
CRA	s__GGB9198_SGB14137	3	4	2	down	0.6666666666666666	-0.9445543761104932	1.8061961788362497	0.07088770159470016	0.8930366949763155	0.0309377423136573	True
CRA	s__Butyricimonas_virosa	4	4	2	up	1.0	0.6148179507024356	1.8754348829250347	0.06073291996413221	0.8930366949763155	0.030206433546422537	True
CRA	s__GGB9775_SGB15395	4	4	2	up	0.75	0.4657445951757684	2.102355980661361	0.035522104157458094	0.819515481431413	0.030195213364988455	True
CRA	s__Lachnoclostridium_SGB4602	1	4	2	down	1.0	-0.6121833078753325	-1.832542934693184	0.06687057119519095	0.8930366949763155	0.03007699171183634	False
CRA	s__Clostridium_perfringens	2	4	2	down	0.5	-1.6307092922006057	1.5057359486686277	0.13213497168788343	0.9192303434306766	0.029822124688936413	False
CRA	s__GGB3730_SGB5060	4	4	2	down	0.75	-0.8591309579041558	-1.5549640771469333	0.11995462502730347	0.8996060962242406	0.02960626077911021	True
CRA	s__GGB9453_SGB14844	4	4	2	up	0.75	0.8518471975342441	1.6093009902117408	0.1075505426843576	0.8996060962242406	0.029355257242361613	True
CRA	s__Bacteroides_nordii	4	4	2	up	0.75	0.8340298944832183	1.5483511939941812	0.12153776506805118	0.8996060962242406	0.02874126037069033	True
CRA	s__GGB9343_SGB14307	4	4	2	down	0.75	-0.8050385938165765	1.5676738649877673	0.11695726397523586	0.8996060962242406	0.027742199633831233	True
CRA	s__Alistipes_ihumii	4	4	2	up	0.75	0.7049313317803552	1.8030575586967552	0.07137917559631243	0.8930366949763155	0.02597532497695429	True
CRA	s__Streptococcus_vestibularis	4	4	2	down	0.75	-2.458784979337613	-1.442647750180547	0.1491197249030895	0.9685149196701281	0.0256211874772447	True
CRA	s__Allisonella_histaminiformans	4	4	2	up	0.75	0.6897210248811335	1.7232596919454855	0.08484157347272436	0.8930366949763155	0.0254148552589909	True
CRA	s__Olsenella_uli	2	4	2	down	0.5	-4.587700358968336	1.4267961320490095	0.15363866642501575	0.9749592932067306	0.025263357297109018	False
CRA	s__GGB9620_SGB15068	2	4	2	up	0.5	0.9695562948149405	1.884107538678171	0.05955043072178767	0.8930366949763155	0.02381748756309299	False
CRA	s__GGB9781_SGB15402	4	4	2	up	0.75	0.3508687633739135	2.3294469490813783	0.019835400342352334	0.819515481431413	0.022747568695213008	True
CRA	s__GGB3532_SGB4720	3	4	2	down	0.6666666666666666	-0.7368333801137483	1.593423878103138	0.11106513255111693	0.8996060962242406	0.022570488625563496	True
CRA	s__Parabacteroides_johnsonii	4	4	2	up	0.75	0.6372933485927447	1.5625614578390254	0.11815577975199114	0.8996060962242406	0.0219615797773802	True
CRA	s__Lachnospira_eligens	4	4	2	down	0.5	-0.9268871109908434	-1.610123081424035	0.10737098911035708	0.8996060962242406	0.021294123841713048	False
CRA	s__GGB9730_SGB15291	4	4	2	up	1.0	0.4225938103410365	1.679495893226012	0.09305543856942516	0.8930366949763155	0.020762327831534214	True
CRA	s__Bacteroides_stercoris	4	4	2	up	1.0	1.4904393716603863	1.439892284221807	0.149897876372687	0.9685149196701281	0.020707694727642775	True
CRA	s__Dorea_formicigenerans	4	4	2	down	0.75	-0.598834474793079	-1.5590503659318715	0.1189844598490308	0.8996060962242406	0.020636259770566042	True
CRA	s__GGB3034_SGB4030	4	4	2	up	0.75	0.5328178919562405	1.8688295850376127	0.061646527389509626	0.8930366949763155	0.01963328521963245	True
CRA	s__Vescimonas_coprocola	4	4	2	up	0.75	0.298191092902364	2.4263311579575593	0.015252345576596436	0.819515481431413	0.019332363202900847	True
CRA	s__Holdemania_filiformis	4	4	2	up	0.75	0.512649448088823	1.6983140570627318	0.089448503009772	0.8930366949763155	0.018890117963309017	True
CRA	s__Alistipes_sp_AF17_16	4	4	2	up	0.75	0.5548285644169836	1.536434318831584	0.12443189514944333	0.9029711849190001	0.018445043322875297	True
CRA	s__Luoshenia_tenuis	4	4	2	up	0.75	0.6067321035308804	1.485603579106065	0.13738400779988333	0.9329495631716567	0.013716013902171725	True
CRA	s__Veillonella_atypica	4	4	2	up	0.75	0.3347268471459298	1.8824912199241401	0.05976935088612726	0.8930366949763155	0.012334022111299681	True
CRA	s__Odoribacter_splanchnicus	4	4	2	up	0.75	0.11645389325845203	2.6934998949154014	0.007070616774021521	0.7239223789402035	0.012254559433794967	True
CRA	s__Candidatus_Nanosynsacchari_sp_TM7_ANC_38_39_G1_1	4	4	2	up	0.75	0.2773247523964884	1.784482699455693	0.0743452635632238	0.8930366949763155	0.010218868481074539	True
CRA	s__Lancefieldella_parvula	4	4	2	down	0.5	-1.2865816695264234	1.4424259818282237	0.14918223860252972	0.9685149196701281	0.008937680042984288	False
CRA	s__GGB52130_SGB14966	4	4	2	up	1.0	0.7264621712642461	1.4340441459483422	0.15155966532797518	0.9723193701833449	0.008856345595363638	True
CRA	s__Solobacterium_SGB6828	3	4	2	up	0.6666666666666666	0.15367381843819874	2.0168981881746983	0.043706139199658024	0.819515481431413	0.008856000638628948	True
CRA	s__Actinomyces_bouchesdurhonensis	4	4	2	up	0.5	0.20367651778155058	2.1454796653134265	0.031914515554866345	0.819515481431413	0.008803188092865651	False
CRA	s__Bacteroides_thetaiotaomicron	4	4	2	up	0.75	0.25039247473553594	1.586329915188002	0.11266448960340983	0.8996060962242406	0.008628701871285673	True
CRA	s__Fusicatenibacter_saccharivorans	4	4	2	down	0.75	-0.40826246781737885	-1.478969422043523	0.13914848743656744	0.9391010126091458	0.008355405101677947	True
CRA	s__Saccharomyces_cerevisiae	1	4	2	up	1.0	0.17117007317019645	1.5478445502810712	0.12165972751342097	0.8996060962242406	0.007864855801446687	False
CRA	s__Clostridiales_bacterium	4	4	2	down	0.75	-0.21190896261308395	-1.8387784213576992	0.06594778337025745	0.8930366949763155	0.007808426042721552	True
CRA	s__Collinsella_bouchesdurhonensis	4	4	2	up	0.75	0.19506443099620951	1.6005281137047611	0.10948147526278251	0.8996060962242406	0.006722058330770567	True
CRA	s__Brotolimicola_acetigignens	4	4	2	up	0.75	0.30390264770683284	1.4769054751714585	0.13970097708235227	0.9391010126091458	0.006219601195863387	True
CRA	s__Candidatus_Cibionibacter_quicibialis	4	4	2	down	1.0	-0.15302647177191028	-1.5019717741993182	0.13310439854277223	0.9192303434306766	0.0055970423958662495	True
CRA	s__Actinomyces_SGB17132	4	4	2	up	0.75	0.1530273483776192	1.6104770672019935	0.10729374796947415	0.8996060962242406	0.005273430715913009	True
CRA	s__GGB3033_SGB4029	4	4	2	down	0.75	-0.5575584170740437	-1.4326855169775725	0.15194773027658584	0.9723193701833449	0.005097922052794152	True
CRA	s__TM7_phylum_sp_oral_taxon_352	4	4	2	down	0.75	-0.13256649729759284	1.7617684562664049	0.0781084263060307	0.8930366949763155	0.004884813162815171	True
CRA	s__Enterocloster_asparagiformis	4	4	2	up	0.5	0.49189968985230054	-1.451184502749781	0.14672849101542065	0.9685149196701281	0.0034171496029174347	False
CRA	s__Veillonella_ratti	1	4	2	down	1.0	-0.1600560665614625	-1.4440772603630279	0.14871724377314885	0.9685149196701281	0.002223768526706137	False
CRA	s__Wansuia_hejianensis	4	4	2	up	0.75	0.029209227653762607	-2.0358188003183404	0.041768553871698866	0.819515481431413	0.0018936963957660769	True
CRA	s__Sutterella_seckii	1	4	2	up	1.0	0.033446927990437796	1.549902795831812	0.12116484851192597	0.8996060962242406	0.001536806409988534	False
CRA	s__Flavonifractor_plautii	4	4	2	down	0.75	-0.16024988913143806	-1.426149188416358	0.15382528292517914	0.9749592932067306	0.0013236861245859658	True
CRA	s__Neisseria_sicca	1	4	2	down	1.0	-19.418740333594457	-0.001231732842224367	0.9990172196306621	0.9998916452646159	0.000913853946267245	False
CRA	s__GGB1543_SGB2126	1	4	2	down	1.0	-18.322518597432914	-0.0017721821887114369	0.998586003932837	0.9998916452646159	0.0008622652982722942	False
CRA	s__Prevotella_jejuni	1	4	2	down	1.0	-18.070410510125964	-0.0015523099111506306	0.9987614363857324	0.9998916452646159	0.0008504009874821258	False
CRA	s__GGB1144_SGB1468	1	4	2	down	1.0	-18.01817553923096	-0.0013704278999787957	0.9989065570791743	0.9998916452646159	0.0008479427881620096	False
CRA	s__Lautropia_mirabilis	1	4	2	down	1.0	-17.698429567419026	-0.001521865454229268	0.9987857275191755	0.9998916452646159	0.0008328954105708957	False
CRA	s__Alloprevotella_tannerae	1	4	2	down	1.0	-17.00412900545299	-0.0012757296189562489	0.9989821153093748	0.9998916452646159	0.0008002213391559461	False
CRA	s__Prevotella_nanceiensis	1	4	2	down	1.0	-16.904874168324532	-0.0012800457162145695	0.9989786715648212	0.9998916452646159	0.0007955503654965972	False
CRA	s__Limosilactobacillus_reuteri	1	4	2	down	1.0	-16.81787759557192	-0.0014791914058155226	0.9988197764452171	0.9998916452646159	0.0007914562708253708	False
CRA	s__GGB1680_SGB2312	1	4	2	down	1.0	-16.59724558567657	-0.0015005272240322003	0.9988027529441637	0.9998916452646159	0.0007810732372479081	False
CRA	s__Porphyromonas_sp_oral_taxon_278	1	4	2	down	1.0	-16.50177893548683	-0.00107846702478142	0.999139507978397	0.9998916452646159	0.0007765805372316316	False
CRA	s__GGB1144_SGB1469	1	4	2	down	1.0	-16.49486207958619	-0.0013253186404606993	0.9989425490281956	0.9998916452646159	0.0007762550271340675	False
CRA	s__Prevotella_salivae	1	4	2	down	1.0	-16.493324313592677	-0.0011432960054802465	0.9990877819675303	0.9998916452646159	0.0007761826592308221	False
CRA	s__Alistipes_sp_An31A	1	4	2	down	1.0	-16.41910876319547	-0.0012871131033983126	0.9989730326103474	0.9998916452646159	0.0007726900447543027	False
CRA	s__Neisseria_elongata	1	4	2	down	1.0	-16.38823800820691	-0.0017470921654493328	0.998606022844035	0.9998916452646159	0.0007712372542650174	False
CRA	s__Rothia_aeria	1	4	2	down	1.0	-16.056090077259014	-0.0011615644124340818	0.9990732058973508	0.9998916452646159	0.0007556062353509781	False
CRA	s__Abiotrophia_sp_HMSC24B09	1	4	2	down	1.0	-16.031747112014457	-0.0010878686988558411	0.9991320065322079	0.9998916452646159	0.0007544606453451166	False
CRA	s__Capnocytophaga_leadbetteri	1	4	2	down	1.0	-15.967215543366931	-0.0011582303272498569	0.9990758661106542	0.9998916452646159	0.0007514237630523278	False
CRA	s__Prevotella_denticola	1	4	2	down	1.0	-15.721030394280053	-0.0011579326192236053	0.9990761036471327	0.9998916452646159	0.0007398381881828692	False
CRA	s__GGB4717_SGB6533	2	4	2	down	1.0	-15.590818206517314	-0.0017332710041445532	0.9986170505185552	0.9998916452646159	0.0007337103488073558	True
CRA	s__Capnocytophaga_gingivalis	1	4	2	down	1.0	-15.571837340497517	-0.0012386595874050242	0.999011692891842	0.9998916452646159	0.0007328171014072784	False
CRA	s__Prevotella_nigrescens	1	4	2	down	1.0	-15.496062218863424	-0.0011407205417363843	0.9990898368889485	0.9998916452646159	0.0007292510928637479	False
CRA	s__Prevotella_shahii	1	4	2	down	1.0	-15.467798833468773	-0.0010731322469148261	0.9991437645128289	0.9998916452646159	0.0007279210062652321	False
CRA	s__GGB4936_SGB6889	1	4	2	down	1.0	-15.412999138193415	-0.0012404711896447415	0.9990102474434951	0.9998916452646159	0.0007253421099557227	False
CRA	s__Prevotella_vespertina	1	4	2	down	1.0	-15.351012770100029	-0.0010563547015042239	0.999157151049692	0.9998916452646159	0.0007224250058529959	False
CRA	s__Tannerella_serpentiformis	1	4	2	down	1.0	-15.269501944522219	-0.001731060890262419	0.9986188139316539	0.9998916452646159	0.0007185890727111887	False
CRA	s__Dakarella_massiliensis	1	4	2	down	1.0	-15.243580198928733	-0.0011772864973117571	0.999060661497141	0.9998916452646159	0.000717369184649564	False
CRA	s__GGB5997_SGB8620	1	4	2	down	1.0	-15.180184213314337	-0.0015276638553444024	0.9987811010698264	0.9998916452646159	0.0007143857433636743	False
CRA	s__Neisseria_sp_oral_taxon_014	1	4	2	down	1.0	-15.156702002350537	-0.0010603295150844352	0.9991539796090805	0.9998916452646159	0.0007132806608100328	False
CRA	s__Selenomonas_SGB5880	1	4	2	down	1.0	-15.108403589513983	-0.0011762731972785826	0.9990614699930331	0.9998916452646159	0.0007110077175392084	False
CRA	s__Corynebacterium_matruchotii	1	4	2	down	1.0	-15.089848759464376	-0.0011875657442632977	0.9990524598504352	0.9998916452646159	0.0007101345195679777	False
CRA	s__Kingella_denitrificans	1	4	2	down	1.0	-14.936288896374725	-0.0010677730371473541	0.9991480405411106	0.9998916452646159	0.0007029079289415012	False
CRA	s__Slackia_exigua	1	4	2	down	1.0	-14.839418037782256	-0.001236680424154711	0.9990132720344332	0.9998916452646159	0.0006983491462974038	False
CRA	s__Mediterraneibacter_SGB4598	1	4	2	down	1.0	-14.813684587348911	-0.0012294623487888489	0.999019031220948	0.9998916452646159	0.0006971381194838416	False
CRA	s__Alloprevotella_SGB1484	1	4	2	down	1.0	-14.77438201633672	-0.0014809785505364033	0.9988183505115983	0.9998916452646159	0.0006952885242474398	False
CRA	s__Prevotella_oris	1	4	2	down	1.0	-14.716438972404513	-0.001117876389865396	0.999108063873408	0.9998916452646159	0.0006925617006509279	False
CRA	s__Neisseria_bacilliformis	1	4	2	down	1.0	-14.549592092213596	-0.0015799574912322041	0.9987393768354961	0.9998916452646159	0.0006847098175078659	False
CRA	s__Porphyromonas_gingivalis	1	4	2	down	1.0	-14.53855086256938	-0.0013348147289041997	0.9989349722525405	0.9998916452646159	0.0006841902126772399	False
CRA	s__Porphyromonas_endodontalis	1	4	2	down	1.0	-14.534816839327446	-0.0012844092091977496	0.9989751900040008	0.9998916452646159	0.000684014488000125	False
CRA	s__TM7_phylum_sp_oral_taxon_351	1	4	2	down	1.0	-14.528787678612614	-0.0010683563567305226	0.9991475751196867	0.9998916452646159	0.0006837307532049079	False
CRA	s__Pauljensenia_hongkongensis	1	4	2	down	1.0	-14.436136414199241	-0.0015792854294232133	0.9987399130625684	0.9998916452646159	0.0006793705464069246	False
CRA	s__Leptotrichia_sp_oral_taxon_215	1	4	2	down	1.0	-14.217862123899781	-0.0017188071875609153	0.9986285909573067	0.9998916452646159	0.000669098468088139	False
CRA	s__Ruminococcus_champanellensis	1	4	2	down	1.0	-14.213104985003595	-0.0014580410543118553	0.9988366519659383	0.9998916452646159	0.0006688745951654602	False
CRA	s__Leptotrichia_wadei	1	4	2	down	1.0	-14.212375847332977	-0.0016386350674983219	0.99869255896396	0.9998916452646159	0.0006688402816453133	False
CRA	s__Prevotella_intermedia	1	4	2	down	1.0	-14.076941226379434	-0.0013821079426244868	0.9988972377623038	0.9998916452646159	0.0006624666724053006	False
CRA	s__Aggregatibacter_sp_2125159857	1	4	2	down	1.0	-14.055439051973579	-0.0016842447272136017	0.9986561677708797	0.9998916452646159	0.0006614547711904662	False
CRA	s__Prevotella_veroralis	1	4	2	down	1.0	-14.039759392195641	-0.00152953841260872	0.9987796053912743	0.9998916452646159	0.0006607168799205878	False
CRA	s__GGB1661_SGB2275	1	4	2	down	1.0	-13.86865600039574	-0.0014971971794988097	0.998805409932299	0.9998916452646159	0.0006526646835819024	False
CRA	s__Candidatus_Nanoperiomorbus_periodonticus	1	4	2	down	1.0	-13.81724713539055	-0.00155086960944759	0.9987625855788409	0.9998916452646159	0.0006502453611464076	False
CRA	s__Catonella_massiliensis	1	4	2	down	1.0	-13.796995167571573	-0.0011350610006355965	0.9990943525464906	0.9998916452646159	0.000649292295170288	False
CRA	s__Alloprevotella_SGB1483	1	4	2	down	1.0	-13.766168064386578	-0.0012483690288753204	0.9990039458843886	0.9998916452646159	0.0006478415589529209	False
CRA	s__Capnocytophaga_granulosa	1	4	2	down	1.0	-13.75461655750191	-0.001216396941558156	0.9990294558998626	0.9998916452646159	0.000647297940264451	False
CRA	s__Eubacterium_saphenum	1	4	2	down	1.0	-13.746687149586554	-0.0010600800502285155	0.9991541786531256	0.9998916452646159	0.0006469247790505655	False
CRA	s__Oribacterium_SGB5287	1	4	2	down	1.0	-13.704420032976245	-0.0012474801894025562	0.9990046550751287	0.9998916452646159	0.000644935671073008	False
CRA	s__Prevotella_conceptionensis	1	4	2	down	1.0	-13.69415450755159	-0.0011394912367275363	0.9990908177317981	0.9998916452646159	0.000644452571203569	False
CRA	s__GGB3189_SGB4212	1	4	2	down	1.0	-13.65999926992619	-0.001632231625546669	0.9986976681645966	0.9998916452646159	0.0006428452116038494	False
CRA	s__GGB1203_SGB1568	1	4	2	down	1.0	-13.628230334914559	-0.001607375435232986	0.99871750050907	0.9998916452646159	0.0006413501523914421	False
CRA	s__Selenomonas_SGB5897	1	4	2	down	1.0	-13.606675117930424	-0.001102047708123233	0.999120693326408	0.9998916452646159	0.0006403357549709502	False
CRA	s__GGB3886_SGB5269	1	4	2	down	1.0	-13.55427511196749	-0.0016883009196294583	0.9986529314021768	0.9998916452646159	0.0006378697890323248	False
CRA	s__Muribaculum_gordoncarteri	1	4	2	down	1.0	-13.550964124130072	-0.0014024757694703223	0.9988809866034779	0.9998916452646159	0.000637713972576196	False
CRA	s__Arachnia_propionica	1	4	2	down	1.0	-13.541950926648182	-0.0012091820645415859	0.9990352125346086	0.9998916452646159	0.0006372898077773567	False
CRA	s__Kingella_bonacorsii	1	4	2	down	1.0	-13.4998874152367	-0.0012239097305678105	0.9990234615659653	0.9998916452646159	0.0006353102815446104	False
CRA	s__Prevotella_sp_HJM029	1	4	2	down	1.0	-13.478622805989911	-0.0015208448069567553	0.9987865418769338	0.9998916452646159	0.0006343095602443523	False
CRA	s__Prevotella_baroniae	1	4	2	down	1.0	-13.476757720779219	-0.0014355164338160336	0.9988546239940602	0.9998916452646159	0.0006342217885634587	False
CRA	s__Capnocytophaga_sputigena	1	4	2	down	1.0	-13.457985785904198	-0.0016621599637939436	0.9986737888379749	0.9998916452646159	0.00063333837354941	False
CRA	s__Actinomyces_sp_HMT897	1	4	2	down	1.0	-13.443656496112748	-0.0012573557419226086	0.9989967755304233	0.9998916452646159	0.0006326640312492316	False
CRA	s__Prevotella_pleuritidis	1	4	2	down	1.0	-13.40846509881388	-0.0012750226781737275	0.9989826793660518	0.9998916452646159	0.0006310079095470122	False
CRA	s__Tannerella_forsythia	1	4	2	down	1.0	-13.384163686911897	-0.0014240300745279463	0.9988637887734284	0.9998916452646159	0.0006298642750586272	False
CRA	s__Aggregatibacter_segnis	1	4	2	down	1.0	-13.306690342245577	-0.0013584344749842394	0.998916126438901	0.9998916452646159	0.0006262183474372893	False
CRA	s__Lachnoanaerobaculum_sp_ICM7	1	4	2	down	1.0	-13.306690302773656	-0.0016927941125973712	0.998649346358002	0.9998916452646159	0.0006262183455797245	False
CRA	s__Selenomonas_SGB5900	1	4	2	down	1.0	-13.303176793767234	-0.001251701884340343	0.9990012866525473	0.9998916452646159	0.000626052998393676	False
CRA	s__GGB9262_SGB14210	1	4	2	down	1.0	-13.275211851027187	-0.0013402371132633327	0.9989306458196475	0.9998916452646159	0.0006247369566298384	False
CRA	s__Alloprevotella_sp_Lung230	1	4	2	down	1.0	-13.22536721473812	-0.0010465200957285883	0.9991649979254645	0.9998916452646159	0.0006223912474442524	False
CRA	s__Arachnia_SGB15898	1	4	2	down	1.0	-13.190328205614431	-0.0010462111486282026	0.9991652444294511	0.9998916452646159	0.0006207422971925421	False
CRA	s__Prevotella_loescheii	1	4	2	down	1.0	-13.159522571055481	-0.0016100224855467964	0.9987153884712259	0.9998916452646159	0.0006192925712975901	False
CRA	s__Cardiobacterium_hominis	1	4	2	down	1.0	-13.148667543457755	-0.0016648785133059824	0.9986716197522927	0.9998916452646159	0.0006187817292122329	False
CRA	s__Eikenella_corrodens	1	4	2	down	1.0	-13.137794895569593	-0.0016834406913636907	0.9986568092977612	0.9998916452646159	0.0006182700579087251	False
CRA	s__Selenomonas_felix	1	4	2	down	1.0	-13.098658514837204	-0.0013502983148210588	0.9989226181495255	0.9998916452646159	0.0006164282836555807	False
CRA	s__Porphyromonas_catoniae	1	4	2	down	1.0	-13.084484620777642	-0.0015176241948385862	0.9987891115506538	0.9998916452646159	0.0006157612543427732	False
CRA	s__GGB1202_SGB1567	1	4	2	down	1.0	-13.063614674783823	-0.0011857624770480256	0.9990538986484923	0.9998916452646159	0.0006147791060583224	False
CRA	s__Selenomonas_SGB5896	1	4	2	down	1.0	-13.056037234256953	-0.0012585241371994382	0.9989958432866086	0.9998916452646159	0.0006144225085752145	False
CRA	s__Bacteroidetes_oral_taxon_274	1	4	2	down	1.0	-13.051238115539123	-0.001088615795488142	0.9991314104356925	0.9998916452646159	0.000614196660064778	False
CRA	s__Prevotella_scopos	1	4	2	down	1.0	-13.047765941378113	-0.0012083239478898995	0.9990358972121361	0.9998916452646159	0.0006140332581136393	False
CRA	s__Prevotella_oulorum	1	4	2	down	1.0	-13.04003540344208	-0.0011123333528268707	0.9991124865743313	0.9998916452646159	0.0006136694558031778	False
CRA	s__Faecalibacillus_SGB6753	1	4	2	down	1.0	-13.031792442238574	-0.0012538451973219853	0.9989995765375522	0.9998916452646159	0.000613281538641954	False
CRA	s__Selenomonas_noxia	1	4	2	down	1.0	-13.02087648953431	-0.00173121756547025	0.9986186889231118	0.9998916452646159	0.0006127678293959015	False
CRA	s__Actinomyces_israelii	1	4	2	down	1.0	-12.919978695547815	-0.0012127646406993767	0.9990323540545003	0.9998916452646159	0.0006080195375077454	False
CRA	s__GGB9088_SGB14017	1	4	2	down	1.0	-12.908936526620362	-0.0013223489766893582	0.9989449184749932	0.9998916452646159	0.0006074998884740619	False
CRA	s__GGB12785_SGB19827	1	4	2	down	1.0	-12.846675552319976	-0.001079961976173696	0.9991383151804566	0.9998916452646159	0.0006045698612897332	False
CRA	s__GGB6123_SGB8768	1	4	2	down	1.0	-12.758889845328508	-0.0012132746463812056	0.9990319471291402	0.9998916452646159	0.0006004386296350606	False
CRA	s__Solobacterium_moorei	1	4	2	down	1.0	-12.748995410220722	-0.001344356943839657	0.9989273586733989	0.9998916452646159	0.0005999729934293129	False
CRA	s__Hallella_seregens	1	4	2	down	1.0	-12.726293429729392	-0.0014775826799323434	0.9988210600213592	0.9998916452646159	0.0005989046288441913	False
CRA	s__Alloprevotella_sp_oral_taxon_473	1	4	2	down	1.0	-12.712420612064946	-0.0011838457246356108	0.9990554279945756	0.9998916452646159	0.0005982517683109791	False
CRA	s__Campylobacter_showae	1	4	2	down	1.0	-12.680255180355346	-0.001092187875394083	0.99912856032998	0.9998916452646159	0.000596738049800085	False
CRA	s__GGB9334_SGB14297	1	4	2	down	1.0	-12.643374328353689	-0.0016863644263290266	0.9986544764980838	0.9998916452646159	0.0005950024216612657	False
CRA	s__Filifactor_alocis	1	4	2	down	1.0	-12.636274459685591	-0.0012435432961324224	0.99900779625905	0.9998916452646159	0.000594668298907222	False
CRA	s__Selenomonas_massiliensis	1	4	2	down	1.0	-12.592232842734827	-0.00127708997597825	0.9989810299023939	0.9998916452646159	0.0005925956822102049	False
CRA	s__GGB4937_SGB6891	1	4	2	down	1.0	-12.569973044228657	-0.0012043475556578677	0.9990390699117973	0.9998916452646159	0.000591548126892068	False
CRA	s__Cardiobacterium_SGB9419	1	4	2	down	1.0	-12.55535169911559	-0.0014232104123073886	0.9988644427685965	0.9998916452646159	0.0005908600403477418	False
CRA	s__Thermophilibacter_provencensis	1	4	2	down	1.0	-12.517105177937978	-0.0014655923189045472	0.9988306269349427	0.9998916452646159	0.0005890601432530425	False
CRA	s__GGB1843_SGB2524	1	4	2	down	1.0	-12.513645374417596	-0.001155461029224793	0.9990780756893142	0.9998916452646159	0.0005888973234693648	False
CRA	s__Fretibacterium_fastidiosum	1	4	2	down	1.0	-12.512872602933491	-0.0012065725935266282	0.9990372945897245	0.9998916452646159	0.0005888609565239204	False
CRA	s__Treponema_denticola	1	4	2	down	1.0	-12.505623601110575	-0.0011583909498451654	0.9990757379524513	0.9998916452646159	0.000588519815501971	False
CRA	s__Oribacterium_asaccharolyticum	1	4	2	down	1.0	-12.439502973551177	-0.0010570080402154533	0.9991566297611124	0.9998916452646159	0.0005854081514399985	False
CRA	s__Actinomyces_massiliensis	1	4	2	down	1.0	-12.405310715199956	-0.0014820157710162595	0.9988175229302995	0.9998916452646159	0.0005837990496296203	False
CRA	s__Lautropia_dentalis	1	4	2	down	1.0	-12.361509035573814	-0.0013119537773732875	0.9989532126368392	0.9998916452646159	0.000581737724482271	False
CRA	s__Actinomyces_gerencseriae	1	4	2	down	1.0	-12.35365087763883	-0.001497637676027976	0.9988050584673134	0.9998916452646159	0.0005813679163219109	False
CRA	s__Candidatus_Nanosynbacter_lyticus	1	4	2	down	1.0	-12.29937859689568	-0.0011863555262414294	0.9990534254640299	0.9998916452646159	0.0005788138403582786	False
CRA	s__GGB1026_SGB1321	1	4	2	down	1.0	-12.204660681038614	-0.0012789824844818868	0.9989795199003109	0.9998916452646159	0.0005743563760891652	False
CRA	s__Capnocytophaga_SGB2480	1	4	2	down	1.0	-12.14693182066305	-0.0012967339429641892	0.998965356297402	0.9998916452646159	0.0005716396320593554	False
CRA	s__Catonella_SGB69305	1	4	2	down	1.0	-12.142232759819267	-0.0011063707529298994	0.9991172440378039	0.9998916452646159	0.0005714184923138276	False
CRA	s__Propionibacterium_acidifaciens	2	4	2	down	1.0	-12.09964578095547	-0.002021118112176211	0.9983873821606377	0.9998916452646159	0.0005694143314864153	True
CRA	s__Cardiobacterium_sp_Marseille_Q4385	1	4	2	down	1.0	-12.05444331462075	-0.0011133408063631039	0.9991116827432067	0.9998916452646159	0.0005672870847375862	False
CRA	s__Granulicatella_SGB8239	1	4	2	down	1.0	-12.050704076206774	-0.0010635248820938877	0.9991514300765151	0.9998916452646159	0.0005671111146323196	False
CRA	s__Schaalia_cardiffensis	1	4	2	down	1.0	-12.03266147975348	-0.00128771812369028	0.9989725498743975	0.9998916452646159	0.0005662620225858482	False
CRA	s__Leptotrichia_sp_oral_taxon_221	1	4	2	down	1.0	-12.02729520096379	-0.0012964235317222622	0.9989656039695313	0.9998916452646159	0.000566009483288011	False
CRA	s__Selenomonas_flueggei	1	4	2	down	1.0	-12.002044273567462	-0.0015512379557207016	0.9987622916813901	0.9998916452646159	0.0005648211642080075	False
CRA	s__Eikenella_halliae	1	4	2	down	1.0	-11.989161533183497	-0.001450196826834501	0.9988429107473169	0.9998916452646159	0.0005642148971208343	False
CRA	s__SR1_bacterium_human_oral_taxon_HOT_345	1	4	2	down	1.0	-11.984565909548472	-0.0014590370546088123	0.9988358572735241	0.9998916452646159	0.0005639986251731034	False
CRA	s__Candidatus_Saccharibacteria_unclassified_SGB19846	1	4	2	down	1.0	-11.92704838476432	-0.0013891758785938167	0.9988915983707309	0.9998916452646159	0.0005612918266835748	False
CRA	s__GGB4333_SGB5935	1	4	2	down	1.0	-11.908820921301174	-0.0012738825005338922	0.9989835890954484	0.9998916452646159	0.0005604340347192103	False
CRA	s__Arachnia_rubra	1	4	2	down	1.0	-11.904227837715823	-0.0013648663594964955	0.9989109945423094	0.9998916452646159	0.000560217882307267	False
CRA	s__GGB4538_SGB6253	1	4	2	down	1.0	-11.856649503841808	-0.0013985544656961093	0.9988841153481491	0.9998916452646159	0.0005579788262500432	False
CRA	s__Prevotella_SGB1459	1	4	2	down	1.0	-11.843821951346657	-0.001224466422420278	0.999023017390464	0.9998916452646159	0.0005573751563277278	False
CRA	s__Treponema_SGB3601	1	4	2	down	1.0	-11.841758906044328	-0.0010951474920088183	0.9991261988989895	0.9998916452646159	0.0005572780685631008	False
CRA	s__Bulleidia_extructa	1	4	2	down	1.0	-11.80870829016162	-0.0011702860991922093	0.9990662470028723	0.9998916452646159	0.0005557226929191552	False
CRA	s__GGB4538_SGB6256	1	4	2	down	1.0	-11.792983316190346	-0.0012869611740950115	0.9989731538322925	0.9998916452646159	0.0005549826691446092	False
CRA	s__Lachnospiraceae_unclassified_SGB4708	1	4	2	down	1.0	-11.781645374362482	-0.0013181069127087635	0.9989483031493995	0.9998916452646159	0.0005544491009159832	False
CRA	s__Eubacterium_nodatum	1	4	2	down	1.0	-11.738753338030417	-0.001300695253976177	0.9989621956311705	0.9998916452646159	0.0005524305839580277	False
CRA	s__GGB10852_SGB17523	1	4	2	down	1.0	-11.732856922967025	-0.001650598483215933	0.9986830135521736	0.9998916452646159	0.0005521530962280338	False
CRA	s__GGB10852_SGB17521	1	4	2	down	1.0	-11.706805585506059	-0.0011721348316870398	0.9990647719287693	0.9998916452646159	0.0005509271095195624	False
CRA	s__Olsenella_profusa	1	4	2	down	1.0	-11.696084961605663	-0.0011003965114942268	0.9991220107899063	0.9998916452646159	0.0005504225925277535	False
CRA	s__Peptidiphaga_gingivicola	1	4	2	down	1.0	-11.664873687668665	-0.0011981749249831367	0.9990439949549587	0.9998916452646159	0.0005489537770760112	False
CRA	s__Campylobacter_rectus	1	4	2	down	1.0	-11.663796174075756	-0.0013264355280577255	0.998941657881609	0.9998916452646159	0.0005489030688409703	False
CRA	s__Prevotella_sp_oral_taxon_475	1	4	2	down	1.0	-11.633797940265499	-0.0014947772076863916	0.9988073407882851	0.9998916452646159	0.0005474913395589671	False
CRA	s__GGB1202_SGB1566	1	4	2	down	1.0	-11.612547410543481	-0.001512940778298033	0.9987928483721132	0.9998916452646159	0.000546491280846964	False
CRA	s__Roseburia_SGB4949	1	4	2	down	1.0	-11.606437980608078	-0.0013844132518716047	0.9988953983934074	0.9998916452646159	0.0005462037685490498	False
CRA	s__Ottowia_sp_Marseille_P4747	1	4	2	down	1.0	-11.563268526260892	-0.0011675195980699077	0.9990684543498972	0.9998916452646159	0.00054417219618464	False
CRA	s__Selenomonas_SGB5891	1	4	2	down	1.0	-11.55926601454578	-0.001102848502024612	0.999120054385706	0.9998916452646159	0.0005439838363290058	False
CRA	s__Oribacterium_sp_oral_taxon_078	1	4	2	down	1.0	-11.51717723931827	-0.0015923979386957517	0.9987294508070222	0.9998916452646159	0.000542003121170635	False
CRA	s__Peptidiphaga_SGB15895	1	4	2	down	1.0	-11.48550916256323	-0.0015723270785696797	0.9987454650163898	0.9998916452646159	0.0005405128083894698	False
CRA	s__Prevotella_maculosa	1	4	2	down	1.0	-11.450789484297584	-0.0015778933008130287	0.9987410238191091	0.9998916452646159	0.000538878885979925	False
CRA	s__Capnocytophaga_ochracea	1	4	2	down	1.0	-11.406435867229737	-0.0016213138950348471	0.9987063792416845	0.9998916452646159	0.0005367915864284419	False
CRA	s__Desulfobulbus_oralis	1	4	2	down	1.0	-11.141971667793772	-0.0012558201480603515	0.9989980007560904	0.9998916452646159	0.0005243457918944445	False
CRA	s__Lachnospira_SGB5083	2	4	2	down	1.0	-11.102032514083215	-0.31607596419352035	0.7519448500336691	0.9998916452646159	0.0005224662388131448	True
CRA	s__Shuttleworthia_satelles	1	4	2	down	1.0	-11.09471084915895	-0.0013156572599175873	0.9989502576878462	0.9998916452646159	0.0005221216782356129	False
CRA	s__Eubacterium_infirmum	1	4	2	down	1.0	-11.067536204213116	-0.0012018943000441924	0.9990410273251584	0.9998916452646159	0.0005208428282126174	False
CRA	s__GGB1843_SGB2516	1	4	2	down	1.0	-11.042191364122678	-0.0017189946309480555	0.998628441399343	0.9998916452646159	0.000519650089562413	False
CRA	s__GGB1022_SGB1315	1	4	2	down	1.0	-11.02180022813945	-0.0012727977383972964	0.9989844546097076	0.9998916452646159	0.0005186904742749628	False
CRA	s__Prevotella_koreensis	1	4	2	down	1.0	-10.996915694588393	-0.0011019317092822486	0.999120785880036	0.9998916452646159	0.000517519397840756	False
CRA	s__Actinomyces_johnsonii	1	4	2	down	1.0	-10.975724977831826	-0.0014183553300129437	0.9988683165598908	0.9998916452646159	0.000516522153951629	False
CRA	s__Selenomonas_SGB69112	1	4	2	down	1.0	-10.97478392386473	-0.001117778709803955	0.9991081418107722	0.9998916452646159	0.0005164778675629803	False
CRA	s__GGB34540_SGB54300	2	4	2	down	1.0	-10.795603748906087	-0.0016810288061409697	0.9986587337010199	0.9998916452646159	0.0005080455744705426	True
CRA	s__Cryptobacterium_curtum	1	4	2	down	1.0	-10.682400556889698	-0.0010583668850722434	0.9991555455603871	0.9998916452646159	0.0005027181854650233	False
CRA	s__Campylobacter_SGB19316	1	4	2	down	1.0	-10.681336039276422	-0.0010067823882690947	0.9991967040120168	0.9998916452646159	0.0005026680888261553	False
CRA	s__GGB2964_SGB3946	1	4	2	down	1.0	-10.613194124579001	-0.0011712531975828088	0.9990654753705265	0.9998916452646159	0.0004994613021560275	False
CRA	s__Tannerella_sp_oral_taxon_808	1	4	2	down	1.0	-10.609561179270646	-0.0014482419688298623	0.9988444704966994	0.9998916452646159	0.0004992903342482445	False
CRA	s__Atopobium_sp_oral_taxon_416	1	4	2	down	1.0	-10.604609383453852	-0.0013540069403523238	0.9989196590971774	0.9998916452646159	0.0004990573006904262	False
CRA	s__Leptotrichia_sp_oral_taxon_212	1	4	2	down	1.0	-10.47648027324674	-0.0015449209402351393	0.9987673319244768	0.9998916452646159	0.0004930274918056598	False
CRA	s__Selenomonas_artemidis	1	4	2	down	1.0	-10.425576210165895	-0.0010913623744648012	0.9991292189840338	0.9998916452646159	0.0004906319255573698	False
CRA	s__Campylobacter_SGB96342	1	4	2	down	1.0	-10.3952744552807	-0.0014195203336109198	0.9988673870224425	0.9998916452646159	0.0004892059124481286	False
CRA	s__Catonella_SGB96613	1	4	2	down	1.0	-10.31986594878674	-0.0012574737115554394	0.998996681404349	0.9998916452646159	0.00048565715696462247	False
CRA	s__GGB3059_SGB69431	1	4	2	down	1.0	-10.292937401328077	-0.0011547626839539609	0.9990786328878521	0.9998916452646159	0.0004843898883910904	False
CRA	s__GGB74353_SGB98242	1	4	2	down	1.0	-10.246068790731172	-0.0013380415725176417	0.9989323976061404	0.9998916452646159	0.0004821842322046308	False
CRA	s__GGB6688_SGB9473	1	4	2	down	1.0	-10.066918192354564	-0.001215855475216392	0.9990298879271774	0.9998916452646159	0.00047375333099836824	False
CRA	s__Leptotrichia_hongkongensis	1	4	2	down	1.0	-10.01420366256142	-0.0013155221020445902	0.998950365528133	0.9998916452646159	0.0004712725634382939	False
CRA	s__Capnocytophaga_bilenii	1	4	2	down	1.0	-9.95523894749757	-0.0016617291045858795	0.9986741326134101	0.9998916452646159	0.000468497659576049	False
CRA	s__GGB6513_SGB9199	1	4	2	down	1.0	-9.90802893219121	-0.7414831826534659	0.45840052491256755	0.9998916452646159	0.0004662759367428528	False
CRA	s__Mogibacterium_SGB3923	1	4	2	down	1.0	-9.902770995653357	-0.001128384505790703	0.9990996796152362	0.9998916452646159	0.00046602849607616724	False
CRA	s__Lachnoanaerobaculum_saburreum	1	4	2	down	1.0	-9.769036374002608	-0.0014217081896137275	0.9988656413676781	0.9998916452646159	0.00045973488950598905	False
CRA	s__Treponema_socranskii	1	4	2	down	1.0	-9.717866805057144	-0.0014542224010005034	0.9988396988072283	0.9998916452646159	0.000457326828441971	False
CRA	s__Leptotrichia_buccalis	1	4	2	down	1.0	-9.668759646444926	-0.0013995195103588217	0.9988833453546658	0.9998916452646159	0.00045501582526067243	False
CRA	s__GGB4533_SGB6246	1	4	2	down	1.0	-9.644930528200451	-0.0011285327781023727	0.9990995613111232	0.9998916452646159	0.00045389441710701845	False
CRA	s__Prevotella_micans	1	4	2	down	1.0	-9.636716162977251	-0.0014743762477972418	0.9988236183812683	0.9998916452646159	0.0004535078456844471	False
CRA	s__Capnocytophaga_genosp_AHN8471	1	4	2	down	1.0	-9.518106692702144	-0.001152444668073866	0.9990804823957039	0.9998916452646159	0.0004479260349895455	False
CRA	s__GGB6813_SGB9727	1	4	2	down	1.0	-9.362541631272286	-0.0012987509488817362	0.9989637469608765	0.9998916452646159	0.0004406050789003888	False
CRA	s__Christensenellaceae_bacterium	2	4	2	up	0.5	0.017832992001081276	1.75947105753193	0.07849753196429152	0.8930366949763155	0.0004380736502562337	False
CRA	s__Leptotrichia_hofstadii	1	4	2	down	1.0	-9.307488319440958	-0.0011010337878748964	0.9991215023172292	0.9998916452646159	0.00043801424729093043	False
CRA	s__GGB9104_SGB14036	2	4	2	down	1.0	-9.2038473808779	-0.001920209079149713	0.9984678957637628	0.9998916452646159	0.0004331368618852026	True
CRA	s__GGB4299_SGB5872	1	4	2	down	1.0	-9.035451746885165	-0.0011899612263641722	0.9990505485336018	0.9998916452646159	0.000425212093748095	False
CRA	s__Prevotella_enoeca	1	4	2	down	1.0	-9.02121837380241	-0.0012678596793492358	0.9989883946076034	0.9998916452646159	0.00042454226532787217	False
CRA	s__GGB3052_SGB4053	2	4	2	down	1.0	-8.998428427400345	-0.2403742519799094	0.8100401370694007	0.9998916452646159	0.00042346976103063325	True
CRA	s__Schaalia_meyeri	2	4	2	down	1.0	-8.796470785516364	-0.0038477406426667567	0.9969299547226363	0.9998916452646159	0.0004139655509302894	True
CRA	s__GGB9715_SGB15266	2	4	2	down	1.0	-8.776324371372276	-0.8519804789614992	0.39422492679561705	0.9998916452646159	0.00041301745235373764	True
CRA	s__GGB3385_SGB4472	1	4	2	down	1.0	-8.775685070646192	-0.0011914954645335235	0.9990493243895217	0.9998916452646159	0.0004129873665973319	False
CRA	s__Prevotella_buccae	1	4	2	down	1.0	-8.756606844005118	-0.001078389087756532	0.9991395701631097	0.9998916452646159	0.000412089537366176	False
CRA	s__Megasphaera_sp_DJF_B143	1	4	2	down	1.0	-8.627222336307186	-0.7181059475518817	0.47269196325453633	0.9998916452646159	0.0004060006489566098	False
CRA	s__Eggerthia_catenaformis	1	4	2	down	1.0	-8.56520785026729	-0.0011679311569454196	0.9990681259736485	0.9998916452646159	0.00040308222161169853	False
CRA	s__GGB96534_SGB136060	1	4	2	down	1.0	-8.39296785337784	-0.001271648561041585	0.9989853715198354	0.9998916452646159	0.0003949765361677165	False
CRA	s__GGB4569_SGB6312	1	4	2	down	1.0	-8.315089020712254	-0.27894446522282734	0.7802874439849858	0.9998916452646159	0.0003913115261135366	False
CRA	s__GGB96297_SGB123797	1	4	2	down	1.0	-8.293367161599562	-0.0010998794775966179	0.9991224233230209	0.9998916452646159	0.0003902892864455983	False
CRA	s__Segatella_hominis	1	4	2	down	1.0	-8.291949638110752	-0.3628316932377724	0.7167306151106199	0.9998916452646159	0.00039022257720432304	False
CRA	s__Clostridium_SGB48024	3	4	2	down	1.0	-8.145245207057409	-0.6260713701180741	0.5312681298895026	0.9998916452646159	0.00038331860604296744	True
CRA	s__Actinomyces_naeslundii	2	4	2	down	1.0	-8.027482712622117	-0.5011804927447839	0.6162441017814475	0.9998916452646159	0.00037777665438116023	True
CRA	s__GGB74701_SGB54318	2	4	2	down	1.0	-8.01588484538033	-0.09960320367457631	0.9206593503120825	0.9998916452646159	0.00037723085395512264	True
CRA	s__Prevotella_saccharolytica	1	4	2	down	1.0	-7.799068986512452	-0.0014775578292264286	0.9988210798493321	0.9998916452646159	0.0003670274100223072	False
CRA	s__Enterobacter_roggenkampii	1	4	2	up	1.0	7.751987164768523	1.144565254365835	0.25238929229637996	0.9998916452646159	0.00036481172003114407	False
CRA	s__GGB4699_SGB6503	1	4	2	down	1.0	-7.5804385595939765	-0.6385180015481252	0.5231365396435104	0.9998916452646159	0.00035673857176703205	False
CRA	s__GGB9547_SGB14953	1	4	2	down	1.0	-7.481016912536715	-1.3580690075272206	0.17444178834478719	0.9998916452646159	0.0003520597479634877	False
CRA	s__Methanosphaera_stadtmanae	2	4	2	down	1.0	-7.409462165121661	-0.042410345692447615	0.966171581100894	0.9998916452646159	0.0003486923519750735	True
CRA	s__Actinomyces_sp_oral_taxon_448	3	4	2	down	1.0	-7.337392154411013	-0.7156742659151911	0.47419250448689676	0.9998916452646159	0.00034530070748299964	True
CRA	s__Streptococcus_lutetiensis	2	4	2	down	1.0	-7.297152598809961	-0.3673848995848949	0.7133319336826774	0.9998916452646159	0.00034340701736457094	True
CRA	s__Pseudoflavonifractor_sp_MSJ_37	1	4	2	down	1.0	-7.292391347011696	-0.0012303222454589499	0.99901834512319	0.9998916452646159	0.0003431829508870204	False
CRA	s__GGB9091_SGB14020	2	4	2	down	1.0	-7.204214700107375	-0.8053779391564064	0.42060161826650355	0.9998916452646159	0.00033903332143846534	True
CRA	s__GGB51269_SGB5061	1	4	2	down	1.0	-7.17674832989889	-0.6941929593518296	0.4875612073844988	0.9998916452646159	0.00033774074270403337	False
CRA	s__GGB9603_SGB15035	2	4	2	down	1.0	-6.859639468672678	-0.027823068031249957	0.9778032674545953	0.9998916452646159	0.0003228174686270559	True
CRA	s__Lactiplantibacillus_plantarum	1	4	2	down	1.0	-6.850575079888404	-1.27111642415526	0.20368723316900306	0.9998916452646159	0.00032239089474436804	False
CRA	s__GGB4266_SGB5809	2	4	2	down	1.0	-6.7014164463667365	-0.9690626495875985	0.3325139318171665	0.9998916452646159	0.0003153714278004803	True
CRA	s__GGB9115_SGB14048	2	4	2	down	1.0	-6.650350500530429	-0.0586290188011088	0.9532475967711482	0.9998916452646159	0.0003129682432828087	True
CRA	s__GGB3883_SGB5266	2	4	2	down	1.0	-6.343211263989152	-1.2501490631733203	0.21124509990209217	0.9998916452646159	0.0002985141438641571	True
CRA	s__Parascardovia_denticolens	2	4	2	down	1.0	-6.325449210069041	-0.6793632723709606	0.49690771507603526	0.9998916452646159	0.0002976782542652512	True
CRA	s__Gemella_haemolysans	2	4	2	down	1.0	-6.239157644209349	-0.28099846258503985	0.7787115790252275	0.9998916452646159	0.00029361733750979955	True
CRA	s__Lactobacillus_crispatus	2	4	2	down	1.0	-6.223120188446995	-0.37300779740098744	0.7091426406225807	0.9998916452646159	0.0002928626082130099	True
CRA	s__GGB9710_SGB15239	1	4	2	up	1.0	6.177060885761116	0.6917484559829756	0.48909531107922444	0.9998916452646159	0.000290695038391347	False
CRA	s__GGB3569_SGB4776	1	4	2	down	1.0	-6.137134409713957	-0.09815690590611319	0.9218077012619066	0.9998916452646159	0.00028881608192612675	False
CRA	s__GGB4642_SGB6422	3	4	2	down	1.0	-6.10029562481332	-0.8251730698480721	0.40927334022680983	0.9998916452646159	0.00028708243348246864	True
CRA	s__GGB9328_SGB14291	1	4	2	down	1.0	-6.028490949081146	-1.2864392641612223	0.19828980270254026	0.9998916452646159	0.0002837032757641502	False
CRA	s__GGB3001_SGB3992	2	4	2	down	1.0	-5.748077094103817	-0.7866935599059125	0.43146127496013253	0.9998916452646159	0.00027050688384805264	True
CRA	s__Clostridium_SGB6177	3	4	2	down	1.0	-5.651581269853171	-0.14229299723413147	0.8868485776425866	0.9998916452646159	0.00026596575047509093	True
CRA	s__GGB1219_SGB1587	1	4	2	down	1.0	-5.6236198565464965	-0.377315447696141	0.705939193544873	0.9998916452646159	0.0002646498748078466	False
CRA	s__GGB3303_SGB4364	1	4	2	down	1.0	-5.619755228878862	-0.7426333886777522	0.45770366825746334	0.9998916452646159	0.0002644680038324769	False
CRA	s__Mogibacterium_timidum	2	4	2	down	1.0	-5.59288629228037	-0.47753454158609915	0.6329815303194171	0.9998916452646159	0.0002632035405706629	True
CRA	s__GGB9759_SGB15372	2	4	2	down	1.0	-5.523009600457758	-0.16281928279011054	0.8706607253930891	0.9998916452646159	0.00025991511457200417	True
CRA	s__GGB4611_SGB6385	2	4	2	down	1.0	-5.485452026478235	-0.8023865279168662	0.4223294036361227	0.9998916452646159	0.00025814763961720324	True
CRA	s__Phocaeicola_coprophilus	3	4	2	down	1.0	-5.4269530322254536	-0.4002355541653014	0.6889830298231903	0.9998916452646159	0.00025539465276881924	True
CRA	s__Clostridium_sp_NSJ_6	2	4	2	down	1.0	-5.414415748208986	-1.2233797882628112	0.22118628369610416	0.9998916452646159	0.0002548046430010847	True
CRA	s__Dialister_hominis	3	4	2	down	0.6666666666666666	-8.116456132327354	0.1343543091947136	0.8931224099573771	0.9998916452646159	0.0002546425201913661	True
CRA	s__Fusobacterium_nucleatum	2	4	2	down	1.0	-5.344249494815035	-0.3589941014897495	0.7195995018958654	0.9998916452646159	0.00025150259011519696	True
CRA	s__Megamonas_funiformis	4	4	2	down	1.0	-5.321464121830874	-0.806869303885465	0.4197417855336957	0.9998916452646159	0.00025043030104489496	True
CRA	s__Gemmiger_sp_An87	1	4	2	up	1.0	5.248546971020545	0.27445886438070893	0.7837320117219058	0.9998916452646159	0.0002469987897895895	False
CRA	s__Haemophilus_haemolyticus	2	4	2	down	1.0	-5.220548637042346	-0.6030222487912634	0.5464938883539188	0.9998916452646159	0.0002456811766202831	True
CRA	s__GGB4676_SGB6465	3	4	2	down	1.0	-5.191320840415649	-0.2616659179070844	0.793579018786972	0.9998916452646159	0.000244305704430576	True
CRA	s__GGB3583_SGB4799	1	4	2	down	1.0	-5.1714443311768274	-1.174566697189536	0.24016811344722677	0.9998916452646159	0.00024337030769042335	False
CRA	s__GGB3497_SGB4672	1	4	2	down	1.0	-5.153442225089805	-0.18501685977060844	0.8532158116846752	0.9998916452646159	0.0002425231211373241	False
CRA	s__Enorma_massiliensis	3	4	2	down	1.0	-5.121466479672439	-1.317277746671527	0.18774554164486001	0.9998916452646159	0.00024101832934174386	True
CRA	s__GGB3124_SGB4136	2	4	2	down	1.0	-5.0995686519370915	-0.3555900133140327	0.722147623681073	0.9998916452646159	0.00023998780851769183	True
CRA	s__GGB3433_SGB4574	4	4	2	down	1.0	-5.07413804725165	-1.0974758630124346	0.2724334264062489	0.9998916452646159	0.00023879103375019838	True
CRA	s__Lactobacillus_amylovorus	1	4	2	down	1.0	-5.026970203596535	-0.7696935940337647	0.4414816709302867	0.9998916452646159	0.0002365712955323402	False
CRA	s__GGB6132_SGB8779	2	4	2	down	1.0	-5.001272336322725	-1.1038791823873673	0.2696455504150401	0.9998916452646159	0.000235361943276973	True
CRA	s__GGB4754_SGB6584	1	4	2	down	1.0	-4.968435124728539	-0.21060504838724284	0.8331954726261757	0.9998916452646159	0.00023381661052704973	False
CRA	s__Clostridium_SGB6173	4	4	2	down	0.75	-6.515903873209144	-0.1626211830827105	0.8708167073259162	0.9998916452646159	0.0002299808470736163	True
CRA	s__GGB9117_SGB14050	2	4	2	down	1.0	-4.820445722903935	-0.3942062217376466	0.6934287925700258	0.9998916452646159	0.00022685216811009354	True
CRA	s__GGB9199_SGB14138	2	4	2	down	1.0	-4.718571156896196	-0.6085705355405376	0.5428091394350611	0.9998916452646159	0.00022205790892689746	True
CRA	s__Bacteroides_pectinophilus	2	4	2	down	1.0	-4.675778878326456	-0.6836632603705483	0.494187828170622	0.9998916452646159	0.0002200440866104689	True
CRA	s__Streptococcus_intermedius	2	4	2	down	1.0	-4.606009069728977	-1.1212055742384603	0.2622003675428697	0.9998916452646159	0.00021676069058056198	True
CRA	s__Streptococcus_cristatus	3	4	2	down	1.0	-4.605981487434492	-0.659357665818371	0.5096661202791937	0.9998916452646159	0.0002167593925463832	True
CRA	s__Eubacteriales_unclassified_SGB15148	1	4	2	down	1.0	-4.603329606907634	-0.013116352233894096	0.9895349651245429	0.9998916452646159	0.00021663459395271202	False
CRA	s__Enteroscipio_rubneri	1	4	2	down	1.0	-4.596169100234746	-0.612450596655969	0.5402396747508615	0.9998916452646159	0.00021629761754909992	False
CRA	s__Enterococcus_pseudoavium	1	4	2	up	1.0	4.527566663051301	0.961012778107418	0.3365457429732699	0.9998916452646159	0.00021306915850043633	False
CRA	s__GGB3486_SGB4658	3	4	2	down	1.0	-4.522062492235209	-0.888284645256127	0.3743876570310952	0.9998916452646159	0.00021281012994684304	True
CRA	s__GGB4698_SGB6498	1	4	2	up	1.0	4.48527699564206	0.6016669752387453	0.547395837085183	0.9998916452646159	0.00021107898927296047	False
CRA	s__Klebsiella_michiganensis	1	4	2	down	1.0	-4.433212114130281	-0.2678123913596346	0.7888437321123284	0.9998916452646159	0.00020862879442952036	False
CRA	s__Schaalia_SGB17153	4	4	2	down	0.75	-5.660324958453099	0.28166571412208613	0.7781998466160251	0.9998916452646159	0.00019978292405591362	True
CRA	s__Adlercreutzia_sp_DSM_108611	1	4	2	down	1.0	-4.228845581515455	-0.6978676848073353	0.48525994536507866	0.9998916452646159	0.0001990112209357384	False
CRA	s__Campylobacter_concisus	2	4	2	down	1.0	-4.222700527664935	-1.0353864618170041	0.3004884656225564	0.9998916452646159	0.00019872203216165469	True
CRA	s__GGB9636_SGB15108	1	4	2	down	1.0	-4.2126775036755895	-0.3361492288912545	0.7367583368068436	0.9998916452646159	0.0001982503445099923	False
CRA	s__GGB9545_SGB14951	4	4	2	down	0.75	-5.5896493266096865	0.47586865770094505	0.6341679524852972	0.9998916452646159	0.0001972884057212216	True
CRA	s__Gemmiger_SGB72777	1	4	2	up	1.0	4.103108155893509	1.2233932990411382	0.2211811830914555	0.9998916452646159	0.00019309396571608276	False
CRA	s__Eubacterium_maltosivorans	1	4	2	up	1.0	3.9835673351267413	1.4021727307802758	0.16086367258742273	0.9998916452646159	0.00018746832528209714	False
CRA	s__GGB9279_SGB14232	1	4	2	up	1.0	3.9491340836036444	1.3724558890361251	0.16992156182865625	0.9998916452646159	0.0001858478822334429	False
CRA	s__Limosilactobacillus_fermentum	4	4	2	down	1.0	-3.860469560815906	-1.2071849235789316	0.22736093525852985	0.9998916452646159	0.00018167529314416501	True
CRA	s__Latilactobacillus_curvatus	1	4	2	down	1.0	-3.8421316343373944	-1.299488249782729	0.1937764233481839	0.9998916452646159	0.00018081230274464075	False
CRA	s__Ligilactobacillus_ruminis	1	4	2	down	1.0	-3.8011011999038486	-0.735335377987985	0.4621352673301473	0.9998916452646159	0.00017888139354146822	False
CRA	s__Senegalimassilia_faecalis	4	4	2	down	0.75	-5.0678933186014365	0.05546541788463993	0.9557676800508842	0.9998916452646159	0.00017887286567913255	True
CRA	s__GGB9104_SGB14037	1	4	2	up	1.0	3.8007522817489336	0.9736535993250749	0.33022856347381435	0.9998916452646159	0.0001788649733088828	False
CRA	s__Anaerostipes_caccae	4	4	2	down	1.0	-3.7553281291755587	-0.3126816947059867	0.7545225042203678	0.9998916452646159	0.00017672729391403504	True
CRA	s__GGB35551_SGB53794	2	4	2	down	1.0	-3.684826676070511	-0.08667022305197718	0.9309336458889051	0.9998916452646159	0.00017340946639119812	True
CRA	s__Diplocloster_modestus	2	4	2	down	1.0	-3.6831028890331283	-0.5142971193498185	0.6070442754101728	0.9998916452646159	0.00017332834426074195	True
CRA	s__Acidaminococcus_SGB5735	1	4	2	down	1.0	-3.654325917830244	-0.2698683828687119	0.7872615117947928	0.9998916452646159	0.00017197408810181494	False
CRA	s__Actinomyces_dentalis	2	4	2	down	0.5	-7.305515235677429	0.5333648357778111	0.5937810543037529	0.9998916452646159	0.00017190028325600264	False
CRA	s__GGB9476_SGB14870	2	4	2	down	1.0	-3.6288667236591348	-0.43483141884405946	0.6636847975406721	0.9998916452646159	0.00017077596790130936	True
CRA	s__GGB1243_SGB1663	1	4	2	down	1.0	-3.5458982100968286	-0.6076440013281235	0.5434236108260835	0.9998916452646159	0.0001668714353604591	False
CRA	s__GGB3057_SGB4059	1	4	2	down	1.0	-3.539332588982451	-0.5253835251512126	0.5993166039355752	0.9998916452646159	0.00016656245451710907	False
CRA	s__Alistipes_SGB2302	1	4	2	up	1.0	3.505641940749192	1.1126022446967259	0.265879295977103	0.9998916452646159	0.00016497695868620795	False
CRA	s__GGB9370_SGB14351	1	4	2	up	1.0	3.393943227768882	1.2786907708728712	0.20100597096154316	0.9998916452646159	0.00015972037108595889	False
CRA	s__GGB4750_SGB6579	2	4	2	down	0.5	-6.76988044025897	0.038537459564058955	0.9692591652418578	0.9998916452646159	0.00015929668582531902	False
CRA	s__GGB27106_SGB6188	2	4	2	down	1.0	-3.358142700817153	-0.7347969676675328	0.46246315413756156	0.9998916452646159	0.00015803558349050992	True
CRA	s__Bifidobacterium_breve	3	4	2	down	0.6666666666666666	-5.029645870213901	0.09844988275086483	0.9215750663221106	0.9998916452646159	0.000157798142339508	True
CRA	s__Collinsella_massiliensis	1	4	2	up	1.0	3.3423324663900287	0.9335238857999348	0.35054954371807745	0.9998916452646159	0.00015729154732367154	False
CRA	s__Marvinbryantia_SGB4691	1	4	2	up	1.0	3.2991029023153877	0.5942142578364189	0.5523688177312509	0.9998916452646159	0.00015525714617064314	False
CRA	s__GGB9634_SGB15095	1	4	2	up	1.0	3.2939339538863206	0.8933177075794198	0.3716870578370214	0.9998916452646159	0.00015501389332113762	False
CRA	s__Clostridium_SGB47280	3	4	2	down	1.0	-3.2924168175199364	-0.8122713044637454	0.4166359724243138	0.9998916452646159	0.00015494249625667164	True
CRA	s__GGB9243_SGB14185	1	4	2	down	1.0	-3.2908089591083494	-0.9935228467853986	0.32045522222627965	0.9998916452646159	0.0001548668297752611	False
CRA	s__Oscillospiraceae_unclassified_SGB15252	1	4	2	down	1.0	-3.2832695656105915	-0.7691286939185206	0.44181691566484804	0.9998916452646159	0.00015451202280106885	False
CRA	s__GGB33512_SGB15202	3	4	2	down	0.6666666666666666	-4.922471516860927	-0.2133737825351135	0.8310354281429184	0.9998916452646159	0.0001544356960953914	True
CRA	s__GGB4884_SGB6823	2	4	2	down	1.0	-3.2769002538218404	-0.7064632175054667	0.4799001192096042	0.9998916452646159	0.0001542122803557215	True
CRA	s__Escherichia_marmotae	4	4	2	down	0.75	-4.339199021091571	0.1723372234265097	0.8631724220496172	0.9998916452646159	0.0001531533745601675	True
CRA	s__Rubneribacter_badeniensis	2	4	2	down	1.0	-3.2227420096196613	-0.8951994986440956	0.37068045270826566	0.9998916452646159	0.00015166357099884094	True
CRA	s__Citrobacter_portucalensis	1	4	2	up	1.0	3.2089557534766393	0.5157206112994527	0.6060495569216628	0.9998916452646159	0.0001510147840866046	False
CRA	s__Streptococcus_infantis	3	4	2	down	0.6666666666666666	-4.799371424290694	-0.30025614719906524	0.7639817802896783	0.9998916452646159	0.0001505736019379397	True
CRA	s__GGB9636_SGB15107	4	4	2	down	0.75	-4.262393175889487	1.1131704300542389	0.2656352398202766	0.9998916452646159	0.0001504424884446729	True
CRA	s__GGB4597_SGB6359	2	4	2	down	0.5	-6.36562310310633	0.5657974865358212	0.571531455309175	0.9998916452646159	0.0001497844271381448	False
CRA	s__Clostridium_sp_D5	1	4	2	up	1.0	3.148138709598103	1.036745376662934	0.29985453842890675	0.9998916452646159	0.0001481527088647346	False
CRA	s__GGB41458_SGB58520	3	4	2	down	0.6666666666666666	-4.71389898957639	-1.0573755485022702	0.290340226288773	0.9998916452646159	0.00014789202320114912	True
CRA	s__GGB32900_SGB53446	4	4	2	down	1.0	-3.137972162787104	-1.1676514540933842	0.24294738614354128	0.9998916452646159	0.00014767426696976423	True
CRA	s__GGB9747_SGB15355	1	4	2	down	1.0	-3.134615948466717	-0.4333862486351498	0.6647341890100897	0.9998916452646159	0.00014751632213665382	False
CRA	s__Limosilactobacillus_vaginalis	1	4	2	up	1.0	3.1264034917911405	0.4128559394222737	0.6797121640551069	0.9998916452646159	0.00014712984053112245	False
CRA	s__Lactococcus_lactis	4	4	2	down	1.0	-3.1092889827197143	-1.369671603503196	0.17078943675628788	0.9998916452646159	0.00014632442466043944	True
CRA	s__GGB4579_SGB6329	2	4	2	down	1.0	-3.1070107165619514	-0.8034685865256543	0.4217039464225695	0.9998916452646159	0.00014621720851340042	True
CRA	s__Lactobacillus_acidophilus	1	4	2	up	1.0	3.0840652962822537	0.7976570993721475	0.4250695058960825	0.9998916452646159	0.00014513738755121957	False
CRA	s__GGB9240_SGB14182	4	4	2	down	1.0	-3.077406071472503	-1.0242439399598948	0.30572006936432905	0.9998916452646159	0.0001448240016792769	True
CRA	s__Cloacibacillus_evryensis	1	4	2	down	1.0	-3.0524674455507186	-0.09282846993552302	0.9260398329217168	0.9998916452646159	0.00014365037963574623	False
CRA	s__Enterobacter_asburiae	1	4	2	up	1.0	3.0233244594588657	1.1834898987866906	0.23661504747998996	0.9998916452646159	0.0001422788986648628	False
CRA	s__Citrobacter_braakii	1	4	2	up	1.0	3.0044711900428114	0.3388289237821536	0.7347386107530667	0.9998916452646159	0.00014139165601369586	False
CRA	s__GGB3343_SGB4423	1	4	2	down	1.0	-2.9949158048362476	-0.39359915976930165	0.6938770016611842	0.9998916452646159	0.00014094197563643598	False
CRA	s__Actinobaculum_sp_oral_taxon_183	2	4	2	down	0.5	-5.968301219167343	0.7596782745737319	0.44744691808904324	0.9998916452646159	0.0001404353610983712	False
CRA	s__Gemmiger_SGB15301	1	4	2	down	1.0	-2.9819552553465978	-0.47854099596465166	0.6322652028099496	0.9998916452646159	0.00014033204682058906	False
CRA	s__Gemella_morbillorum	3	4	2	down	0.6666666666666666	-4.455103714093049	-0.11639550243008247	0.9073390997087676	0.9998916452646159	0.00013977268144801377	True
CRA	s__Actinomyces_graevenitzii	4	4	2	down	0.75	-3.9486190366358116	-0.770521987893595	0.440990317174653	0.9998916452646159	0.00013936773293269283	True
CRA	s__GGB9261_SGB14209	4	4	2	down	0.75	-3.947800189740929	1.0259856942251389	0.3048983273107262	0.9998916452646159	0.00013933883147770315	True
CRA	s__Segatella_brasiliensis	2	4	2	down	1.0	-2.956552811115499	-0.42709719847042354	0.669308533402154	0.9998916452646159	0.0001391365972957163	True
CRA	s__Abiotrophia_defectiva	3	4	2	down	0.6666666666666666	-4.432892627666744	0.18690977320137844	0.8517313763326397	0.9998916452646159	0.00013907583950966394	True
CRA	s__GGB9817_SGB57321	1	4	2	down	1.0	-2.8980592334244895	-0.5612910486632129	0.5745991427829795	0.9998916452646159	0.00013638386535296806	False
CRA	s__Ruminococcus_bovis	3	4	2	down	0.6666666666666666	-4.327705359760832	-0.6645877645500246	0.506314197232004	0.9998916452646159	0.0001357757353071756	True
CRA	s__Succinatimonas_hippei	1	4	2	up	1.0	2.836919948026654	0.6067692561960022	0.5440040536191391	0.9998916452646159	0.00013350662531201073	False
CRA	s__GGB9445_SGB14835	1	4	2	up	1.0	2.8135811119157874	0.24677551158969938	0.8050819633816158	0.9998916452646159	0.00013240829003820811	False
CRA	s__Clostridium_sp_C5_48	1	4	2	up	1.0	2.809487517826399	0.7334204603081794	0.46330202391263753	0.9998916452646159	0.00013221564380839414	False
CRA	s__Streptococcus_constellatus	3	4	2	down	0.6666666666666666	-4.204384650023876	-0.2421962772909854	0.8086280794879847	0.9998916452646159	0.00013190671959302278	True
CRA	s__Fumia_xinanensis	3	4	2	down	1.0	-2.7902697208688463	-1.1752601102067526	0.2398906681718238	0.9998916452646159	0.00013131124634045748	True
CRA	s__Congzhengia_minquanensis	4	4	2	down	0.75	-3.6860541842046723	0.1277732068914248	0.8983284540389993	0.9998916452646159	0.00013010042507350975	True
CRA	s__GGB267_SGB372	1	4	2	down	1.0	-2.761674652726091	-0.26890747857979347	0.7880008818092368	0.9998916452646159	0.00012996555061472445	False
CRA	s__Mitsuokella_multacida	1	4	2	up	1.0	2.7574635268762124	0.4281075099074066	0.6685728494293792	0.9998916452646159	0.00012976737329168349	False
CRA	s__GGB4703_SGB6510	1	4	2	up	1.0	2.734319959834725	0.07167756044089736	0.9428585143937411	0.9998916452646159	0.00012867822746099464	False
CRA	s__Amedibacillus_dolichus	4	4	2	down	0.75	-3.572159017292143	-0.9894820851278062	0.32242733071484697	0.9998916452646159	0.0001260804598509053	True
CRA	s__GGB74802_SGB47402	1	4	2	down	1.0	-2.670384234079223	-1.1451212678889005	0.2521589265560922	0.9998916452646159	0.00012566938578097866	False
CRA	s__Peptostreptococcus_SGB749	2	4	2	down	0.5	-5.338016934508363	0.5559663150619929	0.5782338825407354	0.9998916452646159	0.00012560464162555924	False
CRA	s__Megasphaera_elsdenii	2	4	2	down	1.0	-2.6433237732131185	-0.623438505007718	0.5329964013514128	0.9998916452646159	0.00012439590930796987	True
CRA	s__Odoribacter_laneus	1	4	2	up	1.0	2.642146134059834	1.1154849960055762	0.2646426445181773	0.9998916452646159	0.0001243404891226736	False
CRA	s__Oxalobacter_formigenes	1	4	2	down	1.0	-2.6409386924729077	-0.1466736277927576	0.8833896354146757	0.9998916452646159	0.0001242836664225322	False
CRA	s__Bifidobacterium_animalis	3	4	2	down	1.0	-2.623680550320702	-1.1167764627701726	0.2640899150688174	0.9998916452646159	0.00012347149111970117	True
CRA	s__GGB1247_SGB1668	1	4	2	up	1.0	2.622915711049512	1.3755435160306066	0.1689630043570156	0.9998916452646159	0.000123435497467475	False
CRA	s__Dysosmobacter_sp_Marseille_Q4140	1	4	2	down	1.0	-2.6122515945416986	-0.37066354336549623	0.7108881471897663	0.9998916452646159	0.0001229336397369167	False
CRA	s__TM7_phylum_sp_oral_taxon_348	3	4	2	down	1.0	-2.6054049204342022	-1.229147201080561	0.21901662068485805	0.9998916452646159	0.00012261143242354544	True
CRA	s__GGB3883_SGB5265	2	4	2	down	0.5	-5.209168255145282	0.500555508720296	0.6166839810707041	0.9998916452646159	0.00012257280557222966	False
CRA	s__Blautia_hansenii	4	4	2	down	0.75	-3.4695162025291424	-0.13481503789468444	0.892758115864846	0.9998916452646159	0.00012245764988554143	True
CRA	s__GGB3538_SGB4728	4	4	2	down	1.0	-2.5901440696902562	-1.1599981075498416	0.2460495766009445	0.9998916452646159	0.00012189325047990909	True
CRA	s__Klebsiella_oxytoca	1	4	2	down	1.0	-2.5687688441870256	-1.2416458608785261	0.21436725313113725	0.9998916452646159	0.00012088732353290286	False
CRA	s__GGB3152_SGB4165	1	4	2	down	1.0	-2.5635910158392403	-0.27870861450651174	0.7804684509610733	0.9998916452646159	0.00012064365279075219	False
CRA	s__Veillonellaceae_bacterium	1	4	2	down	1.0	-2.5523365325652434	-0.34190003351282244	0.7324261244143571	0.9998916452646159	0.00012011401215616645	False
CRA	s__GGB1093_SGB1404	2	4	2	down	1.0	-2.525643084206848	-0.8261018671003781	0.40874630863497985	0.9998916452646159	0.0001188578074434643	True
CRA	s__GGB35597_SGB49163	1	4	2	down	1.0	-2.524481087913028	-0.09468166169705299	0.9245676843775879	0.9998916452646159	0.00011880312341759996	False
CRA	s__Terrisporobacter_mayombei	1	4	2	down	1.0	-2.5211107646926854	-0.23595363343268755	0.8134686495109716	0.9998916452646159	0.00011864451461382612	False
CRA	s__Enterococcus_faecium	4	4	2	down	0.75	-3.3575163189413613	-0.13806674321761359	0.8901876690797014	0.9998916452646159	0.00011850457927540392	True
CRA	s__GGB3511_SGB4688	4	4	2	down	0.75	-3.331534509322154	-0.8590137724487018	0.39033291764623135	0.9998916452646159	0.00011758754325077824	True
CRA	s__Turicibacter_sanguinis	4	4	2	down	1.0	-2.476147477533134	-1.2042772813783889	0.22848242460308188	0.9998916452646159	0.00011652852373583812	True
CRA	s__Eubacteriales_unclassified_SGB15150	3	4	2	down	1.0	-2.457885703411426	-1.2498169589372656	0.21136641954866542	0.9998916452646159	0.0001156691170977004	True
CRA	s__GGB4672_SGB6461	1	4	2	down	1.0	-2.4570584655795087	-0.9009996594611923	0.3675885007488706	0.9998916452646159	0.0001156301869434158	False
CRA	s__Jutongia_huaianensis	2	4	2	down	1.0	-2.452371915806916	-1.13353055551936	0.2569915171023741	0.9998916452646159	0.00011540963597406933	True
CRA	s__Eubacterium_brachy	3	4	2	down	0.6666666666666666	-3.6694185090010025	0.22323134364984357	0.8233554586602331	0.9998916452646159	0.00011512290112026127	True
CRA	s__Bacteroides_mediterraneensis	1	4	2	up	1.0	2.4440351868650616	0.9387851929140099	0.34784104273072947	0.9998916452646159	0.00011501730606432262	False
CRA	s__GGB3828_SGB5197	3	4	2	down	1.0	-2.4372605549756323	-1.3104465331962065	0.19004482048104177	0.9998916452646159	0.00011469848908751015	True
CRA	s__GGB4559_SGB6293	3	4	2	down	0.6666666666666666	-3.6430035598232253	1.1588964113725875	0.2464984118723118	0.9998916452646159	0.00011429416883615944	True
CRA	s__GGB8965_SGB13825	3	4	2	down	0.6666666666666666	-3.6210858445584666	0.07416681684405942	0.9408776494286808	0.9998916452646159	0.00011360653100988874	True
CRA	s__Eubacterium_callanderi	2	4	2	down	0.5	-4.8222514053899435	0.66431726066709	0.5064872759533594	0.9998916452646159	0.00011346857213710556	False
CRA	s__Collinsella_sp_AF08_23	1	4	2	up	1.0	2.40475322367753	1.287822062344968	0.19780791050999325	0.9998916452646159	0.00011316868064066697	False
CRA	s__Streptococcus_sobrinus	2	4	2	down	0.5	-4.801670319574455	0.7885414121769446	0.4303800853008235	0.9998916452646159	0.00011298429493457221	False
CRA	s__Olsenella_sp_oral_taxon_807	2	4	2	down	0.5	-4.80097493761258	1.1322967082525932	0.25750971356541474	0.9998916452646159	0.0001129679324533014	False
CRA	s__GGB4567_SGB6308	4	4	2	down	1.0	-2.393809037027295	-1.1918169228451228	0.23333303873320277	0.9998916452646159	0.00011265364269344749	True
CRA	s__GGB6518_SGB9205	3	4	2	down	0.6666666666666666	-3.5505510787053507	-0.15483240176031196	0.8769534463185091	0.9998916452646159	0.00011139360085353551	True
CRA	s__Bacteroides_sp_GM023	1	4	2	up	1.0	2.334948448603146	0.677522152107802	0.4980747199610537	0.9998916452646159	0.00010988363907390456	False
CRA	s__Raoultibacter_massiliensis	3	4	2	down	0.6666666666666666	-3.4902648710444213	-0.505964339317481	0.6128816840043279	0.9998916452646159	0.00010950220495349298	True
CRA	s__GGB43675_SGB61016	1	4	2	up	1.0	2.3125710168874245	0.4708111335950679	0.6377756131550509	0.9998916452646159	0.00010883054788830588	False
CRA	s__GGB9480_SGB14874	2	4	2	up	1.0	2.3117280982910513	1.2715468217786179	0.2035341814202689	0.9998916452646159	0.00010879087979076481	True
CRA	s__GGB9424_SGB14794	3	4	2	down	0.6666666666666666	-3.457094789648084	0.7060134783441714	0.4801797555890135	0.9998916452646159	0.00010846153979322996	True
CRA	s__GGB9711_SGB15240	2	4	2	down	1.0	-2.2940204422028714	-0.9786158252908995	0.3277698369708528	0.9998916452646159	0.0001079575501763134	True
CRA	s__Butyricimonas_faecalis	2	4	2	down	0.5	-4.559018567063837	0.6119521669761481	0.5405694053289078	0.9998916452646159	0.00010727464905149539	False
CRA	s__GGB35068_SGB47850	4	4	2	down	0.75	-2.9633887793469262	-0.22117911697947495	0.8249529688450093	0.9998916452646159	0.00010459372558960106	True
CRA	s__GGB9348_SGB14315	2	4	2	down	1.0	-2.2176618097108616	-0.6707242364196142	0.5023962201378542	0.9998916452646159	0.00010436408137063228	True
CRA	s__Amedibacterium_intestinale	1	4	2	up	1.0	2.2142655127792388	1.0966240794009467	0.272805756887851	0.9998916452646159	0.00010420425023327012	False
CRA	s__Blautia_SGB59878	1	4	2	down	1.0	-2.196622045098068	-0.47706956219602087	0.6333125881577315	0.9998916452646159	0.00010337394135178296	False
CRA	s__Streptococcus_sp_F0442	3	4	2	down	0.6666666666666666	-3.293407631076107	1.2436881147085372	0.21361437195384758	0.9998916452646159	0.00010332608290143254	True
CRA	s__Pyramidobacter_piscolens	3	4	2	down	0.6666666666666666	-3.257298217341441	0.23610378954063252	0.8133521334247416	0.9998916452646159	0.000102193200278017	True
CRA	s__Peptostreptococcus_stomatis	3	4	2	down	0.6666666666666666	-3.248605498540886	-0.1962162167818121	0.8444409356180287	0.9998916452646159	0.00010192047831826024	True
CRA	s__GGB4723_SGB6540	1	4	2	down	1.0	-2.157097608565248	-0.32561108350446033	0.7447186254110343	0.9998916452646159	0.00010151390503227875	False
CRA	s__GGB9420_SGB14786	1	4	2	down	1.0	-2.156326601932034	-0.17274285177074875	0.8628535592418771	0.9998916452646159	0.00010147762114144666	False
CRA	s__GGB9184_SGB14123	1	4	2	up	1.0	2.1499644573123757	1.0551189492260729	0.2913709265963762	0.9998916452646159	0.00010117821598603917	False
CRA	s__GGB9595_SGB15019	2	4	2	down	0.5	-4.298375464155181	0.4547015785933699	0.6493239450457596	0.9998916452646159	0.00010114166297545352	False
CRA	s__GGB34797_SGB14321	1	4	2	up	1.0	2.1223295865211433	0.8585630882127709	0.3905816100516756	0.9998916452646159	9.987770754453829e-05	False
CRA	s__GGB3142_SGB4155	3	4	2	down	0.6666666666666666	-3.1813473472265406	1.23003464918539	0.21868413001844078	0.9998916452646159	9.981034738489855e-05	True
CRA	s__Catenibacterium_mitsuokai	2	4	2	down	1.0	-2.112868938824795	-0.7718423780990926	0.4402077887710021	0.9998916452646159	9.943248555366616e-05	True
CRA	s__GGB18384_SGB14373	1	4	2	up	1.0	2.0575893715893407	0.20598144780189126	0.8368054030742662	0.9998916452646159	9.683100627137357e-05	False
CRA	s__GGB9238_SGB14180	3	4	2	down	0.6666666666666666	-3.071414736154329	0.014526018339448436	0.9884103218188588	0.9998916452646159	9.636136464190695e-05	True
CRA	s__GGB3717_SGB5040	2	4	2	down	0.5	-4.071433719136616	0.1392702638644883	0.8892365868513095	0.9998916452646159	9.580167681530073e-05	False
CRA	s__GGB9773_SGB15393	1	4	2	down	1.0	-2.0350711887626893	-0.41245565430339526	0.6800054779440341	0.9998916452646159	9.577129128031918e-05	False
CRA	s__Megasphaera_micronuciformis	3	4	2	down	0.6666666666666666	-3.043252237031828	-0.9871783099236989	0.32355523300031463	0.9998916452646159	9.547780540934021e-05	True
CRA	s__GGB12798_SGB135773	2	4	2	down	0.5	-4.055286378756375	1.2615212625191539	0.20712110428961705	0.9998916452646159	9.542172655913826e-05	False
CRA	s__Lachnoclostridium_edouardi	2	4	2	down	0.5	-4.05299382167864	0.08034681806755081	0.9359614231138196	0.9998916452646159	9.536778221731843e-05	False
CRA	s__Intestinimonas_timonensis	2	4	2	down	1.0	-2.021714811439955	-0.278482805119937	0.7806417627259548	0.9998916452646159	9.514273464304342e-05	True
CRA	s__GGB4604_SGB6371	1	4	2	up	1.0	2.021488622464616	0.664936341095834	0.5060912105158615	0.9998916452646159	9.513209009637537e-05	False
CRA	s__GGB34231_SGB47113	1	4	2	up	1.0	2.0081581216642417	0.22446273802971364	0.8223972579296097	0.9998916452646159	9.450475121893718e-05	False
CRA	s__Alistipes_SGB2313	3	4	2	down	0.6666666666666666	-2.96695950011405	0.1974984408719722	0.8434375014165354	0.9998916452646159	9.308422692085903e-05	True
CRA	s__Blautia_producta	4	4	2	down	0.75	-2.634206749734896	-0.6369988866733713	0.524125568786957	0.9998916452646159	9.29751438111223e-05	True
CRA	s__GGB9697_SGB15213	3	4	2	up	0.6666666666666666	2.9381596590660823	0.16254613326298092	0.8708758021936489	0.9998916452646159	9.218067197199957e-05	True
CRA	s__GGB12785_SGB19823	3	4	2	down	0.6666666666666666	-2.923461410440163	1.1630959885704184	0.2447905594840737	0.9998916452646159	9.171953486838163e-05	True
CRA	s__Corynebacterium_casei	1	4	2	up	1.0	1.943643783341947	0.38980878491896387	0.6966779472176496	0.9998916452646159	9.14686797923754e-05	False
CRA	s__Intestinibacter_bartlettii	4	4	2	down	0.75	-2.589266964945398	0.03696644763315819	0.9705117583554115	0.9998916452646159	9.138898017606786e-05	True
CRA	s__Rothia_SGB49305	4	4	2	down	0.75	-2.5846495900309314	-1.198426809762339	0.2307509004817948	0.9998916452646159	9.122600849711912e-05	True
CRA	s__Christensenella_timonensis	1	4	2	down	1.0	-1.9316130451936988	-0.3007344310781543	0.7636170112538272	0.9998916452646159	9.090250828256514e-05	False
CRA	s__Neglectibacter_timonensis	2	4	2	up	1.0	1.928825917790628	0.6397881115334607	0.5223103626147549	0.9998916452646159	9.077134491499904e-05	True
CRA	s__GGB3167_SGB4181	3	4	2	down	1.0	-1.9288164335172486	-0.7492305564102236	0.45371825498217166	0.9998916452646159	9.077089858117376e-05	True
CRA	s__Schaalia_SGB17158	4	4	2	down	0.5	-3.8397847435907257	0.31364092785757186	0.7537937709548347	0.9998916452646159	9.035092854804195e-05	False
CRA	s__GGB4708_SGB6518	1	4	2	down	1.0	-1.916848914364971	-0.6066766605326244	0.544065514112364	0.9998916452646159	9.02077021834436e-05	False
CRA	s__Actinomyces_oris	4	4	2	down	0.75	-2.5512701034215266	-0.730406256754377	0.4651418950284504	0.9998916452646159	9.004786916991437e-05	True
CRA	s__GGB3363_SGB4448	3	4	2	down	1.0	-1.910942666021716	-1.3646875385744897	0.17235127793187177	0.9998916452646159	8.992975169523503e-05	True
CRA	s__Catenibacterium_tridentinum	4	4	2	down	0.75	-2.543897725728593	-0.9842131322701555	0.32501073019554627	0.9998916452646159	8.978765881387479e-05	True
CRA	s__Leuconostoc_mesenteroides	2	4	2	down	1.0	-1.9064986827505885	-1.0618196785186307	0.2883175544597967	0.9998916452646159	8.972061600570528e-05	True
CRA	s__GGB1689_SGB2321	2	4	2	down	1.0	-1.9052036919263378	-0.5127070341347288	0.6081562685066086	0.9998916452646159	8.965967320226947e-05	True
CRA	s__GGB9637_SGB15111	3	4	2	down	0.6666666666666666	-2.8458608408822466	0.3471492488984413	0.728479196092277	0.9998916452646159	8.928492495016761e-05	True
CRA	s__GGB52002_SGB72669	1	4	2	down	1.0	-1.8952996015457007	-0.6041725303044938	0.5457289420093954	0.9998916452646159	8.919358261539064e-05	False
CRA	s__GGB4243_SGB5738	1	4	2	up	1.0	1.8833365653173335	0.9040845300021018	0.3659505807395489	0.9998916452646159	8.863059718591259e-05	False
CRA	s__Clostridium_sp_1001270J_160509_D11	4	4	2	down	0.75	-2.5078806352149607	-0.9135069687517372	0.36097597016038285	0.9998916452646159	8.851642443923803e-05	True
CRA	s__GGB3123_SGB4135	1	4	2	down	1.0	-1.8791204973044606	-0.1662728835216198	0.867942204796125	0.9998916452646159	8.843218728263841e-05	False
CRA	s__GGB6608_SGB9342	3	4	2	down	0.6666666666666666	-2.8173957557117006	-0.19027825301316223	0.8490910939127486	0.9998916452646159	8.839187250127681e-05	True
CRA	s__Massilistercora_timonensis	4	4	2	down	0.75	-2.5014296786480132	-0.7496161804564296	0.4534859028868726	0.9998916452646159	8.828873592747198e-05	True
CRA	s__Mediterraneibacter_sp_NSJ_151	4	4	2	down	1.0	-1.8722596130661555	-0.9393082260337127	0.34757251637368436	0.9998916452646159	8.810931123463796e-05	True
CRA	s__Collinsella_SGB14754	3	4	2	down	0.6666666666666666	-2.8078537674251987	-0.5074637431238653	0.6118294699317735	0.9998916452646159	8.809250589283379e-05	True
CRA	s__Scardovia_wiggsiae	4	4	2	down	0.75	-2.495080593568608	-0.23652649771700449	0.8130241482962601	0.9998916452646159	8.80646430014379e-05	True
CRA	s__Prevotella_dentalis	2	4	2	up	1.0	1.8679490103415421	0.7173163696325864	0.47317890889931313	0.9998916452646159	8.790645248875611e-05	True
CRA	s__Raoultella_ornithinolytica	1	4	2	down	1.0	-1.8640181814118217	-0.9261742952672446	0.35435540864565374	0.9998916452646159	8.772146605463031e-05	False
CRA	s__GGB40351_SGB14301	1	4	2	up	1.0	1.8596176420886545	1.31144066325251	0.1897089283205493	0.9998916452646159	8.751437485524785e-05	False
CRA	s__Parabacteroides_gordonii	2	4	2	down	1.0	-1.8446368363083834	-1.2425373995724438	0.21403835051876607	0.9998916452646159	8.680937194335043e-05	True
CRA	s__Schaalia_odontolytica	4	4	2	down	0.75	-2.4576989761906414	-1.3793639933144721	0.1677825550576083	0.9998916452646159	8.674524722813403e-05	True
CRA	s__GGB9785_SGB15408	1	4	2	up	1.0	1.840560292664855	0.17783218132585316	0.8588547731085371	0.9998916452646159	8.661752811456591e-05	False
CRA	s__Acetivibrio_sp_MSJd_27	1	4	2	up	1.0	1.8395300329104727	0.8944299565123291	0.3710918904233559	0.9998916452646159	8.656904366469696e-05	False
CRA	s__Parasutterella_secunda	2	4	2	up	1.0	1.838256870142519	0.5679128942515694	0.5700941160256163	0.9998916452646159	8.650912809861247e-05	True
CRA	s__Citrobacter_koseri	1	4	2	up	1.0	1.8362459492370538	0.08568323564355709	0.9317182291307162	0.9998916452646159	8.641449332964594e-05	False
CRA	s__GGB9533_SGB14936	3	4	2	down	0.6666666666666666	-2.7541602673843513	0.14322203017669735	0.8861148316154271	0.9998916452646159	8.64079470231272e-05	True
CRA	s__GGB3474_SGB4637	1	4	2	up	1.0	1.830538656651485	1.1592046351848437	0.2463727825388785	0.9998916452646159	8.614590578162663e-05	False
CRA	s__Haemophilus_sputorum	2	4	2	down	0.5	-3.6564973610539315	0.8488747199861444	0.395951007081523	0.9998916452646159	8.60381385587121e-05	False
CRA	s__GGB9580_SGB14998	1	4	2	up	1.0	1.8279701894603775	0.8822994242728094	0.3776149077118468	0.9998916452646159	8.602503265401232e-05	False
CRA	s__Anaerovorax_odorimutans	2	4	2	up	1.0	1.814777103250913	1.1784100684855194	0.23863316568490922	0.9998916452646159	8.540416056401866e-05	True
CRA	s__Lachnoclostridium_pacaense	3	4	2	down	0.6666666666666666	-2.703819488410555	-0.28154277721349974	0.7782941228805909	0.9998916452646159	8.482857511286366e-05	True
CRA	s__GGB2657_SGB3578	4	4	2	down	0.5	-3.597753166613788	0.29339421947860783	0.769220843337284	0.9998916452646159	8.465587552343833e-05	False
CRA	s__Blautia_schinkii	2	4	2	down	0.5	-3.585002894242096	-0.6326155106395951	0.5269847557081186	0.9998916452646159	8.435585897955635e-05	False
CRA	s__GGB2977_SGB3959	3	4	2	down	0.6666666666666666	-2.685943248927319	1.0101613740842137	0.31241798166514156	0.9998916452646159	8.426773296706249e-05	True
CRA	s__GGB4588_SGB6347	4	4	2	down	1.0	-1.7710488481950275	-1.0075252862601585	0.31368241258259855	0.9998916452646159	8.334629080729358e-05	True
CRA	s__Collinsella_stercoris	1	4	2	up	1.0	1.7627453917027942	1.1065265791287289	0.26849866629577923	0.9998916452646159	8.295552671277823e-05	False
CRA	s__Limosilactobacillus_mucosae	3	4	2	down	0.6666666666666666	-2.6333009913517746	0.3653963059707543	0.7148155983148836	0.9998916452646159	8.261615536730088e-05	True
CRA	s__GGB2998_SGB3989	4	4	2	down	0.75	-2.3205405039057676	-0.033310905305657335	0.9734266574106188	0.9998916452646159	8.190419643100759e-05	True
CRA	s__GGB1627_SGB2227	2	4	2	down	1.0	-1.7387750210430952	-0.339267527271211	0.7344082029753798	0.9998916452646159	8.182747116208125e-05	True
CRA	s__Streptococcus_rubneri	4	4	2	down	1.0	-1.731396211870241	-1.362483694979271	0.17304528639686145	0.9998916452646159	8.14802213525918e-05	True
CRA	s__Jutongia_hominis	4	4	2	down	0.5	-3.441209760936615	-0.7028046966231183	0.48217746991277455	0.9998916452646159	8.097237683653563e-05	False
CRA	s__GGB4699_SGB6502	1	4	2	down	1.0	-1.7146868188443298	-0.5990197552847355	0.5491597108583649	0.9998916452646159	8.069387041045359e-05	False
CRA	s__GGB3600_SGB4860	1	4	2	up	1.0	1.6972854531394843	0.28462047680434677	0.7759349216211295	0.9998916452646159	7.987495494803806e-05	False
CRA	s__Parabacteroides_sp_TM07_1AC	2	4	2	down	0.5	-3.3728195272977004	1.1532756698916746	0.2487972531760052	0.9998916452646159	7.936314050546069e-05	False
CRA	s__GGB3446_SGB4597	4	4	2	down	0.75	-2.2404102063752274	0.6382035158320546	0.5233412088549212	0.9998916452646159	7.907597274003125e-05	True
CRA	s__Prevotellamassilia_timonensis	1	4	2	up	1.0	1.6790302775480082	1.291645846129267	0.196479819384901	0.9998916452646159	7.901585883946035e-05	False
CRA	s__GGB9730_SGB15290	4	4	2	up	1.0	1.6621798770795249	1.078318214250584	0.2808917713327095	0.9998916452646159	7.82228720287934e-05	True
CRA	s__GGB3363_SGB4447	4	4	2	down	0.5	-3.322985199715862	-0.5465206283519086	0.5847081118922167	0.9998916452646159	7.819052847867926e-05	False
CRA	s__GGB4583_SGB6334	2	4	2	down	0.5	-3.291457871962573	-0.9248131964773992	0.3550630850163785	0.9998916452646159	7.744868394119501e-05	False
CRA	s__Klebsiella_quasipneumoniae	1	4	2	down	1.0	-1.644643573845745	-0.4757588443135597	0.63424619332288	0.9998916452646159	7.739760635049373e-05	False
CRA	s__GGB32451_SGB47419	1	4	2	up	1.0	1.6391677317256683	0.02723945302588943	0.9782687484064193	0.9998916452646159	7.713991095704376e-05	False
CRA	s__Oscillospiraceae_unclassified_SGB4197	2	4	2	up	1.0	1.6310494375142452	1.3282371020980266	0.18409979106170926	0.9998916452646159	7.675786067599476e-05	True
CRA	s__Corynebacterium_durum	4	4	2	down	0.5	-3.2342588685301803	0.1268004032144224	0.8990983765958035	0.9998916452646159	7.610277956966335e-05	False
CRA	s__Frisingicoccus_SGB4674	1	4	2	down	1.0	-1.6140934727594296	-0.6462563191164492	0.5181133714666392	0.9998916452646159	7.595990596638108e-05	False
CRA	s__GGB9185_SGB14124	3	4	2	down	0.6666666666666666	-2.418362854939552	0.17758586546862593	0.8590482258168706	0.9998916452646159	7.587277034200047e-05	True
CRA	s__GGB3433_SGB4573	3	4	2	down	0.6666666666666666	-2.4075551005466074	-0.35184250698199243	0.7249563782739696	0.9998916452646159	7.553369208279972e-05	True
CRA	s__Lancefieldella_rimae	3	4	2	down	0.6666666666666666	-2.3884681767885474	0.2969576355044151	0.7664988528951562	0.9998916452646159	7.493486640208244e-05	True
CRA	s__GGB3304_SGB4365	4	4	2	up	0.75	2.119588112945718	0.8931969707358766	0.37175170004945846	0.9998916452646159	7.481151949872815e-05	True
CRA	s__Enterococcus_malodoratus	1	4	2	down	1.0	-1.5833974358534328	-0.591169335460498	0.5544069666891566	0.9998916452646159	7.451533778227593e-05	False
CRA	s__GGB9347_SGB14313	4	4	2	down	1.0	-1.5798679108832956	-1.2312172480792571	0.21824162212053844	0.9998916452646159	7.434923687835537e-05	True
CRA	s__Blautia_caecimuris	4	4	2	down	0.75	-2.104107421356406	-0.322966443866601	0.7467206552767212	0.9998916452646159	7.426512369021512e-05	True
CRA	s__Clostridium_celatum	2	4	2	down	0.5	-3.127067028939055	1.3350260132316318	0.18186783268690843	0.9998916452646159	7.358053343177848e-05	False
CRA	s__Faecalicoccus_pleomorphus	2	4	2	down	0.5	-3.1241015376147265	0.8561201243513835	0.3919313382883014	0.9998916452646159	7.35107548080675e-05	False
CRA	s__Holdemanella_porci	4	4	2	down	0.5	-3.110603906436318	1.3618388264681676	0.1732487553541745	0.9998916452646159	7.319315275701402e-05	False
CRA	s__GGB9782_SGB15403	4	4	2	down	0.75	-2.067448286087813	1.107410032331126	0.26811669037894914	0.9998916452646159	7.29712281469242e-05	True
CRA	s__Faecalitalea_cylindroides	4	4	2	down	0.75	-2.0632176393812	0.6516268293053178	0.5146419356806426	0.9998916452646159	7.282190615995374e-05	True
CRA	s__Bianquea_renquensis	4	4	2	down	0.75	-2.061338783182973	-1.22507947914974	0.2205452761099912	0.9998916452646159	7.275559134800963e-05	True
CRA	s__GGB3267_SGB4317	1	4	2	up	1.0	1.5262451109688495	0.9644931003127718	0.33479876595390157	0.9998916452646159	7.182572575096574e-05	False
CRA	s__GGB38987_SGB63305	2	4	2	down	1.0	-1.5244652313243583	-0.5148378201785634	0.6066663545054187	0.9998916452646159	7.174196387923479e-05	True
CRA	s__GGB1538_SGB2121	1	4	2	down	1.0	-1.4794417483158486	-0.31620028182794224	0.7518504938462903	0.9998916452646159	6.962314015971463e-05	False
CRA	s__GGB71580_SGB98325	1	4	2	down	1.0	-1.4637079187265296	-0.45716608343844195	0.6475516744784839	0.9998916452646159	6.888269963612305e-05	False
CRA	s__GGB4604_SGB6369	2	4	2	down	1.0	-1.4530574761685997	-1.0512647878569106	0.2931369945824518	0.9998916452646159	6.838148540729798e-05	True
CRA	s__GGB4599_SGB6362	4	4	2	down	0.75	-1.9227540872201314	-1.005619491355618	0.31459864415007555	0.9998916452646159	6.786420154405345e-05	True
CRA	s__Gehongia_tenuis	1	4	2	up	1.0	1.4382544726891238	1.2788468422081327	0.20095099494662283	0.9998916452646159	6.768484994516537e-05	False
CRA	s__GGB9089_SGB14018	2	4	2	down	1.0	-1.426607469583263	-0.8950831351572994	0.3707426485694697	0.9998916452646159	6.713673716505551e-05	True
CRA	s__GGB3678_SGB4992	2	4	2	up	0.5	2.830779836571128	-0.290025606017611	0.7717966483253144	0.9998916452646159	6.660883456453911e-05	False
CRA	s__GGB9668_SGB15165	1	4	2	up	1.0	1.4135392411662744	1.2242555599004863	0.22085583573794387	0.9998916452646159	6.652174093438208e-05	False
CRA	s__GGB3737_SGB5071	1	4	2	down	1.0	-1.4101526954285823	-0.24478873163877432	0.8066200193799006	0.9998916452646159	6.636236869223668e-05	False
CRA	s__GGB3588_SGB4808	3	4	2	down	0.6666666666666666	-2.1059305763739546	0.3808619190391793	0.703305710807373	0.9998916452646159	6.607064223264029e-05	True
CRA	s__GGB31234_SGB14869	2	4	2	down	1.0	-1.4004769283625758	-0.3966015910598326	0.6916612790896897	0.9998916452646159	6.590702309491512e-05	True
CRA	s__GGB3678_SGB4991	3	4	2	up	1.0	1.3957049578048137	1.1181668787700445	0.26349572725055936	0.9998916452646159	6.568245218811239e-05	True
CRA	s__Klebsiella_variicola	1	4	2	down	1.0	-1.3888100413697835	-0.4774483585098295	0.6330428857344648	0.9998916452646159	6.535797457086785e-05	False
CRA	s__Jingyaoa_shaoxingensis	3	4	2	down	1.0	-1.3874211128015799	-0.8106390441770386	0.4175729879687544	0.9998916452646159	6.529261101837519e-05	True
CRA	s__Lachnoclostridium_sp_An14	1	4	2	down	1.0	-1.380482688484194	-1.2369204351687855	0.21611662263512776	0.9998916452646159	6.496608590220428e-05	False
CRA	s__GGB9764_SGB15381	1	4	2	up	1.0	1.3800025975912695	0.7546279115928326	0.45047227148201896	0.9998916452646159	6.494349262635173e-05	False
CRA	s__GGB6566_SGB9275	1	4	2	down	1.0	-1.3698399509808996	-0.5822593785466227	0.5603919827086825	0.9998916452646159	6.446523427643502e-05	False
CRA	s__Clostridium_sp_AF12_28	4	4	2	down	1.0	-1.3594938105027472	-1.2198067249682578	0.22253815145380962	0.9998916452646159	6.397834062925863e-05	True
CRA	s__GGB9561_SGB14972	4	4	2	down	1.0	-1.3525543792064292	-0.7280777874708046	0.46656597029885283	0.9998916452646159	6.365176812424297e-05	True
CRA	s__GGB9779_SGB15399	1	4	2	up	1.0	1.3512919730711237	0.015949272399547874	0.9872748613006067	0.9998916452646159	6.359235876973684e-05	False
CRA	s__Eggerthella_sp_YY7918	1	4	2	down	1.0	-1.342180124178766	-0.025912610949873596	0.9793270413414304	0.9998916452646159	6.316355139474629e-05	False
CRA	s__Eubacterium_sulci	4	4	2	down	0.5	-2.673252440985087	0.33167421688241805	0.740135271565528	0.9998916452646159	6.290218239172903e-05	False
CRA	s__GGB3288_SGB4342	4	4	2	down	0.5	-2.6425771841815693	-0.8367339953930829	0.40274210582146497	0.9998916452646159	6.21803872597822e-05	False
CRA	s__GGB9778_SGB15398	1	4	2	up	1.0	1.320138512766683	0.4384755046746962	0.6610416231651827	0.9998916452646159	6.212626405143833e-05	False
CRA	s__Collinsella_tanakaei	3	4	2	up	1.0	1.3190505838034468	1.165873901070103	0.24366543248796557	0.9998916452646159	6.207506566476482e-05	True
CRA	s__Christensenella_minuta	4	4	2	up	0.75	1.7154831147437932	1.045596612337412	0.29574731401500853	0.9998916452646159	6.054850831845597e-05	True
CRA	s__GGB1266_SGB1699	4	4	2	up	0.75	1.7107762063035248	0.5375942241080882	0.5908572186566031	0.9998916452646159	6.03823765259595e-05	True
CRA	s__Lactobacillus_delbrueckii	3	4	2	down	0.6666666666666666	-1.9127973420117683	-0.9561342777957008	0.33900439888212797	0.9998916452646159	6.001135567593531e-05	True
CRA	s__GGB2734_SGB3677	1	4	2	down	1.0	-1.2724673828132493	-0.5148854005262925	0.6066331034262915	0.9998916452646159	5.988284097236263e-05	False
CRA	s__Ruminococcus_sp_AF13_28	3	4	2	down	0.6666666666666666	-1.9048420545006772	0.08527115787557879	0.9320458206792483	0.9998916452646159	5.976176959703042e-05	True
CRA	s__GGB2652_SGB3573	2	4	2	up	1.0	1.2579554817957124	1.2197395498504833	0.22256362367012295	0.9998916452646159	5.919990491240755e-05	True
CRA	s__Bacteroides_clarus	4	4	2	down	0.75	-1.6764575937676562	-0.21751180225555383	0.8278095102954801	0.9998916452646159	5.9171090458060055e-05	True
CRA	s__GGB9299_SGB14260	2	4	2	down	0.5	-2.5083779005021865	-0.4956949774701543	0.6201096311949608	0.9998916452646159	5.902265038113214e-05	False
CRA	s__Lachnospiraceae_bacterium_OF09_6	4	4	2	down	0.75	-1.670796932970561	0.165725376679694	0.8683730745020205	0.9998916452646159	5.8971295680475155e-05	True
CRA	s__GGB6606_SGB9340	4	4	2	down	0.75	-1.6495128854552625	-0.3930146336835791	0.694308673163144	0.9998916452646159	5.8220068625568866e-05	True
CRA	s__Mogibacterium_diversum	4	4	2	down	0.5	-2.4650453239604193	0.8268837648222066	0.4083029462797383	0.9998916452646159	5.8003025899977875e-05	False
CRA	s__GGB6123_SGB8767	2	4	2	down	0.5	-2.457609211751947	0.20625549349885464	0.8365913420569324	0.9998916452646159	5.782805264296278e-05	False
CRA	s__Eubacteriaceae_bacterium_Marseille_Q4139	3	4	2	up	1.0	1.228273589631319	1.2800272848605991	0.200535540131206	0.9998916452646159	5.7803062799009315e-05	True
CRA	s__GGB4682_SGB6472	1	4	2	up	1.0	1.2275482153623394	0.1148152237093464	0.908591582083387	0.9998916452646159	5.7768926386098894e-05	False
CRA	s__GGB9253_SGB14198	2	4	2	down	1.0	-1.223650412127574	-0.3170592400651627	0.7511986521601106	0.9998916452646159	5.758549415482789e-05	True
CRA	s__GGB9691_SGB15198	4	4	2	up	0.75	1.630962481618125	0.5807960031376328	0.561377949161959	0.9998916452646159	5.7565326371686996e-05	True
CRA	s__GGB9623_SGB15075	3	4	2	up	1.0	1.2167097052175901	0.6564902853447077	0.5115087161196907	0.9998916452646159	5.7258861618905875e-05	True
CRA	s__GGB4768_SGB6601	1	4	2	down	1.0	-1.2126592435132575	-0.14266867161942437	0.8865518599908312	0.9998916452646159	5.706824521696012e-05	False
CRA	s__Lactococcus_laudensis	2	4	2	down	1.0	-1.2014246305405623	-0.8175842530523516	0.4135946221654835	0.9998916452646159	5.653953968696643e-05	True
CRA	s__GGB4555_SGB6286	1	4	2	down	1.0	-1.1968325739126535	-1.0988580516383297	0.2718299862869116	0.9998916452646159	5.6323435604064764e-05	False
CRA	s__Eubacterium_SGB4961	3	4	2	down	0.6666666666666666	-1.7780154743441847	-0.2656313565153378	0.7905231338939225	0.9998916452646159	5.578276207554936e-05	True
CRA	s__Anaerotignum_sp_MSJ_24	4	4	2	down	0.75	-1.5793205059028324	-1.2214871023795786	0.22190164601817985	0.9998916452646159	5.57426068302907e-05	True
CRA	s__Roseburia_sp_AF02_12	4	4	2	down	1.0	-1.172370918526772	-0.837674343527321	0.40221362665314164	0.9998916452646159	5.517225999109547e-05	True
CRA	s__GGB9474_SGB14868	2	4	2	up	1.0	1.1642504855327387	1.0886738188629517	0.2762977511510776	0.9998916452646159	5.479010905805282e-05	True
CRA	s__GGB2980_SGB3962	4	4	2	down	0.75	-1.5488608321894721	-1.1113289855550783	0.26642676727929593	0.9998916452646159	5.4667523204366296e-05	True
CRA	s__GGB9299_SGB14259	2	4	2	down	0.5	-2.3226356529040264	-0.22909873978377868	0.8187921729255236	0.9998916452646159	5.465209690958503e-05	False
CRA	s__GGB47174_SGB65105	1	4	2	up	1.0	1.1575258082100308	0.790169064316966	0.4294290400819284	0.9998916452646159	5.447364296379752e-05	False
CRA	s__Ruminococcus_sp_AF41_9	3	4	2	down	0.6666666666666666	-1.7312930687942247	-0.7870591496667775	0.43124724130295733	0.9998916452646159	5.4316911597868867e-05	True
CRA	s__GGB4564_SGB6302	1	4	2	up	1.0	1.1304518973678255	0.1757251463272032	0.8605098787947016	0.9998916452646159	5.3199533529354245e-05	False
CRA	s__GGB6613_SGB9347	4	4	2	down	0.75	-1.5043790059950966	-0.8535108455794346	0.39337607581819745	0.9998916452646159	5.3097523359889535e-05	True
CRA	s__Eubacterium_ventriosum	4	4	2	down	0.75	-1.49856890239931	-1.099779769667295	0.27142808883053393	0.9998916452646159	5.289245395239898e-05	True
CRA	s__GGB4549_SGB6271	2	4	2	down	0.5	-2.243641932119716	0.4779067238175824	0.6327165955227624	0.9998916452646159	5.27933583346583e-05	False
CRA	s__GGB33469_SGB15237	3	4	2	up	0.6666666666666666	1.6795905954356642	0.5759813821324206	0.5646277658647278	0.9998916452646159	5.269481842056296e-05	True
CRA	s__Cutibacterium_acnes	2	4	2	up	1.0	1.1139087206673586	0.8473427661755201	0.3968040958429164	0.9998916452646159	5.2421004796192094e-05	True
CRA	s__GGB36267_SGB14177	4	4	2	down	0.75	-1.4830379353438699	-0.4236715595160291	0.671805359394719	0.9998916452646159	5.234428365572402e-05	True
CRA	s__GGB9551_SGB14958	4	4	2	down	0.5	-2.1991536761395696	1.0307663866833956	0.3026503845629607	0.9998916452646159	5.174654047748583e-05	False
CRA	s__GGB58233_SGB79883	4	4	2	up	1.0	1.0951023696035913	0.9220906530244117	0.3564812920332556	0.9998916452646159	5.153597014207611e-05	True
CRA	s__Blautia_marasmi	1	4	2	up	1.0	1.0927834421702487	0.876014315597183	0.381022251383371	0.9998916452646159	5.142684045860218e-05	False
CRA	s__Bacteroides_eggerthii	4	4	2	up	1.0	1.0884688125616282	0.7157533033481538	0.4741436909772444	0.9998916452646159	5.122379220589456e-05	True
CRA	s__Diplocloster_agilis	4	4	2	down	0.5	-2.161243823200004	-0.32417267852890524	0.7458073055130303	0.9998916452646159	5.085451380335345e-05	False
CRA	s__GGB9694_SGB15204	4	4	2	down	0.5	-2.159387796799257	0.870174213709644	0.38420520557060733	0.9998916452646159	5.081084111857676e-05	False
CRA	s__GGB9524_SGB14923	1	4	2	up	1.0	1.0790996336913121	1.2545262162849034	0.20965080294841276	0.9998916452646159	5.0782874775781464e-05	False
CRA	s__Lentihominibacter_hominis	4	4	2	down	0.5	-2.1530440830568707	-0.8342099825541194	0.4041626668391052	0.9998916452646159	5.066157222322416e-05	False
CRA	s__GGB9737_SGB15309	3	4	2	up	0.6666666666666666	1.6073781613260902	0.8002437443538489	0.4235695895753736	0.9998916452646159	5.0429253756500385e-05	True
CRA	s__Clostridium_spiroforme	4	4	2	down	0.75	-1.417198170576001	-1.0249399431237853	0.30539152610025	0.9998916452646159	5.0020448748536444e-05	True
CRA	s__Anaerostipes_hadrus	4	4	2	down	0.75	-1.4090761960585714	-1.279962582912103	0.20055829562152527	0.9998916452646159	4.973378114020832e-05	True
CRA	s__Dysosmobacter_SGB15077	3	4	2	down	0.6666666666666666	-1.5814125857435188	0.32069833307044465	0.7484390106390024	0.9998916452646159	4.961461994381576e-05	True
CRA	s__Streptococcus_gordonii	4	4	2	down	0.75	-1.4056193463390003	-1.3978739308951098	0.16215092831630873	0.9998916452646159	4.961177055776528e-05	True
CRA	s__GGB4745_SGB6570	1	4	2	up	1.0	1.0529145487296727	0.003170117536119653	0.9974706163985684	0.9998916452646159	4.9550593854647794e-05	False
CRA	s__GGB9574_SGB14987	3	4	2	down	1.0	-1.0417640767568563	-0.7983316282730598	0.42467806847418466	0.9998916452646159	4.9025848034885633e-05	True
CRA	s__Gemmiger_gallinarum	1	4	2	down	1.0	-1.0410461919844765	-1.0187717333117472	0.3083113482075238	0.9998916452646159	4.899206408078077e-05	False
CRA	s__GGB3175_SGB4191	4	4	2	down	0.75	-1.3880242909411287	-0.07727216362539406	0.9384070348889157	0.9998916452646159	4.899074762319629e-05	True
CRA	s__Vescimonas_SGB15087	4	4	2	down	0.5	-2.0760093198011003	-0.6669731487090834	0.5047892849452902	0.9998916452646159	4.884892832378288e-05	False
CRA	s__GGB9365_SGB14342	2	4	2	down	1.0	-1.0372213386707982	-0.32127918018023593	0.7479988325838189	0.9998916452646159	4.8812064902947836e-05	True
CRA	s__GGB9249_SGB14193	3	4	2	down	0.6666666666666666	-1.5514490933569243	-0.5670208626110219	0.5707000075087121	0.9998916452646159	4.867455705298493e-05	True
CRA	s__Prevotella_marseillensis	3	4	2	down	0.6666666666666666	-1.5355720810735778	-0.4411006616299683	0.6591401245436516	0.9998916452646159	4.8176437879416334e-05	True
CRA	s__Oribacterium_sinus	3	4	2	down	0.6666666666666666	-1.5250527019870526	0.765030902521389	0.4442531433100806	0.9998916452646159	4.784640699429e-05	True
CRA	s__Massiliimalia_massiliensis	4	4	2	down	0.75	-1.3530394713771605	-1.34876186201198	0.17741346825688287	0.9998916452646159	4.7755947571722184e-05	True
CRA	s__Holdemanella_biformis	4	4	2	down	0.5	-2.029261805975353	0.6703045824968968	0.5026636464967931	0.9998916452646159	4.7748949662604344e-05	False
CRA	s__Candidatus_Nanosynbacter_sp_HMT_352	2	4	2	down	0.5	-2.0226184054239744	-0.12798240737725738	0.8981628954187	0.9998916452646159	4.759262907470276e-05	False
CRA	s__GGB9770_SGB73065	2	4	2	down	0.5	-2.0223541090807284	0.9963487045570318	0.319080747006914	0.9998916452646159	4.75864101271266e-05	False
CRA	s__GGB9109_SGB14042	2	4	2	up	1.0	1.0087889519764632	0.22097083283463184	0.8251151436508389	0.9998916452646159	4.747402503341708e-05	True
CRA	s__GGB2848_SGB3813	4	4	2	down	1.0	-1.0072516773410862	-1.054818128978375	0.29150851164222513	0.9998916452646159	4.7401680253688735e-05	True
CRA	s__Sutterella_SGB9298	2	4	2	up	0.5	2.01422893616852	0.9071097191981113	0.36434877891434425	0.9998916452646159	4.7395223129351065e-05	False
CRA	s__Fructilactobacillus_sanfranciscensis	1	4	2	up	1.0	1.0047089321799483	0.4274707811477429	0.6690364626428431	0.9998916452646159	4.728201761543625e-05	False
CRA	s__GGB42689_SGB59892	2	4	2	up	0.5	2.008388227559513	1.1979550387211264	0.23093452108534185	0.9998916452646159	4.72577900487381e-05	False
CRA	s__GGB9712_SGB15242	1	4	2	down	1.0	-1.004054746509992	-0.3798071017877693	0.7040886102384987	0.9998916452646159	4.72512313674196e-05	False
CRA	s__Phocaeicola_plebeius	4	4	2	down	1.0	-0.9953890032570898	-1.3315047432675062	0.18302298530772332	0.9998916452646159	4.684341790820653e-05	True
CRA	s__GGB79087_SGB105683	1	4	2	down	1.0	-0.9952025964996071	-0.42339067431998967	0.6720102477806496	0.9998916452646159	4.6834645529153615e-05	False
CRA	s__Blautia_SGB101324	3	4	2	down	0.6666666666666666	-1.4905504711526005	-0.37485611810125075	0.7077674759749704	0.9998916452646159	4.6763947498585206e-05	True
CRA	s__GGB9297_SGB14255	2	4	2	up	1.0	0.9924615800723869	1.0425915616018777	0.2971374991120219	0.9998916452646159	4.6705652163169674e-05	True
CRA	s__GGB4659_SGB6447	1	4	2	down	1.0	-0.9921001016177341	-1.1150391606358379	0.2648336407416455	0.9998916452646159	4.668864083768717e-05	False
CRA	s__Alistipes_timonensis	2	4	2	down	0.5	-1.9668628612179457	0.05897308809622629	0.9529735433823932	0.9998916452646159	4.628068959707327e-05	False
CRA	s__GGB4569_SGB6310	1	4	2	up	1.0	0.9801036350476194	0.6889941925187605	0.49082692220377133	0.9998916452646159	4.612408216250903e-05	False
CRA	s__GGB42639_SGB59836	4	4	2	down	0.75	-1.306753173792781	-0.24715720001717922	0.8047865673039007	0.9998916452646159	4.612225835016615e-05	True
CRA	s__GGB4769_SGB6602	2	4	2	up	1.0	0.979336351249121	0.8555199602776251	0.39226335913062316	0.9998916452646159	4.608797346981738e-05	True
CRA	s__Granulicatella_SGB8255	4	4	2	down	0.75	-1.3012987046825217	-0.07656329165923398	0.9389709622127012	0.9998916452646159	4.59297411720856e-05	True
CRA	s__Paraprevotella_xylaniphila	1	4	2	down	1.0	-0.9721997113373305	-0.08213138370955674	0.9345422368303002	0.9998916452646159	4.5752120245847166e-05	False
CRA	s__Clostridium_saccharogumia	3	4	2	down	0.6666666666666666	-1.4564370138395102	-0.5040606437235212	0.6142187621875737	0.9998916452646159	4.569368523128271e-05	True
CRA	s__Phascolarctobacterium_sp_ET69	4	4	2	down	0.75	-1.29027110747137	1.0066034833200272	0.3141253598732051	0.9998916452646159	4.5540518710066945e-05	True
CRA	s__GGB9701_SGB15218	1	4	2	down	1.0	-0.9673365385659046	-0.3601815087284948	0.7187114019222731	0.9998916452646159	4.552325732517365e-05	False
CRA	s__Emergencia_timonensis	3	4	2	up	0.6666666666666666	1.448461924685044	0.8260776146549713	0.4087600651698041	0.9998916452646159	4.5443477903363386e-05	True
CRA	s__GGB3548_SGB4744	2	4	2	down	1.0	-0.9595331060351788	-0.378751910555026	0.704872101123851	0.9998916452646159	4.5156024564957123e-05	True
CRA	s__Clostridium_sp_AT4	4	4	2	down	0.75	-1.2786318514539259	-0.10619263929027982	0.9154295109206583	0.9998916452646159	4.512970756087175e-05	True
CRA	s__Streptococcus_mitis	4	4	2	down	0.5	-1.9118084182195807	0.16400101244772544	0.8697303467854467	0.9998916452646159	4.4985247175749944e-05	False
CRA	s__Parvibacter_caecicola	1	4	2	up	1.0	0.9517681670480872	0.6205324943777336	0.5349072676023835	0.9998916452646159	4.47906033268142e-05	False
CRA	s__GGB3429_SGB71706	1	4	2	down	1.0	-0.9502253449872926	-0.08484758247391345	0.9323825645567627	0.9998916452646159	4.4717997482952836e-05	False
CRA	s__Haemophilus_pittmaniae	1	4	2	up	1.0	0.9437389767739269	0.20654899296033544	0.8363620988439558	0.9998916452646159	4.441274631388128e-05	False
CRA	s__GGB6610_SGB9344	1	4	2	up	1.0	0.9419706858339351	0.27662316116565794	0.7820694783940388	0.9998916452646159	4.4329529811373926e-05	False
CRA	s__Segatella_copri	4	4	2	up	0.75	1.2548568287081099	0.9956400986497532	0.31942504438396957	0.9998916452646159	4.429056076302553e-05	True
CRA	s__Pseudoruminococcus_massiliensis	4	4	2	up	0.75	1.2530470145071164	0.7489402631920304	0.4538932111861479	0.9998916452646159	4.422668280977614e-05	True
CRA	s__GGB9695_SGB15210	3	4	2	up	0.6666666666666666	1.4095905435599776	0.7678471830729612	0.44257797914601726	0.9998916452646159	4.422394239530074e-05	True
CRA	s__Zhenhengia_yiwuensis	2	4	2	down	0.5	-1.8700863793858773	-0.008461322764351683	0.9932489217585468	0.9998916452646159	4.4003518979700745e-05	False
CRA	s__GGB34797_SGB14322	4	4	2	down	1.0	-0.9304282345730036	-1.3802177355677632	0.1675196148662308	0.9998916452646159	4.37863372842999e-05	True
CRA	s__GGB9582_SGB15001	1	4	2	up	1.0	0.9179678242011439	0.5507062854955204	0.5818350351542296	0.9998916452646159	4.319994522205404e-05	False
CRA	s__Mitsuokella_jalaludinii	3	4	2	up	0.6666666666666666	1.3754645342960317	-0.3195199047891421	0.7493322999778087	0.9998916452646159	4.3153286328001414e-05	True
CRA	s__Rothia_mucilaginosa	4	4	2	down	0.5	-1.8308852976751036	-0.10871328589535051	0.9134299036951754	0.9998916452646159	4.308110942573602e-05	False
CRA	s__Megasphaera_sp_NM10	1	4	2	up	1.0	0.9111366364399697	1.1629447242018267	0.24485193000252714	0.9998916452646159	4.287846670254154e-05	False
CRA	s__GGB87445_SGB15180	4	4	2	down	0.5	-1.7965711949386989	0.011486801470915334	0.9908350600009165	0.9998916452646159	4.227369149698311e-05	False
CRA	s__GGB3619_SGB4894	4	4	2	down	0.75	-1.1936133228525498	-0.1907796347905221	0.8486982447063234	0.9998916452646159	4.2128952238944774e-05	True
CRA	s__GGB4689_SGB6486	1	4	2	down	1.0	-0.8931147777452593	-0.7931630778650699	0.42768281609498593	0.9998916452646159	4.203035058356035e-05	False
CRA	s__GGB3345_SGB4425	4	4	2	down	0.75	-1.1845096920534575	-0.19782491907476635	0.8431820488457421	0.9998916452646159	4.1807636767851184e-05	True
CRA	s__Eubacterium_sp_c_25	4	4	2	down	0.75	-1.1758079763311813	-0.006174715240862871	0.9950733213486497	0.9998916452646159	4.150050701398371e-05	True
CRA	s__Enterocloster_aldenensis	4	4	2	down	0.75	-1.1710257713673324	-0.07290595569100396	0.941880954602503	0.9998916452646159	4.1331717607346255e-05	True
CRA	s__GGB4605_SGB6376	4	4	2	down	0.75	-1.1638222298461434	1.3403992620614595	0.18011557551659074	0.9998916452646159	4.107746637632601e-05	True
CRA	s__Clostridium_saudiense	4	4	2	down	0.75	-1.1568249113593014	-1.0137655020603273	0.3106946602070607	0.9998916452646159	4.083049385123024e-05	True
CRA	s__Frisingicoccus_caecimuris	1	4	2	down	1.0	-0.8651294682774147	-0.06433066609728791	0.9487069360041825	0.9998916452646159	4.071335035309452e-05	False
CRA	s__GGB4456_SGB6141	4	4	2	down	0.5	-1.7292289982927846	0.93584112939935	0.3493549916225087	0.9998916452646159	4.0689115692941185e-05	False
CRA	s__GGB9350_SGB14317	3	4	2	down	0.6666666666666666	-1.2906366151886384	0.22695059307325832	0.8204621607173723	0.9998916452646159	4.049192837177944e-05	True
CRA	s__Lachnospira_sp_NSJ_43	4	4	2	down	0.5	-1.7184121811012267	-0.38702232995546315	0.6987396767627067	0.9998916452646159	4.0434593749016336e-05	False
CRA	s__Clostridium_SGB4751	2	4	2	down	0.5	-1.705256399231425	0.005349769429285949	0.9957315219291911	0.9998916452646159	4.012503548284109e-05	False
CRA	s__GGB9818_SGB15459	4	4	2	up	0.75	1.1343800789212817	0.2501419243983946	0.8024775953019057	0.9998916452646159	4.003829653264413e-05	True
CRA	s__GGB3654_SGB4965	1	4	2	up	1.0	0.8487468017466784	0.7358388918986283	0.46182874954948916	0.9998916452646159	3.994237529486208e-05	False
CRA	s__GGB9110_SGB14043	2	4	2	down	1.0	-0.8476493590263617	-0.6946243979080784	0.48729071821963443	0.9998916452646159	3.989072918684813e-05	True
CRA	s__Bacteroides_salyersiae	4	4	2	down	0.5	-1.6892777983721283	1.0926192818770586	0.27456099318718563	0.9998916452646159	3.9749055702478215e-05	False
CRA	s__Solobacterium_SGB6833	1	4	2	up	1.0	0.8438779310696642	0.1919889157633798	0.8477508878571292	0.9998916452646159	3.9713244228396524e-05	False
CRA	s__GGB4604_SGB6370	2	4	2	up	1.0	0.8384860392622551	0.8476089206491103	0.3966558046497761	0.9998916452646159	3.945949957135909e-05	True
CRA	s__GGB9788_SGB15411	4	4	2	down	0.75	-1.114931687183644	0.057600314047173605	0.9540669995165539	0.9998916452646159	3.9351859517446335e-05	True
CRA	s__GGB9302_SGB14263	3	4	2	down	0.6666666666666666	-1.2478763580914685	0.17441881600153744	0.8615363279327145	0.9998916452646159	3.915038478998325e-05	True
CRA	s__Blautia_sp_OF03_15BH	4	4	2	down	0.75	-1.0996168311779524	0.1417412882139784	0.8872843608854799	0.9998916452646159	3.8811316927264636e-05	True
CRA	s__GGB3000_SGB3991	4	4	2	down	0.75	-1.095571618793791	-0.5328910947132812	0.5941089700886538	0.9998916452646159	3.8668539902187997e-05	True
CRA	s__GGB51269_SGB5062	4	4	2	down	0.75	-1.0935998150549673	-0.49662909951341194	0.6194506286919308	0.9998916452646159	3.859894447798567e-05	True
CRA	s__GGB4774_SGB6609	1	4	2	up	1.0	0.8163051402691259	0.501594440623721	0.6159528308075267	0.9998916452646159	3.8415657296916654e-05	False
CRA	s__Oscillospiraceae_unclassified_SGB15253	3	4	2	up	0.6666666666666666	1.2201105086939463	0.2314771100746138	0.8169441661098257	0.9998916452646159	3.8279269890750554e-05	True
CRA	s__GGB9715_SGB15260	4	4	2	up	0.75	1.0805700892724834	0.31661839909426776	0.751533173081031	0.9998916452646159	3.813905626740089e-05	True
CRA	s__Clostridium_paraputrificum	3	4	2	down	0.6666666666666666	-1.213620227252871	-0.049883104356979915	0.9602155413103632	0.9998916452646159	3.80756463392939e-05	True
CRA	s__Oscillospiraceae_unclassified_SGB15256	3	4	2	up	0.6666666666666666	1.2120596896202396	0.6395023795398859	0.5224961661607772	0.9998916452646159	3.8026686641964415e-05	True
CRA	s__Roseburia_sp_BX1005	4	4	2	down	0.75	-1.0735766537542726	-0.3545829911422265	0.7229020203445473	0.9998916452646159	3.7892220792886635e-05	True
CRA	s__Bifidobacterium_longum	4	4	2	down	0.75	-1.0721160672487522	-0.5789261479069278	0.5626390059982199	0.9998916452646159	3.7840668939406265e-05	True
CRA	s__Butyricicoccus_intestinisimiae	4	4	2	down	0.75	-1.0624437926821484	-0.1625069990376164	0.8709066171022413	0.9998916452646159	3.749928301026416e-05	True
CRA	s__Mediterraneibacter_butyricigenes	4	4	2	down	0.75	-1.060615068659052	-1.2838544649736832	0.19919288229986987	0.9998916452646159	3.743473762898179e-05	True
CRA	s__GGB9762_SGB15377	3	4	2	down	0.6666666666666666	-1.1875941702579735	0.08245257579339574	0.9342868288998262	0.9998916452646159	3.7259115006434406e-05	True
CRA	s__GGB4710_SGB6522	1	4	2	down	1.0	-0.7900556805121883	-0.5210783286091131	0.602312207023753	0.9998916452646159	3.7180346871308816e-05	False
CRA	s__Alistipes_finegoldii	4	4	2	up	1.0	0.7884853737302705	0.4992859724322827	0.6175779358654939	0.9998916452646159	3.710644758511139e-05	True
CRA	s__GGB9495_SGB14892	1	4	2	down	1.0	-0.7861264128576552	-0.9528924278865925	0.340644577033002	0.9998916452646159	3.699543391143864e-05	False
CRA	s__Faecalicatena_contorta	4	4	2	down	0.75	-1.0471552666718245	-0.9539127400258355	0.3401278140729418	0.9998916452646159	3.695966974543101e-05	True
CRA	s__GGB33469_SGB15236	4	4	2	down	0.75	-1.044130583827822	-1.0927934164274204	0.2744845128755712	0.9998916452646159	3.6852912626828816e-05	True
CRA	s__Prevotella_pectinovora	2	4	2	up	0.5	1.5648341581822016	0.28190152270614044	0.7780190219197952	0.9998916452646159	3.682087113123998e-05	False
CRA	s__Schaalia_SGB17154	4	4	2	down	0.5	-1.5640819695468486	1.1206745595102237	0.26242641502864616	0.9998916452646159	3.680317197720254e-05	False
CRA	s__Veillonella_rogosae	4	4	2	down	0.5	-1.5638478913956835	0.30477264584441155	0.7605393164316374	0.9998916452646159	3.679766406993095e-05	False
CRA	s__GGB9545_SGB14952	4	4	2	down	0.75	-1.042239478268707	-0.021390378847760353	0.9829342483785319	0.9998916452646159	3.678616546989498e-05	True
CRA	s__GGB9523_SGB14922	3	4	2	down	0.6666666666666666	-1.1657349634391123	-0.6727321839633253	0.5011176885290196	0.9998916452646159	3.657331280126151e-05	True
CRA	s__Veillonella_parvula	4	4	2	down	0.5	-1.551354050102351	-0.953516607789855	0.3403283855930491	0.9998916452646159	3.6503681402316915e-05	False
CRA	s__Eubacteriaceae_bacterium	4	4	2	down	0.75	-1.0331356594805372	-0.6470465496397197	0.5176018168802644	0.9998916452646159	3.646484336366862e-05	True
CRA	s__Blautia_massiliensis	4	4	2	down	0.75	-1.032190882109699	-0.665780296990647	0.5055515404194153	0.9998916452646159	3.643149715349283e-05	True
CRA	s__GGB9787_SGB15410	4	4	2	down	0.75	-1.028821160869984	-0.6501784691615785	0.5155769470861928	0.9998916452646159	3.63125617977553e-05	True
CRA	s__Parvimonas_micra	3	4	2	down	0.6666666666666666	-1.1554023911328215	-0.5152622558801001	0.6063697703829178	0.9998916452646159	3.624914271899447e-05	True
CRA	s__GGB3478_SGB4643	3	4	2	down	0.6666666666666666	-1.1487693578576994	-0.10245799799206427	0.9183931500906091	0.9998916452646159	3.604104052732946e-05	True
CRA	s__Anaerofustis_stercorihominis	3	4	2	down	0.6666666666666666	-1.1478220118403109	-0.6528362971328779	0.513861820687272	0.9998916452646159	3.601131886390541e-05	True
CRA	s__Anaerobutyricum_soehngenii	4	4	2	down	0.75	-1.0198772778777192	-1.1900559513354318	0.23402440160961957	0.9998916452646159	3.599688467502401e-05	True
CRA	s__GGB2987_SGB3969	4	4	2	down	0.75	-1.019416557616934	-0.34979555479110575	0.7264921353195288	0.9998916452646159	3.5980623410600667e-05	True
CRA	s__GGB3892_SGB5290	2	4	2	down	0.5	-1.5264535688935608	-0.0002282498444975582	0.999817882974651	0.9998916452646159	3.5917767933531315e-05	False
CRA	s__Lacticaseibacillus_rhamnosus	1	4	2	down	1.0	-0.7607539641189437	-0.12119328530892957	0.9035379424629809	0.9998916452646159	3.5801395986835375e-05	False
CRA	s__Solobacterium_SGB6829	4	4	2	down	0.5	-1.5120256491786197	1.0915500852821998	0.2750309059084305	0.9998916452646159	3.5578276000959464e-05	False
CRA	s__Desulfovibrio_desulfuricans	1	4	2	down	1.0	-0.7478730912427676	-0.2580969900889435	0.7963320544685177	0.9998916452646159	3.5195216785350506e-05	False
CRA	s__GGB9509_SGB14906	4	4	2	up	0.75	0.9919118357629694	0.16976912540315955	0.8651917087744656	0.9998916452646159	3.5009835726560814e-05	True
CRA	s__GGB13489_SGB15224	4	4	2	down	0.5	-1.4834735395901804	-0.43961007327266793	0.6602195436809288	0.9998916452646159	3.4906438961753835e-05	False
CRA	s__Pseudoflavonifractor_sp_AF19_9AC	2	4	2	down	1.0	-0.7384113791260849	-0.5705385041659583	0.5683125144483707	0.9998916452646159	3.4749944702417485e-05	True
CRA	s__GGB9618_SGB15065	4	4	2	down	0.75	-0.9737871164088402	-0.2691786858498875	0.7877921813702935	0.9998916452646159	3.43701181384649e-05	True
CRA	s__Parabacteroides_sp_AGMB00274	2	4	2	down	0.5	-1.4484427475884722	-0.08150035316312253	0.9350440440310368	0.9998916452646159	3.4082157186477054e-05	False
CRA	s__GGB9608_SGB15042	3	4	2	up	0.6666666666666666	1.0852638700984916	1.1019777728290177	0.27047133490341513	0.9998916452646159	3.404864419260675e-05	True
CRA	s__Massilioclostridium_coli	4	4	2	down	0.75	-0.9617733841122312	-1.0372267783545115	0.29963018095963234	0.9998916452646159	3.394608973291247e-05	True
CRA	s__Simiaoa_sunii	4	4	2	up	1.0	0.7209610237890384	1.2689873460707102	0.20444557724483914	0.9998916452646159	3.392872376766215e-05	True
CRA	s__GGB42378_SGB59548	4	4	2	up	0.75	0.9597476534274503	1.0167173861707817	0.30928789243654176	0.9998916452646159	3.3874590940435726e-05	True
CRA	s__GGB9301_SGB14262	4	4	2	down	0.75	-0.9591645511434791	-1.281528818837184	0.20000798413478893	0.9998916452646159	3.385401016456676e-05	True
CRA	s__Schaalia_SGB17168	4	4	2	down	0.5	-1.4297069923803727	0.9230961674510731	0.3559570917151982	0.9998916452646159	3.364130099449229e-05	False
CRA	s__GGB3256_SGB4303	4	4	2	down	1.0	-0.7119625997721812	-1.0845193976768268	0.2781345711150349	0.9998916452646159	3.35052542141935e-05	True
CRA	s__GGB9589_SGB15011	1	4	2	down	1.0	-0.7118060560149463	-0.7559536881582817	0.4496769629153068	0.9998916452646159	3.3497887200275236e-05	False
CRA	s__Bacillus_subtilis	1	4	2	down	1.0	-0.704756928652482	-0.007774103184727184	0.9937972255740632	0.9998916452646159	3.316615235304707e-05	False
CRA	s__Ellagibacter_isourolithinifaciens	4	4	2	up	0.75	0.9348772519102542	0.37694124516049704	0.7062172691221635	0.9998916452646159	3.2996782409296565e-05	True
CRA	s__Actinomyces_sp_ICM47	4	4	2	down	0.5	-1.3847628289571705	-0.1940153811620444	0.8461638383119118	0.9998916452646159	3.258375554096671e-05	False
CRA	s__Monoglobus_pectinilyticus	4	4	2	down	0.75	-0.9224294433492158	0.24445547291454348	0.806878083425919	0.9998916452646159	3.255743314743155e-05	True
CRA	s__GGB9813_SGB15447	3	4	2	up	1.0	0.6889099792634038	0.8606359646233254	0.38943857146800354	0.9998916452646159	3.2420388364924067e-05	True
CRA	s__GGB3032_SGB4027	4	4	2	up	0.5	1.3769961874004328	1.239546639231845	0.21514312790174706	0.9998916452646159	3.240100486007962e-05	False
CRA	s__GGB9597_SGB15022	4	4	2	down	0.75	-0.9105007561255267	-0.5328214124731182	0.5941572099768635	0.9998916452646159	3.2136406434091e-05	True
CRA	s__GGB9767_SGB15385	4	4	2	up	0.75	0.9039009809233299	-0.20650417697979281	0.8363971023005512	0.9998916452646159	3.190346532246144e-05	True
CRA	s__Anaerotignum_faecicola	4	4	2	up	1.0	0.6769503653526413	0.9844651746384092	0.32488684639125354	0.9998916452646159	3.185756399112701e-05	True
CRA	s__GGB9593_SGB15015	2	4	2	down	0.5	-1.3390587784841947	-0.1480827281184582	0.8822774801232828	0.9998916452646159	3.150832978812142e-05	False
CRA	s__Oscillibacter_hominis	2	4	2	up	1.0	0.6685978393560706	1.4013796379463368	0.16110057794319943	0.9998916452646159	3.1464490665456096e-05	True
CRA	s__GGB9621_SGB15072	2	4	2	down	0.5	-1.327595282803699	0.30965749348254884	0.7568214301880098	0.9998916452646159	3.123859136570904e-05	False
CRA	s__Bacteroides_fragilis	4	4	2	up	0.75	0.8836668575237888	1.2831744301752757	0.19943097211149374	0.9998916452646159	3.118929566468737e-05	True
CRA	s__Schaalia_SGB17157	4	4	2	down	0.5	-1.3242520397801196	-0.22298252589798076	0.8235491064516717	0.9998916452646159	3.115992416644836e-05	False
CRA	s__GGB58067_SGB79698	2	4	2	down	1.0	-0.6601464420243086	-1.128396992935018	0.25915229717997257	0.9998916452646159	3.1066764413885506e-05	True
CRA	s__Prevotella_lascolaii	4	4	2	up	0.75	0.87352363296394	0.6383159510036056	0.5232680306444089	0.9998916452646159	3.0831287409543623e-05	True
CRA	s__GGB34228_SGB53814	3	4	2	up	0.6666666666666666	0.9807234233692206	0.27316278240946124	0.7847280876855918	0.9998916452646159	3.0768833104729965e-05	True
CRA	s__GGB3816_SGB5181	1	4	2	up	1.0	0.6501036445754794	0.812139928564013	0.41671134415974775	0.9998916452646159	3.059414621504705e-05	False
CRA	s__GGB3480_SGB4648	3	4	2	down	0.6666666666666666	-0.969119035612774	-0.16957875627440022	0.8653414305876	0.9998916452646159	3.040476158196156e-05	True
CRA	s__Scardovia_inopinata	1	4	2	down	1.0	-0.6405197674577154	-1.1566438286457754	0.2474179077946742	0.9998916452646159	3.014312499666981e-05	False
CRA	s__GGB3496_SGB4671	3	4	2	up	0.6666666666666666	0.9583193494782165	0.7715844927684854	0.44036056172587046	0.9998916452646159	3.00659364531438e-05	True
CRA	s__Hallella_faecis	1	4	2	up	1.0	0.6318677065823852	0.4319127026652354	0.6658048621034423	0.9998916452646159	2.9735955435800493e-05	False
CRA	s__GGB3609_SGB4877	3	4	2	up	0.6666666666666666	0.9452812083457063	0.6350441236981234	0.5253996379207526	0.9998916452646159	2.965688291272368e-05	True
CRA	s__Parabacteroides_goldsteinii	4	4	2	down	0.75	-0.8387423959439061	0.1949566848425381	0.8454268573854579	0.9998916452646159	2.960367286706634e-05	True
CRA	s__Tyzzerella_SGB4587	3	4	2	down	0.6666666666666666	-0.9414426308998608	-0.5696535026629024	0.5689127326401928	0.9998916452646159	2.953645288528022e-05	True
CRA	s__Romboutsia_timonensis	4	4	2	down	0.5	-1.2541423569684604	-0.7658284057985012	0.44377840994842965	0.9998916452646159	2.9510228840996734e-05	False
CRA	s__GGB9469_SGB14862	4	4	2	down	0.5	-1.246505665989621	0.8696188941068512	0.38450870885915966	0.9998916452646159	2.9330535924063227e-05	False
CRA	s__GGB9641_SGB15117	4	4	2	down	0.75	-0.828206725308349	-0.09332147409631217	0.9256481726634714	0.9998916452646159	2.9231813106025898e-05	True
CRA	s__Clostridium_sp_AF20_17LB	4	4	2	up	0.75	0.8270674021298516	0.3195868525417221	0.7492815422453913	0.9998916452646159	2.9191600341261402e-05	True
CRA	s__GGB52283_SGB73075	1	4	2	up	1.0	0.6193959061077903	0.989579805717538	0.3223795445966676	0.9998916452646159	2.9149027350612147e-05	False
CRA	s__GGB9590_SGB15012	4	4	2	down	0.5	-1.2381916290540236	-0.7020152896794309	0.4826696283513663	0.9998916452646159	2.9134904916786634e-05	False
CRA	s__GGB4964_SGB6927	1	4	2	up	1.0	0.6176871987162788	1.3147119025884615	0.1886067448089862	0.9998916452646159	2.9068614874523398e-05	False
CRA	s__Clostridium_innocuum	4	4	2	down	0.75	-0.8234703960833956	-1.1149174047893158	0.2648858175516594	0.9998916452646159	2.906464289781381e-05	True
CRA	s__GGB9342_SGB14306	4	4	2	down	0.75	-0.8234299058814717	-0.7918545300423281	0.42844550238064827	0.9998916452646159	2.9063213783585326e-05	True
CRA	s__Senegalimassilia_anaerobia	4	4	2	down	0.75	-0.8199879565260281	0.3746755549968153	0.7079017743838298	0.9998916452646159	2.8941729114113133e-05	True
CRA	s__GGB9696_SGB15212	2	4	2	up	1.0	0.6141831848980773	1.1928549195690947	0.23292619706041484	0.9998916452646159	2.8903714535957225e-05	True
CRA	s__GGB4587_SGB6346	2	4	2	up	1.0	0.6103256346731926	0.2609329319640039	0.7941442282854698	0.9998916452646159	2.87221766279686e-05	True
CRA	s__Flavonifractor_sp_An100	3	4	2	up	0.6666666666666666	0.9144876173795281	0.02887669309420093	0.9769629340852805	0.9998916452646159	2.869077683372474e-05	True
CRA	s__GGB10692_SGB17347	3	4	2	down	0.6666666666666666	-0.9067343147609379	0.15684047080540692	0.8753705764494822	0.9998916452646159	2.8447527749836942e-05	True
CRA	s__Klebsiella_aerogenes	3	4	2	down	0.6666666666666666	-0.9009758943517353	0.06734018171907222	0.9463108890836923	0.9998916452646159	2.8266865320149136e-05	True
CRA	s__GGB9602_SGB15028	4	4	2	down	0.5	-1.197839709758235	-0.9283257732154463	0.35323860878186786	0.9998916452646159	2.8185415916613984e-05	False
CRA	s__GGB9501_SGB14898	4	4	2	up	0.75	0.7964631286037929	1.2645927218428494	0.20601736342413834	0.9998916452646159	2.8111413020123225e-05	True
CRA	s__GGB3278_SGB4328	4	4	2	down	0.75	-0.7942295436616175	0.2968264508553723	0.7665990102071097	0.9998916452646159	2.8032577947198893e-05	True
CRA	s__GGB55957_SGB77276	1	4	2	down	1.0	-0.5939011368929512	-0.18016422527434683	0.857023642923328	0.9998916452646159	2.7949232973844724e-05	False
CRA	s__Faecalibacillus_intestinalis	4	4	2	down	0.5	-1.180326378689905	-0.46432021810519597	0.6424183407042213	0.9998916452646159	2.777332361726463e-05	False
CRA	s__GGB9532_SGB14933	2	4	2	down	0.5	-1.1666439249760483	0.3722259967501653	0.709724591903959	0.9998916452646159	2.7451372653756576e-05	False
CRA	s__Youxingia_wuxianensis	4	4	2	up	0.75	0.7717012796169346	0.6112193024488533	0.5410544063242486	0.9998916452646159	2.7237435884192595e-05	True
CRA	s__GGB3444_SGB4594	4	4	2	down	0.75	-0.7688187269043906	-0.34019161304964884	0.7337122337613776	0.9998916452646159	2.7135695292639222e-05	True
CRA	s__Dorea_sp_AF36_15AT	4	4	2	down	0.75	-0.7668441801167436	-1.0891312049816313	0.27609603081938083	0.9998916452646159	2.7066003051678354e-05	True
CRA	s__GGB6470_SGB9153	3	4	2	down	0.6666666666666666	-0.8617159688567474	0.4990931474417759	0.617713764836799	0.9998916452646159	2.7035139772991854e-05	True
CRA	s__GGB3057_SGB71294	1	4	2	up	1.0	0.5719087639140462	0.34513088974792094	0.7299959719013791	0.9998916452646159	2.6914262811553397e-05	False
CRA	s__Clostridium_disporicum	3	4	2	down	0.6666666666666666	-0.8488105247808877	-0.8026111503808063	0.42219952148518813	0.9998916452646159	2.663024941812668e-05	True
CRA	s__GGB6601_SGB9333	3	4	2	up	0.6666666666666666	0.8442820009522536	-0.06618996274913476	0.947226587817097	0.9998916452646159	2.6488173282721093e-05	True
CRA	s__GGB9064_SGB13983	4	4	2	up	0.75	0.7481109248695101	1.2527972149297126	0.21027951548737245	0.9998916452646159	2.640480700059494e-05	True
CRA	s__Megasphaera_massiliensis	1	4	2	up	1.0	0.5560306086462286	0.7152454972467428	0.4744573600842038	0.9998916452646159	2.6167030261878875e-05	False
CRA	s__Faecalimonas_umbilicata	3	4	2	up	0.6666666666666666	0.8327616567617661	0.6102137324805428	0.541720234125858	0.9998916452646159	2.612673850992001e-05	True
CRA	s__GGB9784_SGB15407	2	4	2	down	0.5	-1.1091352023464534	-0.23154796948493997	0.816889123511699	0.9998916452646159	2.6098180525508065e-05	False
CRA	s__Eubacterium_ramulus	4	4	2	down	0.75	-0.7342719291241327	-0.5068982887102551	0.6122261864738163	0.9998916452646159	2.591635535580378e-05	True
CRA	s__Alistipes_dispar	4	4	2	up	0.75	0.7300616862396843	1.2474528881186726	0.21223148444311513	0.9998916452646159	2.576775352806162e-05	True
CRA	s__GGB28640_SGB4673	2	4	2	up	0.5	1.0901406569318526	1.0941379084704066	0.27389449865332516	0.9998916452646159	2.5651234946482644e-05	False
CRA	s__GGB52106_SGB72838	4	4	2	up	0.75	0.7259923995556898	0.8991376581723305	0.3685793416470132	0.9998916452646159	2.562412679310957e-05	True
CRA	s__GGB3351_SGB4434	3	4	2	up	0.6666666666666666	0.8164534692259794	1.0384600420217118	0.29905592885732635	0.9998916452646159	2.561509181262241e-05	True
CRA	s__Zhenpiania_hominis	4	4	2	down	0.5	-1.0874698513982681	-0.36464491093787593	0.715376485689605	0.9998916452646159	2.558839034032773e-05	False
CRA	s__GGB781_SGB1024	2	4	2	down	0.5	-1.0844425710139	0.7406618797786099	0.4588984782324902	0.9998916452646159	2.551715780726465e-05	False
CRA	s__Blautia_faecicola	4	4	2	up	0.75	0.7216784813221642	0.638157538431258	0.5233711346686527	0.9998916452646159	2.5471865711783348e-05	True
CRA	s__Sellimonas_intestinalis	4	4	2	down	0.75	-0.7211518588069232	-0.5575714163980912	0.5771370794352075	0.9998916452646159	2.5453278406859905e-05	True
CRA	s__Ligilactobacillus_salivarius	3	4	2	down	0.6666666666666666	-0.8098177193885181	-0.7525706306874057	0.4517079717185033	0.9998916452646159	2.5406904392593062e-05	True
CRA	s__GGB9359_SGB14334	4	4	2	down	0.75	-0.7177487782435306	-0.07293544025578	0.9418574917874043	0.9998916452646159	2.533316562345211e-05	True
CRA	s__GGB38744_SGB14842	4	4	2	up	0.75	0.7143896540125129	0.8333011862256471	0.4046748874729005	0.9998916452646159	2.5214604292421535e-05	True
CRA	s__GGB3740_SGB5076	4	4	2	down	0.5	-1.0610725660570042	-0.5036585602848921	0.6145013335188831	0.9998916452646159	2.4967256760974922e-05	False
CRA	s__GGB9186_SGB14125	4	4	2	down	0.75	-0.705813115715242	-1.2747840426969457	0.20238569027872977	0.9998916452646159	2.4911892714573436e-05	True
CRA	s__Actinomyces_sp_ph3	4	4	2	down	0.5	-1.0534674222485978	0.2763258474956303	0.7822978050437237	0.9998916452646159	2.4788306155481254e-05	False
CRA	s__Alistipes_indistinctus	4	4	2	up	0.75	0.700798210478859	0.043252288964869906	0.965500423491607	0.9998916452646159	2.4734890079682014e-05	True
CRA	s__Lacrimispora_sp_210928_DFI_3_58	2	4	2	down	0.5	-1.043280652581626	0.1419475496140373	0.8871214353884747	0.9998916452646159	2.4548609360015778e-05	False
CRA	s__GGB9635_SGB15103	3	4	2	up	0.6666666666666666	0.7807771699904794	-0.30477500890396586	0.7605375165474813	0.9998916452646159	2.4495797554104185e-05	True
CRA	s__Blautia_stercoris	4	4	2	down	0.75	-0.6924201157066446	0.8365832988960589	0.4028268364935125	0.9998916452646159	2.44391826275664e-05	True
CRA	s__GGB51647_SGB4348	4	4	2	down	0.75	-0.6846742887628897	-1.0343531135721895	0.3009711149905957	0.9998916452646159	2.4165791264453332e-05	True
CRA	s__GGB1146_SGB1472	2	4	2	down	0.5	-1.0177222740003342	0.8978286725620078	0.3692768959799484	0.9998916452646159	2.3947215430093896e-05	False
CRA	s__Victivallis_lenta	3	4	2	down	0.6666666666666666	-0.7631008240980339	-0.6452350372345528	0.5187748838779589	0.9998916452646159	2.3941226791638187e-05	True
CRA	s__Acidaminococcus_fermentans	2	4	2	down	0.5	-1.0133304859888683	-0.015068087982285143	0.9879778601721857	0.9998916452646159	2.384387575057555e-05	False
CRA	s__GGB36331_SGB15121	4	4	2	down	0.75	-0.6751596458700327	-0.4894811280675687	0.624501112114606	0.9998916452646159	2.3829968994100452e-05	True
CRA	s__Drancourtella_massiliensis	2	4	2	down	0.5	-1.011067051147596	0.03711103005740021	0.970396477373727	0.9998916452646159	2.3790616660998125e-05	False
CRA	s__Mediterraneibacter_SGB48424	4	4	2	down	0.75	-0.6735931554633923	-0.4456040970954851	0.6558832505276115	0.9998916452646159	2.3774679229600834e-05	True
CRA	s__GGB74505_SGB47518	4	4	2	down	0.5	-1.0103015374892428	0.7421088553080484	0.45802138500301226	0.9998916452646159	2.377260396641573e-05	False
CRA	s__GGB1420_SGB1957	4	4	2	up	0.75	0.6725196525739695	1.0059007240769746	0.31446332792236587	0.9998916452646159	2.3736789612342895e-05	True
CRA	s__GGB9766_SGB15383	4	4	2	up	0.75	0.6716153160119656	1.2027902321619328	0.2290575056491604	0.9998916452646159	2.3704870773051167e-05	True
CRA	s__GGB9712_SGB15244	4	4	2	up	0.75	0.6660000443615026	0.7642099986826622	0.4447421090348579	0.9998916452646159	2.3506678019466867e-05	True
CRA	s__Eubacterium_sp_AF34_35BH	4	4	2	down	0.75	-0.6646722876538852	-0.9905882642911091	0.3218866705156743	0.9998916452646159	2.345981443487946e-05	True
CRA	s__Segatella_sinensis	4	4	2	down	0.5	-0.9936623476147213	-0.2652143415014892	0.7908443474616145	0.9998916452646159	2.3381080390007034e-05	False
CRA	s__GGB3817_SGB5182	3	4	2	down	0.6666666666666666	-0.7397423336439618	-1.0011623538172434	0.31674832359074334	0.9998916452646159	2.320838664809326e-05	True
CRA	s__GGB9580_SGB14996	1	4	2	down	1.0	-0.4898635450241387	-0.7801787953731548	0.4352856417548996	0.9998916452646159	2.3053180899603065e-05	False
CRA	s__Pseudoflavonifractor_gallinarum	3	4	2	down	0.6666666666666666	-0.7339334120830713	-0.6477065406967218	0.5171747730196041	0.9998916452646159	2.302613981502438e-05	True
CRA	s__GGB6007_SGB8634	1	4	2	down	1.0	-0.48886255554668784	-0.3200631972464051	0.7489204236666942	0.9998916452646159	2.3006073921064507e-05	False
CRA	s__Negativibacillus_massiliensis	4	4	2	down	0.5	-0.970000706861918	0.5563433808404874	0.5779761366482298	0.9998916452646159	2.2824317093170037e-05	False
CRA	s__Yeguia_hominis	3	4	2	down	0.6666666666666666	-0.727081542004494	0.5257707133350856	0.5990475252557803	0.9998916452646159	2.2811171923079108e-05	True
CRA	s__GGB9291_SGB14248	3	4	2	down	0.6666666666666666	-0.7252656971417455	0.517662522699063	0.6046937508151025	0.9998916452646159	2.275420231656757e-05	True
CRA	s__GGB3118_SGB4130	2	4	2	down	0.5	-0.966476774745729	-0.4142407590438133	0.6786977944340653	0.9998916452646159	2.274139824221898e-05	False
CRA	s__Duodenibacillus_massiliensis	2	4	2	down	0.5	-0.9663280581166009	0.41449028502085844	0.6785150803994106	0.9998916452646159	2.2737898909201763e-05	False
CRA	s__Phocea_massiliensis	4	4	2	up	0.75	0.6433348884795081	0.9915036442044423	0.3214397137852658	0.9998916452646159	2.2706704316627477e-05	True
CRA	s__Clostridium_sp_Marseille_P3244	4	4	2	up	0.75	0.6418116177590694	0.3346658280527429	0.7378771816650702	0.9998916452646159	2.2652940004350047e-05	True
CRA	s__Blautia_hydrogenotrophica	4	4	2	down	0.75	-0.6384795085299928	-0.059514047829331354	0.9525426767603391	0.9998916452646159	2.2535332176187375e-05	True
CRA	s__Clostridium_sp_AF36_4	4	4	2	down	0.75	-0.6373837819632564	-0.6940936543608089	0.48762347783563786	0.9998916452646159	2.2496658167349522e-05	True
CRA	s__GGB9547_SGB14954	3	4	2	up	0.6666666666666666	0.7096848396977231	0.21864898406760427	0.8269234921300663	0.9998916452646159	2.2265374589096e-05	True
CRA	s__Faecalicatena_fissicatena	4	4	2	down	0.75	-0.6279771329434063	-1.1573649036077387	0.24712330670454574	0.9998916452646159	2.21646475742215e-05	True
CRA	s__Clostridium_sp_AF32_12BH	1	4	2	up	1.0	0.46945251962696655	0.44744367114953	0.6545547501142366	0.9998916452646159	2.2092629608111846e-05	False
CRA	s__GGB1663_SGB2279	2	4	2	up	0.5	0.9318761419778762	0.3705717190757311	0.7109565495130226	0.9998916452646159	2.1927238202611687e-05	False
CRA	s__GGB3733_SGB5066	3	4	2	down	0.6666666666666666	-0.6966419585335735	0.6315781094642027	0.5276625944573932	0.9998916452646159	2.185617233677714e-05	True
CRA	s__GGB9708_SGB15235	2	4	2	down	0.5	-0.92789326814173	-0.09219905528042543	0.9265398886263325	0.9998916452646159	2.183352035814497e-05	False
CRA	s__Neobittarella_massiliensis	4	4	2	down	0.75	-0.618470499505357	-0.5867073653690348	0.5574002602552346	0.9998916452646159	2.1829108000058916e-05	True
CRA	s__GGB74511_SGB47635	1	4	2	up	1.0	0.4617007458391065	0.13529452306887532	0.8923790152229919	0.9998916452646159	2.1727827929686208e-05	False
CRA	s__GGB9715_SGB15267	4	4	2	down	0.75	-0.6153518985537515	-0.7251740858290253	0.4683452385890635	0.9998916452646159	2.171903601273514e-05	True
CRA	s__Butyricicoccus_SGB14990	4	4	2	down	0.75	-0.6130265653057254	-0.7966417934193927	0.4256590976112097	0.9998916452646159	2.16369626549147e-05	True
CRA	s__GGB4651_SGB6438	2	4	2	down	1.0	-0.45877521568791674	-0.6407511139570123	0.5216843991762088	0.9998916452646159	2.159015127158891e-05	True
CRA	s__GGB9239_SGB14181	2	4	2	up	0.5	0.914839190260158	0.7525927605584235	0.4516946692799444	0.9998916452646159	2.152635520783096e-05	False
CRA	s__GGB3277_SGB4327	4	4	2	down	0.5	-0.9148246179415258	-0.13174120734421457	0.8951889908088597	0.9998916452646159	2.1526012318162024e-05	False
CRA	s__GGB4584_SGB6338	2	4	2	down	0.5	-0.9095292513837889	-0.09942543597738614	0.9208004878303737	0.9998916452646159	2.140141124871604e-05	False
CRA	s__GGB78928_SGB105381	2	4	2	down	1.0	-0.45110527060839645	-0.8375112089248946	0.4023052790805367	0.9998916452646159	2.122920048599924e-05	True
CRA	s__GGB9786_SGB63164	2	4	2	down	0.5	-0.9019553378996746	-0.3067440453161725	0.7590382015298012	0.9998916452646159	2.1223195499207036e-05	False
CRA	s__GGB9646_SGB15123	4	4	2	down	0.75	-0.6000129559670475	-0.32613809152750595	0.7443198783490377	0.9998916452646159	2.117764327921e-05	True
CRA	s__Clostridium_hylemonae	2	4	2	down	0.5	-0.8993534820243236	0.39503279062863667	0.692818688461415	0.9998916452646159	2.1161973292759518e-05	False
CRA	s__Bifidobacterium_pseudocatenulatum	4	4	2	down	0.75	-0.5995056770041186	-1.2289831270472749	0.21907813228686945	0.9998916452646159	2.1159738710961733e-05	True
CRA	s__Fournierella_massiliensis	4	4	2	down	0.75	-0.5980436124821062	0.21868628322998798	0.8268944347717225	0.9998916452646159	2.1108134690431106e-05	True
CRA	s__GGB9531_SGB14932	4	4	2	up	0.75	0.5923765366553437	1.0672165644864415	0.2858740542878343	0.9998916452646159	2.0908113492385503e-05	True
CRA	s__GGB9621_SGB15073	4	4	2	up	0.75	0.5919985190807745	0.6016997853711306	0.5473739929038807	0.9998916452646159	2.0894771244909205e-05	True
CRA	s__Faecalibacillus_faecis	4	4	2	down	0.5	-0.8873103231918478	0.35679979054292854	0.721241693080481	0.9998916452646159	2.0878595276587648e-05	False
CRA	s__GGB1495_SGB2071	4	4	2	down	0.75	-0.5879939794282398	0.5390229817555398	0.58987099705385	0.9998916452646159	2.0753429776503498e-05	True
CRA	s__GGB9690_SGB15196	3	4	2	up	0.6666666666666666	0.6609568679724838	0.30109763169680676	0.7633400469132706	0.9998916452646159	2.0736602262648325e-05	True
CRA	s__Bacteroides_ovatus	4	4	2	down	1.0	-0.43689424502066376	-1.2731370774920463	0.20296940394611995	0.9998916452646159	2.056042374812881e-05	True
CRA	s__Enterocloster_bolteae	4	4	2	up	0.5	0.8725700042885997	-0.00013580252211931152	0.9998916452646159	0.9998916452646159	2.05317525265544e-05	False
CRA	s__Parolsenella_catena	2	4	2	down	1.0	-0.4361797786353295	-1.0576326269042617	0.29022296176093965	0.9998916452646159	2.0526800664731197e-05	True
CRA	s__Sanguibacteroides_justesenii	4	4	2	up	0.5	0.8639019886722542	0.14296739276142995	0.8863159334116787	0.9998916452646159	2.032779232776644e-05	False
CRA	s__Prevotella_stercorea	3	4	2	down	0.6666666666666666	-0.6469018823084973	0.6835155734127615	0.494281112887203	0.9998916452646159	2.0295646639605395e-05	True
CRA	s__Lentihominibacter_SGB71368	3	4	2	up	0.6666666666666666	0.6434713459997135	0.43858123061042786	0.6609649995503933	0.9998916452646159	2.018801833520326e-05	True
CRA	s__Senegalimassilia_SGB14826	3	4	2	up	1.0	0.4285694876859554	0.4216672155217539	0.6732679373867949	0.9998916452646159	2.0168657227162498e-05	True
CRA	s__Eubacterium_hominis	1	4	2	up	1.0	0.42832744673270096	0.4168744080530175	0.6767702734825777	0.9998916452646159	2.0157266679861798e-05	False
CRA	s__GGB1387_SGB1895	1	4	2	up	1.0	0.4265005093790673	0.21050042621859566	0.8332771190390792	0.9998916452646159	2.0071290252888684e-05	False
CRA	s__GGB9667_SGB15164	4	4	2	up	0.75	0.5639911001914399	0.8729142118621629	0.3827098393194852	0.9998916452646159	1.9906240713174635e-05	True
CRA	s__Marseilla_massiliensis	2	4	2	down	0.5	-0.8404054405912135	-0.26178090970968865	0.7934903578038177	0.9998916452646159	1.977491369561413e-05	False
CRA	s__Clostridiaceae_bacterium_Marseille_Q4149	4	4	2	down	0.75	-0.560155586402761	-1.0151934455552354	0.3100136243752897	0.9998916452646159	1.977086506503014e-05	True
CRA	s__GGB9512_SGB14909	4	4	2	up	0.75	0.5568095576147625	0.4640879916310257	0.642584704843727	0.9998916452646159	1.965276594172039e-05	True
CRA	s__Hydrogenoanaerobacterium_saccharovorans	4	4	2	up	0.75	0.5510963355213891	0.778038808915727	0.43654613462381864	0.9998916452646159	1.9451115996889856e-05	True
CRA	s__GGB42389_SGB59559	4	4	2	up	0.75	0.5437494054912739	0.7100638140818465	0.47766456465167306	0.9998916452646159	1.9191803823997974e-05	True
CRA	s__GGB39037_SGB4393	1	4	2	up	1.0	0.4059176810390402	0.05905432571637673	0.9529088379099008	0.9998916452646159	1.910265384389699e-05	False
CRA	s__GGB9258_SGB14205	1	4	2	up	1.0	0.4056686173156111	0.020653969471335014	0.9835216882186244	0.9998916452646159	1.9090932802129215e-05	False
CRA	s__Bacteroides_intestinalis	4	4	2	down	0.75	-0.5399703359519455	-0.0923518951773282	0.9264184581105338	0.9998916452646159	1.905842039313149e-05	True
CRA	s__GGB47687_SGB2286	4	4	2	up	0.75	0.5385436717382317	1.3302048749648643	0.18345077841001023	0.9998916452646159	1.900806583745602e-05	True
CRA	s__GGB9210_SGB14149	1	4	2	down	1.0	-0.40248212672354555	-0.052691533416515855	0.957977685010806	0.9998916452646159	1.8940975237823933e-05	False
CRA	s__GGB3534_SGB4722	4	4	2	down	0.75	-0.5339184245918656	-1.2598847372138606	0.20771094542764734	0.9998916452646159	1.8844816305642064e-05	True
CRA	s__GGB9361_SGB14336	2	4	2	up	0.5	0.7973572269968658	0.4475445569894795	0.6544819241359608	0.9998916452646159	1.87619803333792e-05	False
CRA	s__GGB3287_SGB4341	1	4	2	up	1.0	0.39787727099247117	0.8169159877310901	0.4139764405428913	0.9998916452646159	1.8724268823837155e-05	False
CRA	s__Victivallis_vadensis	3	4	2	up	0.6666666666666666	0.5934582997104547	1.3088135214464287	0.19059752559459076	0.9998916452646159	1.861892858200176e-05	True
CRA	s__Anaerofilum_hominis	4	4	2	down	0.5	-0.773900043021422	0.46691660643615146	0.6405595436186962	0.9998916452646159	1.8210027946766588e-05	False
CRA	s__GGB45432_SGB63101	4	4	2	down	0.75	-0.5149263479168485	-0.9545988506918953	0.3397805986094101	0.9998916452646159	1.8174485072032833e-05	True
CRA	s__GGB2983_SGB3965	4	4	2	down	0.75	-0.5088357749015502	-0.06800977223551531	0.9457778551788059	0.9998916452646159	1.795951640943773e-05	True
CRA	s__Erysipelatoclostridium_ramosum	4	4	2	down	0.75	-0.5086306516995139	0.2886721837975583	0.7728322509968193	0.9998916452646159	1.7952276522435602e-05	True
CRA	s__Coprobacter_fastidiosus	4	4	2	down	0.75	-0.506980187960968	-0.36527205006398195	0.7149083399323096	0.9998916452646159	1.789402289315544e-05	True
CRA	s__Pseudoflavonifractor_capillosus	4	4	2	up	0.75	0.504951731056754	0.8473178620156266	0.39681797320895307	0.9998916452646159	1.7822427877918714e-05	True
CRA	s__GGB3653_SGB4964	4	4	2	down	0.5	-0.7493541259340571	-0.24251459340532158	0.808381450403896	0.9998916452646159	1.763245744503248e-05	False
CRA	s__GGB1458_SGB2021	2	4	2	up	0.5	0.7470805337401369	0.44811730004909345	0.654068543183953	0.9998916452646159	1.7578959350848125e-05	False
CRA	s__Roseburia_sp_AM23_20	1	4	2	down	1.0	-0.3711890864982482	-1.2172049931605713	0.22352623089635115	0.9998916452646159	1.7468311830758632e-05	False
CRA	s__GGB3637_SGB4930	2	4	2	down	0.5	-0.7372017752443032	-0.2207214352285958	0.8253093401583544	0.9998916452646159	1.7346510121893226e-05	False
CRA	s__Dialister_SGB5820	1	4	2	up	1.0	0.3665220819887291	0.01873795485086276	0.9850501499712737	0.9998916452646159	1.7248680669570866e-05	False
CRA	s__Candidatus_Borkfalkia_ceftriaxoniphila	3	4	2	up	0.6666666666666666	0.5489381244033732	0.3994766151166371	0.6895420511657742	0.9998916452646159	1.7222170014626135e-05	True
CRA	s__GGB45495_SGB63167	3	4	2	up	0.6666666666666666	0.5488125647276006	0.430361227039976	0.6669328952284873	0.9998916452646159	1.721823075446729e-05	True
CRA	s__GGB4552_SGB6276	4	4	2	up	0.75	0.48295280024726267	1.2922819038804985	0.19625953647055028	0.9998916452646159	1.7045968795536805e-05	True
CRA	s__Oscillospiraceae_bacterium	4	4	2	up	0.75	0.48186050186400825	1.3044088671740175	0.19209421346988131	0.9998916452646159	1.700741578549765e-05	True
CRA	s__GGB4653_SGB6440	2	4	2	down	0.5	-0.7202742460083166	-0.02486377167475674	0.9801636243099593	0.9998916452646159	1.6948201860720936e-05	False
CRA	s__Catenibacillus_scindens	4	4	2	down	0.5	-0.7168418529426699	0.834700406263199	0.403886412865053	0.9998916452646159	1.6867436942546634e-05	False
CRA	s__GGB4745_SGB6571	3	4	2	down	0.6666666666666666	-0.5340114050573094	-0.36313633737120243	0.7165030413823785	0.9998916452646159	1.6753864959993753e-05	True
CRA	s__Clostridium_symbiosum	4	4	2	up	0.75	0.4725564384157945	0.0921600857884318	0.9265708499621427	0.9998916452646159	1.6679025981921097e-05	True
CRA	s__GGB3819_SGB5184	4	4	2	down	0.5	-0.706486889632398	1.0784199955868157	0.2808463675494218	0.9998916452646159	1.6623782515895343e-05	False
CRA	s__GGB9758_SGB15368	4	4	2	down	0.75	-0.4709293430900671	-0.5537413740081433	0.5797558555610433	0.9998916452646159	1.6621597148015354e-05	True
CRA	s__Fusobacterium_mortiferum	1	4	2	up	1.0	0.35293878522207545	0.8717413180767668	0.38334951421012065	0.9998916452646159	1.6609445109473757e-05	False
CRA	s__GGB9611_SGB15045	4	4	2	down	0.5	-0.7028707796187108	0.32164209168225805	0.7477238523602825	0.9998916452646159	1.6538694699966633e-05	False
CRA	s__GGB9524_SGB14924	4	4	2	down	0.5	-0.7003422472077908	0.30893753296543963	0.7573690452098282	0.9998916452646159	1.647919780979023e-05	False
CRA	s__Ruthenibacterium_lactatiformans	4	4	2	up	0.75	0.46592934803378994	1.0238481504168602	0.3059070034570407	0.9998916452646159	1.6445120772552775e-05	True
CRA	s__Coprococcus_eutactus	4	4	2	down	0.75	-0.4583511936366647	0.5138032037156377	0.6073895878317997	0.9998916452646159	1.6177647463949907e-05	True
CRA	s__Coprobacillus_cateniformis	4	4	2	up	0.5	0.6851701260624862	0.5910668176673908	0.554475651956814	0.9998916452646159	1.612219466376498e-05	False
CRA	s__GGB9062_SGB13981	3	4	2	up	0.6666666666666666	0.5130007782262562	0.5545879206888117	0.579176553089783	0.9998916452646159	1.609468577146217e-05	True
CRA	s__Lachnoclostridium_sp_An138	4	4	2	up	0.75	0.45354651526729817	0.43096219866112173	0.6664958565966033	0.9998916452646159	1.600806485149817e-05	True
CRA	s__Roseburia_inulinivorans	4	4	2	up	0.75	0.44914657259424606	0.692020680887237	0.48892434159320153	0.9998916452646159	1.5852767510912095e-05	True
CRA	s__GGB3550_SGB4747	3	4	2	up	0.6666666666666666	0.5052669114747831	-0.9324701108330892	0.3510936263565596	0.9998916452646159	1.585204646086756e-05	True
CRA	s__Feifania_hominis	4	4	2	up	0.75	0.44615639572245347	0.52946475304043	0.596483089102455	0.9998916452646159	1.574722829129557e-05	True
CRA	s__GGB9781_SGB66170	4	4	2	up	0.75	0.44402423400265056	0.6997836866813999	0.48406240404232403	0.9998916452646159	1.5671972982445118e-05	True
CRA	s__GGB4578_SGB6328	3	4	2	down	0.6666666666666666	-0.4990866337047222	-0.9058090877375353	0.3650369100845564	0.9998916452646159	1.5658148843336827e-05	True
CRA	s__Holdemania_sp_1001095H_141210_F2	4	4	2	down	0.5	-0.661885057352915	0.30643578400632404	0.7592728662534991	0.9998916452646159	1.5574292184927756e-05	False
CRA	s__GGB4700_SGB6506	2	4	2	up	0.5	0.6588493463790829	0.0308816688502898	0.9753639090888977	0.9998916452646159	1.550286127835232e-05	False
CRA	s__GGB51959_SGB72479	4	4	2	up	0.75	0.43642232062904496	0.8158163230920539	0.4146051959488971	0.9998916452646159	1.5403661093402312e-05	True
CRA	s__GGB33512_SGB15203	4	4	2	up	0.5	0.6517702010061157	0.2492713835402403	0.8031508654149204	0.9998916452646159	1.5336287524747572e-05	False
CRA	s__GGB45540_SGB63220	2	4	2	down	0.5	-0.6509323919721453	0.4660998733007373	0.6411440139722211	0.9998916452646159	1.5316573705036318e-05	False
CRA	s__GGB13818_SGB6606	1	4	2	down	1.0	-0.32541943607833457	-0.008006410674300425	0.9936118767848319	0.9998916452646159	1.5314373164451324e-05	False
CRA	s__GGB9412_SGB14770	3	4	2	down	0.6666666666666666	-0.48780496622631764	0.8761911816108578	0.38092610968816176	0.9998916452646159	1.5304202220349516e-05	True
CRA	s__GGB9786_SGB15409	3	4	2	up	0.6666666666666666	0.48679919815013634	0.8295289205249328	0.406805178859037	0.9998916452646159	1.527264764610291e-05	True
CRA	s__GGB74463_SGB54347	3	4	2	down	0.6666666666666666	-0.48458584323212267	0.09087318521591098	0.9275933571126206	0.9998916452646159	1.5203206714591421e-05	True
CRA	s__GGB3612_SGB4882	4	4	2	down	0.5	-0.6420180934639683	0.09120702999362251	0.9273280891115555	0.9998916452646159	1.510681841890665e-05	False
CRA	s__Evtepia_gabavorous	4	4	2	down	0.75	-0.4214921215417989	0.46760879634679814	0.6400643733052238	0.9998916452646159	1.4876695088397165e-05	True
CRA	s__GGB3491_SGB4665	3	4	2	down	0.6666666666666666	-0.46836771017637385	-0.03445397622207221	0.9725151421930553	0.9998916452646159	1.4694385351328469e-05	True
CRA	s__GGB9634_SGB15097	2	4	2	down	0.5	-0.6159170266552976	0.32228187551572307	0.7472391624958041	0.9998916452646159	1.4492654922842391e-05	False
CRA	s__Christensenella_hongkongensis	4	4	2	down	0.75	-0.4104477153787292	-0.546770561354891	0.5845363703240558	0.9998916452646159	1.4486879349209957e-05	True
CRA	s__GGB2970_SGB3952	4	4	2	down	0.75	-0.409038144879332	0.2095704077111283	0.8340029779520354	0.9998916452646159	1.443712812148018e-05	True
CRA	s__GGB3109_SGB4119	4	4	2	down	0.75	-0.40881087472346667	0.28061207764895607	0.7790079514804633	0.9998916452646159	1.442910655087731e-05	True
CRA	s__Enterocloster_hominis	4	4	2	down	0.75	-0.40863522652424084	0.44525139801017155	0.6561380867179507	0.9998916452646159	1.4422906993236352e-05	True
CRA	s__Butyricicoccus_SGB14985	2	4	2	down	0.5	-0.6111472889246417	-0.36630728514682004	0.7141357940656718	0.9998916452646159	1.4380422008324273e-05	False
CRA	s__Solobacterium_SGB6834	2	4	2	down	0.5	-0.6093620222695727	-0.3420216579889592	0.7323345933633396	0.9998916452646159	1.4338414314986625e-05	False
CRA	s__Bilophila_SGB15451	3	4	2	up	0.6666666666666666	0.4566145262913421	-0.1840524868922112	0.8539722795923588	0.9998916452646159	1.4325645557018897e-05	True
CRA	s__Vescimonas_fastidiosa	4	4	2	down	0.75	-0.40527868387216914	0.007382022354494715	0.9941100518306176	0.9998916452646159	1.430443677983494e-05	True
CRA	s__Bacteroides_xylanisolvens	4	4	2	down	0.75	-0.4051538019891122	-0.7672359914733785	0.4429412174452084	0.9998916452646159	1.430002903506024e-05	True
CRA	s__GGB34900_SGB14891	4	4	2	up	0.75	0.4044856737055905	0.8464040788080623	0.39732736387471035	0.9998916452646159	1.427644724017988e-05	True
CRA	s__GGB4591_SGB6350	1	4	2	up	1.0	0.3023487797964916	0.5301762359905021	0.595989745838332	0.9998916452646159	1.4228658544246871e-05	False
CRA	s__GGB9616_SGB15052	4	4	2	down	0.75	-0.39817691303699454	-0.2077998307423945	0.8353852647773201	0.9998916452646159	1.4053777576725524e-05	True
CRA	s__Olsenella_timonensis	1	4	2	down	1.0	-0.29759841130971243	-0.47719261706630295	0.633224967922744	0.9998916452646159	1.4005104239833185e-05	False
CRA	s__GGB9444_SGB14834	4	4	2	up	0.75	0.3906977589076139	0.6528819716816602	0.5138323723530391	0.9998916452646159	1.3789798513261846e-05	True
CRA	s__Collinsella_intestinalis	2	4	2	down	0.5	-0.5820690180446273	-0.2528882599896641	0.8003545618425723	0.9998916452646159	1.3696204285191191e-05	False
CRA	s__Gordonibacter_pamelaeae	4	4	2	down	0.75	-0.38646342156009056	-0.6288427669059227	0.5294519983420918	0.9998916452646159	1.36403462639764e-05	True
CRA	s__GGB9522_SGB14921	4	4	2	up	0.75	0.38591241295327	1.231899954557837	0.21798645840084008	0.9998916452646159	1.3620898244391199e-05	True
CRA	s__Phocaeicola_sartorii	3	4	2	down	0.6666666666666666	-0.43120364576410447	-0.3764578696274225	0.706576530865705	0.9998916452646159	1.3528414530048257e-05	True
CRA	s__Dysosmobacter_welbionis	4	4	2	up	0.75	0.3831746972818786	0.5423835329060406	0.5875543212812061	0.9998916452646159	1.3524269721103423e-05	True
CRA	s__Intestinimonas_massiliensis	4	4	2	down	0.5	-0.572300237774714	-0.21443865568377743	0.8302049998121896	0.9998916452646159	1.3466342866620344e-05	False
CRA	s__Oscillibacter_valericigenes	4	4	2	up	0.75	0.38125451514892467	1.2760715283389898	0.20193023517215947	0.9998916452646159	1.3456496297482475e-05	True
CRA	s__Lawsonibacter_asaccharolyticus	4	4	2	up	0.75	0.38124290003323497	0.47232049387211916	0.6366980444345645	0.9998916452646159	1.3456086338373633e-05	True
CRA	s__Lactococcus_cremoris	3	4	2	down	0.6666666666666666	-0.42502597712517	0.36089857269955045	0.7181752706053646	0.9998916452646159	1.3334598770377001e-05	True
CRA	s__Intestinimonas_sp_MSJ_38	4	4	2	up	0.5	0.5584595184609346	-1.0662603265136181	0.2863059784423928	0.9998916452646159	1.3140667880838882e-05	False
CRA	s__GGB9365_SGB14341	4	4	2	up	0.75	0.37172451666157025	0.3013006350066046	0.7631852567413647	0.9998916452646159	1.3120132046661721e-05	True
CRA	s__GGB9627_SGB15081	4	4	2	down	0.5	-0.5518767601229132	0.16288271304191873	0.8706107820447957	0.9998916452646159	1.2985774216749937e-05	False
CRA	s__Blautia_luti	4	4	2	down	0.5	-0.5465114870301252	-0.0036726868820752953	0.9970696264279173	0.9998916452646159	1.285952823208729e-05	False
CRA	s__GGB6649_SGB9391	4	4	2	up	0.75	0.3618204884761841	1.2253910032973967	0.22042793504178093	0.9998916452646159	1.2770566301703259e-05	True
CRA	s__GGB5980_SGB8599	3	4	2	up	0.6666666666666666	0.4047358930175147	-0.05485101862476503	0.9562571545644504	0.9998916452646159	1.2698025607430997e-05	True
CRA	s__GGB2999_SGB3990	1	4	2	down	1.0	-0.26968387004561634	-1.0184035647391296	0.3084862088204946	0.9998916452646159	1.2691434390285733e-05	False
CRA	s__GGB53380_SGB74412	3	4	2	up	0.6666666666666666	0.4021571398535542	0.15603129979285624	0.8760083496977508	0.9998916452646159	1.2617120814265548e-05	True
CRA	s__GGB45656_SGB72339	1	4	2	up	1.0	0.2678965659594084	0.02918307977422759	0.9767185758708281	0.9998916452646159	1.2607323121258926e-05	False
CRA	s__Intestinimonas_butyriciproducens	4	4	2	up	0.5	0.53539341892344	0.08891147985744649	0.9291522600808242	0.9998916452646159	1.259791779187287e-05	False
CRA	s__Lachnospiraceae_bacterium_CLA_AA_H244	4	4	2	down	0.75	-0.35671521151799607	0.04549996785508156	0.9637088005214889	0.9998916452646159	1.2590373968876343e-05	True
CRA	s__Anaeromassilibacillus_senegalensis	4	4	2	up	0.5	0.5310802641106971	0.04407714781085612	0.9648429084826086	0.9998916452646159	1.2496428367770843e-05	False
CRA	s__GGB9197_SGB14136	2	4	2	down	0.5	-0.5240387763821085	0.08346077053776799	0.9334851690991133	0.9998916452646159	1.2330740706320664e-05	False
CRA	s__GGB9453_SGB14845	4	4	2	down	0.5	-0.5237243198940257	-0.0005022406471144373	0.9995992699587068	0.9998916452646159	1.232334148017038e-05	False
CRA	s__GGB9060_SGB13977	1	4	2	up	1.0	0.26112097416891755	0.8252361446946013	0.40923753659316386	0.9998916452646159	1.2288460971105756e-05	False
CRA	s__GGB28319_SGB40892	1	4	2	up	1.0	0.25831917129811405	0.28132615005652933	0.7784602550498716	0.9998916452646159	1.2156606969962483e-05	False
CRA	s__Sutterella_sp_AM11_39	4	4	2	down	0.5	-0.515528772958486	0.6948954273833562	0.48712083851657684	0.9998916452646159	1.2130498567082334e-05	False
CRA	s__Coprobacter_secundus	4	4	2	down	0.75	-0.3409482545249011	-0.46365958462194334	0.6428916573077272	0.9998916452646159	1.2033874334197207e-05	True
CRA	s__GGB9616_SGB15051	4	4	2	down	0.5	-0.5108552684363062	-0.40602683158198244	0.6847228857079894	0.9998916452646159	1.202053003984725e-05	False
CRA	s__GGB51884_SGB49168	4	4	2	down	0.5	-0.5107396422360222	-0.8481705836685042	0.39634297706600663	0.9998916452646159	1.2017809331459213e-05	False
CRA	s__GGB9559_SGB14969	4	4	2	down	0.75	-0.34042092588676304	-0.016320042121997096	0.9869790683691189	0.9998916452646159	1.2015262106447223e-05	True
CRA	s__Dialister_succinatiphilus	3	4	2	up	0.6666666666666666	0.38197552699517706	0.18873697508356022	0.8502989704388142	0.9998916452646159	1.1983950785869175e-05	True
CRA	s__Parasutterella_excrementihominis	4	4	2	down	0.5	-0.5037468721686356	0.8217029881799053	0.4112459580821748	0.9998916452646159	1.1853268006645127e-05	False
CRA	s__GGB9591_SGB15013	1	4	2	down	1.0	-0.25109534413834966	-0.6020567421344457	0.547136367717522	0.9998916452646159	1.1816650678066322e-05	False
CRA	s__Kineothrix_SGB4886	3	4	2	down	0.6666666666666666	-0.3752474634454711	-0.27535854973034235	0.7830407860842984	0.9998916452646159	1.1772867151537559e-05	True
CRA	s__Phocaeicola_dorei	4	4	2	up	0.5	0.5001600088601825	0.5572089984270813	0.5773846423828901	0.9998916452646159	1.1768868371734713e-05	False
CRA	s__GGB9345_SGB14311	4	4	2	down	0.5	-0.5001016484519282	0.5069052618395165	0.6122212935109266	0.9998916452646159	1.1767495139267705e-05	False
CRA	s__Ruminococcus_lactaris	4	4	2	down	0.75	-0.33164897310735025	-0.7052980041928077	0.4806248022334906	0.9998916452646159	1.1705653313875284e-05	True
CRA	s__Sutterella_SGB9281	4	4	2	up	0.75	0.331499997538072	-0.416468103070439	0.6770675031824965	0.9998916452646159	1.1700395174976587e-05	True
CRA	s__Bacteroides_cellulosilyticus	4	4	2	up	0.75	0.3309583375825086	0.6544168613714114	0.5128432741664435	0.9998916452646159	1.1681277118935501e-05	True
CRA	s__Mediterraneibacter_massiliensis	4	4	2	down	0.5	-0.494496507961486	1.3186057339165589	0.18730095577850514	0.9998916452646159	1.1635605025167168e-05	False
CRA	s__Butyricimonas_faecihominis	4	4	2	down	0.75	-0.3267120214381163	1.3618739776674351	0.1732376598393841	0.9998916452646159	1.153140207430125e-05	True
CRA	s__Blautia_faecis	4	4	2	down	0.5	-0.48969741076121165	-0.26303706883471567	0.7925220080110059	0.9998916452646159	1.152268127626149e-05	False
CRA	s__Roseburia_intestinalis	4	4	2	down	0.5	-0.48826378415188865	-0.6684853736437453	0.5038238152407025	0.9998916452646159	1.1488947745870308e-05	False
CRA	s__GGB9760_SGB15373	4	4	2	down	0.5	-0.4876958493649535	0.2600302964400651	0.794840404022367	0.9998916452646159	1.1475584122964109e-05	False
CRA	s__GGB2998_SGB3988	4	4	2	up	0.75	0.3247730946754121	0.6316968970414794	0.5275849560292747	0.9998916452646159	1.1462967053162612e-05	True
CRA	s__Eubacterium_siraeum	4	4	2	down	0.75	-0.3241301712130422	0.22737658244542897	0.8201309279375906	0.9998916452646159	1.144027487025806e-05	True
CRA	s__Phocaeicola_coprocola	4	4	2	up	0.75	0.31990671794557535	0.8385442162771661	0.40172512542194105	0.9998916452646159	1.1291206777952167e-05	True
CRA	s__GGB9635_SGB15106	4	4	2	down	0.75	-0.31876115979788167	0.44406255922745314	0.6569973548198849	0.9998916452646159	1.1250773948017107e-05	True
CRA	s__GGB51960_SGB72480	3	4	2	up	0.6666666666666666	0.358272218416665	0.12642985691823228	0.899391669369881	0.9998916452646159	1.1240292453353161e-05	True
CRA	s__Lachnoclostridium_sp_An118	1	4	2	up	1.0	0.2380172173174323	0.4780978263305711	0.6325805791100754	0.9998916452646159	1.1201188624412784e-05	False
CRA	s__GGB9695_SGB15209	2	4	2	down	0.5	-0.47110819984854096	0.6676179420526237	0.5043775018128678	0.9998916452646159	1.1085273301833064e-05	False
CRA	s__Parasutterella_SGB9260	4	4	2	down	0.75	-0.3139262265032356	0.6810170724060263	0.4958606878427575	0.9998916452646159	1.1080123478598886e-05	True
CRA	s__Veillonella_tobetsuensis	2	4	2	down	0.5	-0.4603256414994197	0.9674093461532983	0.33333943970063273	0.9998916452646159	1.0831557475550697e-05	False
CRA	s__Clostridium_sp_AM49_4BH	4	4	2	down	0.5	-0.4566522517160249	-0.4902779083996096	0.6239372573671593	0.9998916452646159	1.074512185480331e-05	False
CRA	s__Enterocloster_clostridioformis	4	4	2	up	0.5	0.4557837753483385	0.10628283211851708	0.9153579524180728	0.9998916452646159	1.0724686426391999e-05	False
CRA	s__GGB9253_SGB14199	2	4	2	down	0.5	-0.45533167257683377	0.15948875411848956	0.873283817826865	0.9998916452646159	1.0714048354746764e-05	False
CRA	s__GGB9293_SGB14250	4	4	2	down	0.75	-0.30321947448727954	-0.1402093231368302	0.8884946058735197	0.9998916452646159	1.0702225347203649e-05	True
CRA	s__GGB2653_SGB3574	4	4	2	up	0.75	0.3019207679247573	0.8342636624718377	0.4041324236178344	0.9998916452646159	1.0656387096492651e-05	True
CRA	s__Phocaeicola_vulgatus	4	4	2	down	0.75	-0.29841385214336597	-0.7671478693382973	0.44299360351273487	0.9998916452646159	1.0532609416877652e-05	True
CRA	s__Bittarella_massiliensis	4	4	2	up	0.5	0.4462834057203159	-0.33130520241218026	0.7404139620486496	0.9998916452646159	1.0501140765694684e-05	False
CRA	s__GGB3627_SGB4906	4	4	2	down	0.5	-0.4410191912299811	0.1830219356293176	0.8547808071759089	0.9998916452646159	1.037727271083257e-05	False
CRA	s__GGB9708_SGB15234	4	4	2	down	0.5	-0.44092850320721527	-1.0664829939885645	0.28620536217949677	0.9998916452646159	1.0375138802915267e-05	False
CRA	s__Lachnoclostridium_phocaeense	2	4	2	down	0.5	-0.43398113040807573	-0.451413007011212	0.6516919105155392	0.9998916452646159	1.0211665685204851e-05	False
CRA	s__Yanshouia_hominis	3	4	2	up	0.6666666666666666	0.32338418746772646	0.8450086511439766	0.3981060088617294	0.9998916452646159	1.0145729015750418e-05	True
CRA	s__Clostridiaceae_bacterium_Marseille_Q3526	4	4	2	down	0.5	-0.4258612408873087	0.527882838775572	0.5975806564786774	0.9998916452646159	1.0020603006721796e-05	False
CRA	s__Clostridium_leptum	4	4	2	down	0.75	-0.28029930080051596	-0.9005369888157461	0.36783455014445077	0.9998916452646159	9.893250711891821e-06	True
CRA	s__GGB9743_SGB15349	1	4	2	up	1.0	0.2099868010906614	0.8656079299337532	0.38670520542254594	0.9998916452646159	9.88206565122833e-06	False
CRA	s__Lachnospiraceae_bacterium_AM48_27BH	4	4	2	up	0.5	0.41723545838655246	0.3855808661465683	0.6998071060714313	0.9998916452646159	9.817636561871563e-06	False
CRA	s__GGB3740_SGB5077	4	4	2	up	0.5	0.4163926007178424	0.04685511433089766	0.9626287023494158	0.9998916452646159	9.797803946741533e-06	False
CRA	s__Butyricimonas_paravirosa	4	4	2	down	0.75	-0.27532583595912113	-0.9979432944568714	0.31830685646826384	0.9998916452646159	9.717710728587632e-06	True
CRA	s__GGB9063_SGB13982	4	4	2	down	0.5	-0.4129050321720247	-0.43046955541371285	0.6668541083036861	0.9998916452646159	9.715740738116222e-06	False
CRA	s__Escherichia_coli	4	4	2	up	0.75	0.2750535371714639	1.0138546601208864	0.31065210875574045	0.9998916452646159	9.708099858467218e-06	True
CRA	s__GGB2982_SGB3964	4	4	2	up	0.5	0.40955436585289157	0.9783439999204666	0.3279042150102214	0.9998916452646159	9.636898867177063e-06	False
CRA	s__Clostridiaceae_bacterium_Marseille_Q4145	4	4	2	down	0.75	-0.2699285770286361	-0.6891857591761984	0.4907063773423239	0.9998916452646159	9.527212801536838e-06	True
CRA	s__GGB45497_SGB63169	4	4	2	down	0.75	-0.2684092709327362	-0.3151571765758177	0.7526423180793915	0.9998916452646159	9.473588421911501e-06	True
CRA	s__Clostridium_sp_AM33_3	4	4	2	down	0.5	-0.40008311200543034	-0.5474400743930309	0.5840764298121249	0.9998916452646159	9.414038306813437e-06	False
CRA	s__GGB9529_SGB14929	4	4	2	down	0.5	-0.3958183148877683	-0.6300163134912665	0.528683910924276	0.9998916452646159	9.31368674927028e-06	False
CRA	s__Hungatella_hathewayi	4	4	2	down	0.5	-0.3927244175913967	-0.2941453972869454	0.7686468024295809	0.9998916452646159	9.240886706500683e-06	False
CRA	s__Cuneatibacter_sp_NSJ_177	4	4	2	up	0.75	0.2609232411606366	0.4236897543348538	0.6717920882398727	0.9998916452646159	9.209366680506674e-06	True
CRA	s__GGB9288_SGB14243	1	4	2	up	1.0	0.19536620126087223	0.6160089837522841	0.5378885905576067	0.9998916452646159	9.194014180241186e-06	False
CRA	s__Fusicatenibacter_sp_CLA_AA_H277	4	4	2	down	0.75	-0.2591755072699696	-1.0914103906101005	0.27509234235307045	0.9998916452646159	9.147679871054571e-06	True
CRA	s__Clostridiaceae_bacterium_Marseille_Q4143	4	4	2	down	0.5	-0.3851873900167163	-1.375418066765844	0.16900187099923258	0.9998916452646159	9.063538890063515e-06	False
CRA	s__Enterocloster_lavalensis	4	4	2	up	0.5	0.3850752341768301	0.04484451470546793	0.964231243158246	0.9998916452646159	9.060899839972823e-06	False
CRA	s__GGB4683_SGB6473	4	4	2	up	0.5	0.3819042713338329	0.00028751125121533456	0.9997705992147586	0.9998916452646159	8.986286428964733e-06	False
CRA	s__Clostridiaceae_bacterium_AF18_31LB	4	4	2	up	0.75	0.25340345874031034	-0.01932736484375355	0.9845799540148759	0.9998916452646159	8.943953628919686e-06	True
CRA	s__Butyrivibrio_crossotus	2	4	2	up	0.5	0.3791133791041458	0.2573485048586988	0.7969097515145637	0.9998916452646159	8.92061615803336e-06	False
CRA	s__Mediterraneibacter_glycyrrhizinilyticus	4	4	2	down	0.5	-0.3725127531286621	-0.30767229968665327	0.7583316995632993	0.9998916452646159	8.765302064742395e-06	False
CRA	s__Eubacterium_rectale	4	4	2	down	0.5	-0.37168639170217405	0.9018007044853085	0.36716274549757777	0.9998916452646159	8.74585760960097e-06	False
CRA	s__Clostridia_bacterium_UC5_1_1E11	4	4	2	down	0.5	-0.36986980714749784	0.12505774606839515	0.9004778343645073	0.9998916452646159	8.703112999613396e-06	False
CRA	s__GGB3002_SGB3993	4	4	2	down	0.5	-0.36978885498008796	0.9532697847367774	0.3404533965075359	0.9998916452646159	8.701208178384635e-06	False
CRA	s__GGB9534_SGB14937	4	4	2	down	0.5	-0.36691893906045125	-1.2739771297015536	0.20267152152112244	0.9998916452646159	8.633678463697685e-06	False
CRA	s__Roseburia_faecis	4	4	2	down	0.5	-0.35836444547719487	0.008151768386741254	0.993495901895384	0.9998916452646159	8.432389461808818e-06	False
CRA	s__GGB9640_SGB15115	4	4	2	down	0.75	-0.2378657900108934	-0.43887002156548455	0.6607557198483536	0.9998916452646159	8.395546794584261e-06	True
CRA	s__GGB9093_SGB14023	1	4	2	up	1.0	0.17752601870072965	0.4557510767993686	0.6485689882404282	0.9998916452646159	8.354447815243267e-06	False
CRA	s__GGB58485_SGB80143	4	4	2	up	0.75	0.23650328504003995	1.3212296908157246	0.1864247892263715	0.9998916452646159	8.347456759274309e-06	True
CRA	s__Clostridium_neonatale	1	4	2	down	1.0	-0.17596868117364842	-0.17289648348596046	0.8627327957999935	0.9998916452646159	8.281158867538912e-06	False
CRA	s__Lawsonibacter_faecis	1	4	2	up	1.0	0.1746975465892105	0.0288386293944731	0.9769932918805377	0.9998916452646159	8.221338748608965e-06	False
CRA	s__Bacteroides_faecis	4	4	2	down	0.75	-0.22966774509160692	-0.9875044161592063	0.32339541904366886	0.9998916452646159	8.106194257841499e-06	True
CRA	s__GGB9614_SGB15049	4	4	2	up	0.5	0.3392572261374295	-0.13839042174972865	0.8899318665161013	0.9998916452646159	7.982792642039038e-06	False
CRA	s__Roseburia_lenta	3	4	2	up	0.6666666666666666	0.25425579580648583	0.4305567499797558	0.6667906946070915	0.9998916452646159	7.976921893232705e-06	True
CRA	s__Clostridium_fessum	4	4	2	down	0.75	-0.2236347581973476	-0.7241026932416693	0.46900269126889116	0.9998916452646159	7.893258115239621e-06	True
CRA	s__GGB9770_SGB15389	3	4	2	down	0.6666666666666666	-0.24998848822154104	0.7825943698646666	0.4338653487377605	0.9998916452646159	7.843041054089862e-06	True
CRA	s__GGB3626_SGB4905	2	4	2	up	0.5	0.33299222170417847	-0.13575181587704915	0.8920174836856946	0.9998916452646159	7.835375792996482e-06	False
CRA	s__Collinsella_aerofaciens	4	4	2	down	0.75	-0.22040185347354838	-1.0841185009096377	0.27831226082245264	0.9998916452646159	7.779151740843177e-06	True
CRA	s__Mogibacterium_kristiansenii	3	4	2	up	0.6666666666666666	0.24575810370246914	0.6296439802212143	0.5289275419710117	0.9998916452646159	7.71031862477438e-06	True
CRA	s__GGB3475_SGB4638	2	4	2	up	0.5	0.32099795585927854	-0.12542725622779818	0.9001853111484319	0.9998916452646159	7.553148238926517e-06	False
CRA	s__GGB3352_SGB62935	3	4	2	down	0.6666666666666666	-0.23954300251400942	1.2996717494240273	0.19371349685480932	0.9998916452646159	7.515328470934922e-06	True
CRA	s__Eubacteriales_bacterium	3	4	2	down	0.6666666666666666	-0.23916093481044892	0.6384880147098275	0.5231560534875344	0.9998916452646159	7.503341628237544e-06	True
CRA	s__Bifidobacterium_catenulatum	4	4	2	up	0.5	0.315121441482014	0.4744698321071386	0.6351649058373726	0.9998916452646159	7.414872641186822e-06	False
CRA	s__Guopingia_tenuis	4	4	2	down	0.5	-0.31392638001674533	-1.1284963129219312	0.2591103731339912	0.9998916452646159	7.3867525979372005e-06	False
CRA	s__Coprococcus_comes	4	4	2	down	0.75	-0.20879597612853282	0.5870527042553402	0.5571683105012577	0.9998916452646159	7.36951870223842e-06	True
CRA	s__Blastocystis_sp_subtype_4	1	4	2	up	1.0	0.15625817265285089	0.14376760018284074	0.8856839883437557	0.9998916452646159	7.353574189788044e-06	False
CRA	s__GGB33539_SGB53381	2	4	2	up	0.5	0.3062213153643861	0.3839643020000575	0.7010049061226431	0.9998916452646159	7.205450834335644e-06	False
CRA	s__GGB33586_SGB53517	4	4	2	up	0.5	0.30352981335423784	0.5196736162056895	0.6032910790124875	0.9998916452646159	7.1421192358100415e-06	False
CRA	s__GGB9767_SGB15384	2	4	2	up	0.5	0.30254809110931713	-0.6309812900335986	0.528052758087346	0.9998916452646159	7.119019108503971e-06	False
CRA	s__Oscillospiraceae_bacterium_CLA_AA_H250	4	4	2	down	0.75	-0.20033669864050452	-1.0190458771923716	0.3081811869465032	0.9998916452646159	7.070945881002284e-06	True
CRA	s__GGB58158_SGB79798	4	4	2	up	0.75	0.19940902253541343	0.8326748640310349	0.40502812441078917	0.9998916452646159	7.038203265302257e-06	True
CRA	s__Lachnospira_pectinoschiza	4	4	2	down	0.5	-0.2966671684132671	0.5179903298541927	0.6044650162941259	0.9998916452646159	6.980639782112229e-06	False
CRA	s__Alistipes_onderdonkii	4	4	2	up	0.75	0.19650726470606275	0.8856048022073775	0.37583052292658004	0.9998916452646159	6.935784823197787e-06	True
CRA	s__Clostridium_sp_AM29_11AC	4	4	2	down	0.75	-0.19609974177661965	0.21102787383586552	0.8328655209219327	0.9998916452646159	6.921401175074831e-06	True
CRA	s__GGB9296_SGB14253	4	4	2	down	0.5	-0.29384043994833975	0.4020295178837604	0.6876623027226136	0.9998916452646159	6.914126277159725e-06	False
CRA	s__GGB9491_SGB14888	4	4	2	up	0.75	0.1941876085238306	1.401640233586295	0.16102270617052816	0.9998916452646159	6.853911839174381e-06	True
CRA	s__GGB9707_SGB15229	4	4	2	up	0.75	0.19225326976585927	-0.16738239308618594	0.8670691780171857	0.9998916452646159	6.785638753085025e-06	True
CRA	s__GGB48165_SGB66168	3	4	2	down	0.6666666666666666	-0.21576109408968422	1.042961149581306	0.2969662864879018	0.9998916452646159	6.769204177598298e-06	True
CRA	s__GGB9719_SGB15272	4	4	2	down	0.75	-0.1907744251338823	-0.023108916798377604	0.9815633930100317	0.9998916452646159	6.7334424733715205e-06	True
CRA	s__Faecalibacterium_sp_CLA_AA_H233	4	4	2	down	0.5	-0.28603733493551575	0.21125135908907125	0.8326911361645648	0.9998916452646159	6.730517603615374e-06	False
CRA	s__GGB9602_SGB15031	4	4	2	up	0.75	0.18582524333639883	1.3665177669019912	0.17177650821242396	0.9998916452646159	6.558759567629697e-06	True
CRA	s__Clostridiaceae_unclassified_SGB4771	4	4	2	up	0.5	0.2729151609395451	0.30899682883093216	0.7573239390928174	0.9998916452646159	6.421750137656796e-06	False
CRA	s__GGB9290_SGB14247	2	4	2	down	0.5	-0.26405951013204787	-0.29379635293674045	0.7689135221036728	0.9998916452646159	6.2133748440442756e-06	False
CRA	s__GGB87445_SGB53522	2	4	2	down	0.5	-0.2534290520552242	-0.3545332186876465	0.7229393136798512	0.9998916452646159	5.9632379686021706e-06	False
CRA	s__GGB9563_SGB14975	4	4	2	up	0.5	0.2509143572826699	0.39812492641310016	0.6905381012455123	0.9998916452646159	5.904066680916205e-06	False
CRA	s__GGB9774_SGB15394	3	4	2	down	0.6666666666666666	-0.1881676733238218	-0.5335500672434539	0.5936528626513242	0.9998916452646159	5.903498986815092e-06	True
CRA	s__GGB4585_SGB6340	4	4	2	down	0.5	-0.24927254027804713	0.746237460762094	0.45552398254888293	0.9998916452646159	5.865434387498914e-06	False
CRA	s__Roseburia_sp_AM59_24XD	4	4	2	up	0.5	0.245147411628239	-0.031237748406429615	0.9750799357185124	0.9998916452646159	5.768369257868298e-06	False
CRA	s__Haemophilus_parainfluenzae	4	4	2	down	0.5	-0.24500876075451433	-0.9816674515086424	0.32626370545858785	0.9998916452646159	5.765106774155915e-06	False
CRA	s__Clostridia_bacterium	2	4	2	down	0.5	-0.2412849568730647	0.4979691214715997	0.6185058065804931	0.9998916452646159	5.677484899262702e-06	False
CRA	s__GGB9708_SGB15233	4	4	2	up	0.75	0.16000399390101822	0.25314932231304527	0.8001528261160962	0.9998916452646159	5.64739056446433e-06	True
CRA	s__Clostridia_bacterium_UC5_1_1D1	4	4	2	down	0.5	-0.23248184302261773	-0.5950817844930611	0.5517888040265739	0.9998916452646159	5.470345811106882e-06	False
CRA	s__GGB45613_SGB63326	4	4	2	up	0.5	0.2309633758178494	-0.06010609430059763	0.952071136191209	0.9998916452646159	5.434615963971682e-06	False
CRA	s__Anaerotignum_lactatifermentans	3	4	2	down	0.6666666666666666	-0.1732075046641954	-0.08475408085317164	0.9324569002943691	0.9998916452646159	5.434144506501674e-06	True
CRA	s__Parabacteroides_distasonis	4	4	2	down	0.75	-0.15285061654267934	0.008870258107236554	0.9929226508154047	0.9998916452646159	5.394909893122297e-06	True
CRA	s__GGB9760_SGB15374	4	4	2	up	0.75	0.14864156619623708	0.8311612345315685	0.4058825509122176	0.9998916452646159	5.246350156378738e-06	True
CRA	s__GGB1096_SGB1408	2	4	2	up	0.5	0.22257589015687596	0.08233057140081378	0.934383844472621	0.9998916452646159	5.237256693008051e-06	False
CRA	s__GGB9237_SGB14179	4	4	2	down	0.75	-0.14785203147045253	-0.04463966700598034	0.9643945244601582	0.9998916452646159	5.21848328348386e-06	True
CRA	s__Dialister_invisus	4	4	2	down	0.75	-0.14775173085479698	0.6299674755578434	0.528715864084544	0.9998916452646159	5.2149431421620525e-06	True
CRA	s__Bianquea_SGB71281	4	4	2	up	0.5	0.21726914378803422	0.35420677262314465	0.7231839283845273	0.9998916452646159	5.112387854255014e-06	False
CRA	s__GGB9634_SGB15101	3	4	2	down	0.6666666666666666	-0.16284650393765573	0.05131007147958545	0.9590784427971932	0.9998916452646159	5.109082522096652e-06	True
CRA	s__GGB3109_SGB4121	4	4	2	down	0.5	-0.2155230194690831	0.08269936179562551	0.9340905923491187	0.9998916452646159	5.071301188175389e-06	False
CRA	s__Lachnoclostridium_sp_An131	4	4	2	up	0.5	0.21412787472340528	0.41084733453734007	0.6811844820355599	0.9998916452646159	5.038473143988455e-06	False
CRA	s__GGB9176_SGB14114	4	4	2	up	0.5	0.21084914876174415	0.030394290229376654	0.9757525984905179	0.9998916452646159	4.961324044527834e-06	False
CRA	s__Clostridium_SGB6179	4	4	2	up	0.5	0.20660873352619896	-0.1798641585126475	0.8572592136226833	0.9998916452646159	4.861546197709657e-06	False
CRA	s__GGB45620_SGB63333	4	4	2	up	0.5	0.20576785414733703	0.9007241067089615	0.3677350280356476	0.9998916452646159	4.841760132148588e-06	False
CRA	s__GGB9266_SGB14215	2	4	2	down	0.5	-0.20384310065537894	1.3278789200508343	0.18421810966098717	0.9998916452646159	4.796470284712538e-06	False
CRA	s__bacterium_210917_SL_2_15	4	4	2	down	0.5	-0.20300180524806655	-0.6071678581333765	0.5437395204896569	0.9998916452646159	4.776674429916053e-06	False
CRA	s__GGB9642_SGB15119	4	4	2	up	0.5	0.20122356662988827	0.7118739967596193	0.4765428056901371	0.9998916452646159	4.73483210773886e-06	False
CRA	s__Oscillospiraceae_unclassified_SGB15257	2	4	2	down	0.5	-0.19987376812822677	-0.05989767605735694	0.9522371308111819	0.9998916452646159	4.7030710700449014e-06	False
CRA	s__Dielma_fastidiosa	4	4	2	up	0.5	0.19675785228496775	-0.17855565002295218	0.8582866208920159	0.9998916452646159	4.629752926316682e-06	False
CRA	s__Oscillibacter_sp_PC13	4	4	2	up	0.5	0.19424725427011105	0.47070125277470265	0.6378540896598026	0.9998916452646159	4.5706780361859784e-06	False
CRA	s__GGB3352_SGB4436	4	4	2	down	0.5	-0.18675690780422663	0.5563326711731141	0.5779834565687803	0.9998916452646159	4.394428635885914e-06	False
CRA	s__Lawsonibacter_hominis	4	4	2	down	0.75	-0.12394020334848152	-0.2520558946546583	0.8009978604376157	0.9998916452646159	4.374507897477868e-06	True
CRA	s__Lachnotalea_sp_AF33_28	4	4	2	up	0.5	0.18319001600259766	0.7696353688157118	0.4415162184410788	0.9998916452646159	4.31049893465839e-06	False
CRA	s__GGB9502_SGB14899	4	4	2	down	0.5	-0.18309033432082045	0.2946228379592549	0.7682820140001767	0.9998916452646159	4.3081534040859184e-06	False
CRA	s__Tyzzerella_nexilis	3	4	2	up	0.6666666666666666	0.12957050116887364	-0.9043445199623842	0.36581274678824904	0.9998916452646159	4.06509422612248e-06	True
CRA	s__GGB9619_SGB15067	4	4	2	up	0.75	0.1140510799323527	1.1339895960463113	0.25679891215327033	0.9998916452646159	4.025468220970683e-06	True
CRA	s__Ruminococcus_gnavus	4	4	2	down	0.5	-0.16945470162172993	0.5534444727615146	0.5799590931458041	0.9998916452646159	3.9873041487313614e-06	False
CRA	s__Wujia_chipingensis	4	4	2	down	0.5	-0.1643075459959619	0.2117994092670593	0.8322635294038983	0.9998916452646159	3.866190513143932e-06	False
CRA	s__Lachnospiraceae_bacterium	4	4	2	down	0.5	-0.15632343251004457	0.887672817189056	0.3747167719006429	0.9998916452646159	3.6783226728204163e-06	False
CRA	s__Flavonifractor_sp_An10	2	4	2	down	0.5	-0.15405183246390516	0.658191242382637	0.5104152515113547	0.9998916452646159	3.6248714542850404e-06	False
CRA	s__GGB4596_SGB6358	2	4	2	up	0.5	0.1495595214669363	0.3787538209629999	0.7048706823420754	0.9998916452646159	3.5191664481436906e-06	False
CRA	s__GGB34228_SGB72916	4	4	2	up	0.75	0.09787260421339741	1.073164384282454	0.28319736747090674	0.9998916452646159	3.4544439052953856e-06	True
CRA	s__Akkermansia_muciniphila	4	4	2	down	0.5	-0.1426149937532165	-0.3326213122459711	0.739420153729923	0.9998916452646159	3.355760275881168e-06	False
CRA	s__GGB9619_SGB15066	3	4	2	up	0.6666666666666666	0.104878524260863	0.1981747890411298	0.8429083117251039	0.9998916452646159	3.290417800124242e-06	True
CRA	s__Parabacteroides_merdae	4	4	2	down	0.5	-0.13948700130920066	-0.2483752657415488	0.8038440691656767	0.9998916452646159	3.282157967241386e-06	False
CRA	s__GGB9759_SGB15370	4	4	2	up	0.75	0.09232956452093655	-1.1842604992915648	0.23630996001644977	0.9998916452646159	3.2588006010599936e-06	True
CRA	s__GGB2958_SGB3940	2	4	2	up	0.5	0.13635751081871494	-0.7387124626529515	0.4600816164776603	0.9998916452646159	3.208520409258581e-06	False
CRA	s__Oscillibacter_sp_MSJ_31	4	4	2	up	0.75	0.09050247408831003	-1.3083563183070057	0.19075248128470546	0.9998916452646159	3.1943128778596517e-06	True
CRA	s__Lachnospiraceae_bacterium_OM04_12BH	4	4	2	up	0.5	0.13561041706224697	-0.2315757913031433	0.8168675121596287	0.9998916452646159	3.190941138774214e-06	False
CRA	s__Lachnospiraceae_bacterium_CLA_AA_H215	4	4	2	up	0.5	0.13350316868692091	-0.06931432854184412	0.9447394206420424	0.9998916452646159	3.141357149018054e-06	False
CRA	s__Clostridium_methylpentosum	4	4	2	down	0.5	-0.13188458134619716	-0.3882845087001089	0.6978055000004485	0.9998916452646159	3.1032714543929585e-06	False
CRA	s__GGB9189_SGB14128	4	4	2	down	0.75	-0.08786611923750123	0.2710245227857269	0.7863721714242863	0.9998916452646159	3.1012619161552355e-06	True
CRA	s__Mesosutterella_multiformis	3	4	2	down	0.6666666666666666	-0.09515325585270927	0.5162590037904975	0.6056735251160588	0.9998916452646159	2.9853010328289534e-06	True
CRA	s__Roseburia_hominis	4	4	2	up	0.5	0.12626044453543914	0.35615757716995816	0.7217225600741632	0.9998916452646159	2.9709343529496043e-06	False
CRA	s__GGB4684_SGB6478	4	4	2	down	0.5	-0.12610129494677957	-0.451350178196316	0.6517371852790481	0.9998916452646159	2.9671895302385313e-06	False
CRA	s__GGB4566_SGB6305	4	4	2	down	0.5	-0.12233144442461034	0.8330090082444992	0.40483964882554246	0.9998916452646159	2.8784841683731695e-06	False
CRA	s__Citrobacter_freundii	2	4	2	up	0.5	0.12213019993141107	-0.5212078306116023	0.6022219997615199	0.9998916452646159	2.873748843858928e-06	False
CRA	s__GGB3321_SGB4395	4	4	2	up	0.5	0.12041457755066332	0.9708914047271747	0.3316023588111596	0.9998916452646159	2.8333798946887703e-06	False
CRA	s__Alistipes_putredinis	4	4	2	up	0.5	0.11897229977449468	-1.2113109991393105	0.2257762348275031	0.9998916452646159	2.799442800553857e-06	False
CRA	s__GGB38239_SGB47716	2	4	2	up	0.5	0.11792651636872344	-0.609618938244202	0.5421142633953095	0.9998916452646159	2.7748353008940698e-06	False
CRA	s__Gemmiger_formicilis	4	4	2	down	0.5	-0.11775119118864842	-0.5837420584972997	0.559393866037218	0.9998916452646159	2.7707098631741376e-06	False
CRA	s__Lawsonibacter_SGB15145	4	4	2	up	0.75	0.07718388885738471	0.5160556982821476	0.6058155083891503	0.9998916452646159	2.72422928349843e-06	True
CRA	s__Holdemania_massiliensis	4	4	2	up	0.5	0.11571962830952344	-0.2642169212577833	0.7916127729610443	0.9998916452646159	2.7229067687847817e-06	False
CRA	s__Bifidobacterium_ruminantium	1	4	2	down	1.0	-0.05620526040335153	-0.06785782807066684	0.9458988096571325	0.9998916452646159	2.6450427853820235e-06	False
CRA	s__GGB4603_SGB6367	2	4	2	down	0.5	-0.11113082686801232	-0.3851836497519821	0.700101356177349	0.9998916452646159	2.6149313225426017e-06	False
CRA	s__Ruminococcus_callidus	4	4	2	down	0.75	-0.07291468810667283	0.25831250440915715	0.7961657365450612	0.9998916452646159	2.5735465195901167e-06	True
CRA	s__Coprococcus_catus	4	4	2	down	0.5	-0.10768212433229488	-0.6502228999456432	0.5155482509999336	0.9998916452646159	2.5337826391670137e-06	False
CRA	s__Clostridium_scindens	4	4	2	up	0.5	0.10594164707787544	0.13447789538566485	0.8930246892370657	0.9998916452646159	2.4928288496828437e-06	False
CRA	s__Anaerotruncus_massiliensis	4	4	2	up	0.5	0.1047093966622344	0.6730408732393638	0.500921288077127	0.9998916452646159	2.4638337427454777e-06	False
CRA	s__GGB3005_SGB3996	4	4	2	up	0.75	0.0696220269497818	0.7559126788055082	0.4497015517217192	0.9998916452646159	2.4573310233637674e-06	True
CRA	s__Prevotella_SGB1671	1	4	2	up	1.0	0.05211281013907383	0.3450652267882212	0.7300453347110251	0.9998916452646159	2.4524503844505083e-06	False
CRA	s__Leuconostoc_pseudomesenteroides	2	4	2	down	0.5	-0.10323865863184817	0.5853921598531717	0.5582840592507423	0.9998916452646159	2.429226972947218e-06	False
CRA	s__GGB9200_SGB14139	2	4	2	down	0.5	-0.10199161634256002	-0.3047861980241845	0.7605289940882927	0.9998916452646159	2.3998838101660414e-06	False
CRA	s__GGB13493_SGB15238	4	4	2	down	0.75	-0.06777189480723468	-0.09470370427673531	0.9245501756177449	0.9998916452646159	2.392030035869065e-06	True
CRA	s__GGB1123_SGB1437	1	4	2	up	1.0	0.05000246591027662	0.710736155443008	0.4772477503685775	0.9998916452646159	2.3531367127942553e-06	False
CRA	s__GGB9699_SGB15216	4	4	2	down	0.5	-0.09997445547209424	-0.28922859897342557	0.7724064478231019	0.9998916452646159	2.3524195980167614e-06	False
CRA	s__Paratractidigestivibacter_faecalis	4	4	2	up	0.5	0.09986895465309621	0.3888531162799647	0.6973848057580403	0.9998916452646159	2.349937141942899e-06	False
CRA	s__Eisenbergiella_tayi	4	4	2	down	0.5	-0.09884614364126221	0.8522361431890624	0.3940830400274554	0.9998916452646159	2.3258701874599385e-06	False
CRA	s__GGB3677_SGB4990	4	4	2	down	0.75	-0.06362723332948877	0.68101721127046	0.4958605999766075	0.9998916452646159	2.2457429242060855e-06	True
CRA	s__bacterium_210917_DFI_7_65	4	4	2	up	0.5	0.0953047996300692	0.5051528492128158	0.6134514843756937	0.9998916452646159	2.242541631021088e-06	False
CRA	s__Oscillospiraceae_bacterium_Marseille_Q3528	4	4	2	up	0.75	0.06348522628100922	0.6493193821205044	0.516131960366325	0.9998916452646159	2.2407307414091546e-06	True
CRA	s__GGB3321_SGB4394	4	4	2	down	0.5	-0.09302716241803004	0.2399998993115589	0.8103303346614348	0.9998916452646159	2.1889483567244478e-06	False
CRA	s__Faecalibacterium_SGB15346	4	4	2	up	0.75	0.060205118214978	-0.03369411827187897	0.9731210692502434	0.9998916452646159	2.1249583104160424e-06	True
CRA	s__Gordonibacter_urolithinfaciens	4	4	2	down	0.5	-0.08803595022058915	0.2664438408437269	0.7898974049716994	0.9998916452646159	2.071504102232883e-06	False
CRA	s__GGB45491_SGB63163	4	4	2	down	0.5	-0.08722916113009542	0.7729114444157498	0.43957479123669674	0.9998916452646159	2.05252018820223e-06	False
CRA	s__GGB9634_SGB15093	4	4	2	up	0.5	0.0870543718041451	0.15771390336692878	0.8746822443107265	0.9998916452646159	2.048407359240592e-06	False
CRA	s__Lacrimispora_amygdalina	4	4	2	up	0.5	0.08020320736751425	-0.517729052001386	0.6046473254175679	0.9998916452646159	1.8871980441824615e-06	False
CRA	s__Agathobaculum_butyriciproducens	4	4	2	down	0.75	-0.051082923845047486	0.10682523775885733	0.914927625200892	0.9998916452646159	1.8029876323351908e-06	True
CRA	s__Alistipes_senegalensis	4	4	2	up	0.5	0.07362775374047904	0.7546873874608899	0.4504365759611625	0.9998916452646159	1.7324762614526156e-06	False
CRA	s__Clostridium_sp_AM22_11AC	4	4	2	down	0.75	-0.048550674330380676	0.419147457574171	0.6751083689873154	0.9998916452646159	1.7136111007415772e-06	True
CRA	s__GGB2996_SGB3983	2	4	2	down	0.5	-0.07139974579506439	-0.1701388344101979	0.8649009532787941	0.9998916452646159	1.6800507740560528e-06	False
CRA	s__Acidaminococcus_intestini	3	4	2	up	0.6666666666666666	0.05255413021743305	0.025342856024869017	0.9797814907320818	0.9998916452646159	1.6488127264965587e-06	True
CRA	s__Faecalibacterium_sp_HTFF	4	4	2	down	0.5	-0.06954832465979274	-0.4838477952947406	0.628493892085631	0.9998916452646159	1.6364864521277263e-06	False
CRA	s__Blautia_glucerasea	4	4	2	up	0.5	0.06726157141052326	-0.11588070834686345	0.9077470851901801	0.9998916452646159	1.582678675591133e-06	False
CRA	s__GGB3490_SGB4664	3	4	2	down	0.6666666666666666	-0.04870927683095494	0.5649655457052577	0.5720971993886419	0.9998916452646159	1.5281858001463323e-06	True
CRA	s__Anaerosacchariphilus_sp_NSJ_68	4	4	2	down	0.5	-0.06462403729454201	0.4635881943228629	0.6429428141925836	0.9998916452646159	1.5206169527683067e-06	False
CRA	s__Ruminococcus_torques	4	4	2	down	0.5	-0.056921768992840745	-0.15633890728132552	0.8757658897985969	0.9998916452646159	1.339380987875626e-06	False
CRA	s__Bacteroides_finegoldii	4	4	2	down	0.75	-0.037900412352108566	-1.0279444617378495	0.3039759533351093	0.9998916452646159	1.3377068027377736e-06	True
CRA	s__GGB9765_SGB15382	4	4	2	up	0.5	0.05011579846405523	-0.18391628468560012	0.8540791293928247	0.9998916452646159	1.1792350948088863e-06	False
CRA	s__Faecalibacterium_prausnitzii	4	4	2	down	0.5	-0.044773297251858434	-0.8189284952016075	0.4128272111354152	0.9998916452646159	1.0535249372025956e-06	False
CRA	s__GGB3537_SGB4727	4	4	2	up	0.5	0.041622917653825704	-0.08930830549112911	0.9288368936205157	0.9998916452646159	9.793958542022589e-07	False
CRA	s__GGB9715_SGB15265	4	4	2	down	0.75	-0.026965111218302244	0.09818297231917343	0.9217870032509098	0.9998916452646159	9.517419593799419e-07	True
CRA	s__GGB3510_SGB4687	4	4	2	down	0.75	-0.024979653434242667	1.196868400823666	0.23135785233384887	0.9998916452646159	8.816646114183861e-07	True
CRA	s__Adlercreutzia_equolifaciens	4	4	2	down	0.5	-0.0350318795619237	0.2677479264957813	0.7888933561759305	0.9998916452646159	8.243073657934057e-07	False
CRA	s__Slackia_isoflavoniconvertens	4	4	2	down	0.75	-0.022988005830007655	0.7563552688351938	0.44943621935574407	0.9998916452646159	8.113687918349525e-07	True
CRA	s__GGB9559_SGB14968	3	4	2	down	0.6666666666666666	-0.02560330851264633	-0.2697179159728933	0.7873772762506054	0.9998916452646159	8.032681873225167e-07	True
CRA	s__Raoultibacter_timonensis	2	4	2	down	0.5	-0.033222206418666196	0.5646089878685162	0.572339750577695	0.9998916452646159	7.817253827448277e-07	False
CRA	s__GGB33665_SGB47358	1	4	2	down	1.0	-0.016567215233385522	-1.1811375989059	0.23754806561685526	0.9998916452646159	7.796599964569236e-07	False
CRA	s__Mediterraneibacter_faecis	4	4	2	up	0.5	0.033043364371247184	-0.3158673069803063	0.7521032276860217	0.9998916452646159	7.775171924094938e-07	False
CRA	s__GGB9537_SGB14940	4	4	2	down	0.5	-0.03203168403350701	0.27922938901519534	0.7800687910639674	0.9998916452646159	7.537121449882303e-07	False
CRA	s__GGB9092_SGB14022	2	4	2	down	0.5	-0.027808545928695427	0.38641774412320173	0.6991873108323026	0.9998916452646159	6.543408326267125e-07	False
CRA	s__GGB9783_SGB15405	3	4	2	up	0.6666666666666666	0.01857466851815407	0.16991156884126715	0.8650796827987843	0.9998916452646159	5.827543851734839e-07	True
CRA	s__Barnesiella_intestinihominis	4	4	2	down	0.75	-0.01386119592297453	0.2798342260227145	0.7796046917211217	0.9998916452646159	4.892352069412917e-07	True
CRA	s__GGB9608_SGB15041	3	4	2	down	0.6666666666666666	-0.015206452664798075	0.8252498799491512	0.40922974019787084	0.9998916452646159	4.770812983651966e-07	True
CRA	s__Clostridium_SGB4909	4	4	2	up	0.75	0.011504031875407777	0.8558407003356766	0.392085899129197	0.9998916452646159	4.060383711838167e-07	True
CRA	s__GGB13404_SGB14252	4	4	2	down	0.5	-0.015544353356292315	-0.445656422834558	0.6558454469450136	0.9998916452646159	3.6576184687544035e-07	False
CRA	s__Clostridium_sp_AF27_2AA	4	4	2	down	0.5	-0.007434464176941069	0.5597977353215401	0.5756174085443768	0.9998916452646159	1.7493447849257254e-07	False
CRA	s__Cuneatibacter_caecimuris	4	4	2	up	0.75	0.003748732577859107	0.7693745042620139	0.4416710195374748	0.9998916452646159	1.3231267840725347e-07	True
CRA	s__GGB32387_SGB47381	2	4	2	up	0.5	0.0050302025918605	-0.46526187823588755	0.6417439310828233	0.9998916452646159	1.1836170653002777e-07	False
CRA	s__GGB9770_SGB15390	4	4	2	up	0.75	0.0029978250394896684	1.0478707294541576	0.29469816971913443	0.9998916452646159	1.0580916406625478e-07	True
CRC	s__Gemella_morbillorum	7	7	2	up	1.0	6.975161896248325	8.739495278468278	2.3415417047286885e-18	1.8814287597495013e-15	102.71283175071726	True
CRC	s__Parvimonas_micra	7	7	2	up	1.0	6.167459114217693	9.004953922244459	2.157563961088879e-19	3.4672052854698284e-16	95.3490439932007	True
CRC	s__Peptostreptococcus_stomatis	7	7	2	up	1.0	7.088984490646361	7.866956920514231	3.633717007856549e-15	1.4598458079063685e-12	83.90304420465739	True
CRC	s__Fusobacterium_nucleatum	7	7	2	up	1.0	6.538189206193639	7.940854613959243	2.0079292134798134e-15	1.0755807486873534e-12	78.25138241996703	True
CRC	s__Solobacterium_moorei	7	7	2	up	1.0	6.246487769587206	7.552975347083669	4.25425545747058e-14	1.3673177040310445e-11	67.86265868846787	True
CRC	s__Dialister_pneumosintes	7	7	2	up	1.0	7.222142565860246	6.0010539732701975	1.9604080676908944e-09	5.250626274632112e-07	45.353530665275855	True
CRC	s__Granulicatella_adiacens	7	7	2	up	1.0	4.3228393485622325	5.875530810206029	4.2149056103270535e-09	9.676219022565107e-07	25.9988280965954	True
CRC	s__Prevotella_intermedia	3	7	2	up	1.0	9.239236161880445	4.041349221545516	5.314454669387185e-05	0.002668852704282877	23.778794774232207	True
CRC	s__Porphyromonas_SGB1980	2	7	2	up	1.0	10.742616315093953	3.4774000196960655	0.0005063018354574872	0.014091669197676427	19.884986296699857	True
CRC	s__Peptostreptococcus_anaerobius	4	7	2	up	1.0	10.503958083017132	2.8092559092980687	0.004965615779590673	0.0613826504446324	12.730317828274508	True
CRC	s__GGB4596_SGB6358	5	7	2	down	1.0	-4.628709184172106	-3.708076005411808	0.00020883997926865688	0.00803951400798782	9.696082080793676	True
CRC	s__Eubacteriales_Family_XIII_Incertae_Sedis_unclassified_SGB3978	3	7	2	up	1.0	9.73859177061444	2.506896209634178	0.012179646963106125	0.10998653710037477	9.336002977539897	True
CRC	s__GGB3490_SGB4664	6	7	2	down	1.0	-2.9062231360224238	-4.422482007482952	9.757347714827019e-06	0.0007330675729577285	9.110591009043528	True
CRC	s__GGB45495_SGB63167	7	7	2	up	1.0	2.792066039711624	4.434403868574289	9.232740524944305e-06	0.0007330675729577285	8.752724951762348	True
CRC	s__GGB9694_SGB15204	7	7	2	up	1.0	2.733698433998378	4.4708067587037155	7.792508484710024e-06	0.0006590821649962636	8.69605994428786	True
CRC	s__Solobacterium_SGB6829	7	7	2	up	1.0	1.6912802100797895	5.398945917541191	6.703357591920948e-08	1.1969217389129959e-05	8.324369984119748	True
CRC	s__GGB33512_SGB15201	7	7	2	up	1.0	2.7281332130410894	4.33637088084538	1.4485445232831863e-05	0.0010120917603982959	8.17015908599741	True
CRC	s__GGB4578_SGB6328	5	7	2	down	1.0	-3.7432521954202427	-3.541572835612636	0.0003977490291563136	0.011836716478781407	7.2123813714167495	True
CRC	s__GGB4706_SGB6513	1	7	2	down	1.0	-12.529296521763756	-1.88597789715331	0.05929793321242273	0.270715280319214	7.110215778414436	False
CRC	s__Anaerococcus_obesiensis	4	7	2	up	1.0	9.550242601326056	2.1230618453412182	0.03374866973226416	0.20246220376232682	6.624583466257766	True
CRC	s__GGB51269_SGB5061	3	7	2	down	1.0	-5.510081575421593	-2.767766089868362	0.005644194921032218	0.06620599443867718	6.496951989996233	True
CRC	s__Candidatus_Nanoperiomorbus_periodonticus	3	7	2	up	1.0	3.9876332596659925	3.241838159848157	0.0011876144421169349	0.024859558391238448	6.398183845612461	True
CRC	s__Slackia_exigua	3	7	2	up	1.0	4.755127155334229	2.953174044423758	0.003145245770764463	0.04955303876096561	6.2051066900589795	True
CRC	s__Peptostreptococcus_SGB749	4	7	2	up	1.0	4.550842648376438	2.9890113300061594	0.002798817530050448	0.04734420811359021	6.028652085458487	True
CRC	s__GGB9770_SGB15389	7	7	2	up	1.0	2.374418174420372	4.01451843187166	5.956728893297923e-05	0.002900746464099928	6.025062915898347	True
CRC	s__Lachnospira_SGB5083	5	7	2	down	1.0	-5.888132489984086	-2.575846488595141	0.009999503028294434	0.09680241787029611	5.971236384998202	True
CRC	s__Prevotella_nigrescens	3	7	2	up	1.0	6.929846295965867	2.3732911040896614	0.017630362659808052	0.14529227074005918	5.805530629919271	True
CRC	s__Clostridium_symbiosum	7	7	2	up	0.8571428571428571	1.5186169982660518	5.144417916995445	2.6835155141295774e-07	4.312409431206231e-05	5.682161511152837	True
CRC	s__GGB4588_SGB6347	6	7	2	down	1.0	-3.281753875104071	-3.3457776318764942	0.0008205216987392945	0.019390858380500677	5.619685067643306	True
CRC	s__Anaerotruncus_massiliensis	7	7	2	up	1.0	3.0110163608195353	3.3893818774140265	0.0007005038186542981	0.017056206614809954	5.3238308759670225	True
CRC	s__Bacteroides_nordii	7	7	2	up	0.8571428571428571	2.3832730599099454	4.080991733465834	4.4843950152751946e-05	0.002484973375705944	5.320851022937997	True
CRC	s__Lancefieldella_rimae	5	7	2	up	1.0	3.953724248444917	3.0037639833231804	0.0026666209929133936	0.04558787165544493	5.302539976491718	True
CRC	s__GGB9758_SGB15368	7	7	2	down	1.0	-1.3389044894785556	-4.9302384313590775	8.21293155452737e-07	0.0001156335327659547	5.271154782715139	True
CRC	s__GGB9480_SGB14874	6	7	2	up	1.0	1.654073169567059	4.416401228890565	1.003577262294339e-05	0.0007330675729577285	5.185281185113208	True
CRC	s__TM7_phylum_sp_oral_taxon_349	2	7	2	up	1.0	4.2956977070524145	2.7705612478458224	0.005595977469953157	0.06612305731040238	5.067407232214215	True
CRC	s__GGB9380_SGB14375	2	7	2	up	1.0	5.202109742650024	2.5373169681932346	0.01117057632672485	0.10621962223104635	5.065789744250702	True
CRC	s__Porphyromonas_uenonis	2	7	2	up	1.0	13.760233368644492	1.5037769385475594	0.13263881103251723	0.42844272381413523	5.065241366589068	True
CRC	s__Eisenbergiella_tayi	7	7	2	up	0.8571428571428571	1.986391987191031	4.302393491625873	1.6896289797309192e-05	0.001131347404344828	5.016611423012328	True
CRC	s__GGB9589_SGB15011	2	7	2	down	1.0	-3.7700865646748802	-2.9189636948699915	0.0035119712292607883	0.05130670695838261	4.862755141671536	True
CRC	s__Alloprevotella_tannerae	3	7	2	up	1.0	2.7013483129590745	3.4278035560162627	0.0006084855967764715	0.01603010416425885	4.8490921776382985	True
CRC	s__Porphyromonas_somerae	3	7	2	up	1.0	15.139920469728088	1.3702022583259066	0.1706237735551086	0.480045728494813	4.8253559423660795	True
CRC	s__GGB9095_SGB14026	1	7	2	down	1.0	-9.698175034298549	-1.7525077366435826	0.07968654071217486	0.31907011609096797	4.81139914484177	False
CRC	s__Porphyromonas_endodontalis	2	7	2	up	1.0	3.8744027463092383	2.8587003250489675	0.004253804283133775	0.05744423094954602	4.807179079486358	True
CRC	s__Lancefieldella_parvula	7	7	2	up	0.8571428571428571	1.748354606106981	4.504596559579219	6.649915594299476e-06	0.0006286126094140741	4.797910006717021	True
CRC	s__Aggregatibacter_segnis	3	7	2	up	1.0	4.319511831851138	2.6481502739996237	0.008093354018016034	0.08445467472046601	4.636461655674745	True
CRC	s__Mogibacterium_timidum	3	7	2	up	1.0	4.228216597856684	2.637079158202532	0.008362331522883855	0.08669849520822163	4.49031715016639	True
CRC	s__Bacteroides_fragilis	7	7	2	up	1.0	1.332627252014871	4.521636607956093	6.136333839425848e-06	0.0006163180299973336	4.27799351061997	True
CRC	s__Jilunia_laotingensis	1	7	2	down	1.0	-6.67280241926738	-2.0248492393375357	0.04288284722377473	0.2291357750600066	4.269973637952803	False
CRC	s__Porphyromonas_SGB1977	3	7	2	up	1.0	7.443062495360116	1.8693779349841992	0.061570252184562364	0.27589306977204825	4.162601240246347	True
CRC	s__Morganella_morganii	2	7	2	up	1.0	5.508928592861138	2.219973074591883	0.026420595406940386	0.17654919610599884	4.148962834939734	True
CRC	s__GGB9719_SGB53514	4	7	2	up	1.0	3.586547683008832	2.742654844078041	0.00609447082620183	0.06995581869790243	4.14309436743518	True
CRC	s__GGB51269_SGB5062	7	7	2	down	1.0	-1.9792124898000374	-3.6858385610087225	0.00022795082259010423	0.008325385725052216	4.1159616564535435	True
CRC	s__Haemophilus_haemolyticus	2	7	2	up	1.0	3.4516368657369174	2.7815764082051557	0.005409559500391592	0.06439379346021695	4.111437926957439	True
CRC	s__GGB9247_SGB14190	1	7	2	down	1.0	-8.842020987935197	-1.6761461766505212	0.09370956378890201	0.346279448084044	4.0723986378852235	False
CRC	s__GGB4774_SGB6609	3	7	2	down	1.0	-3.398431500641184	-2.73371042668415	0.006262509322219392	0.07106212607577753	3.9026289260977785	True
CRC	s__GGB9603_SGB15035	5	7	2	down	1.0	-3.295947781583148	-2.751384652423933	0.0059343915161638615	0.06860839688111744	3.8352397501885	True
CRC	s__Ruminococcus_champanellensis	2	7	2	down	1.0	-4.846668817983314	-2.2777430296940637	0.022741892401510578	0.16440598913602056	3.800187552180498	True
CRC	s__Streptococcus_lutetiensis	2	7	2	down	1.0	-4.819951165173636	-2.20681243507488	0.02732716594564842	0.17997850686334843	3.5898001223230547	True
CRC	s__Neisseria_cinerea	1	7	2	up	1.0	4.115566523441007	2.3987612596100547	0.016450636408523185	0.13768839952342063	3.5439252323179677	False
CRC	s__Jutongia_hominis	7	7	2	down	0.8571428571428571	-1.5601764766961905	-4.0574310060113525	4.9615467703545074e-05	0.0025862961328757712	3.4600101696922216	True
CRC	s__GGB58067_SGB79698	4	7	2	down	1.0	-2.020165097059855	-3.31433534701795	0.00091861263786879	0.02050292373687702	3.4104108057475364	True
CRC	s__Roseburia_SGB4939	2	7	2	up	1.0	4.277867839436578	2.296118916403067	0.021669082992312037	0.15982221421373888	3.40673505367833	True
CRC	s__Christensenella_minuta	7	7	2	up	1.0	1.6696135461715116	3.620446241349735	0.00029409535362111646	0.01005555815466243	3.3352096982478647	True
CRC	s__GGB3828_SGB5197	6	7	2	down	1.0	-1.2777758388550098	-4.056136012861562	4.989121351533846e-05	0.0025862961328757712	3.3060172189315518	True
CRC	s__Faecalicatena_contorta	7	7	2	up	1.0	0.9825669477502916	4.60760088979877	4.073415730799545e-06	0.00043639860529299124	3.301539557007873	True
CRC	s__Porphyromonas_SGB1983	1	7	2	up	1.0	6.199814091002452	1.7738673558246922	0.07608509353653813	0.30720790279702703	3.1778239310569307	False
CRC	s__Fumia_xinanensis	4	7	2	down	1.0	-3.040028267938245	-2.6093259302638168	0.00907207884353336	0.09285879427744019	3.13784713505866	True
CRC	s__Raoultella_ornithinolytica	3	7	2	up	1.0	3.5664169655495748	2.413237909856039	0.01581149497512729	0.13303179280120186	3.1243401675054376	True
CRC	s__GGB9249_SGB14193	5	7	2	down	1.0	-2.452959803794685	-2.893352641989836	0.0038115309403020294	0.05372921246548562	3.1147426642138654	True
CRC	s__GGB4769_SGB6602	5	7	2	down	1.0	-2.2708748872668822	-3.028454282091886	0.002458082669353893	0.04340811922694182	3.0939058715581034	True
CRC	s__Clostridium_SGB6179	7	7	2	down	0.7142857142857143	-1.572670133046794	-4.172269071710515	3.015811942892252e-05	0.0018640037662414803	3.066204869272102	True
CRC	s__Leptotrichia_SGB6069	1	7	2	up	1.0	4.505119046973405	2.08614880849825	0.03696514564220139	0.21139853753387056	3.0404959313798074	False
CRC	s__GGB27106_SGB6188	2	7	2	down	1.0	-3.7266213783031206	-2.30120764842779	0.021379896785757274	0.15982221421373888	2.9677428470825284	True
CRC	s__GGB4603_SGB6367	6	7	2	down	1.0	-2.106933422645385	-3.0630753969028626	0.0021907485534415788	0.03911703250422908	2.9657913302000245	True
CRC	s__GGB9593_SGB15015	5	7	2	down	1.0	-2.3827355378311617	-2.8646604420212562	0.0041745661734803475	0.05714986158633676	2.961704096697247	True
CRC	s__Clostridium_neonatale	1	7	2	down	1.0	-4.44921910409041	-2.06815378881694	0.03862556408465992	0.21696032563262763	2.9525893402481302	False
CRC	s__GGB9618_SGB15065	7	7	2	down	0.8571428571428571	-1.938348842251474	-3.4022099962871266	0.0006684325471221187	0.01678392348789445	2.9492362684161306	True
CRC	s__Clostridium_sp_AM49_4BH	7	7	2	down	1.0	-0.9242023531025193	-4.47327152353801	7.703185988294973e-06	0.0006590821649962636	2.939943544349329	True
CRC	s__GGB48165_SGB66168	7	7	2	up	0.8571428571428571	2.259767937952117	3.1463992227563016	0.0016529421407963153	0.030576938177194868	2.9337069328863157	True
CRC	s__GGB47174_SGB65105	1	7	2	down	1.0	-6.650973427763103	-1.6352214411862689	0.102002634968087	0.36426274309714624	2.917018818662609	False
CRC	s__Cloacibacillus_evryensis	4	7	2	up	1.0	4.4070093637712064	2.058036591796833	0.039586620952919274	0.2186249798444308	2.9099492416515242	True
CRC	s__Neglectibacter_timonensis	4	7	2	up	1.0	3.498818721835751	2.301329987251647	0.021372985995440814	0.15982221421373888	2.7863292727887883	True
CRC	s__Christensenella_sp_Marseille_P3954	4	7	2	up	1.0	3.330249488000369	2.3504400262662752	0.018751229182787047	0.14843953348147185	2.7589465844740295	True
CRC	s__GGB51441_SGB71759	7	7	2	down	1.0	-1.157321727060692	-3.8941050633894094	9.856192756809379e-05	0.004280784259511533	2.741089497422998	True
CRC	s__Solobacterium_SGB6828	5	7	2	up	0.8	2.022379641240231	3.306936142884316	0.0009432239104854384	0.020763846906165746	2.722433928880494	True
CRC	s__GGB3002_SGB3993	7	7	2	up	1.0	1.7316454600496283	3.197743272705891	0.0013850752877045418	0.026817060088448173	2.721434670996149	True
CRC	s__Desulfovibrio_fairfieldensis	1	7	2	up	1.0	5.469771097388039	1.7541519380717139	0.07940447608670571	0.3190074826783402	2.714095659599481	False
CRC	s__Prevotella_buccae	2	7	2	up	1.0	4.094345794527141	2.0496981551376674	0.04039389516628898	0.2207924814021306	2.68595520279292	True
CRC	s__GGB79395_SGB105947	1	7	2	down	1.0	-5.560150714440692	-1.7202026997248798	0.08539560247385819	0.32951543938112976	2.6806833919512645	False
CRC	s__GGB3491_SGB4665	6	7	2	down	1.0	-1.388424957530249	-3.5330627733124342	0.00041077492422210947	0.012002096422271454	2.6668073634297365	True
CRC	s__Lactiplantibacillus_plantarum	1	7	2	down	1.0	-8.937679901893185	-1.2990706173778672	0.19391969561166644	0.5067137412161755	2.6387366453508174	False
CRC	s__Leuconostoc_lactis	1	7	2	up	1.0	5.830243929886887	1.6548111685157996	0.09796280777152482	0.3537668136827874	2.6310894467395474	False
CRC	s__Streptococcus_thermophilus	7	7	2	down	0.8571428571428571	-1.8489719593323621	-3.276359191903052	0.0010515473234451172	0.022531153983684042	2.6105633472085743	True
CRC	s__GGB3496_SGB4671	5	7	2	up	1.0	1.5370017447291573	3.32164020907314	0.0008949000771990048	0.020254991888152125	2.602863157534073	True
CRC	s__Bacteroidota_unclassified_SGB1343	1	7	2	up	1.0	4.066660766179986	2.0231179751588613	0.04306098573000746	0.2291357750600066	2.6022850932834865	False
CRC	s__GGB9474_SGB14868	4	7	2	up	1.0	1.9957587278870752	2.855815241344678	0.004292648503750487	0.05748571787939194	2.475619037880694	True
CRC	s__GGB3623_SGB4900	1	7	2	down	1.0	-4.535490972644599	-1.8318047560361617	0.06698051441830565	0.28780130125726516	2.45327993484175	False
CRC	s__Roseburia_intestinalis	7	7	2	down	0.8571428571428571	-0.5397877440875509	-5.550175241936122	2.8538338509063713e-08	5.732638748008173e-06	2.4251793937362622	True
CRC	s__GGB9768_SGB15386	1	7	2	down	1.0	-3.49290325131838	-2.1276870158518646	0.03336304216050368	0.2023185235921865	2.423950344512528	False
CRC	s__Megasphaera_micronuciformis	4	7	2	up	1.0	2.0342158424853634	2.7835384442280646	0.005376948984359467	0.06439379346021695	2.423068385157719	True
CRC	s__GGB4888_SGB6837	1	7	2	up	1.0	3.895970199539805	1.932779925499648	0.05326331431686557	0.2532371186603638	2.3238396167940585	False
CRC	s__Clostridiales_bacterium_KLE1615	7	7	2	down	1.0	-0.8269841817703288	-4.217029278274179	2.4754184522080162e-05	0.0015911989810793129	2.314129581337294	True
CRC	s__Schaalia_SGB17154	7	7	2	up	0.7142857142857143	1.4378795207084993	3.8099825943067733	0.00013897657572094208	0.005877246241672471	2.2911851301750406	True
CRC	s__Mogibacterium_diversum	7	7	2	up	0.8571428571428571	0.9926673049332257	4.132326915273938	3.5910916894494344e-05	0.002137364572201941	2.271893320753896	True
CRC	s__GGB6006_SGB8630	1	7	2	down	1.0	-5.843479341885443	-1.5387418579449341	0.12386732914513972	0.4112702436699164	2.2548392184802375	False
CRC	s__Eisenbergiella_sp_OF01_20	3	7	2	up	1.0	2.6721724118458647	2.358967805825328	0.018325845540731626	0.14756680964694957	2.22060550170978	True
CRC	s__Faecalibacterium_SGB15346	7	7	2	down	1.0	-0.6603790395955117	-4.614795991100037	3.934816324287527e-06	0.00043639860529299124	2.2189506036565163	True
CRC	s__GGB9760_SGB15373	7	7	2	down	1.0	-0.6564219918130868	-4.643452641985658	3.426345582115798e-06	0.0004235490269584683	2.2141745994702022	True
CRC	s__GGB9616_SGB15051	7	7	2	down	0.8571428571428571	-1.3024893856124364	-3.591259130058021	0.0003290842342342542	0.010630875732663992	2.2031767513461884	True
CRC	s__GGB4689_SGB6486	2	7	2	down	1.0	-5.688364012410642	-1.5323072067816386	0.12544664353980445	0.4133256553128877	2.1826687137348966	True
CRC	s__Klebsiella_oxytoca	2	7	2	up	1.0	3.796329008698963	1.8905556491332784	0.0586836853651518	0.2694419496622827	2.162141435803336	True
CRC	s__GGB4642_SGB6422	4	7	2	down	1.0	-1.7635637700206614	-2.821666609776322	0.004777481422990419	0.06077914675373504	2.1449263247347394	True
CRC	s__GGB1543_SGB2126	2	7	2	down	1.0	-4.7675918185405814	-1.6514514665938043	0.09864642313211261	0.355436775724899	2.1417816940249517	True
CRC	s__Fusobacterium_periodonticum	4	7	2	up	1.0	1.6462759094707038	2.9285779243665213	0.003405164667463747	0.05108817398223801	2.1264610408307374	True
CRC	s__GGB4717_SGB6533	4	7	2	down	1.0	-2.459065418033807	-2.3962940246473834	0.016561798987870944	0.13790057499227257	2.11586330450253	True
CRC	s__Schaalia_SGB17168	7	7	2	up	1.0	1.16155181342532	3.450583852606541	0.0005593753674701222	0.015235868059737059	2.110693895494619	True
CRC	s__GGB3303_SGB4364	1	7	2	down	1.0	-3.274356992161304	-2.0331059784528422	0.04204181713198134	0.22671543668152352	2.1103849945260924	False
CRC	s__Blastocystis_sp_subtype_3	1	7	2	up	1.0	4.4910324663419585	1.6955050254087187	0.08997965773613704	0.3402055801268795	2.1029644282579683	False
CRC	s__Alistipes_onderdonkii	7	7	2	up	1.0	1.2001065290177049	3.3727409852132815	0.0007442392751692198	0.01785063455517815	2.0982018587669065	True
CRC	s__Neisseria_sp_oral_taxon_014	1	7	2	up	1.0	3.02595909391976	2.1152533693706856	0.034408358473090435	0.20352068411699048	2.0921222340457266	False
CRC	s__Ruminococcus_torques	7	7	2	up	1.0	1.1541722093144193	3.430367983003201	0.0006027632023503799	0.01603010416425885	2.0718125852135727	True
CRC	s__Eggerthella_sinensis	2	7	2	up	1.0	3.2666639093167427	1.9986553399903355	0.04564565825803395	0.23510440006621972	2.053879792879384	True
CRC	s__Lachnoclostridium_sp_An131	7	7	2	up	0.8571428571428571	1.4987726665549652	3.2293038471581936	0.001240919752067717	0.025242506855352165	2.0527201366624355	True
CRC	s__GGB3176_SGB4194	1	7	2	up	1.0	3.860217602651166	1.793828736035598	0.07284050881756918	0.2991119220850825	2.0233958868562567	False
CRC	s__Clostridiales_bacterium_Marseille_P2846	2	7	2	up	1.0	2.574854150879973	2.2778398307349885	0.022736122243316524	0.16440598913602056	2.0188977337481546	True
CRC	s__Eubacterium_maltosivorans	1	7	2	up	1.0	5.9330284316823345	1.4361009258755628	0.15097362468774117	0.4569013462772129	2.0182831488109167	False
CRC	s__GGB38239_SGB47716	5	7	2	down	1.0	-2.07166817393805	-2.530147643692816	0.011401453828068685	0.10740100570900141	2.0074291659693926	True
CRC	s__Cloacibacillus_porcorum	6	7	2	up	1.0	2.407585562103106	2.3601203065046574	0.018269009298599564	0.14756680964694957	2.000730836581803	True
CRC	s__GGB49434_SGB69353	1	7	2	up	1.0	3.6125286457591987	1.8512701329206214	0.06413070061024206	0.28081208686828063	1.9926137338784682	False
CRC	s__Lachnoanaerobaculum_orale	2	7	2	up	1.0	1.6144550173684407	2.8364232327979986	0.004562194452131471	0.060093823644059616	1.9715242948752982	True
CRC	s__Anaerotruncus_colihominis	7	7	2	up	1.0	0.7448983826629053	4.108858701979837	3.976192483788241e-05	0.0022820504719456083	1.967779252187113	True
CRC	s__GGB4659_SGB6447	2	7	2	down	1.0	-2.390258226700931	-2.3416279640239126	0.01919984291715937	0.15044378040719547	1.9662879951153425	True
CRC	s__Adlercreutzia_sp_DSM_108611	1	7	2	down	1.0	-6.134636636423653	-1.3518571482736497	0.17642101812267552	0.480045728494813	1.9552153795663354	False
CRC	s__Fusobacterium_mortiferum	3	7	2	up	0.6666666666666666	3.0006803767590284	-2.5182960651635744	0.011792415076605212	0.10801814571577752	1.9334449554533837	True
CRC	s__GGB3128_SGB4141	1	7	2	down	1.0	-4.361717542940942	-1.641260279274059	0.10074339760325685	0.3605671268339282	1.9323013718216917	False
CRC	s__Enterocloster_bolteae	7	7	2	up	0.8571428571428571	1.0898703609009301	3.6730061233551186	0.00023971373685187396	0.00856044389157692	1.931409445664455	True
CRC	s__GGB2980_SGB3962	7	7	2	up	1.0	0.8017636640698054	3.9130059019841332	9.11543058560473e-05	0.004069026930851889	1.9166236042079625	True
CRC	s__GGB3175_SGB4191	7	7	2	down	0.8571428571428571	-1.3933873931237497	-3.229791775099926	0.0012388040494944507	0.025242506855352165	1.9083843893491523	True
CRC	s__GGB9266_SGB14215	3	7	2	down	1.0	-2.8399998578201697	-2.065638503093774	0.038862626000319464	0.21696032563262763	1.8846797854475013	True
CRC	s__Faecalibacterium_prausnitzii	7	7	2	down	1.0	-0.4779002388503049	-4.920445641822863	8.634737978789398e-07	0.0001156335327659547	1.8814531951099553	True
CRC	s__GGB3680_SGB4994	1	7	2	up	1.0	4.430772977837648	1.6068510439505206	0.10808704784157223	0.3775997519161013	1.8740765128207897	False
CRC	s__Leuconostoc_pseudomesenteroides	2	7	2	down	1.0	-2.8184758297100783	-2.0654256192419234	0.03888274659750887	0.21696032563262763	1.8703960168871643	True
CRC	s__Bifidobacterium_pullorum	1	7	2	down	1.0	-5.082511723555524	-1.498185485658641	0.13408506557727565	0.4295507950429187	1.865207967905181	False
CRC	s__GGB9065_SGB13984	1	7	2	up	1.0	5.497245630187699	1.4065421041386745	0.15956321116044014	0.46497938732456734	1.8281986344076422	False
CRC	s__GGB34900_SGB14891	7	7	2	up	1.0	1.4442167409127544	2.8530209792331807	0.004330576250416164	0.05751434739189071	1.791151979825169	True
CRC	s__GGB1633_SGB2241	1	7	2	up	1.0	3.6759180492707966	1.7313019793845732	0.08339791860566305	0.3284667438805913	1.7773379701967178	False
CRC	s__Diplocloster_agilis	7	7	2	up	1.0	1.1271104137523937	3.2072249089090428	0.0013402217116823248	0.02658933692189501	1.775528573406734	True
CRC	s__GGB9695_SGB15210	5	7	2	up	0.8	3.783463193097059	1.9087271010970521	0.05629730518413037	0.26299351578749275	1.755693270140268	True
CRC	s__GGB3892_SGB5290	5	7	2	up	1.0	1.7162788368691386	2.5852004838199822	0.009732238910410609	0.09642814271423455	1.7433895172490497	True
CRC	s__GGB3532_SGB4720	5	7	2	up	1.0	1.9525839342966012	2.4363692023392893	0.014835533689507983	0.12817582063999639	1.7420834623888874	True
CRC	s__Faecalibacterium_sp_HTFF	7	7	2	down	1.0	-0.8786701733143786	-3.5824129688834674	0.0003404350519945898	0.010727041736378543	1.7305585057875854	True
CRC	s__GGB4609_SGB6383	1	7	2	down	1.0	-4.394584666845693	-1.548810136396154	0.1214273681367132	0.4042575163923604	1.7285742670745252	False
CRC	s__Faecalicoccus_pleomorphus	7	7	2	up	0.8571428571428571	3.473921178976377	1.8872175559024396	0.059131069941718975	0.270715280319214	1.6897764921361285	True
CRC	s__Clostridium_methylpentosum	7	7	2	up	0.8571428571428571	1.7156034185899585	2.729392834151821	0.006345106850243183	0.07117749342803179	1.6876498324772389	True
CRC	s__GGB3289_SGB4343	2	7	2	down	1.0	-4.862375114229615	-1.4456015480763993	0.14828899220139333	0.45218294206383125	1.675991776744865	True
CRC	s__Intestinibacillus_massiliensis	1	7	2	down	1.0	-6.550078935022301	-1.1841539193420378	0.236352139363445	0.5562104066751857	1.6687039375034596	False
CRC	s__Lachnospiraceae_bacterium_OF09_6	7	7	2	down	0.8571428571428571	-1.1787012792238325	-3.2830160746571226	0.001027028091802142	0.02230316410170327	1.668670751162541	True
CRC	s__GGB1219_SGB1587	1	7	2	down	1.0	-8.328704142027378	-0.9975858094867973	0.3184802449985624	0.6312573718771223	1.664021260127315	False
CRC	s__Bulleidia_extructa	2	7	2	up	1.0	1.6283750410189504	2.59159957903078	0.009553089008370413	0.09642814271423455	1.654097175632124	True
CRC	s__Clostridia_bacterium	6	7	2	up	0.6666666666666666	2.201435385553462	2.702418221349517	0.006883711579959339	0.07525254768023577	1.6488439790279943	True
CRC	s__Eubacteriales_bacterium	7	7	2	up	0.8571428571428571	2.432037118060491	2.2765305830050835	0.022814272294544233	0.16440598913602056	1.6345006429750644	True
CRC	s__GGB4604_SGB6370	5	7	2	down	0.8	-4.235374185718132	-1.72291342010433	0.0849041831059761	0.32951543938112976	1.6335812205760758	True
CRC	s__GGB4745_SGB6570	1	7	2	down	1.0	-2.697751589897379	-1.9441578337128924	0.05187642086011624	0.2485789381828812	1.6308870687344967	False
CRC	s__Prevotella_stercorea	5	7	2	up	0.8	3.251642554886432	1.9855681163888876	0.047081299660410976	0.2376235076597004	1.6235076625036637	True
CRC	s__GGB9781_SGB66170	7	7	2	up	1.0	1.3322504922758271	2.8180714452183535	0.004831305816118534	0.06077914675373504	1.6203435342685446	True
CRC	s__GGB13404_SGB14252	7	7	2	down	0.8571428571428571	-0.8812250072915324	-3.750353695190317	0.00017658531295156559	0.007276220459311946	1.6149788860379406	True
CRC	s__Enterocloster_clostridioformis	7	7	2	up	0.7142857142857143	2.333145451203511	2.527269784535771	0.011495316105754974	0.10740100570900141	1.6148560462790198	True
CRC	s__Schaalia_cardiffensis	1	7	2	up	1.0	2.600058506415453	1.9630972392032084	0.04963487629524784	0.24392430032557577	1.5931726728915832	False
CRC	s__GGB9781_SGB15402	7	7	2	up	1.0	1.2069346977371913	2.973142925398912	0.00294767157351707	0.04812629356875745	1.5902783805827658	True
CRC	s__GGB3486_SGB4658	6	7	2	down	1.0	-1.6249514155647102	-2.5292657431335352	0.011430144732393389	0.10740100570900141	1.574564356359801	True
CRC	s__Jutongia_huaianensis	6	7	2	down	1.0	-1.9312868788068334	-2.299097378395408	0.02149941034683305	0.15982221421373888	1.5380051361303388	True
CRC	s__Clostridium_sp_Marseille_P3244	7	7	2	up	1.0	1.1378159594130943	3.017617721838276	0.0025477006556387815	0.044501684278386106	1.5378988482871512	True
CRC	s__Schaalia_turicensis	2	7	2	up	1.0	1.995943445286337	2.246956529236782	0.024642805417082584	0.17217821002283354	1.5249443266227	True
CRC	s__Streptococcus_constellatus	7	7	2	up	0.8571428571428571	2.620865374575483	2.0867291684531786	0.036912623050713946	0.21139853753387056	1.5161287336225338	True
CRC	s__Acidaminococcus_massiliensis	3	7	2	up	1.0	1.8763352892394445	2.317030988736869	0.02050204375393432	0.15764011632809782	1.5054461969447144	True
CRC	s__Dialister_hominis	5	7	2	down	1.0	-3.4566258627544433	-1.6236453056499471	0.10445153027293926	0.3697216060542145	1.4936950353732383	True
CRC	s__GGB4552_SGB6276	7	7	2	down	0.8571428571428571	-1.4287242799409303	-2.8304587066177507	0.004648131076552157	0.060728021463571674	1.489886988406989	True
CRC	s__Methanobrevibacter_smithii	7	7	2	up	0.8571428571428571	1.308132738425428	2.972207817329675	0.002956664799324023	0.04812629356875745	1.477387455830312	True
CRC	s__Bacteroides_cellulosilyticus	7	7	2	up	1.0	0.9375866593618077	3.2025107319676676	0.001362352238891948	0.026698781071943418	1.4753006397038257	True
CRC	s__Candidatus_Nanosynsacchari_sp_TM7_ANC_38_39_G1_1	7	7	2	up	0.8571428571428571	1.4137559359985663	2.8063838093047306	0.00501009773357223	0.061459748533210484	1.4679745518367788	True
CRC	s__Lawsonibacter_hominis	7	7	2	up	1.0	1.5984707885317313	2.4565336462768474	0.014028466480847141	0.12252035671044216	1.4574724735104927	True
CRC	s__Erysipelatoclostridium_sp_An15	1	7	2	up	1.0	6.700229735026041	1.052190633444562	0.2927120959913774	0.6069526945266367	1.4529123635841226	False
CRC	s__GGB34231_SGB47113	2	7	2	up	1.0	4.538290844552947	1.3531051795862115	0.17602203118025717	0.480045728494813	1.4464322146695159	True
CRC	s__GGB4713_SGB6526	1	7	2	down	1.0	-2.524647135633007	-1.8815564046773394	0.05989627010822745	0.27190199453085173	1.4279091310622742	False
CRC	s__GGB9383_SGB72489	2	7	2	up	1.0	2.936575437936742	1.7178502859340052	0.08582392662939069	0.32951543938112976	1.4157941771693325	True
CRC	s__GGB3600_SGB4859	1	7	2	up	1.0	3.813735684962512	1.5031427321597182	0.13280224145750902	0.42844272381413523	1.4038636725978693	False
CRC	s__Succinatimonas_hippei	1	7	2	up	1.0	2.5050973744285816	1.8709593966221845	0.06135070914922312	0.27589306977204825	1.400998774930985	False
CRC	s__Haemophilus_parahaemolyticus	2	7	2	up	1.0	2.668331766083766	1.7949485316697933	0.07266190055026692	0.2991119220850825	1.3986495260147331	True
CRC	s__Streptococcus_mitis	7	7	2	up	0.8571428571428571	0.7932501470781422	3.658200527122242	0.0002539922935122027	0.00887316555813282	1.395160255207833	True
CRC	s__GGB4554_SGB6285	2	7	2	down	1.0	-4.109740148191696	-1.428855467093836	0.15304577932690078	0.4588518048103163	1.390438339054946	True
CRC	s__Coprobacillus_sp_AF33_1AC	1	7	2	down	1.0	-2.191617479368534	-2.004822459434215	0.044982030594663776	0.23270943134095898	1.3877015383761604	False
CRC	s__Anaerotignum_faecicola	7	7	2	up	1.0	1.0635953360796797	2.9231386720616035	0.0034652215084405367	0.05108817398223801	1.3738244193282727	True
CRC	s__GGB3818_SGB5183	3	7	2	up	1.0	2.2357782987522326	1.9579108422991922	0.050240475436667695	0.24434200518785576	1.3683004917270272	True
CRC	s__Victivallis_sp_Marseille_Q1083	1	7	2	up	1.0	3.708861091440668	1.5022268573537416	0.13303853091677253	0.42844272381413523	1.3652585766536727	False
CRC	s__Bacteroides_caccae	7	7	2	up	1.0	0.7167386237197858	3.5111585276796826	0.00044615824992811097	0.012803148350615612	1.3565591678829827	True
CRC	s__GGB9764_SGB15381	1	7	2	down	1.0	-1.896925144636805	-2.150077801278262	0.03154906120928214	0.19882094652280938	1.3307648122333582	False
CRC	s__Campylobacter_showae	1	7	2	up	1.0	2.3390047456044503	1.8816163686118494	0.05988812214265947	0.27190199453085173	1.3229120959944265	False
CRC	s__Ruthenibacterium_lactatiformans	7	7	2	up	0.8571428571428571	0.8959958512150802	3.336518249659502	0.0008483485877190792	0.019726984006238974	1.3093873252451893	True
CRC	s__Eubacteriales_unclassified_SGB15150	6	7	2	up	0.8333333333333334	2.091580647711206	2.209713111962507	0.027125079174327032	0.17938272523927382	1.3006483491928835	True
CRC	s__GGB9454_SGB14846	5	7	2	up	0.6	2.841123709224483	2.235830712492596	0.0253628623183784	0.17344285530020798	1.2969904498941482	True
CRC	s__Enterocloster_lavalensis	7	7	2	up	0.8571428571428571	1.2095243833740124	2.8630047400315264	0.004196442854503882	0.05714986158633676	1.2886460952432488	True
CRC	s__GGB87445_SGB15180	7	7	2	down	0.7142857142857143	-1.3686020090664486	-2.962650143439267	0.0030500301818413085	0.04852869804177211	1.284532072345243	True
CRC	s__Campylobacter_rectus	1	7	2	up	1.0	2.098833433197895	1.957203867086988	0.05032350435100392	0.24434200518785576	1.28448997841179	False
CRC	s__GGB3033_SGB4029	7	7	2	up	0.8571428571428571	1.1549997195395536	2.924722383295016	0.003447636428276409	0.05108817398223801	1.2787625130889375	True
CRC	s__Ottowia_sp_Marseille_P4747	1	7	2	up	1.0	2.7491726744350093	1.6760181582751588	0.09373463591571819	0.346279448084044	1.2661954851675663	False
CRC	s__GGB9719_SGB15273	6	7	2	up	0.8333333333333334	1.6900204706086854	2.432046056558318	0.01501379806385413	0.1286640397610613	1.2541963253625743	True
CRC	s__GGB3351_SGB4434	6	7	2	down	0.8333333333333334	-1.9740614265324836	-2.2358216793240615	0.025363454259831286	0.17344285530020798	1.2516266448280715	True
CRC	s__GGB9597_SGB15022	7	7	2	down	0.8571428571428571	-1.1720654507030055	-2.870399840437827	0.004099530497240086	0.05679263369883463	1.2514725409685206	True
CRC	s__Porphyromonas_SGB1982	2	7	2	up	1.0	10.572955782649137	0.7083007956196737	0.47875848313377556	0.7625754197643532	1.2446187243603346	True
CRC	s__GGB9616_SGB15062	2	7	2	down	1.0	-3.5402112950865363	-1.4629865419474892	0.1434710615214688	0.4450926561100393	1.24455976338874	True
CRC	s__GGB3887_SGB5270	2	7	2	up	1.0	2.4189178338375186	1.7756059132514264	0.07579789468442309	0.3068191857880804	1.2411890399063568	True
CRC	s__Dielma_fastidiosa	7	7	2	up	0.8571428571428571	2.050652378069448	2.161080750465766	0.030689102257102016	0.1975097749697115	1.238145363822143	True
CRC	s__Alistipes_indistinctus	7	7	2	up	0.8571428571428571	0.7208719534385315	3.5654699193977377	0.00036320482033336813	0.011012644269353255	1.20989607387654	True
CRC	s__Bacteroides_pectinophilus	2	7	2	down	1.0	-2.498568138852492	-1.7290787411805255	0.08379500337356616	0.3284667438805913	1.208079169552546	True
CRC	s__GGB9243_SGB14185	1	7	2	up	1.0	4.085701542313464	1.296212119967021	0.19490241508789474	0.5067953674879929	1.2059657525655012	False
CRC	s__GGB87445_SGB53522	5	7	2	down	1.0	-1.698414544798824	-2.1588800383557483	0.03085947489201573	0.1975097749697115	1.1963825771462855	True
CRC	s__GGB9710_SGB15239	3	7	2	up	1.0	3.742828293375486	1.3577385453952637	0.1745466612712221	0.480045728494813	1.192904466229317	True
CRC	s__GGB9075_SGB13997	1	7	2	down	1.0	-2.08743618061449	-1.8694446709668564	0.06156097457785566	0.27589306977204825	1.1674179062419074	False
CRC	s__Citrobacter_koseri	1	7	2	down	1.0	-3.1677015509408806	-1.5002646900914673	0.13354585209939665	0.4292163686474609	1.163571930475935	False
CRC	s__GGB3583_SGB4799	2	7	2	up	1.0	3.7315298190995074	1.3267503822843003	0.184591268681786	0.48950192866605624	1.1576906804489013	True
CRC	s__GGB1631_SGB2239	2	7	2	down	1.0	-3.6598620735736382	-1.344599312270735	0.17875466557754172	0.48367655156604744	1.1544850692420234	True
CRC	s__GGB4584_SGB6338	5	7	2	down	1.0	-2.5073639404032004	-1.6725962746114549	0.09440680078857298	0.3466269483614882	1.1537326171097406	True
CRC	s__GGB3740_SGB5076	7	7	2	down	0.7142857142857143	-0.8654325401047371	-3.476186803328145	0.0005085978926354902	0.014091669197676427	1.144248669832953	True
CRC	s__GGB3449_SGB4601	2	7	2	up	0.5	3.731584301400594	1.9558730093855679	0.05048011557085757	0.24434200518785576	1.141868278571462	False
CRC	s__GGB9634_SGB15097	4	7	2	down	0.75	-2.655938954491848	-1.8908229831755332	0.05864797808546002	0.2694419496622827	1.1344872213352424	True
CRC	s__Eubacterium_sp_AF34_35BH	7	7	2	down	0.8571428571428571	-1.0556274606708496	-2.876657793336792	0.004019111940393205	0.05616272076705983	1.1315287591962748	True
CRC	s__Prevotella_vespertina	2	7	2	up	1.0	2.80876705457068	1.5693154695734055	0.1165744494900172	0.3968964837509696	1.1272221146499242	True
CRC	s__Butyricicoccus_intestinisimiae	7	7	2	down	0.8571428571428571	-1.082088380541964	-2.7968253037256554	0.005160742925332936	0.06282813546219719	1.114717205391106	True
CRC	s__Actinomyces_sp_ph3	7	7	2	up	0.8571428571428571	1.3406924896125667	2.521786999953748	0.011676038471401797	0.10783559668702694	1.11151588015956	True
CRC	s__GGB3819_SGB5184	7	7	2	up	0.8571428571428571	0.9808771323032519	2.978860239316862	0.0028932271179481664	0.04812629356875745	1.1077893920153148	True
CRC	s__Klebsiella_michiganensis	2	7	2	up	1.0	3.5067233384098837	1.3424479190040672	0.17945080634499622	0.48367655156604744	1.1061782260563915	True
CRC	s__GGB2970_SGB3952	7	7	2	down	0.8571428571428571	-0.8020147417286465	-3.240989683794651	0.0011911549446953083	0.024859558391238448	1.1030039475240199	True
CRC	s__Butyricimonas_virosa	7	7	2	up	1.0	1.0858052740419935	2.58666758535886	0.009690903243501074	0.09642814271423455	1.1029568691715317	True
CRC	s__GGB9512_SGB14909	7	7	2	up	1.0	0.9949271051182694	2.679534894548732	0.0073724518664062015	0.07846046456499844	1.0997418048205807	True
CRC	s__GGB9052_SGB13957	1	7	2	up	1.0	5.060550668163405	1.0677896954807613	0.2856153872969407	0.6069526945266367	1.0973559001839102	False
CRC	s__GGB3345_SGB4425	7	7	2	down	0.7142857142857143	-0.9686141651049105	-3.2138445181705353	0.0013097057252754282	0.026308713756470165	1.0930813511543227	True
CRC	s__Congzhengia_minquanensis	7	7	2	down	0.8571428571428571	-1.5430637773812297	-2.3359130789746807	0.019495772170294252	0.1513512361239752	1.0845719512180871	True
CRC	s__GGB9102_SGB54310	2	7	2	down	1.0	-5.115280861120923	-1.0373989863139998	0.2995499505630521	0.6155713178450445	1.0779002905014514	True
CRC	s__Enterocloster_aldenensis	7	7	2	up	0.7142857142857143	0.7192967996368469	3.7033566898120185	0.00021276539673499803	0.00803951400798782	1.0762582168047956	True
CRC	s__Fusobacterium_SGB6028	2	7	2	up	1.0	3.982173571508149	1.2246990940724036	0.22068861559950204	0.5369860782267036	1.0753340994800864	True
CRC	s__Clostridium_sp_MCC353	1	7	2	up	1.0	1.915603570651035	1.8722583519414573	0.061170869691026475	0.27589306977204825	1.0713189367929028	False
CRC	s__Clostridium_SGB6177	3	7	2	down	1.0	-2.2220579546349843	-1.7197212400204018	0.08548312503638916	0.32951543938112976	1.0713079844171798	True
CRC	s__GGB2998_SGB3988	7	7	2	up	0.8571428571428571	1.3056806031743837	2.4944444280451576	0.01261544789218698	0.11262791534858042	1.0613548825795351	True
CRC	s__GGB9616_SGB15052	7	7	2	down	0.8571428571428571	-0.9578412834371254	-2.923379132650547	0.0034625462564841568	0.05108817398223801	1.0604777698445544	True
CRC	s__GGB45491_SGB63163	7	7	2	up	1.0	1.0396526594825368	2.586152657291865	0.009705393511730888	0.09642814271423455	1.0560752187729445	True
CRC	s__GGB3001_SGB3992	3	7	2	up	1.0	2.123794347587229	1.7505948864603043	0.08001571672972004	0.31907011609096797	1.0536438321295012	True
CRC	s__Pseudomonas_aeruginosa	3	7	2	up	0.6666666666666666	3.415966683364468	1.6802489025938274	0.09290889823334698	0.34527837737387224	1.0517320028435564	True
CRC	s__Amedibacterium_intestinale	3	7	2	up	1.0	1.8924477856332236	1.8463347267841224	0.06484361841636863	0.2816316075543362	1.0414492270614977	True
CRC	s__Mogibacterium_SGB3923	2	7	2	up	1.0	1.3565029815548524	2.2436996371744895	0.024851733480276892	0.17288630174374445	1.0339800400649906	True
CRC	s__Desulfovibrio_desulfuricans	4	7	2	up	1.0	1.6044604188864529	2.014389521917354	0.04396865358836026	0.23105435880578773	1.0208954360203866	True
CRC	s__GGB31460_SGB6499	1	7	2	down	1.0	-3.6389523196531393	-1.2456627719530524	0.2128882264798464	0.5263251999278664	1.0143428061289785	False
CRC	s__GGB33665_SGB47358	1	7	2	down	1.0	-3.562019408822818	-1.2689992602750475	0.20444132788657166	0.5206886951731894	1.009554135280469	False
CRC	s__Pseudoflavonifractor_sp_AF19_9AC	7	7	2	up	0.8571428571428571	1.8802133171041524	1.9764083153872143	0.04810855052294654	0.23976296962779897	0.9995502327058288	True
CRC	s__GGB3385_SGB4472	1	7	2	up	1.0	2.715281502647044	1.504791300696378	0.1323777410210951	0.42844272381413523	0.999514748091571	False
CRC	s__Mediterraneibacter_SGB48424	7	7	2	up	0.8571428571428571	1.4586300351464625	2.2973768924546465	0.021597278800138217	0.15982221421373888	0.9956560987038638	True
CRC	s__Acidaminococcus_provencensis	1	7	2	down	1.0	-2.96363714334042	-1.4204495261913614	0.15547685303953213	0.46165318749973655	0.9948460494298426	False
CRC	s__GGB2653_SGB3574	7	7	2	up	1.0	0.8142377514614729	2.8256849386900593	0.004717964404190472	0.06077914675373504	0.9903129205710969	True
CRC	s__Parvibacter_caecicola	1	7	2	down	1.0	-3.476985834367291	-1.2721492159544552	0.20332010737238482	0.5197976191858843	0.9880401622499787	False
CRC	s__Odoribacter_splanchnicus	7	7	2	up	1.0	0.6593296147244282	3.130244772064915	0.00174660701659533	0.03189542585987153	0.9865361741765468	True
CRC	s__Blautia_hydrogenotrophica	7	7	2	up	1.0	0.8351195694972202	2.764813074642664	0.005695542309405687	0.06632417747257202	0.9840448783709868	True
CRC	s__GGB4653_SGB6440	1	7	2	down	1.0	-3.0080214626275334	-1.3903413296275946	0.1644252532402929	0.4718417534949119	0.9812275227250176	False
CRC	s__Roseburia_faecis	7	7	2	down	0.7142857142857143	-0.5589886188249641	-3.953340764125343	7.706755846731341e-05	0.0036425754840286075	0.9736749005429693	True
CRC	s__Prevotella_multisaccharivorax	1	7	2	up	1.0	1.2801514930694566	2.2285761671838076	0.025842118256831775	0.1744885883980196	0.9706530696070039	False
CRC	s__Olsenella_sp_oral_taxon_807	3	7	2	up	1.0	1.6405732550007983	1.92394654715362	0.054361283899753456	0.2561835285246446	0.970315077930724	True
CRC	s__Pseudoflavonifractor_capillosus	7	7	2	up	0.8571428571428571	1.4222630178737474	2.291866071617258	0.02191337260962604	0.1607981268660687	0.9676090295254877	True
CRC	s__Lactobacillus_amylovorus	1	7	2	down	1.0	-3.666559597806012	-1.2003597557235648	0.2299996515115018	0.5450392460537192	0.9664032706384402	False
CRC	s__GGB2999_SGB3990	2	7	2	down	1.0	-1.97510508186712	-1.727334596055509	0.0841075893541925	0.32885862796152643	0.9539575035243454	True
CRC	s__Prevotella_saccharolytica	1	7	2	up	1.0	3.008347867125888	1.341723426166858	0.17968568841626031	0.48367655156604744	0.9489681922061219	False
CRC	s__Lacticaseibacillus_rhamnosus	2	7	2	up	1.0	2.307589254823849	1.5753090206034357	0.11518513282872225	0.39299895638164895	0.9359780537223198	True
CRC	s__Oribacterium_sp_oral_taxon_102	1	7	2	up	1.0	3.6836333450819514	1.1733344796244949	0.2406617005793319	0.5596864729826141	0.9284789004558502	False
CRC	s__GGB9088_SGB14017	2	7	2	down	1.0	-2.3085660387748574	-1.5680816059589755	0.11686208867478806	0.3970346226223772	0.9261311771686296	True
CRC	s__Intestinimonas_butyriciproducens	7	7	2	up	0.7142857142857143	1.065312649396509	2.811911662461699	0.00492480265800945	0.06135006101876888	0.922397153543347	True
CRC	s__GGB1630_SGB2238	1	7	2	up	1.0	1.7215114905269133	1.8225734566913454	0.06836801883318908	0.2914254808088457	0.9218220243148957	False
CRC	s__GGB3058_SGB4060	1	7	2	down	1.0	-1.4207083448890756	-2.023751472214141	0.0429957295985815	0.2291357750600066	0.9091213554262486	False
CRC	s__GGB2987_SGB3969	7	7	2	up	0.8571428571428571	0.6195820615345303	3.3329524951715084	0.0008592961297054935	0.019726984006238974	0.9054426950999981	True
CRC	s__Latilactobacillus_curvatus	2	7	2	up	1.0	3.6697642823926935	1.1521427155173933	0.2492624327044951	0.5670847738163209	0.9040538194203895	True
CRC	s__Hallella_seregens	1	7	2	up	1.0	2.712960571110814	1.4090833191174374	0.1588105326589324	0.4646513141268866	0.9030708636367644	False
CRC	s__Oribacterium_SGB5287	2	7	2	up	0.5	3.4022174903586624	1.7994006940724252	0.07195531987565552	0.2984813298849841	0.8932229922904008	False
CRC	s__GGB3304_SGB4367	7	7	2	up	0.8571428571428571	0.8527386868312116	2.824466023708291	0.004735946916100964	0.06077914675373504	0.8889767195575013	True
CRC	s__Enterococcus_durans	3	7	2	up	1.0	2.1784958762824154	1.5797815940875701	0.11415689215683544	0.3911516539361078	0.8880743640405018	True
CRC	s__Candidatus_Cibionibacter_quicibialis	7	7	2	down	1.0	-0.4181949451538452	-3.733006151972453	0.0001892079715207612	0.007601430255846582	0.8861988674574545	True
CRC	s__GGB9350_SGB14317	6	7	2	up	0.8333333333333334	1.2288600272854422	2.393736605968013	0.016677720629324162	0.1381499848006388	0.8803237403380687	True
CRC	s__Clostridium_sp_AF12_28	7	7	2	down	0.7142857142857143	-0.6179497891231555	-3.589929225241452	0.0003307677577057869	0.010630875732663992	0.871058031856983	True
CRC	s__Enterocloster_citroniae	7	7	2	up	0.8571428571428571	0.7852946095355193	2.926232705157253	0.0034309419504485214	0.05108817398223801	0.8694420365791674	True
CRC	s__GGB2663_SGB3587	1	7	2	up	1.0	2.5882635570593577	1.4186842552211119	0.1559910894911991	0.46165318749973655	0.8688390818727041	False
CRC	s__Prevotella_oris	1	7	2	up	1.0	1.6441614975591168	1.8044732969645811	0.07115714162495404	0.29717550963848033	0.866451708531006	False
CRC	s__Parascardovia_denticolens	3	7	2	up	0.6666666666666666	3.1666285865944404	1.5856593244669726	0.11281661089989553	0.3890478405925582	0.8655387945145888	True
CRC	s__GGB58233_SGB79883	7	7	2	up	0.8571428571428571	0.8754274673947133	2.725400014938821	0.006422362505951841	0.07117749342803179	0.8611634849206222	True
CRC	s__Tyzzerella_nexilis	6	7	2	up	0.8333333333333334	1.6524820387373804	1.9894393986639451	0.04665272456913555	0.23724977336266087	0.8603843192582077	True
CRC	s__Actinomyces_SGB17132	7	7	2	up	0.7142857142857143	1.291051946801964	2.4791407468108586	0.013169932601541343	0.11692862812528694	0.8595447111493477	True
CRC	s__Christensenella_hongkongensis	7	7	2	up	0.8571428571428571	1.3034795112826543	2.254087483474145	0.024190664928113604	0.17050174798016912	0.8583649043457963	True
CRC	s__Alloprevotella_SGB1466	1	7	2	up	1.0	3.074505450437971	1.24320217723041	0.21379334061390032	0.5264485303363563	0.8566927500004174	False
CRC	s__GGB9117_SGB14050	4	7	2	down	1.0	-2.2223955126779953	-1.5351058297100886	0.12475783454580477	0.41252230476359725	0.8546278937574949	True
CRC	s__Clostridiaceae_bacterium_Marseille_Q4149	7	7	2	up	1.0	1.072387146542033	2.3023370083628207	0.021316174314208094	0.15982221421373888	0.8540092916287922	True
CRC	s__Prevotella_sp_oral_taxon_475	1	7	2	up	1.0	2.735469100356007	1.3348388694659468	0.1819290887882954	0.48782854770949324	0.8527354101834387	False
CRC	s__Flavonifractor_plautii	7	7	2	up	0.8571428571428571	0.4126526412306843	3.9260208570843718	8.636267025287761e-05	0.003965280317039267	0.8494959608963022	True
CRC	s__Holdemania_filiformis	7	7	2	up	0.8571428571428571	0.49528106354299867	3.6117342388493405	0.00030415618171162473	0.010182895500220437	0.8457116809033831	True
CRC	s__Clostridium_sp_C5_48	1	7	2	up	1.0	1.7493347483876223	1.7202916263272532	0.08537944480426901	0.32951543938112976	0.8433966717460935	False
CRC	s__GGB74701_SGB54318	1	7	2	down	1.0	-1.2769886472355472	-2.057748872065241	0.0396142463148845	0.2186249798444308	0.8431958815809778	False
CRC	s__GGB4587_SGB6346	2	7	2	down	1.0	-8.619054866973872	-0.6271675932743529	0.5305493834157258	0.7983574987558951	0.8429658991971757	True
CRC	s__GGB74802_SGB47402	1	7	2	down	1.0	-1.2039540199193184	-2.1461902036399403	0.03185780684402619	0.1995446916911782	0.8427194401228483	False
CRC	s__GGB9523_SGB14922	4	7	2	up	0.75	3.3558011497537703	-1.4060168628804053	0.15971911748796586	0.46497938732456734	0.8370197766359353	True
CRC	s__Gordonibacter_massiliensis	1	7	2	up	1.0	3.8214834775328317	1.0622678791384643	0.2881140920847347	0.6069526945266367	0.8286701816677812	False
CRC	s__Lachnoclostridium_pacaense	6	7	2	up	0.8333333333333334	1.5678115530918322	2.0070710939330665	0.044742093575070696	0.23270943134095898	0.8272636247697748	True
CRC	s__Lachnotalea_sp_AF33_28	7	7	2	up	1.0	0.5426628189645921	3.1557030913200315	0.0016011175520835692	0.030270540072921126	0.824293876766126	True
CRC	s__Alistipes_sp_An31A	1	7	2	down	1.0	-3.4050748430790114	-1.1391120434116841	0.25465642492720963	0.5739591512735286	0.8210282931215876	False
CRC	s__Sutterella_parvirubra	1	7	2	up	1.0	1.2977271952741793	1.9867217315886643	0.04695324221910017	0.2376235076597004	0.809925295371451	False
CRC	s__GGB45613_SGB63326	7	7	2	up	0.8571428571428571	1.0104341854543277	2.4765412279182195	0.013266230238556925	0.11713643952396141	0.806593218084555	True
CRC	s__Actinomyces_dentalis	3	7	2	up	1.0	2.490892398468458	1.3833710142731972	0.16655113351612494	0.4762414084704854	0.8024978931958937	True
CRC	s__GGB40351_SGB14301	2	7	2	up	1.0	2.488288634169773	1.3514712959988642	0.17654450873704697	0.480045728494813	0.7930608599444467	True
CRC	s__Selenomonas_SGB5900	1	7	2	down	1.0	-3.1505994176136434	-1.163196181968418	0.2447499152680791	0.561581053466488	0.7895009978820728	False
CRC	s__GGB3550_SGB4746	7	7	2	up	0.8571428571428571	1.0308581675298274	2.4311213705079484	0.015052171421953656	0.1286640397610613	0.7868771453896567	True
CRC	s__GGB9770_SGB15390	7	7	2	up	0.8571428571428571	1.6024080798173292	1.8949932267632736	0.058093299012483265	0.26903726660824384	0.7831484143251056	True
CRC	s__Agathobaculum_butyriciproducens	7	7	2	down	1.0	-0.3710388401972372	-3.7005640340966033	0.00021512078552798772	0.00803951400798782	0.7772411068764031	True
CRC	s__Eubacteriales_unclassified_SGB15148	2	7	2	up	1.0	1.387798863678383	1.8645607766642651	0.06224299508452944	0.2770761581740687	0.7735602561749735	True
CRC	s__GGB9444_SGB14834	6	7	2	down	0.6666666666666666	-0.9067513257585104	-2.900139465447007	0.003729966591301836	0.053044746125858855	0.7709548114013978	True
CRC	s__Capnocytophaga_granulosa	1	7	2	up	1.0	2.303191348904096	1.4035193020487637	0.16046204024978206	0.46545577379314035	0.7649395454113007	False
CRC	s__Collinsella_sp_AF08_23	1	7	2	up	1.0	2.4589237709219063	1.3268739892115455	0.18455036991343854	0.48950192866605624	0.7628702627432089	False
CRC	s__Clostridiaceae_bacterium_Marseille_Q4145	7	7	2	down	0.8571428571428571	-0.6696911881003377	-2.9711332675358584	0.002967029990334337	0.04812629356875745	0.7563401874418715	True
CRC	s__Alistipes_ihumii	7	7	2	up	0.8571428571428571	0.7853988479278152	2.699263977802936	0.006949302935833096	0.07545628255326882	0.7555343448605496	True
CRC	s__Gordonibacter_sp_28C	1	7	2	down	1.0	-1.879626920905334	-1.5648106609829717	0.1176273112630317	0.3979517667361936	0.7521694833074349	False
CRC	s__Alloprevotella_SGB1484	1	7	2	up	1.0	1.5030157261578372	1.7511424148985908	0.07992138170302851	0.31907011609096797	0.7456669480540675	False
CRC	s__GGB4604_SGB6371	2	7	2	up	1.0	1.0377606991945543	2.175838537194622	0.02956733596791952	0.1918813145636422	0.7440405019884268	True
CRC	s__GGB4599_SGB6362	7	7	2	down	0.7142857142857143	-1.8879758097186725	-1.8436556542823235	0.06523333963984985	0.28256058436991566	0.7402057564697213	True
CRC	s__Alistipes_SGB2300	2	7	2	down	1.0	-6.2268788962687065	-0.7171736883014788	0.47326693224937766	0.7607932924421605	0.7393380358797185	True
CRC	s__Streptococcus_oralis	7	7	2	up	0.8571428571428571	1.0280733058726628	2.3713891193896117	0.01772136304514581	0.1452970939466802	0.7382239622882212	True
CRC	s__GGB9630_SGB15084	2	7	2	up	1.0	1.2010493628218306	1.965759136888829	0.049326440099358285	0.2439002745835962	0.7359882895486365	True
CRC	s__GGB12785_SGB19825	1	7	2	up	1.0	2.7781601441849704	1.209079879822671	0.22663215825397354	0.5439944780049731	0.7345608462526083	False
CRC	s__Gallalistipes_aquisgranensis	1	7	2	down	1.0	-3.8952791294049267	-0.9449767659693546	0.3446707378496421	0.6478055639217554	0.7344756269173561	False
CRC	s__GGB1497_SGB2076	2	7	2	up	1.0	9.030422225268357	0.5428100179288458	0.587260614989129	0.8292862990224343	0.7341327777437451	True
CRC	s__Fusicatenibacter_saccharivorans	7	7	2	down	0.8571428571428571	-0.5650727509375034	-3.1459684298833976	0.0016553787314349429	0.030576938177194868	0.7335964986355261	True
CRC	s__Corynebacterium_variabile	1	7	2	down	1.0	-2.29807344793654	-1.352618474070745	0.17617754744824832	0.480045728494813	0.7324359721813946	False
CRC	s__Merdibacter_massiliensis	2	7	2	down	1.0	-2.121516909874341	-1.4471013792034093	0.14786853181447063	0.45175804301493216	0.732122982652452	True
CRC	s__GGB4698_SGB6498	2	7	2	down	1.0	-5.254203890449923	-0.782008476327914	0.4342095921423663	0.7272634644131706	0.7266996378542862	True
CRC	s__Lautropia_dentalis	1	7	2	up	1.0	2.003388501769237	1.4837330645157771	0.13787975080816478	0.4344563912720016	0.7253344389819397	False
CRC	s__Butyricicoccus_SGB14985	3	7	2	up	0.6666666666666666	4.7315009279840625	-1.1125523735730771	0.26590072479536464	0.589382709994691	0.7242433039911995	True
CRC	s__GGB3576_SGB4784	1	7	2	up	1.0	2.347274446079696	1.3195301776445072	0.18699192813961552	0.492616440197315	0.7217659977871227	False
CRC	s__Alloprevotella_SGB1483	1	7	2	up	1.0	1.4266789187223956	1.765311760643664	0.07751138404208271	0.3121824414927993	0.7213167733546536	False
CRC	s__Slackia_SGB14778	1	7	2	down	1.0	-2.540596666181291	-1.2677879159547345	0.2048736986927865	0.5206886951731894	0.7200606105823375	False
CRC	s__Prevotella_oulorum	1	7	2	up	1.0	2.048934339128107	1.4566506579130012	0.14521283653954195	0.447044115553724	0.7164091076899014	False
CRC	s__Lachnoclostridium_sp_An138	7	7	2	up	0.7142857142857143	0.9813296814824319	2.5813725860489622	0.009840830992616345	0.09642814271423455	0.7120221139019413	True
CRC	s__Candidatus_Saccharibacteria_unclassified_SGB19846	3	7	2	up	1.0	2.796509989628916	1.1784497033471635	0.23861737264667404	0.5581631991895272	0.708184836207031	True
CRC	s__Emergencia_timonensis	6	7	2	up	0.8333333333333334	1.8439375159956641	1.6718506945576022	0.09455376741192488	0.3466269483614882	0.7070542698368745	True
CRC	s__Tannerella_sp_oral_taxon_808	1	7	2	up	1.0	2.523000335675796	1.248138011369588	0.21198052015101354	0.5256986047572203	0.7045810858552611	False
CRC	s__GGB34797_SGB14322	6	7	2	down	1.0	-1.0618496132608597	-2.056594364194742	0.03972526080558419	0.2186249798444308	0.7011395306435794	True
CRC	s__GGB12763_SGB19797	1	7	2	up	1.0	2.2587187405464006	1.3274263850013994	0.18436767645689822	0.48950192866605624	0.7007575344304431	False
CRC	s__GGB28640_SGB4673	1	7	2	up	1.0	0.9202323231350649	2.2389705667514774	0.025157831326976507	0.17344285530020798	0.700152860242678	False
CRC	s__GGB9813_SGB15447	7	7	2	up	0.8571428571428571	0.7377562016837671	2.6803336420445176	0.007354881217379146	0.07846046456499844	0.6989812901152933	True
CRC	s__Gemmiger_gallinarum	1	7	2	down	1.0	-2.764359561861906	-1.1649081524743803	0.24405617315571504	0.561581053466488	0.6927140976392001	False
CRC	s__GGB3883_SGB5265	2	7	2	up	1.0	2.067575027405967	1.4041051400681432	0.16028754323762895	0.46545577379314035	0.6866862808946467	True
CRC	s__Selenomonas_artemidis	1	7	2	up	1.0	2.02144738499556	1.4260471872668172	0.15385472175986362	0.46041813383259	0.6809196592637743	False
CRC	s__GGB6002_SGB8625	2	7	2	down	1.0	-1.4011383385339193	-1.729034251320894	0.08380296514688391	0.3284667438805913	0.6774624290301264	True
CRC	s__Desulfobulbus_oralis	1	7	2	up	1.0	1.9952781697426005	1.4242102074517826	0.15438563094868507	0.4607488616975844	0.6714823935181611	False
CRC	s__Angelakisella_massiliensis	7	7	2	up	0.8571428571428571	1.1358256846127843	2.1114828852271588	0.03473082746166101	0.20444117117541846	0.6712064264984038	True
CRC	s__GGB71580_SGB98325	2	7	2	down	0.5	-3.175825376605849	-1.60157752608213	0.10924906381123128	0.38000702498841704	0.6672542099762315	False
CRC	s__Dysosmobacter_sp_Marseille_Q4140	4	7	2	up	0.75	2.746955631782923	1.385671685211911	0.16584717795026627	0.47507382346894456	0.6659421845133335	True
CRC	s__Intestinimonas_timonensis	2	7	2	up	1.0	2.1298584987821885	1.3329852056167857	0.18253665886158188	0.48808055040026965	0.6634690224806219	True
CRC	s__Bacteroides_cutis	1	7	2	up	1.0	2.5078328418657057	1.2077487256224	0.22714392952167828	0.5439944780049731	0.6630848183596667	False
CRC	s__Fretibacterium_fastidiosum	1	7	2	up	1.0	1.6835108289680483	1.5498353338164501	0.12118104389640064	0.4042575163923604	0.6621953422015276	False
CRC	s__Escherichia_coli	7	7	2	up	0.7142857142857143	0.9659934404810758	2.5048703894539477	0.012249627273295708	0.10998653710037477	0.661471233582847	True
CRC	s__Veillonella_parvula	7	7	2	up	0.8571428571428571	1.1970624517367685	2.030117326990932	0.042344614674633775	0.22758460127804842	0.6596058237759858	True
CRC	s__Parabacteroides_distasonis	7	7	2	up	1.0	0.593979319129982	2.6878972340736955	0.007190352177852667	0.07754963724704185	0.6595666517711959	True
CRC	s__GGB3511_SGB4688	5	7	2	down	1.0	-1.331144926458358	-1.745941838583393	0.08082105879266184	0.32068997896248785	0.6574719283393116	True
CRC	s__GGB2977_SGB3959	7	7	2	up	0.8571428571428571	0.6679355020819087	2.732829030287	0.0062792917876542675	0.07106212607577753	0.6574556722166912	True
CRC	s__Granulicatella_SGB8239	2	7	2	up	1.0	1.6607110867685648	1.5539011564547205	0.1202079958459439	0.40328653303639217	0.6549616679370257	True
CRC	s__Coprococcus_eutactus	7	7	2	down	0.8571428571428571	-0.5281000823234938	-3.086932264311319	0.002022336736215773	0.03651567567526682	0.6507040956877009	True
CRC	s__GGB9531_SGB14932	7	7	2	up	0.8571428571428571	1.0808110289020925	2.1513355902491877	0.03144972104988203	0.19882094652280938	0.6499113081594196	True
CRC	s__Streptococcus_anginosus	7	7	2	up	0.7142857142857143	1.1000537813654552	2.343968818976193	0.01907976641874762	0.1502999246810168	0.6467068750250631	True
CRC	s__Enterococcus_gallinarum	1	7	2	down	1.0	-2.6503320866389224	-1.146177969370108	0.2517215215021269	0.5705451129110266	0.6459124601138587	False
CRC	s__GGB13463_SGB15285	1	7	2	up	1.0	3.2306375557119504	0.9933510612731833	0.3205389019612519	0.6312573718771223	0.6454605043950854	False
CRC	s__GGB9253_SGB14198	7	7	2	down	0.7142857142857143	-1.2899311172341017	-2.137424155890114	0.03256350842885325	0.19979463712810985	0.6444276326959372	True
CRC	s__GGB9172_SGB14110	1	7	2	down	1.0	-3.6657885421638476	-0.8875445676372022	0.3747857826335248	0.6687784177897309	0.6404783278968492	False
CRC	s__GGB3433_SGB4574	6	7	2	down	0.8333333333333334	-1.0921598565670907	-2.1452303039159197	0.031934437818690715	0.1995446916911782	0.637056681306752	True
CRC	s__Enterocloster_hominis	7	7	2	up	1.0	0.8416657841244873	2.21914463451242	0.02647688628596498	0.17654919610599884	0.6338873337908467	True
CRC	s__Clostridiaceae_bacterium	7	7	2	down	0.8571428571428571	-0.6437366196237934	-2.72760223402775	0.006379648513257483	0.07117749342803179	0.6332477462422316	True
CRC	s__Prevotella_pallens	2	7	2	up	1.0	1.0620935006401073	1.9278100918590515	0.05387875199617423	0.2554075352738997	0.6295732281691914	True
CRC	s__GGB9328_SGB14291	2	7	2	up	1.0	3.7752650250328244	0.8622334552401549	0.3885590631227497	0.6824201250691352	0.6264983372303482	True
CRC	s__Clostridium_scindens	7	7	2	up	0.7142857142857143	1.1036923904216853	2.285409499709553	0.02228882750414754	0.1628097536325686	0.6214730876020212	True
CRC	s__Gemmiger_formicilis	7	7	2	down	1.0	-0.4781028576322021	-2.940862160693958	0.003273001435104093	0.050574166405887286	0.6196553763537235	True
CRC	s__TM7_phylum_sp_oral_taxon_348	6	7	2	up	0.6666666666666666	1.2940388049860643	2.1752411361924793	0.029612051034090398	0.1918813145636422	0.6185223515733537	True
CRC	s__Capnocytophaga_SGB2480	1	7	2	up	1.0	1.9379340197434456	1.366684349603876	0.17172426545244412	0.480045728494813	0.6176532734620347	False
CRC	s__Lachnospira_sp_NSJ_43	7	7	2	down	0.7142857142857143	-0.48359996473902617	-3.4125285275982855	0.0006436318989847574	0.016460605972799493	0.6160905278600568	True
CRC	s__GGB18703_SGB19793	1	7	2	up	1.0	2.433777881255765	1.1758548545016465	0.23965288183821065	0.5589581728795421	0.6148226461402513	False
CRC	s__Arachnia_SGB15899	1	7	2	up	1.0	1.5405274115076906	1.56244524515778	0.11818313537925706	0.3989922238539204	0.6147252312853211	False
CRC	s__GGB3281_SGB4335	4	7	2	down	0.75	-3.7068445211566	-1.0783799408853183	0.2808642350143806	0.6026386388474466	0.6114709520488819	True
CRC	s__Prevotella_SGB1459	1	7	2	up	1.0	2.480450565874143	1.150733345238684	0.24984195386556018	0.5670847738163209	0.6110639908729769	False
CRC	s__Streptococcus_cristatus	6	7	2	up	0.8333333333333334	1.4993717158050768	1.738832952507502	0.08206415048617903	0.32482041830366926	0.6101901593874256	True
CRC	s__Segatella_hominis	3	7	2	up	0.6666666666666666	2.732988245937919	1.4128684950181902	0.15769439401111218	0.4646513141268866	0.6064916882930672	True
CRC	s__GGB4684_SGB6478	7	7	2	up	0.7142857142857143	0.7880439103568528	2.648360116747766	0.008088331460344288	0.08445467472046601	0.6041911870053212	True
CRC	s__Oribacterium_parvum	2	7	2	up	1.0	0.9560664793062338	1.99388314824871	0.0461648259803732	0.2362639342371329	0.5990737115857998	True
CRC	s__GGB9614_SGB15049	7	7	2	down	0.8571428571428571	-0.35284902471811547	-3.5763973634872963	0.00034836199970138205	0.010765725644617712	0.5951927995385815	True
CRC	s__GGB9061_SGB13979	3	7	2	down	0.6666666666666666	-1.6492334727074531	-1.829981063334305	0.06725277053575376	0.28820053933588347	0.5940596260715705	True
CRC	s__GGB3602_SGB66069	1	7	2	down	1.0	-2.948451370342936	-0.9848878650280238	0.3246791547066694	0.6324308137604925	0.5867034285786863	False
CRC	s__Bifidobacterium_catenulatum	7	7	2	down	0.7142857142857143	-1.4649512413863255	-1.8585499233358447	0.06309096079607267	0.27930350963991396	0.5796221969938824	True
CRC	s__Enterobacter_kobei	2	7	2	up	1.0	2.194256537866886	1.198218473585425	0.23083197535445343	0.5455102711685392	0.5775218869044552	True
CRC	s__Clostridium_sp_AF32_12BH	5	7	2	down	0.8	-0.6563815405109623	-2.6726876830980824	0.007524626935709362	0.07955312819529568	0.5772706240996707	True
CRC	s__GGB33516_SGB54324	1	7	2	up	1.0	2.8248116506687277	1.008815434188244	0.3130631576247256	0.6262372626181549	0.5741743075538283	False
CRC	s__GGB9527_SGB14927	1	7	2	down	1.0	-2.1679005939663205	-1.211236644316843	0.22580472231752668	0.5439944780049731	0.5732048594205902	False
CRC	s__Prevotella_denticola	1	7	2	up	1.0	0.7423724197989919	2.2597058457568098	0.023839513255552794	0.16951370708705016	0.5722170817986725	False
CRC	s__GGB6007_SGB8634	1	7	2	up	1.0	4.097782413657095	0.7879758217355676	0.4307108486072232	0.7251286213538728	0.5719887640386755	False
CRC	s__Mitsuokella_sp_oral_taxon_131	1	7	2	up	1.0	2.9770361670733863	0.9550978966562156	0.33952819254876043	0.642840710334616	0.571283200963019	False
CRC	s__Actinomyces_bouchesdurhonensis	7	7	2	up	0.7142857142857143	1.3666987930901442	1.9150818034639252	0.05548207203410208	0.25994078646881064	0.5712074373216343	True
CRC	s__Anaerosacchariphilus_sp_NSJ_68	7	7	2	down	0.7142857142857143	-0.6147085883077859	-2.9464225800204082	0.0032147288279719675	0.05015601190826167	0.5706590113434723	True
CRC	s__GGB33512_SGB15203	7	7	2	up	0.8571428571428571	1.989362499993248	1.4117329853803875	0.1580285971002945	0.4646513141268866	0.5676040506404859	True
CRC	s__GGB3278_SGB4328	7	7	2	down	0.8571428571428571	-1.2694078521631444	-1.784293215235895	0.07437603214840093	0.3025880599050134	0.5648664156536165	True
CRC	s__Cryptobacterium_curtum	1	7	2	up	1.0	2.0110026404514665	1.2521391292843898	0.21051917170729617	0.5243217664454833	0.563889389262371	False
CRC	s__Massilicoli_timonensis	3	7	2	up	1.0	2.2467338828239924	1.1672862138529327	0.24309480416584883	0.5612835492737344	0.5635205944068404	True
CRC	s__Tannerella_forsythia	1	7	2	up	1.0	1.2944576272663992	1.630469514190339	0.1030023032802475	0.3670170762114362	0.5634951765624674	False
CRC	s__Anaerostipes_hadrus	7	7	2	down	0.8571428571428571	-0.5122302760705402	-2.9020792171281733	0.003706947881624213	0.053044746125858855	0.5599515327763792	True
CRC	s__Catonella_morbi	1	7	2	up	1.0	0.9827596285943873	1.89305129983453	0.05835104766842397	0.2694419496622827	0.5597157963784685	False
CRC	s__Enterobacter_asburiae	1	7	2	down	1.0	-1.4146354135795787	-1.5484929439654673	0.12150365925171754	0.4042575163923604	0.5564353763972776	False
CRC	s__Sutterella_wadsworthensis	7	7	2	up	0.8571428571428571	0.6760724652373367	2.50482656510516	0.012251145078386488	0.10998653710037477	0.5555348127613274	True
CRC	s__Eubacterium_brachy	4	7	2	up	0.75	0.7636033802954257	2.517168051889329	0.011830238734273081	0.10801814571577752	0.5535188800558623	True
CRC	s__GGB4733_SGB6555	1	7	2	up	1.0	2.5790651272951	1.0463121152558537	0.295416953654018	0.6103057801037959	0.5530870077810781	False
CRC	s__Collinsella_intestinalis	4	7	2	down	1.0	-0.9126230972190942	-1.9433474670595334	0.051974189937428805	0.2485789381828812	0.5517132168346395	True
CRC	s__GGB52930_SGB73859	2	7	2	up	1.0	2.468708823439229	1.0830848747363133	0.27877075188622935	0.6021298363994229	0.5438808763708666	True
CRC	s__GGB3538_SGB4728	7	7	2	down	1.0	-1.035038794561072	-1.7992119394891082	0.0719851615149564	0.2984813298849841	0.5434810983333267	True
CRC	s__Abiotrophia_defectiva	3	7	2	up	0.6666666666666666	2.905090050074208	1.2532113091819026	0.21012881528910565	0.5243217664454833	0.5430622586422111	True
CRC	s__Provencibacterium_massiliense	7	7	2	up	0.8571428571428571	0.9391826265125328	2.08302505359045	0.03724893995478264	0.21226612236643866	0.541870255648789	True
CRC	s__GGB9059_SGB13976	6	7	2	down	0.6666666666666666	-1.1875745540931455	-2.1006954031142975	0.035667713116218136	0.20842914537368198	0.5391917451274197	True
CRC	s__GGB9695_SGB15211	4	7	2	up	0.75	1.3513933658307908	1.8105245338272042	0.07021448327864545	0.2961540016503497	0.5356407016886393	True
CRC	s__Streptococcus_infantis	6	7	2	up	1.0	1.4097822020764776	1.5265115712091069	0.12688251094293826	0.41697381408037176	0.5355638776162012	True
CRC	s__GGB9667_SGB15164	7	7	2	up	1.0	0.5783563417633396	2.468879807038325	0.013553673429159965	0.1190205092932244	0.5346199916736636	True
CRC	s__Prevotella_sp_HJM029	1	7	2	down	1.0	-3.3223452463228105	-0.8513917667084545	0.39455176378625456	0.6906804841007745	0.5339766812717962	False
CRC	s__GGB10852_SGB17521	1	7	2	up	1.0	1.9638591871155304	1.2218493232930834	0.22176461239465373	0.5383319216287138	0.5281796670462829	False
CRC	s__GGB9739_SGB15313	1	7	2	up	1.0	1.9875829658197322	1.2102637225967598	0.22617771331697478	0.5439944780049731	0.525527885217766	False
CRC	s__Akkermansia_muciniphila	7	7	2	up	0.8571428571428571	0.9622113182392514	2.0175591189262985	0.04363719813155855	0.23105435880578773	0.5247783696613387	True
CRC	s__Bifidobacterium_animalis	5	7	2	up	0.6	1.3966810957260254	-1.983346926069226	0.04732869111927048	0.2376235076597004	0.5230100839907075	True
CRC	s__Adlercreutzia_equolifaciens	7	7	2	down	1.0	-0.6871003000720297	-2.231381105808361	0.025655895322608598	0.17396212566848954	0.5218837996090879	True
CRC	s__Mediterraneibacter_SGB4598	2	7	2	up	0.5	1.221455111006723	2.354469674651885	0.018549157155372628	0.14756680964694957	0.5075215071394714	False
CRC	s__GGB3146_SGB4159	2	7	2	down	1.0	-1.5894898362857164	-1.3749657536187485	0.16914206217093242	0.480045728494813	0.506598052624349	True
CRC	s__Lachnospiraceae_bacterium_CLA_AA_H215	7	7	2	down	0.8571428571428571	-0.5705450982463032	-2.6103212064186496	0.009045724328746578	0.09285879427744019	0.5047744327629743	True
CRC	s__Prevotella_melaninogenica	2	7	2	up	1.0	0.7811708489413474	2.0350878471826945	0.04184203458358885	0.2263978100196205	0.5039550143751574	True
CRC	s__SR1_bacterium_human_oral_taxon_HOT_345	1	7	2	up	1.0	2.1074987414184467	1.1314051749772405	0.25788459437763933	0.5771873860234908	0.5030244775050343	False
CRC	s__Jingyaoa_shaoxingensis	7	7	2	down	0.8571428571428571	-0.8802154164616246	-2.0596238473796826	0.03943451462438002	0.2186249798444308	0.49817694084186354	True
CRC	s__GGB9602_SGB15031	7	7	2	down	0.8571428571428571	-0.3721346700768628	-3.1866864970630573	0.0014391267297726793	0.02753186493743685	0.4976496453904521	True
CRC	s__GGB3034_SGB4030	7	7	2	up	0.7142857142857143	1.1424284977091979	1.952029967210418	0.05093464685223554	0.2458017342088364	0.4972950917531295	True
CRC	s__GGB3124_SGB4136	4	7	2	down	0.75	-2.747524305110146	-1.1368235174108208	0.25561207001654507	0.5747796367033516	0.49558186614381916	True
CRC	s__Methanomassiliicoccaceae_archaeon_DOK	1	7	2	down	1.0	-1.5393938530511588	-1.3645302537332065	0.17240073912405252	0.480045728494813	0.49063159158032443	False
CRC	s__Eubacterium_nodatum	2	7	2	up	1.0	4.9248690774347095	0.6355147073069148	0.5250927777054308	0.7950375212242056	0.49057790361424414	True
CRC	s__GGB3609_SGB4877	3	7	2	up	0.6666666666666666	1.4075795582583694	1.789315430092769	0.07356403045152535	0.3006494524560487	0.4897809915560244	True
CRC	s__GGB9347_SGB14313	7	7	2	up	0.8571428571428571	0.5638486487183751	2.5663008309843582	0.01027896373418198	0.09832318286208595	0.4868482228442143	True
CRC	s__Holdemania_sp_1001095H_141210_F2	6	7	2	down	0.6666666666666666	-1.141029024045138	-2.0163595920167596	0.043762387661246314	0.23105435880578773	0.48401373624948857	True
CRC	s__Ruminococcus_gnavus	7	7	2	up	0.7142857142857143	0.7602101670165605	2.41890128089886	0.015567464393563981	0.13193816769738806	0.4776452344788001	True
CRC	s__GGB1332_SGB1789	2	7	2	up	1.0	2.5371693176556995	0.9322824361535869	0.3511905822264314	0.6502576533680877	0.47423380436410384	True
CRC	s__GGB9784_SGB15407	6	7	2	down	0.8333333333333334	-0.7622466024833142	-2.2106589892166078	0.02705946049434975	0.17938272523927382	0.47400265740778447	True
CRC	s__Acidaminococcus_intestini	7	7	2	up	0.7142857142857143	1.4309516075766453	1.6814693683633715	0.09267178142376221	0.34527837737387224	0.4720409036997806	True
CRC	s__GGB9296_SGB14253	7	7	2	down	0.7142857142857143	-0.8958666300528724	-2.197103008256012	0.028013090326952286	0.18374300471596866	0.4708349846134787	True
CRC	s__GGB3678_SGB4992	3	7	2	up	0.6666666666666666	1.2592572986949064	1.867688220782211	0.06180554145484591	0.27589306977204825	0.46950082680834904	True
CRC	s__Fretibacterium_SGB61573	1	7	2	up	1.0	2.4987835682039194	0.9290156914302603	0.35288095442321543	0.6503207497226	0.4669536544297493	False
CRC	s__GGB9092_SGB14022	4	7	2	down	0.75	-1.5558853709782035	-1.5573162419896331	0.11939542106883456	0.4013984135096593	0.462593133227864	True
CRC	s__GGB3118_SGB4130	5	7	2	down	0.8	-0.791907297901521	-2.1882185919906423	0.028653683460182034	0.1871807695955794	0.4610413152617538	True
CRC	s__GGB9724_SGB15278	7	7	2	up	0.5714285714285714	1.2725269784177025	2.0047113475767837	0.04499391468903637	0.23270943134095898	0.4604264494665671	False
CRC	s__Streptococcus_salivarius	7	7	2	down	0.7142857142857143	-0.3614508196124921	-3.3969111708814106	0.0006815108602325404	0.016849045421441423	0.4578612935387199	True
CRC	s__GGB9779_SGB15399	2	7	2	up	1.0	2.4459876711617565	0.9280198928786371	0.35339725080103335	0.6505194667129601	0.4567630105215011	True
CRC	s__Kluyvera_ascorbata	1	7	2	up	1.0	1.4291808092565708	1.354808162785137	0.17547868522828403	0.480045728494813	0.4555047778785072	False
CRC	s__Puniceicoccaceae_bacterium_Marseille_Q1082	1	7	2	down	1.0	-1.9302036157764342	-1.1262003639101508	0.26008071953149237	0.5812930685495247	0.4547653442194679	False
CRC	s__Raoultibacter_massiliensis	7	7	2	up	0.8571428571428571	3.024952041840301	0.8824503769652261	0.37753330337509716	0.6696424045516348	0.45155719927146476	True
CRC	s__Alistipes_finegoldii	7	7	2	up	0.8571428571428571	0.6780112146121342	2.254202088375057	0.02418345748065723	0.17050174798016912	0.4464826844905592	True
CRC	s__Cardiobacterium_sp_Marseille_Q4385	1	7	2	up	1.0	2.044556720908232	1.0547835078980214	0.29152434895967894	0.6069526945266367	0.4433522215406599	False
CRC	s__GGB9184_SGB14123	4	7	2	up	0.75	0.8519902632309608	2.12408908094482	0.03366269538011142	0.20246220376232682	0.44324114424292804	True
CRC	s__GGB2734_SGB3677	1	7	2	down	1.0	-2.3485024829774304	-0.9380061919594225	0.34824122802591695	0.6488028527228471	0.44125367136518723	False
CRC	s__GGB41473_SGB58537	1	7	2	up	1.0	1.2352632787896414	1.4683285488967908	0.14201499970113277	0.44363259325892285	0.43601897561994213	False
CRC	s__Cardiobacterium_hominis	1	7	2	up	1.0	1.5101403983642459	1.282104705616109	0.19980591848828733	0.5145642804658297	0.4357666638297707	False
CRC	s__Fusobacterium_varium	2	7	2	up	1.0	2.320612423999193	0.9355673151189867	0.3494960096192742	0.6492948987955764	0.43524944627999007	True
CRC	s__GGB3478_SGB4643	5	7	2	down	0.8	-0.8707553413437447	-1.982122298452914	0.04746555442362403	0.2376235076597004	0.4347581091633663	True
CRC	s__GGB9782_SGB15403	7	7	2	up	0.7142857142857143	1.1438364230564628	1.8117571445377953	0.07002372960099111	0.2961266670231387	0.4318166176200172	True
CRC	s__Brotolimicola_acetigignens	7	7	2	down	0.8571428571428571	-0.37362218125569613	-3.0117416423455756	0.0025975357058781374	0.04488429977791577	0.4316634943754614	True
CRC	s__Fructilactobacillus_sanfranciscensis	2	7	2	up	0.5	1.305729542836664	2.05199794756217	0.040169861880823506	0.2203172970733221	0.4289004289400128	False
CRC	s__Candidatus_Gracilibacteria_bacterium_GN02_873	1	7	2	up	1.0	2.0353049342911227	1.0298609456172547	0.30307528620642865	0.6169719255585605	0.42687386113841175	False
CRC	s__GGB3737_SGB5071	1	7	2	down	1.0	-1.3483376531638527	-1.3438414801609198	0.17899965285977948	0.48367655156604744	0.425326325851	False
CRC	s__GGB9189_SGB14128	7	7	2	down	0.8571428571428571	-1.0592461455668867	-1.6967626178298723	0.08974154882094827	0.340128936215245	0.4252326272630924	True
CRC	s__GGB9775_SGB15395	7	7	2	up	0.8571428571428571	0.6995078519408592	2.1583319050908814	0.0309020358461792	0.1975097749697115	0.4223496937365506	True
CRC	s__GGB9743_SGB15349	1	7	2	up	1.0	1.5017772718555646	1.253168097027742	0.21014453771719044	0.5243217664454833	0.42110152000826356	False
CRC	s__Phocea_massiliensis	7	7	2	up	0.8571428571428571	0.6157599780716118	2.310196819030826	0.020877260082223098	0.15976074739110724	0.4204039233158647	True
CRC	s__Clostridium_leptum	7	7	2	up	0.8571428571428571	0.7813122750031765	1.992477964916374	0.04631864051949679	0.23629858830105188	0.41959072473105063	True
CRC	s__Capnocytophaga_leadbetteri	1	7	2	up	1.0	1.5803365647814762	1.214850813599704	0.22442299638743402	0.5431442096304314	0.4189232749719418	False
CRC	s__Ruminococcus_sp_AF13_28	5	7	2	down	0.6	-1.1153470008902227	1.9756775204816117	0.04819131250141821	0.23976296962779897	0.4150548987724621	True
CRC	s__Eikenella_corrodens	1	7	2	up	1.0	1.5470759144461514	1.2190892833128384	0.22281030694676618	0.5400545448920864	0.41393930553401126	False
CRC	s__Eubacterium_limosum	2	7	2	up	1.0	1.4871911765375967	1.240636149482392	0.2147401914330508	0.5276567089188267	0.4129164523666385	True
CRC	s__Firmicutes_unclassified_SGB47659	1	7	2	up	1.0	5.1727844810050705	0.5351696863614357	0.592532525867956	0.8323424554805992	0.4122603326090692	False
CRC	s__GGB9085_SGB14013	1	7	2	up	1.0	1.9527579557407773	1.0293761800986212	0.30330293789126495	0.6169719255585605	0.40956090381913496	False
CRC	s__Anaerovorax_odorimutans	5	7	2	up	0.8	2.561201259914289	0.998132407403889	0.3182151572997979	0.6312573718771223	0.4093691671871355	True
CRC	s__GGB4750_SGB6579	4	7	2	down	0.75	-1.2882716824407248	-1.6052849006906125	0.10843112054998623	0.37798006664604744	0.4082511409570312	True
CRC	s__Dysosmobacter_welbionis	7	7	2	up	0.8571428571428571	0.5716758186483176	2.3580402669000016	0.01837170002182728	0.14756680964694957	0.4072020617673019	True
CRC	s__Clostridium_sp_D5	2	7	2	down	1.0	-2.2580352248088937	-0.9005247556940299	0.3678410571403431	0.6626912318660665	0.40348554950281995	True
CRC	s__GGB9261_SGB14209	6	7	2	down	0.6666666666666666	-0.8585122084810071	-2.1574285871714105	0.030972285807322527	0.1975097749697115	0.4031638611195544	True
CRC	s__Haemophilus_parainfluenzae	7	7	2	up	0.7142857142857143	0.9629488565934535	1.9163000107137191	0.05532691952291398	0.25994078646881064	0.4024614285367741	True
CRC	s__GGB9582_SGB15002	1	7	2	up	1.0	1.3413987969617844	1.3081368519901182	0.19082689593625868	0.5018965986408637	0.40159568155991143	False
CRC	s__TM7_phylum_sp_oral_taxon_350	1	7	2	up	1.0	2.156317741559629	0.9178597530995846	0.3586922946032671	0.652564258630987	0.3997311026353514	False
CRC	s__GGB3537_SGB4727	7	7	2	up	0.7142857142857143	0.5504081748909929	2.5787993966747718	0.009914434284889775	0.09656058118677495	0.39912460722604864	True
CRC	s__Terrisporobacter_mayombei	1	7	2	down	1.0	-2.6761176885468547	-0.8179630515093007	0.4133782854504149	0.7097210520500179	0.39850687312492067	False
CRC	s__Schaalia_SGB17158	6	7	2	up	0.6666666666666666	0.7140775399146355	2.363362969641139	0.01810992263666481	0.14756680964694957	0.39560434218301466	True
CRC	s__GGB4571_SGB6321	2	7	2	down	1.0	-8.292796693678842	-0.33043333740857106	0.7410725552070638	0.8963503103199101	0.39409216550600606	True
CRC	s__Latilactobacillus_sakei	4	7	2	down	0.75	-1.8688959935031824	-1.2524616919505245	0.21040167880549465	0.5243217664454833	0.3930317889095912	True
CRC	s__Anaerotruncus_rubiinfantis	7	7	2	up	0.8571428571428571	0.5997507988309551	2.233424537888885	0.025520961530871883	0.17378044567843695	0.3906943399953061	True
CRC	s__bacterium_210917_DFI_7_65	7	7	2	up	0.7142857142857143	0.4144230597205429	2.968272076963718	0.002994791136823737	0.04812629356875745	0.39003650767054104	True
CRC	s__GGB1511_SGB2091	1	7	2	down	1.0	-1.7957370375609938	-1.0596524977306458	0.289302720872051	0.6069526945266367	0.3893968784352666	False
CRC	s__Bacteroides_intestinalis	7	7	2	down	0.8571428571428571	-0.6473140134742813	-2.142225997227732	0.032175300481870873	0.1996359377388668	0.38825595426041903	True
CRC	s__Eubacterium_saphenum	2	7	2	up	0.5	1.6576881048015666	1.6944217175532588	0.09018517556568181	0.3402055801268795	0.38811332846849034	False
CRC	s__Lachnospira_eligens	7	7	2	down	0.7142857142857143	-0.30180333309945134	-3.411817457566577	0.0006453131152995447	0.016460605972799493	0.384487568975541	True
CRC	s__Anaerofilum_hominis	7	7	2	up	0.8571428571428571	0.6419728731926736	2.1228705776792802	0.0337646985739288	0.20246220376232682	0.3816928809997836	True
CRC	s__Anaerostipes_butyraticus	1	7	2	up	1.0	2.0737653510478418	0.9143759783243735	0.360519319684825	0.6546379059135748	0.38157044198424794	False
CRC	s__GGB2983_SGB3965	7	7	2	down	0.8571428571428571	-0.6578673937300468	-2.0916351211269864	0.03647116827446805	0.2105590693117688	0.38154018387116545	True
CRC	s__Eubacterium_rectale	7	7	2	down	0.8571428571428571	-0.4914550198427959	-2.4442762656652715	0.014514307420176835	0.12607833526607662	0.3788526494903518	True
CRC	s__GGB9778_SGB15398	2	7	2	up	1.0	1.3347601167379344	1.256505825138424	0.20893263528393413	0.5243217664454833	0.3742695568366607	True
CRC	s__GGB6649_SGB9391	7	7	2	up	1.0	0.7020694990495099	1.8172716061330494	0.06917553537956089	0.29331157085739934	0.37397192465232915	True
CRC	s__Negativibacillus_massiliensis	7	7	2	up	0.8571428571428571	0.9272054829902782	1.6997867007515406	0.08917105398685427	0.33876568264036594	0.37361129589369646	True
CRC	s__Blautia_sp_An46	1	7	2	up	1.0	3.5638692207041744	0.650682542968939	0.5152514344049497	0.7863333856493392	0.37204401504503315	False
CRC	s__Bacteroides_ovatus	7	7	2	up	0.8571428571428571	0.3825495561486604	2.710059681403455	0.006727110234950992	0.07404428868196058	0.3706932856228468	True
CRC	s__GGB3480_SGB4648	6	7	2	down	0.8333333333333334	-0.6371765388420904	-2.1314656768721245	0.03305079719006163	0.20118420865314032	0.3697780294828655	True
CRC	s__Colidextribacter_sp_210702_DFI_3_9	7	7	2	up	0.8571428571428571	1.2750463659880606	1.4294315891532787	0.152880224470786	0.4588518048103163	0.36975713182030795	True
CRC	s__Prevotella_shahii	1	7	2	up	1.0	1.4722791252273246	1.1639141003485438	0.24445882475579717	0.561581053466488	0.36893482301483066	False
CRC	s__GGB9411_SGB14765	1	7	2	up	1.0	2.685447334434753	0.7730312155524549	0.43950390693202523	0.7296309694625667	0.36762898685458745	False
CRC	s__Mogibacterium_kristiansenii	7	7	2	up	0.7142857142857143	0.8130530839467698	1.996557370175396	0.04587328769314894	0.2355219594980522	0.36469414431307595	True
CRC	s__Phocaeicola_sartorii	7	7	2	up	0.7142857142857143	1.2026207039269963	1.6127409399209423	0.10680080207698976	0.37637914240728626	0.3645439298222375	True
CRC	s__Roseburia_lenta	7	7	2	down	0.7142857142857143	-1.4159497707077617	-1.4775879411316908	0.13951810399461426	0.4379015490612209	0.36270920628277037	True
CRC	s__GGB9370_SGB14351	3	7	2	up	1.0	1.5790849694747102	1.1047309996047383	0.26927616678299904	0.5923375350081076	0.3591324730597538	True
CRC	s__Blautia_schinkii	6	7	2	up	0.8333333333333334	1.6883830868511216	1.1819358180470378	0.23723116844766623	0.5565408579494885	0.35808205913409435	True
CRC	s__GGB3277_SGB4327	7	7	2	down	0.8571428571428571	-0.6937634300268092	-1.9384056219053596	0.05257375508353184	0.250700369196545	0.35729511984036805	True
CRC	s__GGB9608_SGB15042	6	7	2	down	0.8333333333333334	-0.9206267576140573	-1.688933101466135	0.09123225091924506	0.34254725987669815	0.3569572995509204	True
CRC	s__Alistipes_provencensis	1	7	2	up	1.0	1.6394754558141513	1.0581011033008407	0.29000935148465457	0.6069526945266367	0.3555123113305961	False
CRC	s__GGB3052_SGB4053	7	7	2	up	0.8571428571428571	1.23752520391147	1.4083476883010555	0.15902814111374464	0.4646513141268866	0.3530901575314845	True
CRC	s__Oscillospiraceae_unclassified_SGB15256	7	7	2	up	0.5714285714285714	0.9060484584941214	2.0991701464023804	0.03580190465311369	0.208455292672296	0.3525755933480628	False
CRC	s__GGB1146_SGB1472	5	7	2	up	0.8	1.2165886515337636	1.484249587232849	0.1377427190372554	0.4344563912720016	0.3523764447096468	True
CRC	s__Mesosutterella_multiformis	5	7	2	down	0.8	-0.7655445796519814	-1.8975945970857733	0.05774950670717496	0.26821808461974034	0.350014296238197	True
CRC	s__GGB9342_SGB14306	7	7	2	up	0.8571428571428571	0.8415278458535584	1.7173459922500247	0.08591597330472518	0.32951543938112976	0.3477608281966581	True
CRC	s__Capnocytophaga_ochracea	1	7	2	up	1.0	1.3589936730065093	1.1831639101466025	0.23674419300922656	0.5562104066751857	0.3462184373172794	False
CRC	s__Tannerella_serpentiformis	1	7	2	up	1.0	1.749678600409767	0.9729154980669057	0.33059530168084605	0.6354864232070808	0.3445007344868756	False
CRC	s__GGB45540_SGB63220	3	7	2	down	1.0	-0.9335436038459816	-1.4941945895578246	0.13512476634390788	0.43004981185667024	0.3421262156627125	True
CRC	s__GGB3627_SGB4906	6	7	2	down	0.8333333333333334	-1.2104693774109956	-1.4297436079488153	0.1527906194164201	0.4588518048103163	0.34127928812903646	True
CRC	s__GGB6574_SGB9290	2	7	2	up	0.5	8.613490417149563	-0.5287471644716149	0.5969808542900542	0.8339687395412956	0.33958784222935967	False
CRC	s__Clostridium_sp_AF27_2AA	7	7	2	down	0.7142857142857143	-0.39891291311156285	-2.7817825953302058	0.005406124138190097	0.06439379346021695	0.33940536130649457	True
CRC	s__GGB3288_SGB4342	6	7	2	down	0.8333333333333334	-1.2757529081841132	-1.3681068147534698	0.17127864390302605	0.480045728494813	0.33883719803359813	True
CRC	s__GGB3717_SGB5040	2	7	2	up	1.0	1.1950189822502357	1.265512931895211	0.20568751563503285	0.5206886951731894	0.338694492309936	True
CRC	s__Eubacterium_ventriosum	7	7	2	down	0.7142857142857143	-0.5372090006806202	-2.4181554749015053	0.01559940999533524	0.13193816769738806	0.3375320802419984	True
CRC	s__GGB1144_SGB1468	1	7	2	up	1.0	1.177084450309907	1.2768837341353119	0.20164329755080834	0.5176370274187684	0.33661633186884815	False
CRC	s__GGB9200_SGB14139	5	7	2	up	0.8	1.189641051233232	1.4662583153553905	0.14257792703319433	0.44363259325892285	0.3359323191554067	True
CRC	s__Lawsonibacter_faecis	5	7	2	up	0.8	1.311724014509556	1.3532750629586618	0.17596777271328812	0.480045728494813	0.3344554038213731	True
CRC	s__GGB6565_SGB9274	3	7	2	up	0.6666666666666666	2.332588284673552	1.0483482848849812	0.2944781709134874	0.6098278616726472	0.3340153488633464	True
CRC	s__Anaerotignum_lactatifermentans	7	7	2	up	0.7142857142857143	0.8844651544042136	1.7930607742991087	0.07296320688074197	0.2991119220850825	0.3311477189894445	True
CRC	s__Lactococcus_cremoris	5	7	2	up	0.8	1.964475768301126	1.0342537105078307	0.3010175707205469	0.6166624052178509	0.3299573222147959	True
CRC	s__GGB3816_SGB5181	5	7	2	up	0.8	1.2512386639391448	1.3966741140100134	0.16251159188674147	0.46907934789724176	0.3290794595352089	True
CRC	s__Clostridium_transplantifaecale	1	7	2	up	1.0	1.8418241470197525	0.8963227353401545	0.37008041988969387	0.6644907650980314	0.32694413895160235	False
CRC	s__GGB9091_SGB14020	5	7	2	down	0.6	-0.832527609648191	-2.043746412400372	0.040978605549699544	0.2224750645890783	0.32604378270670203	True
CRC	s__GGB3321_SGB4394	7	7	2	down	0.7142857142857143	-0.4669615143955472	-2.5223342204538133	0.01165788855993842	0.10783559668702694	0.3226163237129284	True
CRC	s__GGB1093_SGB1404	4	7	2	down	1.0	-1.2173368185758382	-1.2079860580033421	0.22705262517089397	0.5439944780049731	0.3218705608095388	True
CRC	s__Fusicatenibacter_sp_CLA_AA_H277	7	7	2	down	0.8571428571428571	-0.5860856422810957	-2.010315501835305	0.044397807218227565	0.23240155113906089	0.3183756082468713	True
CRC	s__GGB9559_SGB14968	4	7	2	down	1.0	-0.9096681114612128	-1.4579677470613566	0.14484943330282615	0.447044115553724	0.31806510710499586	True
CRC	s__Yanshouia_hominis	4	7	2	up	0.75	1.3244869599819857	1.35684526488632	0.1748303815074056	0.480045728494813	0.3166027705882448	True
CRC	s__Muribaculum_gordoncarteri	1	7	2	up	1.0	2.582256827767922	0.7313427700723972	0.46456981230863037	0.7541047357373424	0.31650291180621287	False
CRC	s__Clostridium_saccharogumia	6	7	2	down	0.8333333333333334	-1.034646731391607	-1.49368139409143	0.13525891386497324	0.43004981185667024	0.31598217917593024	True
CRC	s__Actinomyces_oris	6	7	2	up	0.6666666666666666	1.6175052155022356	1.2884598210553577	0.19758594652685024	0.5105720903664732	0.314812806770308	True
CRC	s__Wansuia_hejianensis	7	7	2	up	0.7142857142857143	0.5702041373507027	2.261769027115597	0.02371167741851249	0.16935406938466477	0.31410279906657873	True
CRC	s__GGB1331_SGB1787	1	7	2	down	1.0	-1.2326841587648423	-1.1835928531772661	0.23657427082918425	0.5562104066751857	0.3140397130835536	False
CRC	s__Centipeda_periodontii	1	7	2	up	1.0	1.011081078206664	1.3298861047080786	0.1835558002988159	0.48950192866605624	0.31368344838807993	False
CRC	s__GGB6688_SGB9473	1	7	2	down	1.0	-1.3860853515924385	-1.091209659138536	0.2751806386275397	0.5975882246952112	0.309925869139497	False
CRC	s__Porphyromonas_sp_oral_taxon_278	1	7	2	up	1.0	1.588349815993476	0.9649045333027776	0.33459263062141564	0.6393464416273661	0.30855878776662643	False
CRC	s__GGB1202_SGB1566	1	7	2	up	1.0	1.412312576024096	1.0670507675829413	0.2859489116962901	0.6069526945266367	0.3062531411757294	False
CRC	s__GGB3325_SGB4402	1	7	2	down	1.0	-2.6102283318830244	-0.7001364517375612	0.4838420933324604	0.7633511430656423	0.30611619750087915	False
CRC	s__Marvinbryantia_SGB4691	2	7	2	down	1.0	-1.218179311407569	-1.1684776222881936	0.24261416057172414	0.5612835492737344	0.30554091648614107	True
CRC	s__Neisseria_elongata	1	7	2	up	1.0	1.3871778603268714	1.0797871040370066	0.28023699513875544	0.6026386388474466	0.3051000968879928	False
CRC	s__GGB3585_SGB4803	1	7	2	down	1.0	-1.03296075219671	-1.2969498904581889	0.19464842879516786	0.5067953674879929	0.30489630189388844	False
CRC	s__Eisenbergiella_massiliensis	7	7	2	up	0.7142857142857143	1.1832246454791102	1.4809476417608831	0.13862052623456927	0.43593578406840083	0.3047458293938544	True
CRC	s__Porphyromonas_gingivalis	1	7	2	up	1.0	1.6907518334456346	0.8991260833508803	0.3685855062378224	0.6632888113372682	0.3014565350940015	False
CRC	s__GGB74511_SGB47635	1	7	2	up	1.0	1.9504219373639855	0.8310908896182452	0.40592228596967594	0.7021712740078248	0.2995008275248743	False
CRC	s__GGB6513_SGB9199	1	7	2	down	1.0	-2.323586755287276	-0.7483503459428197	0.45424886435687606	0.7439061630532443	0.29853870931504795	False
CRC	s__Candidatus_Stoquefichus_sp_SB1	1	7	2	up	1.0	4.998114458573076	0.4225118406960833	0.6726514599109981	0.8717345936104627	0.29796618850244083	False
CRC	s__Treponema_SGB3588	1	7	2	up	1.0	1.316534765118327	1.0937823504669872	0.2740504466601328	0.5959391986235906	0.29595444451884806	False
CRC	s__GGB12788_SGB19838	1	7	2	up	1.0	1.0857710644786163	1.2282444721419443	0.21935520876470405	0.5349071631030036	0.29502743599634795	False
CRC	s__GGB9620_SGB15068	4	7	2	up	0.75	0.8539535993570506	1.6678106771932766	0.09535331565567219	0.3467806696866315	0.29457884243696325	True
CRC	s__Gemmiger_SGB72777	1	7	2	down	1.0	-1.3728771626699277	-1.0396087059435337	0.2985217305268476	0.6142438168458951	0.2905820909529493	False
CRC	s__GGB18384_SGB14372	1	7	2	down	1.0	-1.5506343638146298	-0.9300482362921142	0.3523461101753509	0.6502576533680877	0.2898360895397342	False
CRC	s__GGB4710_SGB6522	3	7	2	down	0.6666666666666666	-2.322879076771006	-0.9245888686845968	0.3551798053765678	0.6508254814596859	0.28886619851857587	True
CRC	s__GGB4583_SGB6334	4	7	2	down	0.75	-1.6743670343672754	-1.1114042941931581	0.2663943647790773	0.5896635595041009	0.28806946132281347	True
CRC	s__GGB3653_SGB4964	7	7	2	down	0.8571428571428571	-0.6942537634880624	-1.7304752306556905	0.08354540292153873	0.3284667438805913	0.2877237098931554	True
CRC	s__GGB9783_SGB15405	5	7	2	down	0.8	-1.1208643010577868	-1.3797580058854308	0.16766116643061202	0.4777154156985701	0.28768618207761165	True
CRC	s__Acetivibrio_sp_MSJd_27	2	7	2	up	1.0	2.4400740161455343	0.7074628544162491	0.4792788885886725	0.7625754197643532	0.2872386749506408	True
CRC	s__GGB1627_SGB2227	4	7	2	down	0.75	-2.543077219406898	0.8195737046188446	0.41245916901057755	0.7093109223234115	0.28450044300780897	True
CRC	s__Streptococcus_sobrinus	5	7	2	up	0.8	1.2829065051936024	1.2351142476159593	0.21678798757477435	0.530256158344996	0.2827672485673092	True
CRC	s__GGB9561_SGB14972	7	7	2	down	0.7142857142857143	-1.158570235950529	-1.4208662079657837	0.1553556584942547	0.46165318749973655	0.2777954844178995	True
CRC	s__Flavonifractor_sp_An10	5	7	2	up	0.8	1.4016730666180321	1.1515763882684242	0.24949518866563292	0.5670847738163209	0.27624398559539376	True
CRC	s__GGB4243_SGB5738	1	7	2	down	1.0	-2.6220904146677717	-0.6528884009695125	0.513828227186806	0.7855834176240218	0.2748152455408859	False
CRC	s__GGB4802_SGB6641	4	7	2	up	0.75	1.291760322307955	1.2684220087907134	0.2046472861077383	0.5206886951731894	0.27458482650608484	True
CRC	s__Bilophila_wadsworthia	7	7	2	up	0.7142857142857143	0.3762549635102042	2.568730212328638	0.010207188896921696	0.09822127279852194	0.27084832938579	True
CRC	s__GGB9062_SGB13981	6	7	2	down	0.6666666666666666	-0.5868638728378903	-2.1147904973707123	0.034447807143634976	0.20352068411699048	0.27050177450391577	True
CRC	s__Ligaoa_zhengdingensis	7	7	2	up	0.8571428571428571	0.7457012901727421	1.607054228783329	0.10804247270027852	0.3775997519161013	0.27034972010844793	True
CRC	s__Eubacterium_sp_c_25	6	7	2	up	0.8333333333333334	0.46258318785717106	2.1322468067606684	0.03298656241920837	0.20118420865314032	0.26845479902410296	True
CRC	s__Oribacterium_SGB96555	1	7	2	up	1.0	1.3203714099403536	1.0074820666942041	0.31370317137997183	0.6262372626181549	0.26838013778260267	False
CRC	s__Prevotellamassilia_timonensis	1	7	2	up	1.0	0.9391066864880333	1.2717686747192738	0.2034553220086629	0.5197976191858843	0.2668619221040118	False
CRC	s__Actinomyces_graevenitzii	7	7	2	up	0.7142857142857143	1.337253970431186	1.2431676549390873	0.21380605913798734	0.5264485303363563	0.2661556467827263	True
CRC	s__Clostridium_sp_AF36_4	7	7	2	down	0.8571428571428571	-0.3895714449540972	-2.2959118396788405	0.021680922650028047	0.15982221421373888	0.26592019614519735	True
CRC	s__Corynebacterium_matruchotii	1	7	2	up	1.0	0.8985338277082336	1.295312631335347	0.19521240353146707	0.5067953674879929	0.2652178610002307	False
CRC	s__Flavonifractor_SGB15137	1	7	2	up	1.0	3.217323027917931	0.5517792627608689	0.5810995966906609	0.8275555177866806	0.2644731585788942	False
CRC	s__Wujia_chipingensis	7	7	2	down	0.7142857142857143	-0.5379532134834694	-2.1043564393836243	0.03534736622205391	0.20731101284248407	0.26258942159401905	True
CRC	s__GGB9239_SGB14181	2	7	2	up	1.0	1.2090455612934767	1.052323206164114	0.29265128821653597	0.6069526945266367	0.2621756736126258	True
CRC	s__Ralstonia_pickettii	1	7	2	down	1.0	-0.6484839476962817	-1.5663733966909326	0.11726122726204498	0.3975501945360892	0.2597878765720426	False
CRC	s__GGB9364_SGB14339	1	7	2	down	1.0	-1.380884279771042	-0.9406220868398044	0.34689855914274637	0.6484741577042187	0.25975444975931056	False
CRC	s__Oscillospiraceae_bacterium_Marseille_Q3528	7	7	2	down	0.8571428571428571	-0.4329845983263955	-2.1372967727746532	0.03257386118703471	0.19979463712810985	0.25957408357578954	True
CRC	s__Veillonella_ratti	1	7	2	down	1.0	-1.3143234793974017	-0.9714273688946372	0.3313355050822554	0.6359694784594181	0.2583483210366829	False
CRC	s__GGB12798_SGB135773	2	7	2	up	1.0	1.2966133907527981	0.9839723764422494	0.3251290951434336	0.6324308137604925	0.2580091805303277	True
CRC	s__Turicibacter_sanguinis	7	7	2	up	0.8571428571428571	1.6900078445702318	0.8965111420685896	0.36997983218221575	0.6644907650980314	0.2571386294049193	True
CRC	s__Parabacteroides_faecis	1	7	2	down	1.0	-1.1807470725841527	-1.0584628307007542	0.2898444877674282	0.6069526945266367	0.25603928340773635	False
CRC	s__Faecalitalea_cylindroides	7	7	2	up	0.7142857142857143	0.65261437253304	1.8399699728526526	0.06577264583446653	0.2833690130187338	0.25528765897692796	True
CRC	s__Oribacterium_asaccharolyticum	2	7	2	up	1.0	1.4907592815648294	0.8717495959093406	0.3833449973380064	0.6747375801995359	0.25471873475775425	True
CRC	s__GGB4700_SGB6506	3	7	2	down	0.6666666666666666	-3.102131015688913	-0.7338235188058684	0.46305630463428626	0.7531695157361316	0.25459657918153983	True
CRC	s__Klebsiella_quasipneumoniae	2	7	2	up	1.0	1.6578030087661875	0.8312262888235766	0.40584580638499357	0.7021712740078248	0.2545671597960707	True
CRC	s__GGB42639_SGB59836	6	7	2	up	0.6666666666666666	0.8075560022291947	1.7011257799623833	0.08891937093210914	0.3386100215353066	0.2531958289304847	True
CRC	s__Intestinimonas_sp_MSJ_38	7	7	2	up	0.8571428571428571	0.5948999766641083	1.7475760251433397	0.08053746981297571	0.3203557276966633	0.2520850442090526	True
CRC	s__GGB4768_SGB6601	2	7	2	down	0.5	-3.3355399845684515	-0.8245201400277626	0.4096440770100286	0.7070870373309517	0.2510446210726862	False
CRC	s__GGB3497_SGB4672	1	7	2	up	1.0	1.4387887217960602	0.8772917617809615	0.38032818573412785	0.6711308168268695	0.24918787452084157	False
CRC	s__Enterobacter_ludwigii	1	7	2	up	1.0	1.7404041379245598	0.800352824380523	0.42350640553284036	0.7194236719780913	0.2489043785189985	False
CRC	s__GGB79104_SGB105821	1	7	2	down	1.0	-1.2966859040596783	-0.9556299691495829	0.33925921490432365	0.642840710334616	0.2488296521580614	False
CRC	s__GGB5980_SGB8599	4	7	2	down	0.5	-1.7976521902821219	-1.233767798512283	0.2172894418763508	0.5306749743089602	0.24733122816639966	False
CRC	s__GGB9334_SGB14297	1	7	2	up	1.0	1.1349266868781849	1.0551069753193436	0.29137640222348093	0.6069526945266367	0.24610335471138473	False
CRC	s__Streptococcus_australis	7	7	2	down	0.8571428571428571	-0.424035044839861	-2.090685073737106	0.03655630388175699	0.2105590693117688	0.2459255626862803	True
CRC	s__Enterobacter_mori	1	7	2	down	1.0	-0.7932871767792478	-1.3234382588796358	0.18568967574875883	0.4902487343418092	0.24558863565523442	False
CRC	s__GGB45656_SGB72339	1	7	2	up	1.0	0.7674869936486322	1.35611479907093	0.17506264490482548	0.480045728494813	0.24461145175075136	False
CRC	s__Prevotella_SGB1671	1	7	2	down	1.0	-0.7699920239493317	-1.3475849032900906	0.17779192886573336	0.4826209960932999	0.24362069344474338	False
CRC	s__GGB9715_SGB15267	7	7	2	down	0.7142857142857143	-1.5146635755274247	-1.096392909024492	0.2729068657933239	0.5957557196500858	0.24335426664715185	True
CRC	s__GGB1385_SGB1890	2	7	2	up	0.5	1.7140381942420042	1.2523655401816118	0.210436696958489	0.5243217664454833	0.24030996555691175	False
CRC	s__Eubacteriaceae_bacterium_Marseille_Q4139	5	7	2	up	0.8	0.8474981632781067	1.4571905317394653	0.1450637934719033	0.447044115553724	0.23706192680874866	True
CRC	s__Zhenpiania_hominis	7	7	2	up	0.7142857142857143	0.4994618154341809	2.0726561606855056	0.038204290417865654	0.21683254498163307	0.23684319917147847	True
CRC	s__Bifidobacterium_adolescentis	7	7	2	down	0.8571428571428571	-0.6301538183224209	-1.6271850262093224	0.10369780696222654	0.36786396421257844	0.23458614847378426	True
CRC	s__GGB9476_SGB14870	5	7	2	up	0.6	2.0369008128096473	-0.9527164147695816	0.3407337741782668	0.6439291347278499	0.23362672788657607	True
CRC	s__Streptococcus_pneumoniae	1	7	2	up	1.0	1.1682963073166848	0.9970987645656616	0.31871657264815856	0.6312573718771223	0.23341805163821944	False
CRC	s__GGB4658_SGB6445	1	7	2	up	1.0	2.4751579423213084	0.6076198622476752	0.5434396243320259	0.8054642205746	0.23255036200179732	False
CRC	s__Hungatella_hathewayi	7	7	2	up	0.5714285714285714	1.2619473944903936	1.3656592907324632	0.1720459274475652	0.480045728494813	0.22983118876758826	False
CRC	s__GGB3740_SGB5077	7	7	2	down	0.7142857142857143	-0.4013468928558345	-2.3058042866749453	0.021121570601470522	0.15982221421373888	0.2282983986909523	True
CRC	s__GGB4533_SGB6245	1	7	2	down	1.0	-1.850545443271757	-0.7300358263077039	0.46536828588489265	0.7546385826609712	0.22624952579391447	False
CRC	s__GGB8965_SGB13825	3	7	2	down	1.0	-1.1030077680312045	-1.0130305444463852	0.31104557158273893	0.6240327509781042	0.22588784709363433	True
CRC	s__Clostridium_hylemonae	4	7	2	up	0.75	1.7261593355704772	0.8839385478168299	0.3767293868604483	0.6696424045516348	0.22546711691609422	True
CRC	s__Bacteroides_sp_Marseille_P3684	1	7	2	up	1.0	0.8052169203672054	1.2465667356422636	0.21255640508091367	0.5263145500231561	0.22445793963256952	False
CRC	s__Vescimonas_coprocola	7	7	2	up	1.0	0.26893234014499157	2.355183788244911	0.018513546449481732	0.14756680964694957	0.22348581680817878	True
CRC	s__Prevotella_lascolaii	6	7	2	down	0.6666666666666666	-0.724968335907331	-1.6703176353682947	0.09485653581529653	0.3466269483614882	0.22239016363763475	True
CRC	s__Enterobacter_hormaechei	4	7	2	up	0.5	1.4122186545340303	-1.3377025383433045	0.18099342320981515	0.4863819918029648	0.22102811614795972	False
CRC	s__Prevotella_bivia	4	7	2	up	0.75	1.4528150138625475	1.0043546408407489	0.3152077051158019	0.6276812665688892	0.22038568103347866	True
CRC	s__Klebsiella_grimontii	1	7	2	up	1.0	1.1682097167737149	0.9434135277731784	0.3454694264349374	0.6478055639217554	0.22027216422598178	False
CRC	s__GGB79087_SGB105683	3	7	2	down	0.6666666666666666	-2.592572939952452	-0.7442136084788038	0.45674725644867653	0.746285437295163	0.21966876213422942	True
CRC	s__Capnocytophaga_sputigena	1	7	2	up	1.0	1.0129907700087057	1.0698083607964597	0.28470557816948827	0.6069526945266367	0.21966214176931184	False
CRC	s__Christensenella_sp_NSJ_35	3	7	2	up	0.6666666666666666	0.851617628039078	1.5375080847122384	0.12416893677742519	0.4114216111367469	0.21898660301689377	True
CRC	s__Selenomonas_SGB5896	1	7	2	up	1.0	0.7328928216657171	1.303809492870445	0.19229854515171352	0.5041170669801038	0.21801260101721698	False
CRC	s__Lachnoclostridium_sp_An14	1	7	2	up	1.0	0.7732900205435344	1.258620929131036	0.20816728379471128	0.5243217664454833	0.21683215558040614	False
CRC	s__GGB9210_SGB14150	1	7	2	up	1.0	0.6800653886111865	1.3705995465872385	0.17049982439868472	0.480045728494813	0.21674866593215483	False
CRC	s__Mediterraneibacter_glycyrrhizinilyticus	7	7	2	up	0.5714285714285714	0.4720025132757823	2.31795819977007	0.02045159291386596	0.15764011632809782	0.21640189260246717	False
CRC	s__GGB9747_SGB15355	3	7	2	down	0.6666666666666666	-1.4809081003084672	-1.05236956291094	0.2926300275433925	0.6069526945266367	0.21408516556999174	True
CRC	s__Hydrogenoanaerobacterium_SGB53821	6	7	2	up	0.8333333333333334	0.8050845686634753	1.3566543074310178	0.17489107729591702	0.480045728494813	0.213828710619448	True
CRC	s__Ruminococcus_SGB4421	7	7	2	down	0.8571428571428571	-0.5161213839238014	-1.724010207670924	0.08470600042703456	0.32951543938112976	0.21328682206741922	True
CRC	s__GGB9636_SGB15108	2	7	2	down	1.0	-0.6646805763179242	-1.380407458859373	0.1674612249115358	0.4777154156985701	0.21324996380203182	True
CRC	s__Ruminococcus_bicirculans	7	7	2	down	0.5714285714285714	-0.28657909436125517	-2.91114274839367	0.0036010945442326793	0.052134765158395636	0.21008254954260389	False
CRC	s__GGB9621_SGB15072	7	7	2	up	0.7142857142857143	0.9225714350694509	1.3535008630998313	0.17589567448746657	0.480045728494813	0.21002825728985436	True
CRC	s__Bifidobacterium_pseudocatenulatum	7	7	2	down	0.5714285714285714	-0.655306513878849	-1.8677321187504203	0.06179941934951801	0.27589306977204825	0.20942068702914848	False
CRC	s__GGB49400_SGB69312	1	7	2	up	1.0	1.513166595730682	0.7789897401867525	0.4359857585132011	0.7272634644131706	0.20928339289028394	False
CRC	s__GGB1662_SGB2276	5	7	2	up	0.6	0.6676078301302516	1.7817099381191395	0.07479654540900166	0.3035304254350143	0.20741150715669754	True
CRC	s__GGB45432_SGB63101	7	7	2	down	0.8571428571428571	-0.43806827106355706	-1.855281101624205	0.06355609547380459	0.28049438486890543	0.2072973459531558	True
CRC	s__Clostridium_paraputrificum	5	7	2	down	0.6	-1.0364543346162924	-1.4106201017313111	0.15835666115815472	0.4646513141268866	0.20700449266730717	True
CRC	s__Limosilactobacillus_oris	1	7	2	up	1.0	1.8078805772004933	0.6822420433848151	0.49508591365311294	0.7686986118266208	0.20653933367954272	False
CRC	s__GGB9502_SGB14899	7	7	2	down	0.8571428571428571	-0.361502449599516	-2.0659941715368713	0.03882902993178939	0.21696032563262763	0.2056286901183872	True
CRC	s__GGB4739_SGB6564	1	7	2	up	1.0	2.361342321377752	0.5770863680027905	0.5638811126905539	0.81954477225689	0.20408447818892023	False
CRC	s__Oribacterium_sp_oral_taxon_078	1	7	2	up	1.0	1.0222985153152808	0.9786192298514745	0.32776815413834015	0.6330810381013373	0.20296785688258082	False
CRC	s__GGB9602_SGB15028	7	7	2	up	0.7142857142857143	1.1328990730387751	1.167892549051424	0.24285010999781154	0.5612835492737344	0.20296508886024384	True
CRC	s__Streptococcus_agalactiae	1	7	2	up	1.0	1.011754754253715	0.9935652024461074	0.3204345922359154	0.6312573718771223	0.20214206104615579	False
CRC	s__GGB52283_SGB73075	1	7	2	down	1.0	-1.0154853694037844	-0.9821941856992835	0.3260041914666749	0.6324308137604925	0.2020683650724067	False
CRC	s__GGB36267_SGB14177	7	7	2	down	0.5714285714285714	-0.4605936843675973	-2.2509253859066933	0.024390263577838675	0.1711578758497238	0.20176717244738762	False
CRC	s__Pseudoflavonifractor_phocaeensis	7	7	2	up	0.7142857142857143	0.8860433882849382	1.3665564898702591	0.17176436306495124	0.480045728494813	0.20171245461406923	True
CRC	s__Prevotella_maculosa	1	7	2	up	1.0	1.7171231464726016	0.7020760531747869	0.48263173545027593	0.7633511430656423	0.2013767155227147	False
CRC	s__Bacteroides_congonensis	2	7	2	down	1.0	-1.7811402211378196	-0.6774124229349098	0.49814431845647256	0.7714510318251389	0.20071960501780076	True
CRC	s__Enorma_massiliensis	5	7	2	up	0.8	1.4467331223832667	0.8785851172196717	0.3796262682064443	0.6711308168268695	0.2004510301223708	True
CRC	s__Guopingia_tenuis	7	7	2	up	0.7142857142857143	0.41109491470605863	2.095489404633504	0.03612750934721407	0.20959172390242964	0.1992711744569875	True
CRC	s__Gemella_sanguinis	7	7	2	up	0.7142857142857143	0.45359216566158217	1.9562538523819573	0.05043525748769552	0.24434200518785576	0.19828517998300937	True
CRC	s__GGB9063_SGB13982	7	7	2	down	0.7142857142857143	-0.39409946971954984	-2.143955878841836	0.03203642218812942	0.1995446916911782	0.19703842445092876	True
CRC	s__Clostridium_sp_AM42_4	3	7	2	down	0.6666666666666666	-3.020042558987713	0.6260665655149791	0.5312712811480365	0.7986463506126236	0.19659568729437898	True
CRC	s__Bifidobacterium_longum	7	7	2	down	0.8571428571428571	-0.5399845404949899	-1.610779676227744	0.10722775234752036	0.37703294746764004	0.19607025197712027	True
CRC	s__GGB3817_SGB5182	7	7	2	up	0.8571428571428571	0.9029596496832122	1.17592402910109	0.23962523574584804	0.5589581728795421	0.19551967643806	True
CRC	s__Clostridium_innocuum	7	7	2	up	0.5714285714285714	0.5531550473227701	1.9716726136960308	0.04864699191954527	0.24128307411947295	0.19517622022215608	False
CRC	s__Oscillibacter_sp_PC13	6	7	2	down	0.6666666666666666	-0.5511395960696346	-1.8057480554591239	0.07095770260061732	0.29717550963848033	0.19362892893533137	True
CRC	s__Christensenella_intestinihominis	1	7	2	up	1.0	1.6472412114658412	0.6982967842889304	0.48499160987555745	0.7633511430656423	0.19318126688821122	False
CRC	s__GGB4239_SGB5731	2	7	2	up	0.5	6.7959884150947	-0.40763329659336256	0.6835429153391284	0.8775729076380617	0.19272333317249254	False
CRC	s__GGB4571_SGB6317	5	7	2	up	0.8	0.948579590507984	1.1794175692296442	0.2382319425173417	0.5580739528066591	0.1922264265679836	True
CRC	s__Simiaoa_sunii	7	7	2	up	1.0	0.4250894109934562	1.6554649329019469	0.09783022399575386	0.3537668136827874	0.1918355864069845	True
CRC	s__Lactobacillus_crispatus	1	7	2	down	1.0	-3.4660985651775853	-0.39434311548573664	0.693327735293231	0.880394500962884	0.1917538574699429	False
CRC	s__Eubacterium_sulci	7	7	2	up	0.5714285714285714	0.5541767359333665	1.9446225504090227	0.05182042319322748	0.2485789381828812	0.19143977436867804	False
CRC	s__Phocaeicola_plebeius	7	7	2	down	0.7142857142857143	-0.5822320852429267	1.6700615230636615	0.09490719183513056	0.3466269483614882	0.19136208482550326	True
CRC	s__GGB4937_SGB6891	1	7	2	up	1.0	1.228163799724489	0.8364338135344739	0.4029108967463153	0.6996343237122921	0.1905236899360693	False
CRC	s__Firmicutes_bacterium	1	7	2	down	1.0	-1.6643063692029243	-0.684314230825811	0.49377676266064585	0.7686986118266208	0.1901368557574087	False
CRC	s__GGB1567_SGB2154	1	7	2	down	1.0	-0.7844046237538426	-1.1356729190490662	0.25609347845650265	0.5747796367033516	0.18864823459614394	False
CRC	s__Bacteroides_thetaiotaomicron	7	7	2	up	1.0	0.5914508887812282	1.355280419413745	0.17532823103380912	0.480045728494813	0.18850568379831495	True
CRC	s__Bifidobacterium_bifidum	7	7	2	down	0.7142857142857143	-0.89077578104647	-1.2937866886876455	0.19573911185499315	0.5073431495983451	0.187507156189222	True
CRC	s__GGB9712_SGB15244	7	7	2	up	0.8571428571428571	0.4164543827618341	1.798698212398067	0.07206643185773107	0.2984813298849841	0.18743403894353072	True
CRC	s__GGB9759_SGB15370	7	7	2	down	0.8571428571428571	-0.5344203918058835	-1.5807172393935698	0.11394270481729271	0.3911516539361078	0.1867363315410324	True
CRC	s__TM7_phylum_sp_oral_taxon_352	7	7	2	up	0.7142857142857143	0.5571667716398402	1.6910676110733511	0.0908238903204143	0.34181262703725007	0.1855412700269012	True
CRC	s__GGB9611_SGB15045	7	7	2	up	0.7142857142857143	0.8108134818766936	1.3686963302441295	0.1710942179165954	0.480045728494813	0.18458596929446575	True
CRC	s__Megasphaera_sp_AM44_1BH	2	7	2	up	1.0	0.34352046154579097	1.821271020680467	0.06856566929650823	0.2914947898399173	0.183910275845474	True
CRC	s__GGB3287_SGB4341	2	7	2	up	0.5	1.964870614715971	0.931306638270971	0.3516949691050052	0.6502576533680877	0.18363143133879703	False
CRC	s__Parabacteroides_gordonii	4	7	2	up	0.75	1.2135496495621572	0.991677880407435	0.32135468461352923	0.6313165992346473	0.1818074476829572	True
CRC	s__GGB4745_SGB6571	6	7	2	up	0.6666666666666666	0.7417025439632717	1.4932744730617808	0.13536535473533295	0.43004981185667024	0.18121337769201554	True
CRC	s__Alistipes_putredinis	7	7	2	up	0.8571428571428571	0.30027244595539976	2.139155856997215	0.032423047899258546	0.19979463712810985	0.18001320435693233	True
CRC	s__GGB2964_SGB3946	1	7	2	up	1.0	0.7990907640596547	1.093924820178508	0.27398795205464377	0.5959391986235906	0.17963404344750547	False
CRC	s__Zhenhengia_yiwuensis	2	7	2	up	1.0	2.0728291694625254	0.5705448219087966	0.5683082307713777	0.81954477225689	0.17914906093653946	True
CRC	s__GGB9545_SGB14952	7	7	2	up	0.7142857142857143	0.3270074559143466	2.239439938901487	0.0251273051507438	0.17344285530020798	0.17771537517760597	True
CRC	s__GGB9299_SGB14259	6	7	2	down	0.8333333333333334	-0.6816848450832945	-1.3341983873116856	0.18213884793136026	0.48782854770949324	0.17708626462894556	True
CRC	s__Blautia_sp_An249	2	7	2	up	1.0	2.41059351676031	0.508517484290279	0.6110904805832331	0.844387276265912	0.17707814879881623	True
CRC	s__Prevotella_marshii	1	7	2	up	1.0	1.6138045119782227	0.6681804295354349	0.5040184262456746	0.7768397825353459	0.17698358788784385	False
CRC	s__Eubacterium_infirmum	1	7	2	up	1.0	0.9363870370760998	0.9393150385411108	0.34756901968747733	0.6487147672912614	0.1759904000604809	False
CRC	s__GGB1680_SGB2312	2	7	2	up	0.5	3.0235586088902418	0.6949452710251811	0.48708960029350135	0.7651544356516683	0.1757457043977471	False
CRC	s__Lachnoanaerobaculum_sp_ICM7	2	7	2	up	0.5	1.733024630618169	1.0050376728478374	0.3148787099079948	0.6276812665688892	0.1752615025873777	False
CRC	s__Eubacterium_sp_OM08_24	1	7	2	up	1.0	3.608530052658627	0.3461458959311243	0.7292330729065437	0.8957980890424738	0.1724511761435772	False
CRC	s__Blautia_hansenii	6	7	2	up	0.8333333333333334	0.44653907651302716	1.6801398963940977	0.09293010004847124	0.34527837737387224	0.17185451470299432	True
CRC	s__Oscillospiraceae_unclassified_SGB15252	4	7	2	down	0.75	-0.8127051471037634	-1.2517873557773116	0.21064735871464957	0.5243217664454833	0.1709131802586213	True
CRC	s__GGB2848_SGB3813	7	7	2	up	0.7142857142857143	0.3126940212103503	2.2263017903553473	0.025993973644554438	0.17477956337572795	0.1691918890928192	True
CRC	s__Sanguibacteroides_justesenii	6	7	2	up	0.5	1.0304202452331523	1.3924851593914631	0.16377553256775856	0.47141847856755853	0.16826422467546057	False
CRC	s__Citrobacter_freundii	4	7	2	up	0.5	0.9867266003368487	1.4387830739510643	0.15021199345762387	0.45631507275312205	0.16810623565583097	False
CRC	s__GGB9253_SGB14199	5	7	2	down	0.8	-0.6586664811780066	-1.3602551343994074	0.17374920072690547	0.480045728494813	0.1679427695988013	True
CRC	s__Oscillibacter_valericigenes	7	7	2	up	0.8571428571428571	0.3163341383062458	1.9565541974206422	0.05039990452333131	0.24434200518785576	0.16594035690366424	True
CRC	s__Alistipes_SGB2302	2	7	2	up	1.0	1.6204055676573834	0.6449364969094545	0.5189683390541244	0.7905043799620645	0.16543647218496257	True
CRC	s__Cuneatibacter_caecimuris	6	7	2	down	0.8333333333333334	-0.4567210850834461	-1.6280499360506837	0.10351429779237713	0.36786396421257844	0.16529982665626466	True
CRC	s__Faecalibacterium_sp_CLA_AA_H233	7	7	2	down	0.7142857142857143	-1.7318821246244456	-0.7574056719463218	0.44880685906667694	0.7389678509427765	0.16251790772604163	True
CRC	s__GGB6648_SGB9389	1	7	2	up	1.0	0.8617945954199854	0.9446876985358648	0.3448183391420382	0.6478055639217554	0.16249596106397132	False
CRC	s__Bacteroides_eggerthii	7	7	2	up	0.7142857142857143	0.3223937763200556	2.1544502099044838	0.031204882620828454	0.19820650739791038	0.16186057975973275	True
CRC	s__Schaalia_odontolytica	7	7	2	up	0.7142857142857143	0.7090431660917121	1.362512685783639	0.17303614341407092	0.480045728494813	0.16141741967798132	True
CRC	s__GGB9773_SGB15393	2	7	2	down	0.5	-2.7578717124657732	-0.6961830136724697	0.486314224016543	0.7646839119320789	0.1606709125896028	False
CRC	s__Prevotella_baroniae	1	7	2	up	1.0	0.6633285122873417	1.13957690247807	0.2544626126567282	0.5739591512735286	0.1599411176905873	False
CRC	s__Lachnospiraceae_bacterium_OM04_12BH	7	7	2	down	0.8571428571428571	-0.7399978154787278	-1.1617909023195445	0.24532041041286534	0.561581053466488	0.15894363570078676	True
CRC	s__Ruminococcus_lactaris	7	7	2	down	0.7142857142857143	-0.18284337372634177	-2.817417719974872	0.004841151701604284	0.06077914675373504	0.15884458028997078	True
CRC	s__GGB9583_SGB15004	2	7	2	up	1.0	1.5425660949778126	0.6470256171565811	0.5176153641220766	0.789191546626354	0.1586029056439283	True
CRC	s__GGB3167_SGB4181	5	7	2	down	1.0	-0.697358566850162	-1.1030769418782014	0.26999375325591235	0.592732187817283	0.15839906263327672	True
CRC	s__GGB9445_SGB14835	3	7	2	down	0.6666666666666666	-0.8118057724169805	-1.2874484429343878	0.1979380288104	0.5105720903664732	0.15800063660850328	True
CRC	s__Lachnospiraceae_bacterium_CLA_AA_H244	7	7	2	down	0.7142857142857143	-0.3984487398888622	-1.8535327913479542	0.06380603061285699	0.28049438486890543	0.15712422722910246	True
CRC	s__Treponema_vincentii	1	7	2	up	1.0	0.4536380628229582	1.4488982797374537	0.1473659916450101	0.4510802829972023	0.1568436163330279	False
CRC	s__GGB6613_SGB9347	6	7	2	down	1.0	-0.5684502479637902	-1.2352978295662957	0.2167196812180523	0.530256158344996	0.15661616017360186	True
CRC	s__Ruminococcaceae_bacterium_Marseille_P2935	1	7	2	up	1.0	1.1320334272694899	0.7814077207416217	0.4345627315986764	0.7272634644131706	0.15656953913245275	False
CRC	s__GGB51884_SGB49168	7	7	2	down	0.5714285714285714	-0.5943521533782465	-1.6676719395166224	0.09538086870036785	0.3467806696866315	0.15621106968042453	False
CRC	s__Enteroscipio_rubneri	1	7	2	up	1.0	3.0244740238283585	0.3741858374135893	0.7082660600400913	0.8879154411314429	0.15614872876308467	False
CRC	s__GGB9365_SGB14342	4	7	2	down	1.0	-0.4569087139096945	-1.4316440223241997	0.15224572412942933	0.4588518048103163	0.1545848083723404	True
CRC	s__GGB6546_SGB9245	1	7	2	down	1.0	-3.248228886685541	-0.3325965583152435	0.7394388416735312	0.8963503103199101	0.1543630699386157	False
CRC	s__GGB34197_SGB53486	1	7	2	up	1.0	2.2050656683638485	0.47803504040952355	0.6326252653557425	0.8533942936253555	0.15181935661315207	False
CRC	s__Butyrivibrio_crossotus	4	7	2	down	0.75	-0.8832292983038068	-1.1043406681244547	0.26944538773548643	0.5923375350081076	0.1506551238424779	True
CRC	s__GGB10852_SGB17523	1	7	2	up	1.0	1.9068577370039608	0.5303847859485116	0.5958451722622227	0.8339687395412956	0.15035616758991535	False
CRC	s__GGB3632_SGB4921	2	7	2	up	1.0	0.7572099630299565	0.9776532982259931	0.328245827149242	0.6332425500946361	0.1502531054583205	True
CRC	s__GGB9104_SGB14036	3	7	2	down	1.0	-1.9010371235838879	-0.5287606053742105	0.596971529086425	0.8339687395412956	0.14989721089383815	True
CRC	s__Bacteroides_faecis	7	7	2	up	0.7142857142857143	1.1949598510528052	0.8899890206785694	0.37347178150253135	0.6675963880695972	0.14978482165624823	True
CRC	s__GGB9109_SGB14042	5	7	2	down	0.6	-1.130382728397808	-1.079304430599245	0.28045203844447275	0.6026386388474466	0.1491718790293055	True
CRC	s__Bacteroides_salyersiae	7	7	2	up	0.7142857142857143	0.8676880411892618	1.1359692119101217	0.25596944984676595	0.5747796367033516	0.14905555863976439	True
CRC	s__Haemophilus_sputorum	2	7	2	up	1.0	1.1465416711347893	0.7517061421937511	0.4522277958537173	0.7430777790766091	0.14786457854734056	True
CRC	s__Traorella_massiliensis	5	7	2	up	0.6	0.9810298400340243	1.1621313784380727	0.24518210328315748	0.561581053466488	0.14750032009698008	True
CRC	s__GGB10852_SGB17524	1	7	2	up	1.0	0.764174357912164	0.9549799265184511	0.3395878482969166	0.642840710334616	0.1466424822480698	False
CRC	s__GGB4703_SGB6510	2	7	2	down	1.0	-0.8460107469620552	-0.8785050621029757	0.3796696918148704	0.6711308168268695	0.1465229860810279	True
CRC	s__Olsenella_profusa	1	7	2	down	1.0	-0.736250171533563	-0.9825599387716966	0.32582406940506403	0.6324308137604925	0.1465041968388123	False
CRC	s__GGB45596_SGB63306	2	7	2	up	1.0	1.694012441646802	0.573267327477274	0.5664637039456593	0.81954477225689	0.14640894802466042	True
CRC	s__GGB1663_SGB2279	4	7	2	up	0.75	1.1392388508347	0.8725776879079188	0.3828933063961584	0.674681516862529	0.14602295419665096	True
CRC	s__GGB3267_SGB4317	1	7	2	down	1.0	-1.3102637684374798	-0.6722656601216397	0.5014145870406947	0.7747819628599966	0.14520408376434943	False
CRC	s__GGB9302_SGB14263	7	7	2	up	0.7142857142857143	1.0805659115343293	0.9376512098352898	0.34842368506522525	0.6488028527228471	0.14501754053079496	True
CRC	s__GGB39037_SGB4393	7	7	2	down	0.5714285714285714	-0.6199503220419957	-1.5831624081733087	0.11338445216113142	0.39016876792920385	0.14480179593225098	False
CRC	s__Lentihominibacter_SGB71368	7	7	2	down	0.7142857142857143	-0.2925627293800675	-2.115728034383108	0.034367944825347066	0.20352068411699048	0.14448240611877994	True
CRC	s__GGB4664_SGB6452	1	7	2	down	1.0	-2.37483264939525	-0.427864828536694	0.6687495350354165	0.869315790418339	0.14444309660517385	False
CRC	s__Eubacteriaceae_bacterium	7	7	2	down	0.7142857142857143	-0.6307287612966533	-1.378298847906706	0.16811103876793942	0.4781494500886348	0.14436315385730727	True
CRC	s__Faecalicatena_SGB4872	2	7	2	up	0.5	1.9129981157783245	0.8191549457929911	0.4126980164109457	0.7093109223234115	0.14267460624965952	False
CRC	s__Roseburia_sp_AM23_20	2	7	2	down	1.0	-0.2584895338827352	-1.8404409058825184	0.06570353257940907	0.2833690130187338	0.1415611838371946	True
CRC	s__Eggerthella_guodeyinii	1	7	2	up	1.0	1.2151749544778674	0.6895707796561448	0.49046414824233797	0.7674546117092864	0.13968107985890038	False
CRC	s__Blautia_marasmi	1	7	2	down	1.0	-2.4021616589681947	-0.4148471118988973	0.6782538287003299	0.8747623617346952	0.1395894015413812	False
CRC	s__Streptococcus_sp_F0442	6	7	2	down	0.8333333333333334	-0.9637668858038385	-0.8782539103431863	0.37980594172350135	0.6711308168268695	0.13909791975759725	True
CRC	s__Prevotella_marseillensis	5	7	2	up	0.6	2.8315618456232587	0.5492551067582797	0.5828303913218368	0.8283279734329295	0.13896910000404455	True
CRC	s__GGB1632_SGB2240	1	7	2	down	1.0	-1.1702359585556013	-0.7120103013816057	0.4764583970233245	0.761859347280082	0.13823435631011652	False
CRC	s__Blautia_wexlerae	7	7	2	down	0.7142857142857143	-0.24437548315199556	-2.27462056474022	0.022928701377699937	0.1644929603301955	0.13682455588604087	True
CRC	s__GGB9533_SGB14936	5	7	2	up	0.6	1.041525863275889	1.072032534866197	0.2837054191399152	0.6062694262737284	0.13581559688326358	True
CRC	s__GGB4651_SGB6438	4	7	2	down	0.75	-0.9651992042802746	-0.9298628963152145	0.3524420759698845	0.6502576533680877	0.13530731495621323	True
CRC	s__Oscillospiraceae_bacterium	7	7	2	down	0.8571428571428571	-0.6230506639332797	-1.1743566053789958	0.24025221905050276	0.5595439362524027	0.1346674911872328	True
CRC	s__Gehongia_tenuis	4	7	2	up	0.75	0.6331892005908699	1.2639985489291483	0.2062305477789338	0.5206886951731894	0.1345947415996893	True
CRC	s__GGB4597_SGB6359	4	7	2	down	0.75	-0.6322093880791605	-1.2635371528468342	0.2063962033760558	0.5206886951731894	0.13438646639267912	True
CRC	s__Luoshenia_tenuis	7	7	2	up	0.5714285714285714	0.6826630761866975	1.4442776973737492	0.1486608767444323	0.4524583881217854	0.1343564242216302	False
CRC	s__Barnesiella_intestinihominis	7	7	2	up	0.7142857142857143	0.4423129770408291	1.6097357213312065	0.1074555631239447	0.37703294746764004	0.1338378082417686	True
CRC	s__GGB9737_SGB15309	6	7	2	down	0.6666666666666666	-0.36389294202697214	-1.8483265979481442	0.06455511021375038	0.28148388611039665	0.13355998114287287	True
CRC	s__Coprobacillus_cateniformis	7	7	2	up	0.7142857142857143	0.9035751099644388	1.0226974470641883	0.30645091883800035	0.6218012961776093	0.13317946958757435	True
CRC	s__Clostridiales_bacterium	7	7	2	up	0.5714285714285714	0.22901371417531216	2.584228330530829	0.009759715877261049	0.09642814271423455	0.13293214866042746	False
CRC	s__Faecalicatena_fissicatena	7	7	2	down	0.5714285714285714	-0.2272193143747374	-2.5830325402995022	0.009793608534806177	0.09642814271423455	0.1318905803774746	False
CRC	s__Clostridiaceae_unclassified_SGB4702	1	7	2	up	1.0	2.5077358620202332	0.37657620892777655	0.7064885708775095	0.8870927391563829	0.13047994303396593	False
CRC	s__Prevotella_sp_885	2	7	2	up	1.0	1.379638281728216	0.6069558567343531	0.5438802077577967	0.8054642205746	0.1296221854620482	True
CRC	s__Candidatus_Borkfalkia_ceftriaxoniphila	6	7	2	up	0.8333333333333334	1.2714097158066986	0.7271009801713716	0.46716409835305694	0.7567870020699219	0.12822838247445717	True
CRC	s__GGB1661_SGB2275	4	7	2	up	0.75	0.8549502084252298	0.9924672055546955	0.3209696693349624	0.6313165992346473	0.12808401810826942	True
CRC	s__Selenomonas_massiliensis	1	7	2	down	1.0	-2.672796515104575	-0.3517074988948411	0.7250576361511034	0.8955938672519779	0.12799725562140654	False
CRC	s__Shuttleworthia_satelles	1	7	2	up	1.0	1.0040551663529194	0.7428393904985402	0.4575789240897328	0.746285437295163	0.1276104244407114	False
CRC	s__Leptotrichia_wadei	1	7	2	up	1.0	0.5787831261121227	1.0568626667472265	0.2905742689862124	0.6069526945266367	0.12550631739777252	False
CRC	s__GGB9559_SGB14969	7	7	2	down	0.8571428571428571	-0.2760303600784006	-1.8068449952925523	0.07078645083208011	0.29717550963848033	0.12468377734604048	True
CRC	s__Thermophilibacter_provencensis	4	7	2	up	0.75	0.6302666628546612	1.2040071611494518	0.22858681070638354	0.544975513529155	0.12461459640922393	True
CRC	s__Parabacteroides_bouchesdurhonensis	1	7	2	up	1.0	1.2681484633070328	0.6271173229391266	0.5305823327139365	0.7983574987558951	0.12402820566594845	False
CRC	s__Erysipelatoclostridium_SGB66626	1	7	2	up	1.0	0.5405132664612851	1.109556700157039	0.2671900986236847	0.5898001215498095	0.12393706633855231	False
CRC	s__Pauljensenia_hongkongensis	2	7	2	down	1.0	-0.5754910359920311	-1.045377281155142	0.29584863261475847	0.6103064860229999	0.12341521203017737	True
CRC	s__GGB51139_SGB71360	1	7	2	down	1.0	-0.6575810468440283	-0.9362538547641641	0.34914250084482445	0.6492948987955764	0.12333459200819095	False
CRC	s__GGB9345_SGB14311	7	7	2	up	0.7142857142857143	0.817017395702985	1.0337948021591585	0.30123210211326257	0.6166624052178509	0.12252490517128253	True
CRC	s__GGB4676_SGB6465	5	7	2	down	0.6	-0.9304843121445746	-1.0753266894152544	0.28222849105752845	0.6047215801725976	0.12195552652235137	True
CRC	s__Pyramidobacter_piscolens	4	7	2	up	1.0	1.8657988552619962	0.46212904193656007	0.6439887847707131	0.8616902390728859	0.12062170659583098	True
CRC	s__Porphyromonas_catoniae	1	7	2	up	1.0	1.044420571201408	0.6915510556285129	0.48921930752186493	0.7670004167684263	0.12032184532229796	False
CRC	s__GGB1243_SGB1663	1	7	2	up	1.0	0.6219487304344219	0.962412269618587	0.33584255278361674	0.6409726630917721	0.12013592299071274	False
CRC	s__Aggregatibacter_aphrophilus	1	7	2	down	1.0	-1.2029012101899816	-0.6322667165599353	0.5272126084341224	0.796269418941386	0.11901500148614193	False
CRC	s__Allisonella_histaminiformans	7	7	2	up	0.5714285714285714	0.4485655669549181	1.6796063191146526	0.09303393740067623	0.34527837737387224	0.11837789312950617	False
CRC	s__Bacteroides_stercorirosoris	1	7	2	up	1.0	3.0768830089396855	0.27427660140011323	0.78387206465044	0.915466866201495	0.11802113892305668	False
CRC	s__GGB1243_SGB1664	1	7	2	down	1.0	-2.633234884622261	-0.3082297126506721	0.7579075449268574	0.9020050000605053	0.11794536864575277	False
CRC	s__Klebsiella_pneumoniae	7	7	2	down	0.5714285714285714	-1.1319372791190248	-0.9078368996619248	0.36396439977121997	0.6579198992489882	0.11760956262427957	False
CRC	s__Clostridium_SGB6173	7	7	2	up	0.5714285714285714	0.4893121211687951	-1.6000726243955066	0.10958247321800664	0.38034348695753056	0.11738570280517888	False
CRC	s__GGB6610_SGB9344	4	7	2	up	0.75	1.3646801802897848	0.6847419684159175	0.493506760709876	0.7686986118266208	0.11692979282370161	True
CRC	s__Cloacibacillus_SGB15503	2	7	2	up	0.5	1.835274306315081	0.7423173047475804	0.4578951096285194	0.746285437295163	0.11662712420707756	False
CRC	s__GGB9238_SGB14180	7	7	2	up	0.7142857142857143	0.47648323703842693	1.4375694880980054	0.15055624340206822	0.4564978927304219	0.1159083670694069	True
CRC	s__GGB9575_SGB14988	2	7	2	down	1.0	-0.8211639917709597	-0.7917213402661365	0.4285231763028774	0.7251286213538728	0.11462213688084825	True
CRC	s__GGB9640_SGB15115	6	7	2	down	0.8333333333333334	-0.5946745702498526	-1.1143628112941675	0.26512357065860015	0.5884717928844896	0.1141152497495702	True
CRC	s__GGB9634_SGB15101	5	7	2	down	0.6	-0.41049245370556114	-1.6802575236189168	0.09290722160101925	0.34527837737387224	0.11374679013450642	True
CRC	s__Scardovia_wiggsiae	6	7	2	up	0.6666666666666666	1.9706672171967958	0.5693148655603751	0.5691424802978776	0.81954477225689	0.11354631842647916	True
CRC	s__Prevotella_SGB63829	1	7	2	up	1.0	1.6004508318511759	0.4968560181046808	0.6192905887557434	0.8498718839713746	0.11306631073680089	False
CRC	s__Roseburia_sp_BX1005	7	7	2	down	0.5714285714285714	-0.2856882905485319	-2.1189538410494713	0.034094368087033484	0.20352068411699048	0.11286996592047849	False
CRC	s__Bacteroidetes_oral_taxon_274	1	7	2	up	1.0	1.291376150536119	0.5748573818602332	0.5653877550111608	0.81954477225689	0.11161017419702587	False
CRC	s__Rothia_SGB49305	5	7	2	up	0.6	0.9970437242371921	-0.9251680743652193	0.35487848737203487	0.6508254814596859	0.11159040086572462	True
CRC	s__GGB9715_SGB15260	7	7	2	up	0.7142857142857143	0.4782244078799718	1.3917952815984507	0.16398439920302754	0.47141847856755853	0.1115606674420455	True
CRC	s__GGB9258_SGB14205	1	7	2	down	1.0	-1.795257915536786	-0.4403349793828047	0.6596945097656977	0.8667503036755833	0.11149628363509748	False
CRC	s__Limosilactobacillus_fermentum	4	7	2	down	0.75	-1.4888303216685013	-0.6350320734349012	0.5254074969135696	0.7950375212242056	0.11122944283758024	True
CRC	s__GGB9786_SGB63164	4	7	2	down	0.75	-0.558241158543791	-1.2013273870934504	0.22962423082734384	0.5450392460537192	0.11035264810870553	True
CRC	s__Leuconostoc_mesenteroides	2	7	2	down	1.0	-0.8290114122695834	-0.7633323953804202	0.4452651867694045	0.7361226778587004	0.11029980481946611	True
CRC	s__GGB3548_SGB4744	4	7	2	up	1.0	0.7704070191648247	0.7994034489160868	0.4240565112537752	0.7195974800262057	0.1100991492233833	True
CRC	s__Slackia_piriformis	3	7	2	down	1.0	-0.35446513502972526	-1.323142174945974	0.18578810156450642	0.4902487343418092	0.10973656381631297	True
CRC	s__GGB4456_SGB6141	7	7	2	down	0.7142857142857143	-0.6124297928197855	-1.164377937824779	0.24427088435457478	0.561581053466488	0.10961948788466225	True
CRC	s__GGB3680_SGB4995	2	7	2	down	1.0	-0.2440848902273715	-1.650120650980581	0.09891826179658651	0.35561889643649786	0.10959781850095422	True
CRC	s__GGB3236_SGB4274	1	7	2	down	1.0	-0.933531427739682	-0.7019941506204024	0.4826828113207955	0.7633511430656423	0.10948049540979572	False
CRC	s__GGB48168_SGB66171	1	7	2	down	1.0	-0.5128298815622215	-1.042462635443491	0.29719724002508996	0.6123025188722045	0.10925017738452432	False
CRC	s__GGB35551_SGB53794	3	7	2	up	1.0	1.57995985150313	0.4844837438680312	0.628042598502228	0.8533942936253555	0.10878065518465856	True
CRC	s__GGB9711_SGB15240	1	7	2	down	1.0	-0.7853300307926405	-0.7787552759105978	0.4361238878805167	0.7272634644131706	0.1086176061820543	False
CRC	s__GGB6544_SGB9242	1	7	2	up	1.0	0.9229677218187612	0.6987461401225973	0.48471069333881556	0.7633511430656423	0.10824163003984665	False
CRC	s__Phocaeicola_coprocola	7	7	2	up	0.5714285714285714	0.9984713656474714	0.9482620416084514	0.3429960697274721	0.6461836858757887	0.1082023510928778	False
CRC	s__GGB4538_SGB6256	1	7	2	up	1.0	0.6860779397497073	0.8453919198363545	0.3978920544048181	0.6957698927405253	0.1080808545776358	False
CRC	s__GGB9083_SGB14011	1	7	2	up	1.0	0.5431458604100629	0.9816935015667445	0.32625086783288626	0.6324308137604925	0.10807895348935001	False
CRC	s__Lachnospira_pectinoschiza	7	7	2	down	0.7142857142857143	-0.2461321044006545	-1.9635743707114777	0.049579472002094796	0.24392430032557577	0.10772585685087654	True
CRC	s__GGB9171_SGB14109	1	7	2	up	1.0	1.8955904638029022	0.4074063405279721	0.6837095708542957	0.8775729076380617	0.1075118114394242	False
CRC	s__GGB52002_SGB72669	1	7	2	down	1.0	-0.6558645885389559	-0.8558496623040943	0.3920809413244448	0.6871036779807882	0.10689131968171021	False
CRC	s__GGB3256_SGB4303	7	7	2	down	0.8571428571428571	-0.5925559734055899	-1.0311961795038391	0.30244883189545135	0.6169719255585605	0.10652527591317405	True
CRC	s__Parabacteroides_goldsteinii	7	7	2	up	0.7142857142857143	0.22454302686977354	-2.0714139732524446	0.03832012618219278	0.21683254498163307	0.10647758685867484	True
CRC	s__Gordonibacter_urolithinfaciens	7	7	2	down	0.7142857142857143	-0.5610468697949642	-1.203035705556324	0.22896250369976312	0.544975513529155	0.10564633211795232	True
CRC	s__Butyricimonas_faecihominis	7	7	2	up	0.7142857142857143	0.37519296964776166	1.5494674596835463	0.12126938802841311	0.4042575163923604	0.10541365301794493	True
CRC	s__Leptotrichia_buccalis	1	7	2	down	1.0	-1.4373538545471793	-0.5064000392454069	0.612575847027415	0.8454329004338019	0.1048130725810187	False
CRC	s__Erysipelotrichaceae_bacterium_7770_A6	5	7	2	up	0.6	0.500981051836404	1.4489048485032463	0.14736415695279745	0.4510802829972023	0.10392736367231802	True
CRC	s__GGB38744_SGB14842	7	7	2	up	0.8571428571428571	0.18373647186562603	2.047992358593859	0.04056074814430502	0.22095295684033275	0.10326517550264475	True
CRC	s__Dysosmobacter_SGB15074	1	7	2	up	1.0	1.1874444325682085	0.5695480871338567	0.5689842468432352	0.81954477225689	0.10262763480122014	False
CRC	s__Lachnoclostridium_SGB4602	1	7	2	down	1.0	-1.6855414730141056	-0.4332515176953054	0.6648320556535541	0.869315790418339	0.10251873111168555	False
CRC	s__Candidatus_Nanosynbacter_lyticus	1	7	2	up	1.0	0.7954984583747936	0.7477953549916074	0.4545836043050939	0.7439061630532443	0.1022071082497454	False
CRC	s__Mitsuokella_multacida	3	7	2	up	0.6666666666666666	0.7067538757179718	1.0591654249838758	0.28952444821988266	0.6069526945266367	0.10217076972487288	True
CRC	s__Peptidiphaga_gingivicola	1	7	2	down	1.0	-2.167943127558917	-0.32608563080652264	0.7443595683341655	0.8973637106624185	0.10196161133312504	False
CRC	s__GGB74703_SGB54323	1	7	2	up	1.0	0.765840207883547	0.7626540640410387	0.44566973265778786	0.7361226778587004	0.10189488854103423	False
CRC	s__GGB9237_SGB14179	7	7	2	up	0.8571428571428571	0.33303917265165683	1.468456220586996	0.141980339828866	0.44363259325892285	0.10076144533785232	True
CRC	s__GGB3005_SGB3996	7	7	2	up	0.5714285714285714	0.8316846567884572	-1.0299723368027873	0.30302299162796975	0.6169719255585605	0.09967602669720281	False
CRC	s__GGB9266_SGB14216	2	7	2	down	1.0	-2.359443799733248	-0.2980764287785721	0.7656448314052793	0.9073681740916548	0.09960735928977267	True
CRC	s__Evtepia_gabavorous	7	7	2	up	0.8571428571428571	0.2096686216117419	1.85908849515623	0.06301459574769024	0.27930350963991396	0.09954891357416443	True
CRC	s__GGB3061_SGB4063	7	7	2	up	0.7142857142857143	0.3016841535405112	1.6735757896926626	0.0942139999140834	0.3466269483614882	0.09915446098481878	True
CRC	s__Oscillospiraceae_unclassified_SGB15253	4	7	2	down	0.75	-1.1888545930815115	-0.6723410081830369	0.5013666287850986	0.7747819628599966	0.0988120938370107	True
CRC	s__GGB4585_SGB6340	7	7	2	down	0.7142857142857143	-0.7625919795276846	-0.9055110789559873	0.3651946932165351	0.6594021033696313	0.0985103637643181	True
CRC	s__Treponema_socranskii	1	7	2	up	1.0	0.9347713343836611	0.6567901709292377	0.5113158451397526	0.784799009684415	0.09837678753954997	False
CRC	s__GGB35068_SGB47850	7	7	2	down	0.7142857142857143	-0.749988989565899	-0.9128529482367099	0.3613198865400996	0.6553510808915802	0.09831604589502607	True
CRC	s__GGB9765_SGB15382	7	7	2	up	0.8571428571428571	0.5774828006506472	0.9763671602455444	0.3288825492790961	0.6337101399178746	0.09806120455743102	True
CRC	s__Eikenella_halliae	1	7	2	up	1.0	1.597019685448185	0.4277103344868597	0.6688620248996959	0.869315790418339	0.0971346207339278	False
CRC	s__GGB79118_SGB105839	2	7	2	up	0.5	1.450925853234519	0.7653224996669565	0.44407952935851436	0.7357070141021985	0.09670065585259631	False
CRC	s__GGB3612_SGB4882	7	7	2	down	0.5714285714285714	-0.8245120050960428	-1.0082046474427364	0.3133562272674639	0.6262372626181549	0.09576640713803058	False
CRC	s__Parasutterella_SGB9260	7	7	2	down	0.7142857142857143	-1.0342307540527527	-0.752925592889586	0.4514946278870835	0.7426324125020912	0.09546400469221973	True
CRC	s__GGB3363_SGB4447	7	7	2	down	0.7142857142857143	-0.25585338792500883	-1.7883941730091946	0.07371243576084828	0.3006494524560487	0.09538572181459389	True
CRC	s__GGB3724_SGB5054	1	7	2	down	1.0	-0.7225308969804463	-0.7581216502682597	0.44837815980768914	0.7389678509427765	0.09492210304913423	False
CRC	s__Eubacteriaceae_bacterium_CHKCI004	1	7	2	up	1.0	0.8075808908169945	0.7006389695324988	0.4835283522017144	0.7633511430656423	0.0947095656160205	False
CRC	s__GGB9832_SGB15478	1	7	2	down	1.0	-1.966697178588987	-0.34439713392974	0.7305476439837866	0.8957980890424738	0.09398819924363555	False
CRC	s__Selenomonas_SGB5880	1	7	2	up	1.0	0.8174129446372087	0.6831957708028623	0.4944831446889064	0.7686986118266208	0.09338444533091472	False
CRC	s__GGB9766_SGB15383	7	7	2	down	0.8571428571428571	-0.18394826315623247	-1.9259644149377497	0.05410881729417112	0.25574373350509705	0.09337134987288656	True
CRC	s__Roseburia_sp_AM59_24XD	7	7	2	up	0.7142857142857143	0.6625877413894351	-0.9708196459597443	0.3316380976658322	0.6359694784594181	0.09302908259362848	True
CRC	s__Selenomonas_felix	1	7	2	up	1.0	0.3493883065343436	1.2138974921364065	0.22478687070905157	0.543206768766084	0.09260006939806843	False
CRC	s__Campylobacter_SGB19316	1	7	2	up	1.0	1.0010171207415786	0.6019030040329012	0.547238704511763	0.8082836380058853	0.09253023127545826	False
CRC	s__GGB9499_SGB72735	5	7	2	up	0.6	0.6564520922476113	1.1237574973940874	0.2611159168636321	0.5827962199998011	0.09235622137634363	True
CRC	s__Lactococcus_petauri	2	7	2	up	1.0	0.45913150150864523	1.0012724919040894	0.31669508809447633	0.6298626318908707	0.09217255728320409	True
CRC	s__Solobacterium_SGB6833	1	7	2	up	1.0	1.1795619493297018	0.5226013993323637	0.6012516665438854	0.8370017124235188	0.09114906133289126	False
CRC	s__GGB2998_SGB3989	7	7	2	up	0.7142857142857143	0.7296797221640094	0.8859036292404776	0.3756694602954439	0.6687784177897309	0.09106285688730069	True
CRC	s__Vescimonas_SGB15086	1	7	2	up	1.0	4.146383196871491	0.178199996744273	0.8585659122800274	0.9508721027112365	0.09071413215463607	False
CRC	s__Bariatricus_massiliensis	1	7	2	up	1.0	2.3637177455711122	0.2711844830248122	0.7862491467303103	0.9161799480630982	0.08986669937354456	False
CRC	s__Faecalibacillus_intestinalis	7	7	2	down	0.7142857142857143	-0.2387482069860436	-1.7948814364351497	0.0726725921864483	0.2991119220850825	0.08938839903704798	True
CRC	s__GGB4773_SGB6607	2	7	2	down	1.0	-2.449931868161274	-0.2637274076579905	0.7919899747263884	0.9195805328461191	0.08920258561360138	True
CRC	s__GGB9524_SGB14924	7	7	2	up	0.5714285714285714	0.5906402789531591	1.2022951657159109	0.22924918926304216	0.544975513529155	0.08897506776263349	False
CRC	s__Intestinibacter_bartlettii	7	7	2	down	0.7142857142857143	-0.1962687948716699	-2.0043193366339485	0.04503586381271826	0.23270943134095898	0.08876761150892294	True
CRC	s__GGB36331_SGB15121	7	7	2	up	0.8571428571428571	0.3080431136059597	1.4187613980235452	0.15596859029240284	0.46165318749973655	0.08863302368083922	True
CRC	s__Kingella_denitrificans	1	7	2	down	1.0	-1.0808139262121343	-0.5452429250092998	0.5855864526492086	0.8283780188444351	0.08837970431545396	False
CRC	s__GGB97311_SGB5873	1	7	2	up	1.0	1.1369942465323206	0.5198885642209304	0.6031412464134629	0.8370017124235188	0.08785969941740761	False
CRC	s__Neobittarella_massiliensis	7	7	2	down	0.7142857142857143	-0.3715048934386751	-1.4003902977956348	0.16139647379680122	0.46732276286749475	0.0876706608020903	True
CRC	s__GGB9343_SGB14307	6	7	2	up	0.5	1.4605218211440794	0.7168285802905274	0.4734798744509804	0.7607932924421605	0.08670630604773658	False
CRC	s__Treponema_sp_Marseille_Q4130	1	7	2	up	1.0	0.23279257189258365	1.5061508190640411	0.13202846134571591	0.42844272381413523	0.08569262841660157	False
CRC	s__Neisseria_subflava	2	7	2	up	1.0	1.1746513666742646	0.5035353610342952	0.6145879254524849	0.8454329004338019	0.08565658245054039	True
CRC	s__Alistipes_SGB2313	5	7	2	up	0.6	0.4332486600028352	1.3964237404150937	0.16258693016724557	0.46907934789724176	0.08545925668723221	True
CRC	s__GGB4699_SGB6503	4	7	2	down	0.75	-2.53719069187746	-0.3110549127527059	0.7557588764000802	0.9020050000605053	0.08523258594181214	True
CRC	s__Clostridium_SGB4750	7	7	2	down	0.7142857142857143	-0.20580929915047744	-1.9066668115015177	0.05656374732374217	0.2634722955050831	0.0851558092012216	True
CRC	s__Bacteroides_xylanisolvens	7	7	2	up	0.5714285714285714	0.4808575157250163	1.3242947561836524	0.18540517138961732	0.4902487343418092	0.08506603530815826	False
CRC	s__GGB9197_SGB14136	2	7	2	up	0.5	2.1305982015773335	0.5369432587662278	0.5913068087153533	0.8323424554805992	0.08490215728723835	False
CRC	s__Cardiobacterium_SGB9419	1	7	2	down	1.0	-0.2824303860732997	-1.3017406061591879	0.19300507346575702	0.505145200422592	0.08376426839666654	False
CRC	s__GGB96534_SGB136060	1	7	2	up	1.0	1.7582438643922191	0.3406086272932467	0.7333982337888028	0.8963503103199101	0.0835556637405746	False
CRC	s__GGB4672_SGB6461	3	7	2	up	0.6666666666666666	0.6262450808697233	0.9957286047048242	0.31938202778981506	0.6312573718771223	0.08341314653892076	True
CRC	s__Dakarella_massiliensis	3	7	2	down	0.6666666666666666	-0.427448045604258	-1.2875678958524523	0.19789642081660808	0.5105720903664732	0.0831936229296029	True
CRC	s__Prevotella_koreensis	1	7	2	up	1.0	1.1271807718595759	0.5113768732185505	0.6090871856866964	0.8437957822401044	0.08314384052887584	False
CRC	s__GGB3886_SGB5269	1	7	2	up	1.0	0.37339599830006387	1.087048343545659	0.2770154451956688	0.5991437690840373	0.08306901674246207	False
CRC	s__Gemmiger_sp_An194	1	7	2	down	1.0	-0.8792645483760952	-0.6067482495458174	0.5440179965079872	0.8054642205746	0.08261019853482321	False
CRC	s__GGB9522_SGB14921	7	7	2	down	0.7142857142857143	-0.3186947115094133	-1.487578180754338	0.13686217116354576	0.4338017930173926	0.08256666492058282	True
CRC	s__Prevotella_timonensis	2	7	2	down	0.5	-1.78860621699775	-0.596152051627256	0.5510736539525265	0.8102244848140073	0.08173450767049234	False
CRC	s__Faecalicatena_orotica	1	7	2	up	1.0	2.3344740932598533	0.25707715419241367	0.7971192133138875	0.9228894638295512	0.08135715076067435	False
CRC	s__GGB4605_SGB6378	2	7	2	down	1.0	-0.9344290732319581	-0.5804531183854778	0.5616090930930917	0.8189707918335738	0.08104451631992128	True
CRC	s__Treponema_denticola	1	7	2	up	1.0	0.3946772003869714	1.014460645377748	0.310362998988732	0.6240327509781042	0.08082697663271009	False
CRC	s__Phascolarctobacterium_sp_ET69	6	7	2	down	0.6666666666666666	-0.5029205900042498	-1.134740863804686	0.2564839102941827	0.5748530597527917	0.08061587480923121	True
CRC	s__Atopobium_sp_oral_taxon_416	2	7	2	up	0.5	1.3998991421734102	0.6871999426474966	0.4919567405057641	0.7682939572330058	0.08012503509268627	False
CRC	s__GGB3328_SGB4406	2	7	2	down	0.5	-1.7801730468456032	-0.5909912135176328	0.5545263081841345	0.8130691398283797	0.07999432096126227	False
CRC	s__GGB9199_SGB14138	6	7	2	down	0.6666666666666666	-0.645860928741841	-0.9206728128065069	0.35722127450957053	0.6523347592464543	0.07988416140161442	True
CRC	s__Blautia_faecis	7	7	2	down	0.5714285714285714	-0.169843016212458	-2.339970488816069	0.01928526369874441	0.15044378040719547	0.07983842321832038	False
CRC	s__Streptococcus_gallolyticus	4	7	2	up	0.75	4.080200079203744	-0.20462387963741915	0.8378659969026729	0.9422327900787931	0.0790797436139903	True
CRC	s__Arachnia_propionica	1	7	2	down	1.0	-0.5662544805301727	-0.7891101573073712	0.43004762581973976	0.7251286213538728	0.07904060483308012	False
CRC	s__GGB9491_SGB14888	7	7	2	up	0.7142857142857143	0.6175765942917071	0.9013444206587273	0.36740522256668906	0.6626489255495728	0.0788365204106858	True
CRC	s__GGB34797_SGB14321	1	7	2	down	1.0	-0.3502734894905553	-1.095666791229172	0.27322462064848363	0.5957557196500858	0.0787876392840064	False
CRC	s__Mediterraneibacter_faecis	7	7	2	up	0.7142857142857143	0.40794193821151464	1.2242019841287202	0.22087604088851964	0.5369860782267036	0.07868529027633937	True
CRC	s__GGB9501_SGB14898	7	7	2	up	0.5714285714285714	0.569724745140865	1.1409675107044916	0.2538834433643483	0.5739591512735286	0.07849798258835965	False
CRC	s__Faecalibacillus_faecis	7	7	2	up	0.8571428571428571	0.47635067306416073	0.9549133701616714	0.3396215078245731	0.642840710334616	0.07835150379201404	True
CRC	s__GGB4611_SGB6385	2	7	2	down	1.0	-0.7141225551237916	-0.6663091767613126	0.5052135011824259	0.7768397825353459	0.07831677942362124	True
CRC	s__GGB1550_SGB2135	1	7	2	down	1.0	-1.4902427034672487	-0.3802344439235175	0.703771393361659	0.8863327814515564	0.07809346826443606	False
CRC	s__Selenomonas_SGB5897	1	7	2	down	1.0	-0.1408830928756843	-1.847778132909665	0.06463444553499463	0.28148388611039665	0.07756268831300105	False
CRC	s__GGB6001_SGB8624	1	7	2	down	1.0	-1.6465859770669098	-0.32647299454953227	0.7440665181993862	0.8973637106624185	0.07744140392156462	False
CRC	s__Limosilactobacillus_reuteri	1	7	2	down	1.0	-2.94624627377253	-0.20623250813612712	0.8366092957882035	0.9414783881874251	0.07716114353304275	False
CRC	s__Ruminococcus_gauvreauii	2	7	2	up	1.0	2.0004574836540114	0.27475517851139186	0.7835043355593245	0.915466866201495	0.07673228715620191	True
CRC	s__Actinomyces_israelii	1	7	2	down	1.0	-1.6092348471292257	-0.3348856987843532	0.7377113105569337	0.8963503103199101	0.07647442342295575	False
CRC	s__Blautia_sp_MCC283	7	7	2	down	0.7142857142857143	-0.5772824184573374	-0.9173271133914884	0.35897125365886273	0.652564258630987	0.07643908515709172	True
CRC	s__Hydrogenoanaerobacterium_saccharovorans	7	7	2	up	0.7142857142857143	0.2824424620244501	1.523821367936564	0.1275533402394856	0.41832289339766	0.07635799021993417	True
CRC	s__Prevotella_nanceiensis	1	7	2	up	1.0	0.8087235079629138	0.6129730771091922	0.5398941416944123	0.8052467209361064	0.07607745742721007	False
CRC	s__GGB9730_SGB15290	5	7	2	up	0.8	0.4205623649638312	1.0991690843253261	0.2716943209294689	0.5948402911902677	0.07590296860147108	True
CRC	s__GGB9380_SGB72486	1	7	2	down	1.0	-0.922857798316452	-0.5519113188588669	0.5810091130696071	0.8275555177866806	0.07586155158248599	False
CRC	s__GGB9619_SGB15067	7	7	2	down	0.7142857142857143	-0.369659730540968	-1.278758387859705	0.20098215157979238	0.5167653081419621	0.07570278768730862	True
CRC	s__GGB2652_SGB3573	5	7	2	up	0.6	0.7110812583450632	-0.8950280466788857	0.37077209542063505	0.664989684532322	0.07559579870157979	True
CRC	s__GGB4884_SGB6823	2	7	2	up	0.5	1.3072910174968042	-0.6929804554330116	0.4883218169791922	0.766340976450744	0.07554700922460225	False
CRC	s__GGB9524_SGB14923	3	7	2	up	0.6666666666666666	1.2121129285238865	0.5988788664031499	0.5492536653012066	0.8082881319954569	0.07469346760606482	True
CRC	s__Hafnia_alvei	1	7	2	up	1.0	1.0720564445348413	0.4835580804833705	0.6286995309220154	0.8533942936253555	0.07381137078925615	False
CRC	s__Longibaculum_muris	3	7	2	up	0.6666666666666666	0.7576687889887145	0.8106163673825498	0.4175860145520839	0.7146546596221499	0.07369782196764793	True
CRC	s__GGB9089_SGB14018	4	7	2	down	0.75	-0.5617326090575736	-0.8864130774833827	0.37539497475191375	0.6687784177897309	0.07360849337792665	True
CRC	s__Lachnospiraceae_bacterium_EP_SM_12S_S03	1	7	2	down	1.0	-1.290078881255028	-0.4050486115272859	0.6854417789329471	0.8783930930982822	0.07264574513314137	False
CRC	s__Holdemanella_biformis	7	7	2	up	0.5714285714285714	0.3427374545406244	1.5134735327949453	0.13015941917701812	0.42600038007630986	0.072580044501731	False
CRC	s__Clostridia_bacterium_UC5_1_1D1	7	7	2	up	0.8571428571428571	0.364626354449483	1.1179204706253065	0.26360096132030575	0.585930341682118	0.07255668948689385	True
CRC	s__Alistipes_shahii	7	7	2	up	0.7142857142857143	0.21115771264619396	1.714929014037836	0.0863582424055551	0.33042308463268344	0.07253714160718441	True
CRC	s__Streptococcus_sanguinis	7	7	2	up	0.7142857142857143	0.48858682360659206	1.0233132816368182	0.3061597459997051	0.6218012961776093	0.07201364147576461	True
CRC	s__Pseudoflavonifractor_gallinarum	7	7	2	up	0.7142857142857143	0.48903281461575754	1.013814441850171	0.31067130279521415	0.6240327509781042	0.07153593555301282	True
CRC	s__GGB9785_SGB15408	3	7	2	up	0.6666666666666666	0.4307881268072084	-1.1562497149498432	0.24757903006464443	0.5643397181757214	0.07135556814117565	True
CRC	s__Actinomyces_sp_HMT897	1	7	2	up	1.0	0.23748898953758826	1.3071675127527724	0.19115582634370898	0.5019402172129744	0.07109185539965981	False
CRC	s__GGB9425_SGB14795	1	7	2	up	1.0	0.8392210200503541	0.562927278823868	0.5734844039707498	0.8228477117687455	0.07106568432240858	False
CRC	s__GGB9715_SGB15266	6	7	2	down	0.8333333333333334	-1.8817246939237007	-0.3184903683820774	0.7501129995137993	0.9009204710154525	0.07105634682621106	True
CRC	s__GGB9453_SGB14844	7	7	2	up	0.7142857142857143	0.5179389443642584	0.9563543616159815	0.3388932338889432	0.642840710334616	0.07099338340797298	True
CRC	s__Erysipelotrichaceae_bacterium_LH1062	1	7	2	down	1.0	-1.765505424587591	-0.28574900487039473	0.77507036837368	0.9118611796800676	0.07074604976706816	False
CRC	s__GGB3619_SGB4894	7	7	2	down	0.7142857142857143	-1.144210577034752	-0.571457702083818	0.5676894246368707	0.81954477225689	0.07063646337276422	True
CRC	s__GGB9064_SGB13983	6	7	2	down	0.6666666666666666	-0.4862438051561838	-1.0654641482614764	0.28666594120612776	0.6069526945266367	0.07029307592588717	True
CRC	s__GGB9412_SGB14770	5	7	2	down	0.8	-0.7667401900410659	-0.6834283278659622	0.4943362249277362	0.7686986118266208	0.07007631364750058	True
CRC	s__GGB3677_SGB4990	6	7	2	up	0.6666666666666666	0.2847493899394218	1.5053005060175624	0.1322468351672186	0.42844272381413523	0.06987887246732269	True
CRC	s__Lachnospiraceae_bacterium_2_1_46FAA	1	7	2	up	1.0	2.358014367656776	0.2251144247028061	0.8218902596749623	0.9343048731297537	0.06958827210660214	False
CRC	s__Dialister_succinatiphilus	2	7	2	down	0.5	-0.6597723300943239	-1.036565436060677	0.29993842858190545	0.6155824453781891	0.06951155865595972	False
CRC	s__GGB9715_SGB15265	7	7	2	down	0.7142857142857143	-0.444436675250326	-1.061761352846464	0.2883440387421985	0.6069526945266367	0.06883852876671022	True
CRC	s__Eubacterium_SGB4961	5	7	2	up	0.6	0.44912697752636654	-1.1857440502073382	0.23572339281068078	0.5562104066751857	0.0686519930466814	True
CRC	s__GGB1266_SGB1699	6	7	2	up	0.8333333333333334	1.1977565169925175	0.4750721665195225	0.6347355364127072	0.8535732276277995	0.0686306649319799	True
CRC	s__GGB9110_SGB14043	5	7	2	down	0.6	-2.1664008505705357	-0.3819383746336834	0.7025070753155721	0.8861294113281981	0.06824532955809628	True
CRC	s__GGB4699_SGB6502	3	7	2	up	0.6666666666666666	1.7681085664142466	-0.41353226038697255	0.679216691624508	0.8753017028392819	0.06818089095036364	True
CRC	s__GGB41458_SGB58520	5	7	2	up	1.0	0.35441253103656345	0.9521953032596872	0.34099794253478544	0.6439291347278499	0.0677501815727095	True
CRC	s__GGB4591_SGB6350	3	7	2	down	0.6666666666666666	-0.49284408089651066	-1.0199707165846676	0.3077423490197607	0.6236342432216336	0.0673783722566847	True
CRC	s__Lachnoanaerobaculum_saburreum	1	7	2	up	1.0	0.7142368030513995	0.6112340861874693	0.5410446204744321	0.8052467209361064	0.06718899530194102	False
CRC	s__GGB3474_SGB4637	1	7	2	up	1.0	0.9754392077735161	0.47040724752213253	0.638064087159921	0.8559006578180243	0.06591690402777645	False
CRC	s__GGB9453_SGB14845	7	7	2	up	0.7142857142857143	0.32576035384055124	1.2502058510929581	0.21122435998032052	0.5246329930268548	0.06518567086660226	True
CRC	s__GGB9635_SGB15102	1	7	2	down	1.0	-0.5499691356582064	-0.7039463075474277	0.48146621157586267	0.7633511430656423	0.06449798222406238	False
CRC	s__Streptococcus_vestibularis	7	7	2	up	0.7142857142857143	1.085687744762274	0.5520827691030554	0.5808916467816534	0.8275555177866806	0.06374759934536822	True
CRC	s__GGB12972_SGB1701	1	7	2	up	1.0	1.1488347671561943	0.39640828062794276	0.6918038583297963	0.880394500962884	0.06355661677108053	False
CRC	s__Anaerotignum_sp_MSJ_24	7	7	2	up	0.8571428571428571	0.20017054793346684	1.5071224626626816	0.13177927006862028	0.42844272381413523	0.06315790765225593	True
CRC	s__GGB3444_SGB4594	7	7	2	up	0.7142857142857143	0.44170481060055605	0.994542581392298	0.31995878561131974	0.6312573718771223	0.06303554747927437	True
CRC	s__GGB9210_SGB14149	6	7	2	up	0.6666666666666666	1.1608419411375246	0.5437935474686578	0.586583549584204	0.8290587195970236	0.06300640562612757	True
CRC	s__GGB3616_SGB4888	2	7	2	up	0.5	2.3192309844584607	0.3874895009417443	0.6983938560754137	0.883020398672848	0.06265317117452782	False
CRC	s__GGB12441_SGB19290	1	7	2	up	1.0	0.17552391119803906	1.46089327739076	0.14404473180964353	0.44601133722176717	0.06154817941821574	False
CRC	s__GGB9580_SGB14996	1	7	2	up	1.0	1.1728800133136181	0.3806235324989283	0.703482617000303	0.8863327814515564	0.06146265161009819	False
CRC	s__GGB29535_SGB36365	1	7	2	up	1.0	1.6839526821928292	0.2640647503203645	0.7917300252504688	0.9195805328461191	0.06131310639887204	False
CRC	s__GGB9694_SGB15207	1	7	2	down	1.0	-0.8894180867788781	-0.4781062155826389	0.632574608379783	0.8533942936253555	0.06123667137544362	False
CRC	s__Collinsella_aerofaciens	7	7	2	down	0.7142857142857143	-0.32242859719586514	1.2055012874112143	0.22800984132865865	0.544975513529155	0.06071399823713192	True
CRC	s__Clostridium_sp_AM33_3	7	7	2	down	0.5714285714285714	-0.5683101885616608	-0.9183573974209817	0.3584317868625645	0.652564258630987	0.060200843829880876	False
CRC	s__GGB9529_SGB53518	1	7	2	up	1.0	1.6359893222727406	0.26440810433498985	0.7914654673254409	0.9195805328461191	0.059566749377605664	False
CRC	s__Bifidobacterium_dentium	7	7	2	up	0.7142857142857143	0.6994504409507383	0.7107307392585254	0.4772511073065082	0.7623683195244122	0.058871324354992136	True
CRC	s__GGB4569_SGB6312	6	7	2	up	0.6666666666666666	0.5773891954244393	0.8282941196520219	0.40750395223156166	0.7041493024044296	0.05863781699139957	True
CRC	s__GGB9509_SGB14906	7	7	2	up	0.5714285714285714	0.8674425625298855	0.7048958907817208	0.4808750275948527	0.7633511430656423	0.05813136083561533	False
CRC	s__Parabacteroides_merdae	7	7	2	up	0.5714285714285714	0.23738840737054248	1.6173147081336638	0.1058103660164249	0.3737082597547139	0.057986161320331873	False
CRC	s__Megasphaera_sp_NM10	2	7	2	up	1.0	0.7325733420046534	0.5323735018449272	0.5944673340140938	0.8339687395412956	0.05776357514505407	True
CRC	s__GGB4567_SGB6308	7	7	2	down	0.5714285714285714	-0.19120260730211497	-1.8042228866076002	0.07119637287542932	0.29717550963848033	0.057577877327378305	False
CRC	s__Arachnia_rubra	1	7	2	up	1.0	0.5801496668901045	0.6326633251206165	0.5269535244056964	0.796269418941386	0.05739998670065814	False
CRC	s__Bacteroides_mediterraneensis	2	7	2	down	1.0	-1.9068695373540088	-0.23743600063099435	0.8123185636387995	0.9330660333539641	0.05737316606640195	True
CRC	s__Clostridia_bacterium_UC5_1_1E11	6	7	2	up	0.6666666666666666	0.42997841643790463	0.9803952235141357	0.32689106660821976	0.6328666490986871	0.05695430760805102	True
CRC	s__Klebsiella_aerogenes	2	7	2	up	1.0	0.612978398034292	0.5989497866453458	0.5492063697915266	0.8082881319954569	0.05665992133160755	True
CRC	s__Prevotellaceae_bacterium_Marseille_P2826	1	7	2	up	1.0	0.40541552536321357	0.7892230059667353	0.4299816779667337	0.7251286213538728	0.056589906897384565	False
CRC	s__Neisseria_sicca	1	7	2	down	1.0	-0.4694202055411297	-0.7244407994705678	0.4687951595901618	0.7586644727707855	0.056307072362507433	False
CRC	s__Collinsella_tanakaei	5	7	2	up	0.8	0.8600548896241672	0.546647843439994	0.5846206930588396	0.8283780188444351	0.05626233711213327	True
CRC	s__GGB49418_SGB69331	7	7	2	down	0.5714285714285714	-0.5393428931370854	-0.9103695012420701	0.3626276764276848	0.6569815964140805	0.05622936155910715	False
CRC	s__Streptococcus_gordonii	7	7	2	up	0.7142857142857143	0.546140469938437	0.8029281448804035	0.42201626742179066	0.7176509436474261	0.056208285543131405	True
CRC	s__Faecalimonas_umbilicata	6	7	2	up	0.8333333333333334	0.2104970030052839	1.3601023754980945	0.17379752946597793	0.480045728494813	0.05590754623032924	True
CRC	s__Slackia_isoflavoniconvertens	7	7	2	up	0.7142857142857143	0.2126056412562863	1.5082062801054161	0.1315017404841108	0.42844272381413523	0.055901195236758495	True
CRC	s__Bacteroides_sp_AF16_49	1	7	2	down	1.0	-1.988066077200907	-0.2146664850885736	0.83002735442314	0.9373534494434196	0.05585793328549808	False
CRC	s__GGB9637_SGB15111	5	7	2	down	0.8	-1.4449723897204914	-0.36200352545912906	0.7173493959325226	0.8950159000493508	0.05568258825174965	True
CRC	s__Prevotella_corporis	2	7	2	up	0.5	1.1788251726431158	-0.611503624661534	0.5408662194704494	0.8052467209361064	0.05544665204043557	False
CRC	s__GGB9780_SGB15400	1	7	2	up	1.0	1.062945044587803	0.37644931281959243	0.7065828911762103	0.8870927391563829	0.055306067503585396	False
CRC	s__Holdemania_massiliensis	7	7	2	up	0.8571428571428571	0.46013277920154505	0.7904734770284387	0.4292513058821331	0.7251286213538728	0.05505223901284682	True
CRC	s__Leptotrichia_sp_oral_taxon_215	1	7	2	up	1.0	0.5820226945735145	0.6099061905140606	0.5419239515017276	0.8052467209361064	0.05475147727511981	False
CRC	s__GGB1239_SGB1657	1	7	2	down	1.0	-0.8590133654233069	-0.45230065889111276	0.6510524013447508	0.8639481494310607	0.054557932852563315	False
CRC	s__Methanosphaera_stadtmanae	6	7	2	down	0.5	-2.2768177407836605	-0.3286722920920064	0.7424033995244557	0.8963503103199101	0.05409972456046529	False
CRC	s__GGB74505_SGB47518	4	7	2	up	0.75	0.3758050834147482	0.9553702223875244	0.3393905071333779	0.642840710334616	0.05408679613113499	True
CRC	s__Escherichia_marmotae	6	7	2	down	0.6666666666666666	-1.7043135347224236	-0.33213980638962587	0.7397836934690272	0.8963503103199101	0.053995182920772974	True
CRC	s__GGB1380_SGB1883	1	7	2	up	1.0	1.204646787394225	0.31033125144647233	0.7563090682337301	0.9020050000605053	0.053957400555824486	False
CRC	s__GGB45497_SGB63169	6	7	2	down	0.5	-0.5428123320347907	-0.9754406163143756	0.3293417447155582	0.6338349506082659	0.05374488490797105	False
CRC	s__Tyzzerella_SGB4587	6	7	2	down	0.5	-0.20030767775222466	1.8248953384373536	0.06801682481583962	0.2906995677634422	0.05373810451008972	False
CRC	s__GGB33469_SGB15236	7	7	2	up	0.7142857142857143	0.40420725402861557	0.923034837023643	0.3559890509051722	0.651565381326437	0.053713946672916166	True
CRC	s__Parabacteroides_johnsonii	7	7	2	down	0.5714285714285714	-0.9255676049001758	-0.6412082083098075	0.5213874173308859	0.7927738339978473	0.053339505065094626	False
CRC	s__GGB51647_SGB4348	7	7	2	up	0.8571428571428571	0.11239230052456724	1.8529913408703447	0.06388359978968226	0.28049438486890543	0.053184919208476504	True
CRC	s__Leptotrichia_sp_oral_taxon_221	1	7	2	up	1.0	2.4295280700310284	0.1786203052230534	0.8582358496368644	0.9508721027112365	0.053152957638956805	False
CRC	s__Brachyspira_aalborgi	1	7	2	up	1.0	1.261203553759461	0.2957396237351022	0.76742893460922	0.9081430765221035	0.052775975404369804	False
CRC	s__GGB6612_SGB9346	6	7	2	up	0.6666666666666666	0.4211673626333614	0.9272468353194272	0.35379839073249975	0.6505194667129601	0.052432445390166754	True
CRC	s__GGB9635_SGB15106	7	7	2	down	0.7142857142857143	-0.3154701377943816	-1.1193969591348156	0.26297082767713453	0.585930341682118	0.052312612968997044	True
CRC	s__Lacrimispora_sp_210928_DFI_3_58	3	7	2	down	0.6666666666666666	-1.6252655671990133	-0.3480338216771429	0.7278147834049239	0.8957980890424738	0.05178081832381749	True
CRC	s__Fusobacterium_ulcerans	2	7	2	up	0.5	0.2786542039512151	1.4931006951671892	0.13541083061572814	0.43004981185667024	0.051060768818712556	False
CRC	s__GGB33512_SGB15202	5	7	2	down	0.6	-0.9485522712355282	-0.5894724094537842	0.5555444151775049	0.813819393974704	0.05092130123696388	True
CRC	s__Bifidobacterium_ruminantium	1	7	2	up	1.0	0.9256686254754874	0.3915582363879284	0.6953846511782413	0.8812958473528657	0.050799098553452035	False
CRC	s__Parabacteroides_acidifaciens	1	7	2	up	1.0	0.5855110180439959	0.5678042418378587	0.5701678992129906	0.8201044719735284	0.05043054405587405	False
CRC	s__Drancourtella_massiliensis	2	7	2	down	1.0	-0.5101762718351726	-0.6312503538762914	0.52787684259193	0.7965240244556165	0.050405987381152935	True
CRC	s__Intestinibacillus_sp_Marseille_P6563	6	7	2	up	0.6666666666666666	0.5022002511855688	0.8236782784039278	0.4101223848505665	0.707153082033112	0.05038292598044293	True
CRC	s__GGB9424_SGB14794	5	7	2	down	0.8	-0.7144881477222725	-0.5732928888166905	0.566446399479337	0.81954477225689	0.04940103414230604	True
CRC	s__Clostridium_sp_chh4_2	1	7	2	up	1.0	1.6379807743383024	0.23408439264812675	0.8149194622258457	0.9330660333539641	0.04928294313730939	False
CRC	s__GGB3730_SGB5060	7	7	2	down	0.5714285714285714	-0.45719320248851136	-0.9436232631881717	0.3453622000899862	0.6478055639217554	0.04926069339168104	False
CRC	s__Coprococcus_comes	7	7	2	down	0.7142857142857143	-0.1979506687041436	-1.4538452288710009	0.1459892207295939	0.4485749095840485	0.049228213479703894	True
CRC	s__GGB9774_SGB15394	6	7	2	up	0.6666666666666666	0.3695593855824465	-0.9854999724200711	0.3243785449715352	0.6324308137604925	0.049025003603713375	True
CRC	s__GGB9580_SGB14998	1	7	2	up	1.0	0.7430450543335263	0.4663268680612374	0.6409815496977986	0.8590970395032215	0.04900960041460665	False
CRC	s__GGB3733_SGB5066	5	7	2	down	0.6	-0.818716788237423	-0.6356279179542178	0.5250189685029193	0.7950375212242056	0.04893259406235983	True
CRC	s__Parasutterella_secunda	3	7	2	up	0.6666666666666666	0.5708358679908695	0.7491152971085063	0.45378771581224886	0.7439061630532443	0.048894696349067415	True
CRC	s__GGB4682_SGB6472	3	7	2	down	0.6666666666666666	-0.6633636721926252	-0.667013534988922	0.5047634879323526	0.7768397825353459	0.048500084492964335	True
CRC	s__Lactobacillus_gasseri	6	7	2	up	0.6666666666666666	1.4926409273031498	0.36388169261569553	0.7159463560383932	0.8939594360168593	0.048443349978333196	True
CRC	s__Amedibacillus_dolichus	6	7	2	up	0.6666666666666666	0.17681860994804408	1.587478162196043	0.11240438906712631	0.38845989942123005	0.0484074901704552	True
CRC	s__Oxalobacter_formigenes	4	7	2	down	0.75	-0.7453214182174394	-0.567238969066058	0.5705518355111417	0.8201044719735284	0.048146358640825074	True
CRC	s__GGB3385_SGB4471	2	7	2	up	0.5	0.9489449175278754	0.6411197356915479	0.5214448926793557	0.7927738339978473	0.04785087601502524	False
CRC	s__GGB1144_SGB1469	1	7	2	up	1.0	1.6685725171716834	0.22085761239291887	0.8252033028119596	0.9368026866821905	0.04730715511171183	False
CRC	s__Megasphaera_elsdenii	5	7	2	up	0.6	0.8275796104054723	0.6192686824279984	0.5357393720960819	0.8031093012671675	0.04728393197808981	True
CRC	s__GGB3304_SGB4365	7	7	2	up	0.5714285714285714	0.40070679059972514	1.0144728624386732	0.31035717217301895	0.6240327509781042	0.04689245268012394	False
CRC	s__Sgatella_sinensis	2	7	2	up	0.5	4.486070246131953	-0.16162567221815438	0.8716006396077148	0.9530717231472721	0.04682204696385519	False
CRC	s__Selenomonas_flueggei	1	7	2	up	1.0	1.0360437519383405	0.31699632436695163	0.7512463912733779	0.9016078795939644	0.046603632347094893	False
CRC	s__Lachnoclostridium_sp_An118	4	7	2	down	0.5	-0.6700379302941115	-0.7785114372630819	0.43626756670460265	0.7272634644131706	0.046335879939717294	False
CRC	s__GGB9536_SGB14939	1	7	2	down	1.0	-3.085181526912071	-0.1061941403654067	0.9154283199701533	0.9660620734021881	0.04626219675221804	False
CRC	s__Lactococcus_laudensis	2	7	2	up	0.5	0.7196495477204352	-0.7490414007243259	0.45383225250292647	0.7439061630532443	0.04623095019945891	False
CRC	s__GGB9211_SGB14151	3	7	2	up	0.6666666666666666	1.7902231896073424	0.27703792452745046	0.7817509858035214	0.9149845842580181	0.04605196736154975	True
CRC	s__GGB9641_SGB15117	6	7	2	down	0.8333333333333334	-0.7242198737283658	-0.5163048369673245	0.6056415184770475	0.8397462641868985	0.0457778896626818	True
CRC	s__GGB3057_SGB4059	2	7	2	up	1.0	0.329457483416698	0.7797156469919487	0.43555826677287335	0.7272634644131706	0.04556668124784123	True
CRC	s__GGB1022_SGB1315	1	7	2	up	1.0	0.9486098814555953	0.35340498714257107	0.7237848475437891	0.8955938672519779	0.04542787331377277	False
CRC	s__GGB9708_SGB15235	5	7	2	up	0.6	0.15703364974583964	1.719363553008776	0.08554819440862134	0.32951543938112976	0.04542583665128321	True
CRC	s__GGB3475_SGB4638	3	7	2	up	0.6666666666666666	0.6461316772699517	0.6545493427183044	0.5127579484032878	0.7850088131519287	0.04528326308520123	True
CRC	s__Enterobacter_roggenkampii	2	7	2	up	0.5	1.4067362485572001	-0.4561160339868549	0.6483065407589024	0.8634068124006211	0.04486400453617849	False
CRC	s__Propionibacterium_freudenreichii	3	7	2	down	0.6666666666666666	-1.4600779164184603	-0.3209613485596973	0.7482396818482151	0.8993426841661045	0.04484852597672441	True
CRC	s__GGB96297_SGB123797	1	7	2	up	1.0	1.1066912245126161	0.28954935642440366	0.7721610155867056	0.9110592893155917	0.044769377825080885	False
CRC	s__Phascolarctobacterium_faecium	7	7	2	up	0.7142857142857143	0.17080201350060292	1.4860957868885896	0.1372537865444197	0.4341866830253591	0.0442039882159011	True
CRC	s__GGB3123_SGB4135	3	7	2	up	0.6666666666666666	2.2001225867461844	-0.23244199944105864	0.8161947312204234	0.9330660333539641	0.04413096825735506	True
CRC	s__GGB3678_SGB4991	6	7	2	down	0.8333333333333334	-0.7675898066962519	-0.4798863298360124	0.6313082221189728	0.8533942936253555	0.044040634959829905	True
CRC	s__Marseilla_massiliensis	2	7	2	down	0.5	-0.7655731644680985	0.6878452638631462	0.4915502286171669	0.7682939572330058	0.0438185686533028	False
CRC	s__Lacrimispora_amygdalina	7	7	2	down	0.7142857142857143	-0.19243421025609414	-1.342425151209775	0.17945818423527993	0.48367655156604744	0.04335885929304444	True
CRC	s__GGB74708_SGB54312	1	7	2	up	1.0	0.21666771561618672	0.9947702298529159	0.3198480283951146	0.6312573718771223	0.04328880928177513	False
CRC	s__Acidaminococcus_SGB5735	2	7	2	down	0.5	-1.7995908898807031	0.3593859407665804	0.7193063908147006	0.8955630755706956	0.04310363980663202	False
CRC	s__Anaerobutyricum_soehngenii	7	7	2	down	0.5714285714285714	-0.23289371018334434	-1.362090820050213	0.17316922504640342	0.480045728494813	0.042415586023336144	False
CRC	s__GGB4711_SGB6524	1	7	2	down	1.0	-0.35932778199503035	-0.7080862818262452	0.47889167805701793	0.7625754197643532	0.04229905949174669	False
CRC	s__Prevotella_multiformis	1	7	2	down	1.0	-0.6229835397931929	-0.4724178157028264	0.6366285903648417	0.855403131033696	0.042256452956187525	False
CRC	s__GGB3637_SGB4930	4	7	2	down	0.75	-1.1816115586482359	-0.3302109459358087	0.7412405766330034	0.8963503103199101	0.0421146093834871	True
CRC	s__GGB4533_SGB6246	1	7	2	down	1.0	-0.9330650756266257	-0.3073197249858542	0.7586000233098108	0.9020050000605053	0.04179296915666009	False
CRC	s__Hallella_faecis	1	7	2	down	1.0	-0.28056158762493116	-0.8159841575766016	0.4145091967037282	0.7103450241554822	0.04167199703715442	False
CRC	s__Massiliimalia_timonensis	7	7	2	up	0.5714285714285714	0.36457230253694706	0.9822325282672786	0.3259853059026324	0.6324308137604925	0.04145436618301271	False
CRC	s__Prevotella_histicola	2	7	2	up	0.5	0.4131429659569039	-0.9796410410573457	0.3272633387685183	0.6328666490986871	0.04104323147917272	False
CRC	s__Dorea_phocaeensis	3	7	2	up	0.6666666666666666	1.0015266239408132	0.4269150980324984	0.6694411682586214	0.869315790418339	0.04061018978365345	True
CRC	s__GGB3606_SGB4870	2	7	2	down	1.0	-0.8680330413842063	-0.3243574927078248	0.745667397437272	0.8978896930068168	0.04060399349897958	True
CRC	s__Haemophilus_pittmaniae	2	7	2	up	1.0	2.265001336069486	0.12348823275140623	0.9017204918756384	0.95963475898566	0.040530001436299756	True
CRC	s__GGB3649_SGB4958	6	7	2	up	0.6666666666666666	0.2604036047635599	1.1100108919659082	0.2669943329879618	0.5898001215498095	0.039806187736671855	True
CRC	s__Odoribacter_laneus	1	7	2	up	1.0	0.9850075472787411	0.28857652092639074	0.7729054650137468	0.9112685856765159	0.0397486015242979	False
CRC	s__Bacteroides_faecalis	1	7	2	down	1.0	-1.852782608064815	-0.1717229698997834	0.8636553266927433	0.951932278483157	0.03963833237685028	False
CRC	s__GGB3130_SGB4143	1	7	2	up	1.0	0.08719521464186945	1.660601654732694	0.09679347643383371	0.35112215943379405	0.03963386643184048	False
CRC	s__GGB32487_SGB54320	1	7	2	down	1.0	-2.211726779432436	-0.12186842467710324	0.9030032226502358	0.95963475898566	0.03957670493151058	False
CRC	s__GGB4559_SGB6293	4	7	2	down	0.75	-0.23269045877279212	-1.0992779156496368	0.2716468621422824	0.5948402911902677	0.03937115973486197	True
CRC	s__GGB74665_SGB13972	2	7	2	up	0.5	0.5631184279708958	0.7933933576737316	0.4275486795048641	0.7247581518610934	0.039363918376917544	False
CRC	s__Schaalia_SGB17157	6	7	2	down	0.8333333333333334	-0.4492984148765811	-0.6522015491024122	0.5142711607594717	0.7855834176240218	0.03924160837307965	True
CRC	s__Catonella_SGB69305	1	7	2	down	1.0	-1.7301515421094695	-0.183528832868349	0.854383097611009	0.9491801891045161	0.03919024179097771	False
CRC	s__Prevotella_loescheii	1	7	2	up	1.0	0.5071537992876863	0.5220700643960388	0.6016215485002974	0.8370017124235188	0.039189626948165704	False
CRC	s__Actinomyces_johnsonii	1	7	2	up	1.0	0.441031937210082	0.5862871795908043	0.5576825449336924	0.8154648313998578	0.03907312042168856	False
CRC	s__GGB58485_SGB80143	6	7	2	down	0.6666666666666666	-0.13209640623880275	-1.6425083873796171	0.10048468938825249	0.36044396394402173	0.0390267597740402	True
CRC	s__GGB1473_SGB2039	1	7	2	up	1.0	0.5647838290831907	0.48485429824274767	0.6277797029516169	0.8533942936253555	0.038885516557221195	False
CRC	s__GGB9469_SGB14863	5	7	2	up	0.6	0.5414352454042141	0.719212031415795	0.4720102874010912	0.7607932924421605	0.038571844183423236	True
CRC	s__Bianquea_renquensis	7	7	2	down	0.5714285714285714	-0.7836072278562883	-0.565813863081548	0.5715203214505831	0.8207624276774683	0.03841132147900408	False
CRC	s__GGB3032_SGB4027	6	7	2	down	0.6666666666666666	-0.7431061601112254	-0.521332555418406	0.6021351259082013	0.8370017124235188	0.03828168527778052	True
CRC	s__Clostridium_SGB4751	4	7	2	down	0.75	-1.073335183735889	-0.3290149540349937	0.7421443850487295	0.8963503103199101	0.038255458547056434	True
CRC	s__bacterium_210917_SL_2_15	6	7	2	down	0.6666666666666666	-0.08957825776260127	-2.014122624420868	0.04399666073090917	0.23105435880578773	0.03799825097585005	True
CRC	s__GGB4299_SGB5872	1	7	2	down	1.0	-0.40133884486554294	-0.60952565253587	0.5421760747062023	0.8052467209361064	0.03775436052434398	False
CRC	s__Alloprevotella_sp_Lung230	1	7	2	down	1.0	-1.7980946450399624	-0.15881146008053776	0.8738174195660527	0.9530755490262378	0.03753103984695818	False
CRC	s__GGB6519_SGB9208	1	7	2	down	1.0	-1.7969198501083368	-0.1604247820354059	0.8725464691894442	0.9530717231472721	0.03750965143026939	False
CRC	s__Veillonella_dispar	7	7	2	up	0.7142857142857143	0.3917381619474796	0.7625955393565493	0.44570464564811174	0.7361226778587004	0.03722906082012203	True
CRC	s__Ruminococcus_bromii	7	7	2	down	0.7142857142857143	-0.20525096878814791	-1.1724425606378104	0.24101942046069558	0.559708394046731	0.03695077184738149	True
CRC	s__Oscillospiraceae_unclassified_SGB15257	3	7	2	down	0.6666666666666666	-0.9038449801149023	-0.43159290182539256	0.6660373183055641	0.869315790418339	0.03664936637734138	True
CRC	s__GGB9081_SGB14005	1	7	2	down	1.0	-3.6274228307824945	-0.07867780695811731	0.9372888982300212	0.977012910539579	0.03663587273934452	False
CRC	s__Ruminococcus_sp_210702_SL_1_03	1	7	2	down	1.0	-2.2053156343668134	-0.11248141644735772	0.9104417037544277	0.9625525117982667	0.03655436003586293	False
CRC	s__Schaalia_SGB17153	6	7	2	up	0.5	0.3383617631573989	1.046200416111155	0.2954685108405434	0.6103057801037959	0.03628126586483878	False
CRC	s__Clostridium_sp_NSJ_42	7	7	2	down	0.7142857142857143	-0.23070181198713452	-1.0783415592805734	0.2808813568741366	0.6026386388474466	0.03624375339033637	True
CRC	s__Eubacterium_hominis	2	7	2	up	1.0	0.41746887494026697	0.5790698167617272	0.5625420652113999	0.81954477225689	0.03608071423231415	True
CRC	s__Gemella_haemolysans	4	7	2	up	0.75	1.3175919529303302	0.26300786577071317	0.7925445164852987	0.9195805328461191	0.03598037067249264	True
CRC	s__GGB1096_SGB1408	4	7	2	up	0.5	0.45706310570976155	0.8370164528224715	0.4025833199740454	0.6996343237122921	0.035451846672649945	False
CRC	s__Senegalimassilia_anaerobia	7	7	2	down	0.7142857142857143	-0.2672747591297502	-0.918138129164993	0.35854655513383893	0.652564258630987	0.03539036946258566	True
CRC	s__Catenibacterium_tridentinum	7	7	2	down	0.5714285714285714	-0.5205944398560585	0.7157783099346948	0.4741282474872621	0.7607932924421605	0.03532109076197009	False
CRC	s__GGB4266_SGB5809	4	7	2	down	0.75	-0.3035420397312804	-0.8378112850965432	0.4021366996878927	0.6996343237122921	0.03531610531508366	True
CRC	s__Blautia_massiliensis	7	7	2	down	0.5714285714285714	-0.32749536933539186	-0.9403528970955848	0.34703657475147986	0.6484741577042187	0.035202444738440336	False
CRC	s__Intestinimonas_massiliensis	7	7	2	up	0.5714285714285714	0.6761792780973316	0.5947870291006575	0.5519858389530754	0.8108238054822597	0.03518972549491318	False
CRC	s__GGB9198_SGB14137	7	7	2	down	0.5714285714285714	-0.6992135201162241	-0.5837219029311773	0.5594074286591181	0.8165011243008199	0.03517771704252759	False
CRC	s__GGB3593_SGB4817	6	7	2	up	0.8333333333333334	0.6100676183117353	0.48177991661588226	0.6299622976909962	0.8533942936253555	0.03500276455535581	True
CRC	s__GGB9762_SGB15377	6	7	2	down	0.6666666666666666	-0.7563611850019523	0.48605138126451164	0.6269307367012893	0.8533942936253555	0.03471711224496438	True
CRC	s__GGB9701_SGB15218	1	7	2	down	1.0	-0.15906258877772114	-1.074143123273264	0.28275853950416074	0.605050563226613	0.034708781934315536	False
CRC	s__Pseudoruminococcus_massiliensis	7	7	2	up	0.5714285714285714	0.8681411469391629	-0.4901083986462102	0.6240571953080674	0.8523642300923453	0.034415488299117315	False
CRC	s__Prevotella_pleuritidis	1	7	2	up	1.0	1.8120207466668357	0.1466088032210975	0.8834408048070403	0.9573090851820052	0.0343338419801404	False
CRC	s__Citrobacter_braakii	3	7	2	down	0.6666666666666666	-0.19527565585910114	-1.199603167029161	0.23029349599905125	0.5450392460537192	0.0343128260456523	True
CRC	s__GGB1843_SGB2524	1	7	2	up	1.0	0.6167395631862963	0.39059769694720553	0.6960946282461904	0.8813482223053581	0.03382968661851578	False
CRC	s__GGB9093_SGB14023	1	7	2	down	1.0	-0.36546488294171897	-0.5993042619628658	0.5489700063171825	0.8082881319954569	0.03378130711187726	False
CRC	s__GGB4604_SGB6369	4	7	2	down	0.5	-1.0859971632439687	-0.4407213876064306	0.6594147110458717	0.8667503036755833	0.0337234685590444	False
CRC	s__Phocaeicola_faecalis	1	7	2	up	1.0	0.6070028942149851	0.3948672952098024	0.6929408274188411	0.880394500962884	0.03358102612271777	False
CRC	s__Clostridium_sp_1001270J_160509_D11	7	7	2	down	0.5714285714285714	-0.4749513698797172	-0.7350316642178731	0.46232021019762326	0.7527341213653299	0.0334795655072666	False
CRC	s__GGB6470_SGB9153	6	7	2	up	0.6666666666666666	2.6895227584668424	-0.13882468015427255	0.889588690880879	0.9584170057824437	0.03307304151626947	True
CRC	s__GGB4644_SGB6428	4	7	2	down	0.5	-2.8317485185319016	-0.19125544922380303	0.8483254631084141	0.9477155330817503	0.033021021200868174	False
CRC	s__Saccharomyces_cerevisiae	1	7	2	down	1.0	-0.8196429396872801	-0.28449164041067376	0.7760336394833364	0.9118611796800676	0.03284413595947324	False
CRC	s__GGB9176_SGB14114	7	7	2	up	0.5714285714285714	1.1894565059058	-0.3542139085783413	0.7231785809213209	0.8955938672519779	0.03254957175839435	False
CRC	s__GGB9747_SGB15356	7	7	2	down	0.5714285714285714	-0.2619390393724217	-1.0602496573559241	0.28903103542227127	0.6069526945266367	0.03245726394979761	False
CRC	s__GGB9529_SGB14929	7	7	2	down	0.5714285714285714	-0.7186662897964398	-0.5290009813975214	0.5968047690852835	0.8339687395412956	0.032381143374689204	False
CRC	s__GGB4538_SGB6253	1	7	2	down	1.0	-0.6801406690977875	-0.33797121129467744	0.7353848826216861	0.8963503103199101	0.03232179915103456	False
CRC	s__GGB1503_SGB2082	1	7	2	down	1.0	-0.15741242652267448	-1.0166053799529506	0.30934119384999126	0.6240327509781042	0.032236902734111936	False
CRC	s__GGB6132_SGB8779	3	7	2	down	0.6666666666666666	-0.7571652303089486	-0.4531071044399288	0.650471619848784	0.8639481494310607	0.0320595475819593	True
CRC	s__GGB74700_SGB54319	1	7	2	down	1.0	-1.3614012095151453	-0.19085542665355082	0.8486388625417789	0.9477155330817503	0.03175060066816505	False
CRC	s__Gemmiger_SGB15295	7	7	2	down	0.5714285714285714	-0.2524826842270797	-1.0817155727295154	0.2793789313101076	0.6026334800205946	0.03173299678517976	False
CRC	s__Corynebacterium_durum	4	7	2	up	0.75	0.37182864491851614	0.6792943816421292	0.49695135561140846	0.770850220528507	0.031520843526413184	True
CRC	s__GGB36331_SGB53806	1	7	2	down	1.0	-1.3694812847808884	-0.18315598669223218	0.8546756276504262	0.9491801891045161	0.03102057904901489	False
CRC	s__Prevotella_dentalis	3	7	2	up	0.6666666666666666	0.9261009752739553	0.3692489361799907	0.7119421832379558	0.8913331448101292	0.030845301692605583	True
CRC	s__Streptococcus_sinensis	1	7	2	up	1.0	0.6460808627686196	0.3313951468451682	0.7403460302496258	0.8963503103199101	0.030703201308981062	False
CRC	s__GGB3142_SGB4155	6	7	2	down	0.8333333333333334	-0.4254267883442789	-0.5771069406338593	0.5638672160103594	0.81954477225689	0.030640412771725432	True
CRC	s__Actinomyces_sp_ICM47	7	7	2	up	0.7142857142857143	0.21253564549418516	0.9858600596821283	0.32420178857446846	0.6324308137604925	0.030208447041742966	True
CRC	s__Akkermansia_sp_BIOML_A66	1	7	2	up	1.0	1.1969968370103088	0.2008645267029944	0.8408045059542973	0.9436993851985304	0.030124014878258897	False
CRC	s__Lautropia_mirabilis	1	7	2	up	1.0	0.16138938635612837	0.9246621267914745	0.35514168566898985	0.6508254814596859	0.03010484207990678	False
CRC	s__Campylobacter_concisus	3	7	2	up	0.6666666666666666	0.9419396144589579	-0.349162863690138	0.7269670442615991	0.8957980890424738	0.03001011344402252	True
CRC	s__Merdimonas_faecis	6	7	2	up	0.5	0.3065653403483519	0.9676192477216197	0.3332345609016123	0.6375094516296321	0.02996881172327576	False
CRC	s__Segatella_brasiliensis	2	7	2	down	0.5	-0.2400873206969266	-1.1584612781186334	0.24667584479418203	0.5630796627617195	0.029942509187727544	False
CRC	s__Streptococcus_intermedius	2	7	2	down	0.5	-0.3819575676895911	0.8352358077909295	0.4035849521352176	0.6996343237122921	0.029626327209591918	False
CRC	s__Prevotella_enoeca	1	7	2	up	1.0	1.5594750389120966	0.14695735285492154	0.8831656822534633	0.9573090851820052	0.029548651502181607	False
CRC	s__Segatella_brunsvicensis	4	7	2	up	0.75	0.26805514397833113	0.8077925946604324	0.41920998886131255	0.7151490998939801	0.029272305994566594	True
CRC	s__Granulicatella_SGB8255	7	7	2	up	0.7142857142857143	0.4413536360494651	0.5994960881819055	0.5488421178908605	0.8082881319954569	0.029139994839919144	True
CRC	s__Capnocytophaga_bilenii	1	7	2	up	1.0	1.6115103911457958	0.13372277223648893	0.8936217972490943	0.9592933274219635	0.029085468335595485	False
CRC	s__GGB9712_SGB15242	1	7	2	down	1.0	-1.600803307882336	-0.13393633198934618	0.8934529203338588	0.9592933274219635	0.028892220725814627	False
CRC	s__Clostridium_disporicum	4	7	2	down	0.5	-0.4848802316661342	0.713852691375715	0.47531827356062795	0.7607932924421605	0.028785721072217937	False
CRC	s__Clostridium_saudiense	7	7	2	down	0.7142857142857143	-0.33778544073841	-0.7155278256638461	0.47428295326685466	0.7607932924421605	0.028647420374131094	True
CRC	s__Collinsella_massiliensis	2	7	2	up	0.5	0.9420710995230036	0.42531105345754255	0.6706099368188275	0.8697902893203033	0.02853789852380005	False
CRC	s__Megasphaera_massiliensis	1	7	2	down	1.0	-0.3019935498765061	-0.6104832753251602	0.5415417189969824	0.8052467209361064	0.028408845801815758	False
CRC	s__GGB9786_SGB15409	6	7	2	down	0.6666666666666666	-0.3871106198422106	-0.6656312873116093	0.5056468030690553	0.7768397825353459	0.028302571511662794	True
CRC	s__Olsenella_uli	2	7	2	down	1.0	-0.10635829953843798	-1.212560031251691	0.22529807786520395	0.5436246413354096	0.028153133979102123	True
CRC	s__Christensenella_timonensis	2	7	2	up	0.5	0.882536186017912	-0.4558534755928837	0.6484953469617609	0.8634068124006211	0.028146077485000066	False
CRC	s__Clostridium_butyricum	1	7	2	down	1.0	-0.06873253521704956	-1.5760509997908239	0.11501405028916212	0.39299895638164895	0.027878507583346184	False
CRC	s__Oliverpabstia_intestinalis	7	7	2	down	0.7142857142857143	-0.19564912127620587	-0.9890897631563466	0.32261922568382817	0.6324308137604925	0.027808305308473596	True
CRC	s__Solobacterium_SGB6834	5	7	2	up	0.6	1.0338657261841577	-0.31100543033063605	0.7557964934070164	0.9020050000605053	0.02778476198620428	True
CRC	s__Lawsonibacter_asaccharolyticus	7	7	2	up	0.5714285714285714	0.20862555833998844	1.1178900337779123	0.2636139620635789	0.585930341682118	0.02767614878589652	False
CRC	s__Phascolarctobacterium_SGB5790	1	7	2	up	1.0	0.18618584633177604	0.8157803346344791	0.41462578261222294	0.7103450241554822	0.0276543061449671	False
CRC	s__Blautia_glucerasea	7	7	2	up	0.5714285714285714	0.19326817920381412	-1.1604800300416738	0.24585341975019537	0.5620006337675163	0.02763880683257111	False
CRC	s__GGB9767_SGB15385	7	7	2	up	0.7142857142857143	0.9664703949087744	0.2813293904629311	0.778457769895585	0.9124592532620024	0.027466067114267363	True
CRC	s__Prevotella_veroralis	1	7	2	up	1.0	0.457022377454409	0.4207972654547966	0.6739031286382264	0.8724073640791622	0.027092596010044885	False
CRC	s__GGB32387_SGB47381	4	7	2	down	0.5	-0.13027426417991686	-1.5938961597718062	0.1109592947126515	0.38429221250696327	0.02705395327876748	False
CRC	s__GGB9299_SGB14260	3	7	2	down	1.0	-0.8988278107476194	-0.2383541937471851	0.8116063917420449	0.9330660333539641	0.02704358963260841	True
CRC	s__Citrobacter_portucalensis	2	7	2	up	1.0	0.5168320316540478	0.37658546734037307	0.7064816893909959	0.8870927391563829	0.02689127474295574	True
CRC	s__GGB9677_SGB15179	3	7	2	up	0.6666666666666666	1.0040406990703166	0.2827348527998071	0.7773800971759134	0.9118611796800676	0.026822125938311424	True
CRC	s__Blautia_SGB101324	5	7	2	down	0.6	-2.1371538148551883	0.15381614177211428	0.8777547060104741	0.9530755490262378	0.026764866423132954	True
CRC	s__Segatella_sanihominis	2	7	2	up	0.5	0.6422029352441978	-0.5593736447260526	0.5759067442632695	0.8255862069857931	0.0267277063331723	False
CRC	s__GGB9452_SGB14843	1	7	2	up	1.0	0.13852516368263246	0.9611371064402116	0.33648323450522255	0.6414336392050921	0.02671433785816531	False
CRC	s__Feifania_hominis	6	7	2	down	0.5	-0.5337645339946887	-0.6358864517784686	0.5248504338169269	0.7950375212242056	0.026584776365988563	False
CRC	s__Eubacterium_callanderi	3	7	2	up	0.6666666666666666	0.11884513250524993	1.410248853231533	0.15846621515992165	0.4646513141268866	0.02637354374489308	True
CRC	s__GGB9495_SGB14892	4	7	2	up	0.5	0.6362169683149822	0.5475444729603665	0.5840047255130735	0.8283279734329295	0.026020533400055338	False
CRC	s__GGB3510_SGB4687	7	7	2	up	0.7142857142857143	0.658099031930154	0.39365815950541344	0.6938334359736393	0.880394500962884	0.02600557238241654	True
CRC	s__Candidatus_Nanosynbacter_sp_HMT_352	4	7	2	down	0.75	-0.37988112751242287	-0.5933422776268815	0.5529521103850046	0.8115014076609154	0.02584446865373019	True
CRC	s__GGB51959_SGB72479	7	7	2	up	0.7142857142857143	0.1660244594870503	1.0601798459980167	0.289062788120484	0.6069526945266367	0.025715428466697953	True
CRC	s__GGB79097_SGB105802	1	7	2	down	1.0	-0.2308743390740235	-0.6714246506447512	0.5019500456553185	0.7748642875774225	0.025574955922489814	False
CRC	s__Enterococcus_raffinosus	1	7	2	down	1.0	-0.45545427892183854	-0.4010710487695552	0.6883678153284959	0.8793379008210596	0.025434483338964177	False
CRC	s__Dysosmobacter_SGB15077	4	7	2	up	0.5	0.3938298379182416	0.7428546726590826	0.45756967075533794	0.746285437295163	0.025026908111390783	False
CRC	s__Filifactor_alocis	2	7	2	up	0.5	0.44234474569857524	-0.6771688966154606	0.4982987996480984	0.7714510318251389	0.024924276478804932	False
CRC	s__Catenibacterium_mitsuokai	5	7	2	down	0.6	-0.511169987843948	-0.5411469990252644	0.588406265699345	0.8301745996302435	0.024790893397283277	True
CRC	s__GGB9528_SGB14928	1	7	2	down	1.0	-0.39193647947650573	-0.45006677334825046	0.6526622941143958	0.86536988996851	0.0246129132222686	False
CRC	s__Akkermansia_sp_KLE1798	2	7	2	up	0.5	1.0354467875643623	0.33555302773739454	0.7372079505027853	0.8963503103199101	0.024603368552886418	False
CRC	s__Vescimonas_fastidiosa	7	7	2	up	0.5714285714285714	0.35972664635740415	0.7227987171329969	0.46980355561168563	0.7595315028852906	0.024554778142362236	False
CRC	s__GGB9634_SGB15095	5	7	2	up	0.6	0.5128353318901768	0.5293923845637789	0.5965332799224661	0.8339687395412956	0.02426230975013186	True
CRC	s__GGB9434_SGB14812	1	7	2	up	1.0	0.3064861102571922	0.5282541154929973	0.5973229739962858	0.8339687395412956	0.02416649971497897	False
CRC	s__Slackia_SGB14780	1	7	2	up	1.0	1.6049024932487013	0.10360288775183428	0.9174844959040951	0.9668180884707415	0.02352021974191206	False
CRC	s__GGB9262_SGB14210	2	7	2	down	0.5	-0.3361557206367897	-0.7856005018748252	0.4321015703595259	0.7255874854417536	0.023414963088015106	False
CRC	s__Cuneatibacter_sp_NSJ_177	7	7	2	up	0.5714285714285714	0.16706010103918048	1.140053683609595	0.2542639363818149	0.5739591512735286	0.023017924031614196	False
CRC	s__GGB28319_SGB40892	2	7	2	down	0.5	-0.24347511923989426	0.9337486184710939	0.35043357947560094	0.6502576533680877	0.022754518443378016	False
CRC	s__Culturomica_massiliensis	2	7	2	down	0.5	-0.8756590823693626	-0.3740820867394535	0.7083432455074734	0.8879154411314429	0.02260443493059819	False
CRC	s__Bacillus_subtilis	1	7	2	down	1.0	-0.3909859671070744	-0.4081223910360359	0.6831838220990487	0.8775729076380617	0.022175470057359096	False
CRC	s__GGB35597_SGB49163	1	7	2	down	1.0	-0.11777297795612666	-0.9314508388827296	0.35162040338105294	0.6502576533680877	0.02201348053468891	False
CRC	s__Leptotrichia_sp_oral_taxon_212	1	7	2	down	1.0	-0.22572634530545205	-0.6236635854627545	0.5328485424264757	0.7995215757977091	0.021933786522882484	False
CRC	s__Clostridiaceae_bacterium_Marseille_Q3526	5	7	2	down	0.6	-0.6444364145019756	-0.4101657010005852	0.6816843994971538	0.8775729076380617	0.021930219929985575	True
CRC	s__Propionibacterium_acidifaciens	2	7	2	down	0.5	-0.37863144440121643	-0.6895958861185675	0.4904483551706852	0.7674546117092864	0.02176133108553974	False
CRC	s__Collinsella_stercoris	1	7	2	down	1.0	-0.14526340470572333	-0.8208053251350451	0.4117571648852154	0.7092108938591009	0.021676873755875074	False
CRC	s__GGB9563_SGB14975	7	7	2	up	0.7142857142857143	0.20884477452158223	0.8056288123575575	0.420456907297045	0.7157566207906263	0.02166535194837041	True
CRC	s__GGB52130_SGB14966	7	7	2	up	0.5714285714285714	0.13594412965703	-1.2428559990563028	0.2139209024951093	0.5264485303363563	0.021645729864471417	False
CRC	s__Lactobacillus_delbrueckii	4	7	2	up	0.75	0.518115750226118	0.39587089090751937	0.6922002762144575	0.880394500962884	0.021497663407481896	True
CRC	s__GGB28474_SGB41058	2	7	2	down	0.5	-1.2329194915651358	0.25617894880230374	0.7978126628007987	0.9230273211813416	0.0214438258839553	False
CRC	s__Kineothrix_SGB4886	6	7	2	up	0.6666666666666666	0.0513017796810185	-1.9823106026923736	0.04744448808221286	0.2376235076597004	0.021345322916630067	True
CRC	s__GGB3353_SGB4437	3	7	2	down	0.6666666666666666	-0.3393891063226715	-0.6105892894695959	0.5414715150949299	0.8052467209361064	0.021284456334204442	True
CRC	s__Bifidobacterium_breve	5	7	2	down	0.6	-0.6259004275498995	-0.4064190269932785	0.6844347417176502	0.8778025777655738	0.02125676077094145	True
CRC	s__Selenomonas_noxia	1	7	2	up	1.0	0.34179441009688943	0.443835388206809	0.6571616010046253	0.8667503036755833	0.021227482782973272	False
CRC	s__Dorea_formicigenerans	7	7	2	up	0.8571428571428571	0.2665008558254227	0.6033288871490664	0.5462899194954622	0.8076245635963274	0.021196064999097427	True
CRC	s__GGB13489_SGB15224	7	7	2	down	0.5714285714285714	-0.1893790308808391	-0.9682248283316001	0.33293209764804343	0.6375094516296321	0.021157790242246958	False
CRC	s__GGB6512_SGB9198	1	7	2	down	1.0	-0.342293079356294	-0.4366745137599271	0.6623474149851558	0.8674753837662147	0.021134146927331496	False
CRC	s__Actinomyces_sp_oral_taxon_448	2	7	2	down	0.5	-0.6135819270784396	-0.4767496810668109	0.6335403810174542	0.8533942936253555	0.021122639278953168	False
CRC	s__Capnocytophaga_genosp_AHN8471	1	7	2	up	1.0	0.6366140338376481	0.250377111036709	0.8022957287591352	0.9266557371432799	0.021060198787388375	False
CRC	s__GGB3569_SGB4776	4	7	2	up	0.5	0.28923908316175373	0.8093649944710826	0.4183052312714576	0.7151239432481195	0.02105930689050023	False
CRC	s__GGB9759_SGB15372	3	7	2	down	0.6666666666666666	-0.6553719786930607	-0.35358325211234354	0.7236512274519848	0.8955938672519779	0.020923357292589755	True
CRC	s__GGB9290_SGB14247	5	7	2	up	0.8	0.6818086699450467	0.27051625069280116	0.786763116569431	0.9161799480630982	0.020737465761140956	True
CRC	s__Clostridium_sp_AT4	7	7	2	down	0.5714285714285714	-0.5193268889042443	0.49364445033803955	0.6215573026171222	0.8515282057167224	0.020714009407238443	False
CRC	s__Youxingia_wuxianensis	7	7	2	up	0.5714285714285714	0.3051734628956893	-0.7148300926587074	0.47471403800589884	0.7607932924421605	0.0207052914050786	False
CRC	s__Campylobacter_SGB96342	1	7	2	up	1.0	1.11849108988734	0.13783615657738185	0.890369908262459	0.9584170057824437	0.0206311150193661	False
CRC	s__GGB4564_SGB6302	1	7	2	down	1.0	-0.29898034097274895	-0.4753372730924217	0.6345465961699364	0.8535732276277995	0.020557653557908902	False
CRC	s__Catenibacillus_scindens	7	7	2	up	0.5714285714285714	0.07589119142381069	1.7046238437885042	0.08826460147134836	0.33691499896545557	0.020489739370409512	False
CRC	s__GGB42378_SGB59548	7	7	2	up	0.5714285714285714	0.4548903607236954	0.5251235857605971	0.5994972810404893	0.8362778911736686	0.02018397517891712	False
CRC	s__Frisingicoccus_SGB4674	2	7	2	down	1.0	-0.29032753708233366	-0.4774061584320994	0.6330729297147226	0.8533942936253555	0.01998912799709325	True
CRC	s__GGB3550_SGB4747	6	7	2	up	0.5	0.6249148286588184	0.4571382885536536	0.6475716511783975	0.8634068124006211	0.019929949012424585	False
CRC	s__GGB1203_SGB1568	1	7	2	up	1.0	0.32085979320092073	0.43917419656591544	0.6605353203870258	0.8667503036755833	0.019927317518124894	False
CRC	s__GGB9332_SGB14295	1	7	2	up	1.0	0.9507601833970079	0.1555017330611419	0.8764257877757091	0.9530755490262378	0.019844905509510218	False
CRC	s__GGB1387_SGB1895	2	7	2	down	0.5	-0.9772446614908026	-0.29098508967862513	0.7710627230487941	0.9110592893155917	0.019766414745491758	False
CRC	s__GGB9618_SGB15064	2	7	2	down	0.5	-0.33414307455543163	-0.698612573092946	0.4847941840741731	0.7633511430656423	0.01959342141734622	False
CRC	s__Abiotrophia_sp_HMSC24B09	2	7	2	down	0.5	-0.773783583829396	0.36818710885084893	0.712733721892356	0.8913331448101292	0.019329092122710653	False
CRC	s__GGB9817_SGB57321	2	7	2	up	0.5	0.6221288728625509	-0.44389785715362384	0.6571164338822917	0.8667503036755833	0.019318967114963583	False
CRC	s__GGB9627_SGB15081	7	7	2	up	0.5714285714285714	0.41195697444396145	-0.5453601283512116	0.5855058572020706	0.8283780188444351	0.019249321385911743	False
CRC	s__GGB9690_SGB15196	7	7	2	down	0.5714285714285714	-0.2170858582810564	0.8369505383610354	0.4026203709919045	0.6996343237122921	0.019243593571813076	False
CRC	s__GGB1026_SGB1321	1	7	2	down	1.0	-0.842674773937506	-0.18641703637926726	0.852117733492538	0.9487906366978094	0.019237936334444396	False
CRC	s__GGB9634_SGB15093	7	7	2	up	0.5714285714285714	0.4527469473038742	-0.5028553886210457	0.6150659480798432	0.8454329004338019	0.018865539814598244	False
CRC	s__GGB42711_SGB59916	1	7	2	down	1.0	-1.016899677068266	-0.14191441241717132	0.8871476100773258	0.9584170057824437	0.018757211738597603	False
CRC	s__Vescimonas_SGB15087	7	7	2	up	0.5714285714285714	0.47251296254857034	-0.4897805836252007	0.624289171635775	0.8523642300923453	0.018731705542475757	False
CRC	s__GGB9635_SGB15103	7	7	2	up	0.5714285714285714	0.24093369276407842	0.7612450365068785	0.4465107229421448	0.7366968498645038	0.018271197944135877	False
CRC	s__Desulfovibrio_piger	7	7	2	up	0.5714285714285714	0.20608835535756923	0.8363232922112874	0.4029730530710054	0.6996343237122921	0.018268719030282973	False
CRC	s__Ruminococcus_sp_AF41_9	6	7	2	down	0.8333333333333334	-0.715433162510643	0.24061768215488455	0.8098514443939853	0.9322573575509558	0.018162570783799955	True
CRC	s__Oscillospiraceae_unclassified_SGB4197	4	7	2	up	0.75	0.2795816009981878	0.5727612041551693	0.5668063905450007	0.81954477225689	0.018122615461461374	True
CRC	s__GGB1627_SGB2230	4	7	2	down	0.75	-0.42264561705020803	-0.4029184729863995	0.6870082011218231	0.8789985503206766	0.017754869383656613	True
CRC	s__Coprobacter_fastidiosus	7	7	2	up	0.5714285714285714	0.2634315629527027	-0.7034886436749778	0.4817512815039656	0.7633511430656423	0.017653774328102653	False
CRC	s__GGB1418_SGB1953	1	7	2	up	1.0	0.9778173009658749	0.12165651775517412	0.9031710511673388	0.95963475898566	0.01749709193609494	False
CRC	s__Veillonella_tobetsuensis	3	7	2	up	0.6666666666666666	0.35658359521778654	0.5102034237831709	0.609908953790163	0.8442064502504667	0.01748479938224947	True
CRC	s__Clostridium_SGB6176	1	7	2	up	1.0	0.36290429276904723	0.33124460386889626	0.7404597310928172	0.8963503103199101	0.017246020117410363	False
CRC	s__Collinsella_bouchesdurhonensis	7	7	2	up	0.5714285714285714	0.4133545431129081	-0.5051659892267354	0.6134422560493856	0.8454329004338019	0.017224095351895716	False
CRC	s__GGB4569_SGB6310	3	7	2	up	0.6666666666666666	0.9101422471880041	0.21998367217246256	0.8258838709612427	0.9368026866821905	0.01720282457743278	True
CRC	s__GGB6813_SGB9727	1	7	2	down	1.0	-0.35886158060053175	-0.3591808255131475	0.7194598198890902	0.8955630755706956	0.017190840871248655	False
CRC	s__Clostridium_SGB48024	5	7	2	down	0.6	-1.263687920624331	0.18360430919144188	0.854323882349183	0.9491801891045161	0.017174530884349053	True
CRC	s__Neisseria_bacilliformis	1	7	2	up	1.0	0.5808578515545421	0.22774800514698024	0.8198421502588249	0.9343048731297537	0.017141920245974218	False
CRC	s__GGB3883_SGB5266	2	7	2	down	0.5	-0.10713477820612277	-1.3653249346388456	0.17215094535368336	0.480045728494813	0.017072858463313682	False
CRC	s__Segatella_sinensis	6	7	2	down	0.6666666666666666	-0.33087959738305817	-0.5236331891788865	0.600533692762952	0.8369970895664041	0.017046046014514385	True
CRC	s__GGB9613_SGB15048	2	7	2	up	0.5	1.226017472021123	-0.2106640625751775	0.8331494191577893	0.9388998012528522	0.016784640709211165	False
CRC	s__Firmicutes_bacterium_AM41_11	1	7	2	up	1.0	0.3452465406304645	0.351984796383488	0.7248496645192923	0.8955938672519779	0.016533473260591593	False
CRC	s__Butyricimonas_faecalis	6	7	2	up	0.5	0.5917159886178143	-0.4018433224312046	0.6877993367329158	0.8793106874540937	0.016525931775274273	False
CRC	s__Prevotella_sp_Marseille_P4119	1	7	2	down	1.0	-0.34157349448906393	-0.3299061726997149	0.7414708592512271	0.8963503103199101	0.01623233308315109	False
CRC	s__Clostridium_perfringens	6	7	2	down	0.6666666666666666	-1.1648250204939217	-0.16558835088317198	0.8684809153760732	0.9530717231472721	0.01621002758075128	True
CRC	s__Roseburia_inulinivorans	7	7	2	up	0.5714285714285714	0.07058754457928354	-1.5578979769182681	0.11925743487870058	0.4013984135096593	0.015990069349579042	False
CRC	s__GGB3363_SGB4448	7	7	2	down	0.7142857142857143	-0.2790050480633336	-0.5358196489991356	0.5920832009625923	0.8323424554805992	0.01588295079158637	True
CRC	s__GGB34797_SGB14323	1	7	2	down	1.0	-0.6276206281396148	-0.19872666293400784	0.8424765659829748	0.9441142549056071	0.0156751044990343	False
CRC	s__Rothia_aeria	1	7	2	up	1.0	0.08866465074645426	0.8929571630767245	0.371880113161531	0.6662333799894988	0.0156381046946721	False
CRC	s__GGB3352_SGB4436	6	7	2	up	0.5	0.262216672305921	-0.7145462028074148	0.47488949700404703	0.7607932924421605	0.015566928689888683	False
CRC	s__Eggerthella_sp_YY7918	1	7	2	down	1.0	-1.523594379966773	-0.08625746861531172	0.9312617475405007	0.9768522377921571	0.01549666777523557	False
CRC	s__Hafnia_paralvei	2	7	2	down	0.5	-0.22427648366201342	-0.7766980225178115	0.43733695382820736	0.7275367337494091	0.015491345717042313	False
CRC	s__GGB18384_SGB14373	2	7	2	down	0.5	-1.3526506643288718	-0.18591674041385242	0.8525100541214048	0.9487906366978094	0.015440243477036016	False
CRC	s__GGB34228_SGB53814	4	7	2	up	0.75	0.0912105168305555	1.0959109853762345	0.2731177311477344	0.5957557196500858	0.015387107891191198	True
CRC	s__Schaalia_meyeri	3	7	2	up	0.6666666666666666	0.1145071748250248	0.988307312624195	0.3230021651596381	0.6324308137604925	0.015190291134401433	True
CRC	s__GGB9240_SGB14182	6	7	2	down	0.5	-0.1399281054778827	1.0550238876411182	0.2914143998436044	0.6069526945266367	0.01517136594577744	False
CRC	s__GGB9787_SGB15410	7	7	2	down	0.5714285714285714	-0.13870118809931295	-0.9483586190797677	0.34294691820098533	0.6461836858757887	0.015030771204929997	False
CRC	s__GGB781_SGB1024	3	7	2	up	0.6666666666666666	0.10115742602096016	1.0893022101858283	0.2760206384461221	0.5986034628649369	0.015029348249174318	True
CRC	s__Kingella_bonacorsii	1	7	2	up	1.0	0.2542693557897594	0.4187641756260175	0.6753884888323527	0.8731691886995903	0.014976871259477003	False
CRC	s__Christensenellaceae_bacterium	5	7	2	up	0.6	1.3530070666728662	0.1421613326214302	0.8869525736220928	0.9584170057824437	0.014974126124163233	True
CRC	s__Capnocytophaga_gingivalis	1	7	2	up	1.0	0.06884427593752543	1.0530752374615522	0.2923065108942069	0.6069526945266367	0.014928547770345796	False
CRC	s__Arachnia_SGB15898	1	7	2	down	1.0	-0.4945143609079974	-0.23416070346971996	0.8148602210569261	0.9330660333539641	0.014878760185116927	False
CRC	s__Senegalimassilia_faecalis	4	7	2	down	0.75	-0.6503782645257155	0.23509868409919274	0.8141321400144939	0.9330660333539641	0.014676250568925842	True
CRC	s__Lachnoclostridium_phocaeense	4	7	2	up	0.5	0.4237189410944892	-0.4811829428554426	0.6303864826619805	0.8533942936253555	0.014586580786390626	False
CRC	s__GGB3600_SGB4860	2	7	2	up	0.5	1.3537731257839725	-0.16889925461333183	0.8658758855075553	0.951932278483157	0.014481275053288774	False
CRC	s__GGB9532_SGB14933	5	7	2	up	0.6	0.09103403681687786	1.203642727421629	0.22872769742027255	0.544975513529155	0.014399200117685576	True
CRC	s__Butyricimonas_paravirosa	7	7	2	up	0.5714285714285714	0.5623378415270714	0.3075006013431372	0.7584623653810483	0.9020050000605053	0.014392974405673806	False
CRC	s__Clostridiaceae_bacterium_Marseille_Q4143	7	7	2	down	0.5714285714285714	-0.13775815014876203	-0.9095130010868864	0.36307939827156643	0.6570592263765848	0.014357979539982602	False
CRC	s__GGB4333_SGB5935	1	7	2	down	1.0	-0.20648172055831415	-0.47834983303975315	0.6324012333899265	0.8533942936253555	0.014216321272100691	False
CRC	s__GGB3626_SGB4905	7	7	2	down	0.5714285714285714	-0.5202556484608369	-0.3312607804583764	0.7404475131013288	0.8963503103199101	0.014127832533776495	False
CRC	s__GGB32900_SGB53446	7	7	2	up	0.7142857142857143	1.0428328189735303	-0.14733658820723322	0.8828663543855787	0.9573090851820052	0.014113862849450935	True
CRC	s__Actinobaculum_sp_oral_taxon_183	2	7	2	up	0.5	0.9357497752191872	0.23199592171057606	0.8165411814037093	0.9330660333539641	0.014077241834998644	False
CRC	s__GGB51960_SGB72480	5	7	2	up	0.6	0.5539888229446356	0.2972978290929668	0.7662391388934924	0.9074033133396038	0.014026877089956896	True
CRC	s__Catonella_SGB96613	1	7	2	down	1.0	-0.41911523006412194	-0.2515815329111008	0.8013645341952588	0.9264696449293387	0.013901551522580208	False
CRC	s__Romboutsia_timonensis	7	7	2	up	0.7142857142857143	0.11174320891967335	0.8770479508895989	0.38046059373321595	0.6711308168268695	0.013823658103618665	True
CRC	s__Parabacteroides_sp_N37	1	7	2	up	1.0	0.22608604914781902	0.4322976002929569	0.6655251310527623	0.869315790418339	0.01375110328151185	False
CRC	s__Parabacteroides_sp_TM07_1AC	4	7	2	up	0.5	1.2034429644187215	-0.18586117754931142	0.8525536274994628	0.9487906366978094	0.01373706668792447	False
CRC	s__Duodenibacillus_massiliensis	3	7	2	up	0.6666666666666666	0.3236129421059814	-0.45232949683012863	0.6510316293425972	0.8639481494310607	0.013702272767268056	True
CRC	s__GGB9104_SGB14037	4	7	2	up	0.5	0.2604028878003751	0.6543008206102418	0.5129180173052428	0.7850088131519287	0.013687487656812302	False
CRC	s__GGB3343_SGB4423	4	7	2	down	0.5	-0.5676355863508894	0.3476588423438679	0.7280964097063982	0.8957980890424738	0.013563614970455735	False
CRC	s__Anaerobutyricum_hallii	7	7	2	down	0.5714285714285714	-0.26790396637700137	-0.583771344834805	0.5593741596301549	0.8165011243008199	0.013478357687097453	False
CRC	s__Sellimonas_intestinalis	7	7	2	up	0.5714285714285714	0.3391889785308589	0.49126349897148414	0.6232400926529215	0.8523642300923453	0.01344637834869998	False
CRC	s__Bittarella_massiliensis	7	7	2	up	0.8571428571428571	0.11338669994994646	-0.775503474010131	0.43804221346426997	0.7279563981769203	0.013401786274054488	True
CRC	s__GGB38987_SGB63305	2	7	2	down	1.0	-0.6402523545530463	-0.16450698394974855	0.8693320492523438	0.9530717231472721	0.013364893623522554	True
CRC	s__Anaerofustis_stercorihominis	6	7	2	down	0.6666666666666666	-0.21065382560640025	-0.6176895994311806	0.5367799691680832	0.8036935106675266	0.01332870488905632	True
CRC	s__Selenomonas_SGB5891	1	7	2	up	1.0	0.19211711296864195	0.49178146117875216	0.622873843537417	0.8523642300923453	0.013328083208936657	False
CRC	s__GGB9297_SGB14255	6	7	2	down	0.5	-0.07413783028820457	-1.4671046194986133	0.14234759768792907	0.44363259325892285	0.01308445793378633	False
CRC	s__GGB4386_SGB6036	2	7	2	up	0.5	0.544291732275461	0.36048235702269754	0.718486448082437	0.8955630755706956	0.01303682681972485	False
CRC	s__Eggerthia_catenaformis	1	7	2	up	1.0	0.30823628269517894	0.2982370725362456	0.7655222286924774	0.9073681740916548	0.013012643979921785	False
CRC	s__Phocaeicola_faecicola	1	7	2	down	1.0	-0.16298012929823755	-0.5359549403973642	0.5919896924937438	0.8323424554805992	0.012989182626859696	False
CRC	s__Oribacterium_sinus	5	7	2	down	0.6	-0.36757075919540694	-0.4175181715029344	0.6762994357085717	0.8736440459675842	0.012938228689771717	True
CRC	s__GGB6601_SGB9333	6	7	2	down	0.6666666666666666	-0.3115221557378307	-0.4458128989155329	0.6557324035113389	0.8667503036755833	0.012898262819385026	True
CRC	s__Klebsiella_variicola	2	7	2	up	0.5	0.12179007310490299	-1.030545045955763	0.3027542178198064	0.6169719255585605	0.012771795979732797	False
CRC	s__Enterococcus_faecalis	7	7	2	up	0.5714285714285714	1.2380038308343244	0.1292493553150948	0.8971603438001348	0.95963475898566	0.012658787119287586	False
CRC	s__Prevotella_micans	1	7	2	up	1.0	0.4920713374664076	0.20311093201603675	0.8390483273090272	0.9429025608290957	0.012564148375003218	False
CRC	s__GGB2982_SGB3964	7	7	2	up	0.7142857142857143	0.2590244709712838	0.47048987438874174	0.6380050667914805	0.8559006578180243	0.012502859560077455	True
CRC	s__Ellagibacter_isourolithinifaciens	7	7	2	up	0.7142857142857143	0.3155378498957337	-0.3993766235691843	0.6896157158492856	0.8802322917949182	0.012486892736928532	True
CRC	s__GGB9819_SGB15460	5	7	2	up	0.6	0.2601634150489918	0.5385879732065183	0.5901711879684636	0.8319342974257202	0.01247394667783147	True
CRC	s__Veillonella_atypica	7	7	2	up	0.5714285714285714	0.4795294117093547	0.3104847686547333	0.7561923404316034	0.9020050000605053	0.012273501869904477	False
CRC	s__Slackia_equolifaciens	2	7	2	down	0.5	-0.24473778762066528	-0.6369374731898046	0.5241655725621405	0.7950375212242056	0.012189456095010863	False
CRC	s__Megamonas_funiformis	6	7	2	down	0.6666666666666666	-0.5803934733449208	0.24480616152562387	0.8066065228565833	0.9305216670714497	0.012100627366840349	True
CRC	s__GGB6608_SGB9342	4	7	2	up	0.5	0.43138023111457274	0.4037127477477516	0.686423964349343	0.8789508451867684	0.012086284470738968	False
CRC	s__Blautia_sp_OF03_15BH	7	7	2	down	0.5714285714285714	-0.11225372218632557	0.9408633462942565	0.3467748932956606	0.6484741577042187	0.01206614145405358	False
CRC	s__GGB45620_SGB63333	5	7	2	down	0.8	-0.6963513846540318	0.16838690968961748	0.8662789056208009	0.951932278483157	0.011918163530183929	True
CRC	s__Rubneribacter_badeniensis	4	7	2	up	0.5	0.17038778535356763	0.786824891688963	0.4313843799932837	0.7251408981686265	0.01189115906086888	False
CRC	s__GGB9293_SGB14250	7	7	2	up	0.7142857142857143	0.04681944985766645	-1.4657208095165564	0.14272436261036908	0.44363259325892285	0.011804405770098295	True
CRC	s__Gemmiger_sp_An87	1	7	2	up	1.0	0.3994522498801019	0.22680881760888086	0.8205724069139491	0.9343048731297537	0.01178838951938779	False
CRC	s__GGB1202_SGB1567	1	7	2	up	1.0	0.5149303988211615	0.18631223778036957	0.8521999111255402	0.9487906366978094	0.011755660114166684	False
CRC	s__Raoultibacter_timonensis	3	7	2	up	0.6666666666666666	0.2869526089219333	0.4284282456989318	0.6683393640030555	0.869315790418339	0.011635436970593072	True
CRC	s__GGB9545_SGB14951	7	7	2	up	0.5714285714285714	0.28828885778665503	-0.4955647106363324	0.6202015558330669	0.8503958193035311	0.011593970257362038	False
CRC	s__GGB3429_SGB71706	1	7	2	down	1.0	-0.43665560863225616	-0.2077230636922284	0.8354452082353316	0.9408272246910848	0.011567061182520707	False
CRC	s__Clostridium_sp_NSJ_6	2	7	2	up	0.5	0.5017953944206673	-0.32159493935844685	0.7477595781456001	0.8993426841661045	0.011560059669733102	False
CRC	s__GGB3059_SGB69431	1	7	2	up	1.0	0.14912887667892302	0.5202533875834717	0.6028869793790077	0.8370017124235188	0.011523733140626205	False
CRC	s__Mediterraneibacter_butyricigenes	7	7	2	down	0.5714285714285714	-0.11542491234173989	-0.8829385044531745	0.377269498287776	0.6696424045516348	0.011486892887835975	False
CRC	s__Bacteroides_finegoldii	7	7	2	down	0.7142857142857143	-0.26416864136680984	0.426555464490636	0.6697031415917261	0.869315790418339	0.011476699389660268	True
CRC	s__Massilistercora_timonensis	7	7	2	up	0.5714285714285714	0.23223269202536106	0.5702292186647286	0.5685222410053263	0.81954477225689	0.011469284674308425	False
CRC	s__GGB2958_SGB3940	6	7	2	up	0.6666666666666666	0.9612953895472875	0.12786839580245138	0.8982531221888177	0.95963475898566	0.011467632240391355	True
CRC	s__Frisingicoccus_caecimuris	3	7	2	up	0.6666666666666666	0.8221090980985204	-0.16057781673002108	0.8724259278246013	0.9530717231472721	0.011440697890325851	True
CRC	s__Intestinimonas_gabonensis	7	7	2	up	0.5714285714285714	0.41853346618060056	-0.3453964459947049	0.7297963486563558	0.8957980890424738	0.011429519570103179	False
CRC	s__Clostridium_sp_AF20_17LB	7	7	2	down	0.5714285714285714	-0.17039143574238472	-0.7054852722171597	0.48050829412853935	0.7633511430656423	0.011418722647815512	False
CRC	s__GGB1843_SGB2516	1	7	2	up	1.0	0.3165865947591602	0.26103629244998733	0.7940645198910944	0.9203609233371538	0.011410359873077586	False
CRC	s__Butyricimonas_synergistica	3	7	2	up	0.6666666666666666	0.7980385438125396	0.16898987874527263	0.8658046024948354	0.951932278483157	0.01138212938437817	True
CRC	s__GGB52106_SGB72838	6	7	2	up	0.6666666666666666	0.4433587612084129	0.2746028274898414	0.7836213937982812	0.915466866201495	0.011337383925508041	True
CRC	s__Bacteroides_sp_GM023	1	7	2	down	1.0	-0.7953217353867957	-0.10163874563380729	0.9190434241154417	0.967826200886969	0.011295656278280814	False
CRC	s__Phocaeicola_coprophilus	6	7	2	up	0.5	0.3255456677692905	0.4779006697621164	0.6327209046743965	0.8533942936253555	0.0112069528218643	False
CRC	s__Eubacterium_siraeum	7	7	2	down	0.7142857142857143	-0.32648455722337183	-0.3540327836280131	0.723314314515787	0.8955938672519779	0.011167844799899894	True
CRC	s__GGB9707_SGB15229	7	7	2	down	0.7142857142857143	-0.4090851664503845	-0.27307645710580813	0.7847944436894615	0.9158784829404246	0.011151119277247778	True
CRC	s__GGB9582_SGB15001	3	7	2	up	0.6666666666666666	0.34761334713469	0.34406511009527646	0.7307973209301077	0.8957980890424738	0.011074930730204432	True
CRC	s__Lachnospiraceae_unclassified_SGB4708	4	7	2	down	0.5	-0.5405160809747227	-0.2840016558303965	0.7764091117012166	0.9118611796800676	0.010829583707869607	False
CRC	s__GGB1247_SGB1668	1	7	2	up	1.0	0.5177337437443195	0.15481446985698152	0.8769675834522557	0.9530755490262378	0.010806486644172747	False
CRC	s__Ligilactobacillus_salivarius	5	7	2	up	0.6	0.5809815593181223	-0.24339687680573416	0.8076979630238431	0.9311123576609153	0.010805528238453615	True
CRC	s__GGB42689_SGB59892	2	7	2	up	0.5	0.7683575914652532	-0.2150652135434571	0.8297164748553234	0.9373534494434196	0.010794124897473133	False
CRC	s__GGB4549_SGB6271	2	7	2	up	0.5	0.5348354895056501	-0.2828238657192814	0.7773118587329491	0.9118611796800676	0.010715769442226308	False
CRC	s__GGB3518_SGB4697	1	7	2	up	1.0	0.23861458476072817	0.3128354616813462	0.7544056721051352	0.9020050000605053	0.01068779899894669	False
CRC	s__GGB73514_SGB65924	1	7	2	down	1.0	-0.44794493544863134	-0.19368102611333235	0.8464256494844224	0.9465595119843192	0.010684416611636523	False
CRC	s__Veillonellaceae_bacterium	1	7	2	up	1.0	0.2947935507928658	0.26064985517841066	0.7943625393084208	0.9203609233371538	0.010624898711734379	False
CRC	s__GGB9623_SGB15075	4	7	2	down	0.5	-1.1738123592762904	-0.12600973489995423	0.8997242186667854	0.95963475898566	0.010502116676445739	False
CRC	s__GGB9534_SGB14937	7	7	2	down	0.7142857142857143	-0.17847166649927856	-0.5513405642354172	0.5814002362048304	0.8275555177866806	0.010479201174908135	True
CRC	s__GGB1331_SGB1788	2	7	2	down	0.5	-0.21520702728335234	-0.6245379592642639	0.5322743493467358	0.7994064293459854	0.010462543918220144	False
CRC	s__GGB9355_SGB14328	1	7	2	up	1.0	0.3820202322093502	0.21068134950409212	0.8331359288995283	0.9388998012528522	0.010460001570308597	False
CRC	s__Clostridium_spiroforme	7	7	2	down	0.5714285714285714	-0.19430025658981767	-0.6062821535804487	0.5443274073080371	0.8054642205746	0.010431564036360481	False
CRC	s__GGB9559_SGB69175	2	7	2	up	0.5	0.45663142557103636	0.3069595638781154	0.758874150642068	0.9020050000605053	0.010226501657473179	False
CRC	s__GGB4579_SGB6329	1	7	2	down	1.0	-0.4879692440672784	-0.15984067559448634	0.8730065815014215	0.9530717231472721	0.010186072713567126	False
CRC	s__Streptococcus_rubneri	7	7	2	up	0.7142857142857143	0.316979462471787	0.314710000152722	0.7529818507780748	0.9020050000605053	0.01014131753540598	True
CRC	s__GGB33539_SGB53381	4	7	2	down	0.75	-0.040030957216559644	-1.423681587326885	0.1545386661200983	0.4607488616975844	0.01010388552867777	True
CRC	s__Prevotella_salivae	2	7	2	up	0.5	0.3616570258296842	-0.39385056201966356	0.6936913720669148	0.880394500962884	0.010003917730538573	False
CRC	s__Prevotella_jejuni	2	7	2	up	0.5	0.16747306574649462	0.7214209566075732	0.4706505566779823	0.7601361252075554	0.009973743483839226	False
CRC	s__GGB6566_SGB9275	1	7	2	up	1.0	1.8983908295302765	0.04956078870931786	0.9604723942867003	0.9881484788933393	0.009829475794154595	False
CRC	s__GGB3109_SGB4121	7	7	2	up	0.5714285714285714	0.28218671630100745	0.429068428033212	0.6678734276243947	0.869315790418339	0.009807589872849763	False
CRC	s__GGB9608_SGB15041	7	7	2	down	0.5714285714285714	-0.07827681844189151	-1.056979457363218	0.2905209629109896	0.6069526945266367	0.00969939938470413	False
CRC	s__GGB1568_SGB2155	1	7	2	down	1.0	-0.08219256276530326	-0.709795080391609	0.47783122028807035	0.7625370119194926	0.009677276044091365	False
CRC	s__GGB9288_SGB14243	4	7	2	down	0.5	-0.11816227393795166	-0.8571389215253686	0.39136811309554853	0.6866032289787626	0.00964760454410139	False
CRC	s__GGB9695_SGB15209	3	7	2	down	0.6666666666666666	-0.22481781185849878	0.4548937099535296	0.6491857083361019	0.8636104580265859	0.009544581322468479	True
CRC	s__Lachnospiraceae_bacterium_AM48_27BH	7	7	2	down	0.7142857142857143	-0.04685080289584713	-1.2639067760304552	0.2062634894190294	0.5206886951731894	0.009484672351780181	True
CRC	s__Rothia_mucilaginosa	7	7	2	up	0.7142857142857143	0.6291122522772619	-0.1642207338432261	0.8695573794410827	0.9530717231472721	0.00938025035770002	True
CRC	s__Lentihominibacter_hominis	7	7	2	up	0.5714285714285714	0.1979476344381124	-0.5478521800152971	0.583793406241303	0.8283279734329295	0.00925237465451531	False
CRC	s__Senegalimassilia_SGB14826	6	7	2	up	0.6666666666666666	0.24632052263842466	0.39326252197895667	0.6941255959676254	0.880394500962884	0.009084740763858484	True
CRC	s__Alloscardovia_omnicolens	6	7	2	down	0.6666666666666666	-0.3040257729115066	-0.3086000347988081	0.757625794386021	0.9020050000605053	0.009078423418350308	True
CRC	s__Lawsonibacter_SGB15145	7	7	2	down	0.5714285714285714	-0.21236964786518908	-0.5021957029799877	0.6155298652816106	0.8454329004338019	0.008849243647188804	False
CRC	s__Clostridiaceae_unclassified_SGB4771	7	7	2	up	0.7142857142857143	0.08461756285477173	0.8085644882663525	0.4187656981578717	0.7151490998939801	0.008800432256614798	True
CRC	s__GGB78928_SGB105381	3	7	2	down	0.6666666666666666	-0.4698234179083768	-0.2160849833623493	0.8289215047524005	0.9373534494434196	0.008800299424802514	True
CRC	s__Monoglobus_pectinilyticus	7	7	2	down	0.7142857142857143	-0.4904074726303289	-0.19881103708912967	0.8424105619889994	0.9441142549056071	0.008748674911391679	True
CRC	s__GGB58158_SGB79798	7	7	2	down	0.5714285714285714	-0.05367409915098054	1.2739864587178906	0.2026682152420144	0.5194383124304899	0.008724832811863065	False
CRC	s__Massilimicrobiota_timonensis	7	7	2	down	0.5714285714285714	-0.07648254719183704	-0.9867367702230336	0.3237716991088062	0.6324308137604925	0.008696589115073134	False
CRC	s__GGB9730_SGB15291	7	7	2	down	0.5714285714285714	-0.3704552421880865	-0.2850129242532279	0.7756342402894879	0.9118611796800676	0.008482636072146457	False
CRC	s__Eubacterium_sp_AF16_48	7	7	2	down	0.5714285714285714	-0.25992940911829093	0.4091376910527444	0.6824386175172541	0.8775729076380617	0.008424207098170315	False
CRC	s__Mediterraneibacter_sp_NSJ_151	7	7	2	down	0.5714285714285714	-0.08386637085174233	0.8902100988594273	0.3733530830301117	0.6675963880695972	0.008409929013040883	False
CRC	s__GGB9115_SGB14048	4	7	2	up	0.5	0.10826291675800456	0.8358629764909444	0.403231992814147	0.6996343237122921	0.008397353182288743	False
CRC	s__GGB33544_SGB53490	2	7	2	down	0.5	-0.05917655465125435	-1.2642790601244076	0.20612988271305388	0.5206886951731894	0.008385964336950104	False
CRC	s__GGB9116_SGB14049	2	7	2	up	0.5	0.7566627579208012	0.17884484603917572	0.8580595308795235	0.9508721027112365	0.008277093813990576	False
CRC	s__Dialister_invisus	7	7	2	down	0.5714285714285714	-0.2228031036138442	0.46125409568726244	0.6446163147998115	0.861812327689931	0.008223000242301897	False
CRC	s__GGB9348_SGB14315	4	7	2	up	0.5	0.27525105054948334	-0.4154099735187549	0.6778418067645111	0.8747623617346952	0.007997407101306907	False
CRC	s__Prevotella_pectinovora	3	7	2	up	0.6666666666666666	0.19519396253099547	-0.43321557110079423	0.6648581677153805	0.869315790418339	0.007914780968893661	True
CRC	s__GGB9301_SGB14262	7	7	2	up	0.5714285714285714	0.2878469398427069	0.35356316010172056	0.7236662871759907	0.8955938672519779	0.007876954371450062	False
CRC	s__Gordonibacter_pamelaeae	7	7	2	down	0.5714285714285714	-0.19939363932549456	-0.47682639954589845	0.633485745299948	0.8533942936253555	0.007844745712944313	False
CRC	s__Coprococcus_sp_OM04_5BH	1	7	2	down	1.0	-17.901066257570914	-0.0014892665674387574	0.9988117376381649	0.9990053854502869	0.007736313968285161	False
CRC	s__GGB4266_SGB5805	1	7	2	up	1.0	17.774682146428006	0.0013707728656958003	0.9989062818366132	0.9990053854502869	0.007681694475214983	False
CRC	s__GGB6518_SGB9205	6	7	2	up	0.6666666666666666	0.23977273160466844	0.35218669013286064	0.7246982580565887	0.8955938672519779	0.007654966485429057	True
CRC	s__GGB32451_SGB47419	1	7	2	down	1.0	-0.15974424242186225	-0.3297086147217097	0.7416201438119672	0.8963503103199101	0.007591402122655985	False
CRC	s__GGB12785_SGB19827	2	7	2	up	0.5	0.6631761866076012	-0.1876736387425002	0.8511324962915813	0.9487906366978094	0.007570026806939169	False
CRC	s__GGB9790_SGB15413	7	7	2	down	0.5714285714285714	-0.2824150918719214	-0.3240326153855411	0.745913341732483	0.8978896930068168	0.007548876932212567	False
CRC	s__GGB9101_SGB14033	1	7	2	up	1.0	0.0204748581122536	1.497802755371649	0.13418450473649357	0.4295507950429187	0.007513975484937461	False
CRC	s__Fournierella_massiliensis	7	7	2	down	0.5714285714285714	-0.44541777524832615	-0.22865253090112625	0.8191389921927046	0.9343048731297537	0.0075113690739720155	False
CRC	s__Longicatena_caecimuris	7	7	2	down	0.5714285714285714	-0.7345360171202681	0.12410984477465983	0.9012283034255466	0.95963475898566	0.007510748222732441	False
CRC	s__GGB9186_SGB14125	7	7	2	up	0.7142857142857143	0.03488788296342517	1.2977725810608667	0.19436549419668547	0.5067953674879929	0.007355546024815371	True
CRC	s__GGB74353_SGB98242	1	7	2	up	1.0	0.16454563191123472	0.30514182260395556	0.760258139326736	0.9029821359187471	0.007292800860714843	False
CRC	s__GGB1458_SGB2021	2	7	2	up	0.5	0.44023998275676157	-0.24988178272317074	0.8026787716885162	0.9266557371432799	0.007281917345681933	False
CRC	s__Bilophila_SGB15451	5	7	2	down	0.6	-0.10999737935647647	-0.6660864296822986	0.5053558578771535	0.7768397825353459	0.007237951330141834	True
CRC	s__GGB12785_SGB19823	6	7	2	down	0.5	-0.3029300398961648	0.3410774735427938	0.7330452590350276	0.8963503103199101	0.007197955034307016	False
CRC	s__Blautia_SGB4815	7	7	2	down	0.5714285714285714	-0.15254497442836	-0.5524022757749677	0.5806727717580255	0.8275555177866806	0.007165504784536601	False
CRC	s__Lacticaseibacillus_paracasei	5	7	2	down	0.6	-0.2234207432693216	0.3853097247997012	0.7000079573781861	0.8842843625044061	0.007159480391750176	True
CRC	s__Veillonella_rogosae	7	7	2	down	0.7142857142857143	-0.04580282196380936	1.059501804778929	0.2893713077417075	0.6069526945266367	0.007094371488528241	True
CRC	s__Anaerostipes_caccae	6	7	2	down	0.6666666666666666	-0.14446052011599994	0.5026648094451102	0.6151999551441895	0.8454329004338019	0.007022789798586796	True
CRC	s__Coprococcus_catus	7	7	2	up	0.7142857142857143	0.11948067674177466	0.5546380101416344	0.5791422847688307	0.8275555177866806	0.0070154667833299215	True
CRC	s__GGB3004_SGB3995	1	7	2	down	1.0	-0.08360697951265658	-0.5518882053796224	0.5810249497364564	0.8275555177866806	0.006872732939490594	False
CRC	s__Alloprevotella_sp_oral_taxon_473	1	7	2	down	1.0	-0.3190095861097493	-0.17122335770981992	0.8640481419003792	0.951932278483157	0.0068248740842980354	False
CRC	s__Oscillibacter_hominis	6	7	2	down	0.6666666666666666	-0.03285244763526323	-1.3269782629996523	0.18451587326427743	0.48950192866605624	0.006794884725760707	True
CRC	s__Ligilactobacillus_ruminis	1	7	2	down	1.0	-15.683871612221603	-0.0016890755862672996	0.998652313308508	0.9990053854502869	0.006778107699540223	False
CRC	s__Clostridium_sp_AM29_11AC	7	7	2	down	0.7142857142857143	-0.0462664696211127	1.018654746310519	0.3083669037420692	0.6240327509781042	0.006767879557697678	True
CRC	s__GGB3321_SGB4395	7	7	2	up	0.5714285714285714	0.40122222374546174	-0.2280826280720618	0.8195820049777686	0.9343048731297537	0.0067660708007257885	False
CRC	s__Coprobacter_secundus	7	7	2	up	0.5714285714285714	0.24669417210110667	0.3444470250861679	0.73051012904865	0.8957980890424738	0.006736846860994676	False
CRC	s__bacterium_OL_1	3	7	2	down	0.6666666666666666	-0.33485704223879476	-0.23417837116218804	0.8148465055285554	0.9330660333539641	0.006716700965125295	True
CRC	s__GGB9619_SGB15066	7	7	2	up	0.7142857142857143	1.330733740324242	-0.059697195994235216	0.952396805026471	0.9839267110888741	0.006689075046841623	True
CRC	s__GGB9551_SGB14958	6	7	2	up	0.5	0.16007140610081752	-0.553191716262265	0.5801321386794901	0.8275555177866806	0.006579163795847479	False
CRC	s__GGB33586_SGB53517	7	7	2	up	0.5714285714285714	0.18498864701717077	0.44161251121553996	0.658769628923181	0.8667503036755833	0.0065650882579039406	False
CRC	s__GGB5997_SGB8620	2	7	2	down	0.5	-0.4229936187481686	0.23223362931094096	0.8163565592435457	0.9330660333539641	0.006363435635754656	False
CRC	s__GGB53380_SGB74412	5	7	2	up	0.6	0.1699851385387638	0.44224635206917695	0.6583109475806843	0.8667503036755833	0.00633425795466356	True
CRC	s__GGB9642_SGB15119	7	7	2	up	0.5714285714285714	0.5178391023982637	-0.17084061846974805	0.8643490896297039	0.951932278483157	0.00633064123404599	False
CRC	s__Porphyromonas_asaccharolytica	1	7	2	up	1.0	14.579492722421897	0.0016594351193114538	0.9986759629463197	0.9990053854502869	0.006300827647698435	False
CRC	s__GGB10692_SGB17347	6	7	2	up	0.6666666666666666	0.20533247247604808	-0.3084291309492517	0.7577558183975406	0.9020050000605053	0.006131372050542935	True
CRC	s__GGB4964_SGB6927	3	7	2	down	0.6666666666666666	-0.10590622503552999	0.5716626373185516	0.5675505513192594	0.81954477225689	0.006102127160940017	True
CRC	s__Selenomonas_infelix	1	7	2	down	1.0	-0.027423528857482796	-1.0874442060060012	0.2768405436453364	0.5991437690840373	0.006100883748542413	False
CRC	s__Collinsella_SGB14754	4	7	2	up	0.5	1.2046379473791498	-0.07970600272205179	0.9364710851643485	0.977012910539579	0.006083239340428303	False
CRC	s__Schaalia_georgiae	1	7	2	up	1.0	0.22175284875097154	0.21195405621282118	0.8321428777474863	0.9388998012528522	0.006071759950358972	False
CRC	s__GGB9767_SGB15384	5	7	2	up	0.6	0.20404227503241248	0.3659403969737869	0.7144095514909299	0.8927341751523518	0.006032857486748996	True
CRC	s__GGB3885_SGB5268	1	7	2	up	1.0	13.757045690491902	0.001404697021667067	0.9988792143023902	0.9990053854502869	0.005945390246945633	False
CRC	s__Limosilactobacillus_mucosae	4	7	2	down	0.5	-0.12474292027641654	0.6171598001614794	0.5371293282245946	0.8036935106675266	0.00591964648604364	False
CRC	s__Butyricicoccus_SGB14990	6	7	2	up	0.6666666666666666	0.1435333137264489	0.43676795512283445	0.6622796408907422	0.8674753837662147	0.005908102976093196	True
CRC	s__Turicibacter_bilis	7	7	2	up	0.5714285714285714	0.1733942337584303	0.4203136426882746	0.6742563448576971	0.8724073640791622	0.00587367290960285	False
CRC	s__GGB9815_SGB15449	1	7	2	up	1.0	13.50309655948231	0.001500842698497772	0.9988025012322417	0.9990053854502869	0.005835640906811635	False
CRC	s__GGB4272_SGB5822	2	7	2	down	0.5	-0.034206331594910634	1.4336773740224855	0.15166435186393137	0.4581289726416123	0.0057981825829157	False
CRC	s__GGB4586_SGB6344	1	7	2	down	1.0	-0.27282646589270826	-0.15700180111253656	0.8752434286245697	0.9530755490262378	0.005694617350076386	False
CRC	s__Blastocystis_sp_subtype_4	1	7	2	down	1.0	-13.071508116357144	-0.0015027154700058107	0.9988010069784545	0.9990053854502869	0.005649121084301758	False
CRC	s__GGB6123_SGB8767	4	7	2	down	0.5	-0.2844242492885548	-0.27957873558566393	0.7798007233009286	0.9133671737205483	0.005596701412383063	False
CRC	s__GGB3352_SGB62935	6	7	2	down	0.5	-0.3765101979548752	0.22485090315181055	0.8220952648447242	0.9343048731297537	0.005555668885137211	False
CRC	s__Lentihominibacter_faecis	7	7	2	up	0.7142857142857143	0.023100333555500882	1.4116893349963333	0.15804145497611966	0.4646513141268866	0.005492481007229344	True
CRC	s__Limosilactobacillus_vaginalis	2	7	2	down	0.5	-0.5206757866789484	0.16008634911402517	0.8728130543189686	0.9530717231472721	0.005434401335521772	False
CRC	s__Ruminococcus_bovis	4	7	2	down	0.5	-0.5866433774460861	0.14084664665269073	0.8879910916433122	0.9584170057824437	0.0054104619629373575	False
CRC	s__Actinomyces_gerencseriae	1	7	2	down	1.0	-0.25756927746620845	-0.1606580128883123	0.8723627606231583	0.9530717231472721	0.005376608097640712	False
CRC	s__GGB3446_SGB4597	7	7	2	down	0.5714285714285714	-0.22855762524705953	0.29328853425471163	0.7693016168545745	0.9096892555447398	0.0053687447950542784	False
CRC	s__Peptidiphaga_SGB15895	1	7	2	down	1.0	-0.29516209620116146	-0.13371342137076475	0.8936291917552455	0.9592933274219635	0.005327255629312401	False
CRC	s__GGB9687_SGB15191	2	7	2	up	0.5	0.7044717955681229	-0.10557720468913247	0.9159178116721998	0.9660620734021881	0.005281765842410619	False
CRC	s__Megasphaera_sp_DJF_B143	2	7	2	down	0.5	-0.1496374532182866	0.4827105274152487	0.6293012873153231	0.8533942936253555	0.005151289188064746	False
CRC	s__Blautia_argi	1	7	2	up	1.0	0.054604547892648986	0.6127546080046287	0.5400386088533619	0.8052467209361064	0.005136706336259435	False
CRC	s__Flavonifractor_sp_An100	6	7	2	up	0.5	0.03716908037808205	-1.2373720760948386	0.2159489806481414	0.5298168120634553	0.005126996362341895	False
CRC	s__Lachnoclostridium_edouardi	4	7	2	down	0.75	-0.22634170055151384	-0.2360236895891571	0.8134142877774357	0.9330660333539641	0.00510756231054744	True
CRC	s__Clostridiaceae_bacterium_AF18_31LB	7	7	2	down	0.7142857142857143	-0.01860134657005414	-1.532029335269462	0.12551519588841892	0.4133256553128877	0.005098199098472451	True
CRC	s__Porphyromonas_SGB1979	1	7	2	up	1.0	11.688031689601239	0.0014117406363811165	0.9988735943165301	0.9990053854502869	0.005051223291449429	False
CRC	s__GGB9469_SGB14862	3	7	2	up	0.6666666666666666	0.026816196100540715	1.2514433156308986	0.21077278227988938	0.5243217664454833	0.005012878696197421	True
CRC	s__GGB1123_SGB1437	1	7	2	up	1.0	0.21890554286745253	0.18085455502919884	0.856481740368469	0.9505291137929073	0.004823490946430022	False
CRC	s__GGB9547_SGB14954	5	7	2	down	0.6	-0.059349311815546646	-0.7687847934523172	0.4420210776414182	0.7330524992463973	0.004802484158316496	True
CRC	s__Anaeromassilibacillus_senegalensis	7	7	2	up	0.5714285714285714	0.17670651835584658	-0.3427672364635741	0.7317735758959336	0.8963110796225345	0.0048004835018671905	False
CRC	s__Parasutterella_excrementihominis	7	7	2	down	0.5714285714285714	-0.13448109707702638	0.4441920732531597	0.6569037227181282	0.8667503036755833	0.004772618674531287	False
CRC	s__GGB9420_SGB14786	2	7	2	up	0.5	0.14471910769637403	-0.4652855090326023	0.6417270106886668	0.8593794218139063	0.004762347646084372	False
CRC	s__GGB3139_SGB4152	1	7	2	down	1.0	-10.98844799557004	-0.0012465647991794417	0.9990053854502869	0.9990053854502869	0.004748883809194896	False
CRC	s__Victivallis_vadensis	5	7	2	down	0.6	-0.9508038417161466	-0.06697185677057538	0.9466041079273875	0.9814147106060076	0.004647968403818328	True
CRC	s__Campylobacter_ureolyticus	1	7	2	up	1.0	10.696532916186898	0.0016750830864691228	0.9986634776922697	0.9990053854502869	0.004622726703596242	False
CRC	s__GGB9708_SGB15234	7	7	2	up	0.5714285714285714	0.4462686819297597	0.12290431509986795	0.9021828685806507	0.95963475898566	0.0045631686282801955	False
CRC	s__GGB9525_SGB14925	4	7	2	up	0.5	0.5488901658367792	0.1139324193394592	0.9092913659701526	0.9625525117982667	0.004549083230868894	False
CRC	s__Paraprevotella_xylaniphila	2	7	2	up	0.5	0.2267527503800112	-0.2858848977047618	0.7749662811148729	0.9118611796800676	0.004543135676558773	False
CRC	s__Hydrogeniiclostridium_mannosilyticum	7	7	2	down	0.7142857142857143	-0.25150053701529734	-0.20070164571146715	0.8409318728091446	0.9436993851985304	0.004520960698527174	True
CRC	s__Streptococcus_parasanguinis	7	7	2	up	0.5714285714285714	0.12369222197968854	0.45739393679164636	0.6473879216125678	0.8634068124006211	0.004508371498660381	False
CRC	s__Veillonella_denticariosi	1	7	2	down	1.0	-0.14435646732944335	-0.2421647512511881	0.8086525066768854	0.9315445005231217	0.0044456586046742646	False
CRC	s__Blautia_luti	7	7	2	down	0.5714285714285714	-0.3539301549054322	0.17466147937597296	0.8613456374306077	0.951932278483157	0.004326835926911893	False
CRC	s__GGB9361_SGB14336	5	7	2	up	0.6	0.03298972443058162	1.0572544750037034	0.2903954641670018	0.6069526945266367	0.004292197168630868	True
CRC	s__Parolsenella_catena	4	7	2	down	0.5	-0.1982945022531285	-0.3009346022664903	0.7634643638235822	0.9061205558821984	0.0042448921205694564	False
CRC	s__Eubacterium_ramulus	7	7	2	up	0.5714285714285714	0.03992230451356466	-0.9216032709397979	0.35673555171623283	0.6521888869260366	0.004234652501937283	False
CRC	s__Candidatus_Gastranaerophilales_bacterium	6	7	2	up	0.6666666666666666	0.6283097641349091	0.08341747683841733	0.9335195924354576	0.977012910539579	0.00423049230515146	True
CRC	s__GGB9595_SGB15019	4	7	2	up	0.5	0.4481159361987899	0.13801628080953057	0.8902275504610617	0.9584170057824437	0.004132858770765609	False
CRC	s__GGB31234_SGB14869	5	7	2	up	0.6	0.6698942455919544	0.08252531831262463	0.9342289858962102	0.977012910539579	0.0040594374808572125	True
CRC	s__GGB9590_SGB15012	7	7	2	down	0.5714285714285714	-0.08577414731906026	-0.5477853860682844	0.5838392742731529	0.8283279734329295	0.004009214603247286	False
CRC	s__Phocaeicola_dorei	7	7	2	up	0.5714285714285714	0.24390097139736544	-0.21611769066570535	0.8288960103949667	0.9373534494434196	0.003915881395584717	False
CRC	s__GGB2657_SGB3578	4	7	2	up	0.5	0.42208908003506573	-0.14189017718684982	0.8871667532836132	0.9584170057824437	0.003892819727110654	False
CRC	s__Pseudoflavonifractor_sp_MSJ_37	1	7	2	down	1.0	-8.851228522224108	-0.0013934801057063904	0.9988881640976957	0.9990053854502869	0.0038252404559424398	False
CRC	s__Aggregatibacter_sp_2125159857	2	7	2	up	0.5	0.406811827009757	-0.1370090386519631	0.8910236506776421	0.9584170057824437	0.0037519215263136984	False
CRC	s__Eubacterium_minutum	1	7	2	down	1.0	-0.20147314740054698	-0.13753617289315495	0.8906070025716276	0.9584170057824437	0.0037162707105275737	False
CRC	s__Scardovia_inopinata	2	7	2	up	0.5	0.5731600816149741	0.09584479077928106	0.9236438431849249	0.9713976806270773	0.0036117504323948915	False
CRC	s__Erysipelatoclostridium_ramosum	7	7	2	down	0.7142857142857143	-0.03590669777205927	0.7900469681155247	0.4295003391016645	0.7251286213538728	0.003580024790778232	True
CRC	s__GGB3534_SGB4722	7	7	2	up	0.5714285714285714	0.10067149613339489	0.43892611580547913	0.6607150728080831	0.8667503036755833	0.003572744964774114	False
CRC	s__GGB9770_SGB73065	3	7	2	down	0.6666666666666666	-0.04456337555006167	-0.7139898528622588	0.47523345403077577	0.7607932924421605	0.0035274385022535906	True
CRC	s__Eggerthella_lenta	7	7	2	up	0.5714285714285714	0.02695370874067251	1.106876558575614	0.2683473020891959	0.5915419951403811	0.0035119052670814087	False
CRC	s__Oscillospiraceae_bacterium_CLA_AA_H250	7	7	2	up	0.5714285714285714	0.128018674431941	-0.3356000783036222	0.7371724649469303	0.8963503103199101	0.003476418562530349	False
CRC	s__Enterococcus_faecium	6	7	2	down	0.6666666666666666	-0.1707084987067481	-0.23148140871208375	0.8169408269626806	0.9330660333539641	0.0034241416287761326	True
CRC	s__Porphyromonas_bobii	2	7	2	down	0.5	-0.10436679738968323	-0.4474506783356398	0.6545496917641016	0.8667503036755833	0.0032409020294912696	False
CRC	s__GGB9291_SGB14248	5	7	2	down	0.6	-0.08636236743036839	-0.4443168108685422	0.6568135488119793	0.8667503036755833	0.003218172586038394	True
CRC	s__GGB3189_SGB4212	4	7	2	down	0.5	-0.11544006894725344	-0.3952271308271113	0.6926752716684903	0.880394500962884	0.0031932269251693764	False
CRC	s__GGB9719_SGB15272	7	7	2	up	0.5714285714285714	0.26754252500952164	0.15413794127399558	0.8775009729262119	0.9530755490262378	0.003191044219926794	False
CRC	s__Clostridium_SGB4909	7	7	2	down	0.5714285714285714	-0.038730096672701185	-0.7773972664171782	0.4369244247376286	0.7275367337494091	0.003057355469283612	False
CRC	s__GGB9760_SGB15374	7	7	2	up	0.5714285714285714	0.12832530030890466	0.2902299346741216	0.7716403367421837	0.9110592893155917	0.002966393994637444	False
CRC	s__GGB4683_SGB6473	7	7	2	down	0.5714285714285714	-0.2764066147742665	-0.14226896151512727	0.8868675622349997	0.9584170057824437	0.002913402944929469	False
CRC	s__Bacteroides_uniformis	7	7	2	up	0.5714285714285714	0.13201435899846872	0.2709526953578961	0.7864274153084474	0.9161799480630982	0.002868047225383591	False
CRC	s__Paraeggerthella_hongkongensis	1	7	2	up	1.0	0.37936797230951913	0.06392682381687005	0.9490284936400484	0.9828515081143094	0.00284984696046141	False
CRC	s__Bacteroides_stercoris	7	7	2	up	0.5714285714285714	0.27733939732650076	-0.12232153012456803	0.9026443814607727	0.95963475898566	0.002835839682484407	False
CRC	s__Turicimonas_muris	2	7	2	down	0.5	-0.40756528966233085	-0.09990075911865803	0.9204231136780878	0.9686443639035279	0.0028194641579188016	False
CRC	s__Lachnospiraceae_bacterium_oral_taxon_096	2	7	2	up	0.5	0.5549883482271161	0.0841625643610019	0.9329271818612157	0.977012910539579	0.0028026071740141745	False
CRC	s__Prevotella_disiens	1	7	2	down	1.0	-0.2843550618237664	-0.07682756230081601	0.938760723989128	0.9776983042453199	0.002785297091558636	False
CRC	s__GGB1148_SGB1475	2	7	2	up	0.5	0.3287153325196179	0.11385517670318848	0.9093525982400449	0.9625525117982667	0.0027243217313154635	False
CRC	s__Victivallis_lenta	6	7	2	down	0.8333333333333334	-0.19694478020226905	-0.11109926051628381	0.9115376351352792	0.9630775671679117	0.0026815234801124696	True
CRC	s__Massilioclostridium_coli	7	7	2	down	0.5714285714285714	-0.02620925672941058	-0.8856656852003371	0.3757977045825308	0.6687784177897309	0.0026166985017422578	False
CRC	s__Mitsuokella_jalaludinii	3	7	2	up	0.6666666666666666	0.022907253889770607	-0.8707927093017236	0.3838673467964836	0.6749177530655899	0.0026075960565820535	True
CRC	s__GGB55957_SGB77276	3	7	2	up	0.6666666666666666	0.0795498063523674	0.3538420462057134	0.723457261029318	0.8955938672519779	0.002539701230721131	True
CRC	s__GGB9691_SGB15198	7	7	2	down	0.5714285714285714	-0.3675639080277751	-0.09224850792722379	0.9265005985641712	0.9731284064657668	0.002484700475827556	False
CRC	s__Phascolarctobacterium_succinatutens	7	7	2	down	0.5714285714285714	-0.06569697520389564	0.4604523721328457	0.6451915503606125	0.8618643569655065	0.0024236957931709317	False
CRC	s__Roseburia_hominis	7	7	2	down	0.5714285714285714	-0.15067464721276552	0.2152970157990081	0.8295357561242527	0.9373534494434196	0.0024191131524666514	False
CRC	s__Ruminococcus_callidus	7	7	2	down	0.7142857142857143	-0.32913156246838204	-0.07841913430651663	0.9374946534237901	0.977012910539579	0.0023743779772649526	True
CRC	s__Segatella_copri	7	7	2	up	0.5714285714285714	0.39778230950676813	0.0786821322110361	0.9372854578429162	0.977012910539579	0.002295703391932685	False
CRC	s__Sutterella_seckii	1	7	2	down	1.0	-0.10689158152376556	-0.17264328394830158	0.8629318270390685	0.951932278483157	0.0022868327985611065	False
CRC	s__Blautia_producta	6	7	2	down	0.6666666666666666	-0.032187545805214025	-0.6553396152037675	0.5122491202712092	0.7850088131519287	0.0022558205332432715	True
CRC	s__GGB4754_SGB6584	2	7	2	down	0.5	-0.07360038381600144	-0.42931574673815326	0.6676934588195149	0.869315790418339	0.0022382771586915325	False
CRC	s__Dorea_sp_AF36_15AT	7	7	2	up	0.7142857142857143	0.20867107406657193	-0.10526454061127172	0.9161658991069911	0.9660620734021881	0.00223501141105732	True
CRC	s__GGB9466_SGB14859	1	7	2	down	1.0	-0.2206099954149936	-0.08149163958520825	0.935050973410998	0.977012910539579	0.002228094185344148	False
CRC	s__GGB9574_SGB14987	5	7	2	down	0.8	-0.3918170437940471	-0.06009004478744833	0.9520839187452296	0.9839267110888741	0.0022058513697286904	True
CRC	s__GGB9697_SGB15213	7	7	2	down	0.5714285714285714	-0.19910415513874918	-0.13001555884772314	0.8965541169966788	0.95963475898566	0.0020358718217927145	False
CRC	s__GGB5979_SGB8597	2	7	2	down	0.5	-0.7073964072717768	-0.053381098197994206	0.9574282651904901	0.9869064927268233	0.0020245663429616307	False
CRC	s__Roseburia_sp_AF02_12	7	7	2	down	0.5714285714285714	-0.04043782808275658	-0.5704317381350686	0.5683849083325679	0.81954477225689	0.0019971045327297422	False
CRC	s__GGB3588_SGB4808	7	7	2	up	0.7142857142857143	0.2710030232844163	0.07976242268166636	0.9364262114200299	0.977012910539579	0.001955034653720132	True
CRC	s__GGB9708_SGB15233	7	7	2	down	0.5714285714285714	-0.1910539163022357	-0.12842342901062376	0.8978138910029282	0.95963475898566	0.001953556842506933	False
CRC	s__GGB28369_SGB40949	1	7	2	down	1.0	-0.009435802271507842	-1.0107609022564648	0.31213088018056	0.6254293322321196	0.0019232217739473176	False
CRC	s__GGB4605_SGB6376	7	7	2	up	0.5714285714285714	0.11930425694845	-0.2179406758341292	0.827475334071904	0.9373534494434196	0.0019154549386248998	False
CRC	s__GGB9209_SGB14148	2	7	2	down	0.5	-0.1812609750706156	0.1556031349252119	0.8763458537319673	0.9530755490262378	0.0018917004443674802	False
CRC	s__Blautia_faecicola	7	7	2	down	0.5714285714285714	-0.15443670491693537	0.1697296633152276	0.865222744582342	0.951932278483157	0.0018880060769250675	False
CRC	s__GGB4723_SGB6540	4	7	2	down	0.5	-0.5316333859622133	0.05854698676254685	0.9533129366306017	0.9839267110888741	0.001870618333212849	False
CRC	s__Alistipes_timonensis	5	7	2	down	0.6	-0.06291820042377098	-0.3491583458227138	0.7269704358289403	0.8957980890424738	0.0018041115089379718	True
CRC	s__Alistipes_senegalensis	7	7	2	down	0.5714285714285714	-0.056368501378126955	0.3900185042299936	0.6965228639252052	0.8813482223053581	0.0017668293537764365	False
CRC	s__Blautia_stercoris	7	7	2	up	0.5714285714285714	0.04136027092912578	0.5035572999959843	0.6145725050214216	0.8454329004338019	0.0017234436203327564	False
CRC	s__Treponema_SGB3601	1	7	2	down	1.0	-0.1528025485930188	-0.08916780528779275	0.9289485510889217	0.9750622610058114	0.001675885216229629	False
CRC	s__Clostridium_sp_AM22_11AC	7	7	2	up	0.5714285714285714	0.02514752379277541	-0.6827652542884645	0.49475518850368794	0.7686986118266208	0.0016416864423938967	False
CRC	s__GGB47687_SGB2286	6	7	2	up	0.5	0.1156722917855273	0.21978070697343882	0.8260419458796913	0.9368026866821905	0.0016397630289694176	False
CRC	s__Cutibacterium_acnes	1	7	2	up	1.0	3.6605459055040224	0.015842161987326492	0.9873603122484876	0.9990053854502869	0.001581980202342572	False
CRC	s__Oscillibacter_sp_ER4	7	7	2	up	0.5714285714285714	0.127173793920344	0.172982749755156	0.8626649869133338	0.951932278483157	0.001554713925529345	False
CRC	s__Prevotella_conceptionensis	1	7	2	down	1.0	-0.07255166323618721	-0.16793862402588836	0.8666315640453384	0.951932278483157	0.0015521664167891917	False
CRC	s__GGB9522_SGB98319	3	7	2	up	0.6666666666666666	0.2643633241874429	0.07145797487914347	0.9430332702044674	0.9802422155359503	0.0015274204212724495	True
CRC	s__GGB33469_SGB15237	7	7	2	down	0.5714285714285714	-0.03612031442507157	0.5094165437832134	0.6104602825422316	0.8442424045140845	0.001517730986805316	False
CRC	s__GGB2996_SGB3983	6	7	2	down	0.5	-0.033364841566332494	-0.5865493468298201	0.5575064104046281	0.8154648313998578	0.0014779751332961604	False
CRC	s__Alistipes_communis	7	7	2	down	0.5714285714285714	-0.026110881462384817	-0.6273495495719295	0.5304301302681907	0.7983574987558951	0.0014592639223196563	False
CRC	s__Oscillibacter_sp_MSJ_31	7	7	2	up	0.5714285714285714	0.27114818001550905	0.07503009413343945	0.9401907677146648	0.9785534739102761	0.0014588449112069141	False
CRC	s__GGB43675_SGB61016	2	7	2	down	0.5	-0.061062278315870355	0.33429139292238946	0.7381596846856944	0.8963503103199101	0.001450907720345696	False
CRC	s__Sutterella_SGB9281	7	7	2	up	0.5714285714285714	0.3343693465482404	0.06369491305686152	0.949213155316371	0.9828515081143094	0.001435321806621667	False
CRC	s__Enterocloster_asparagiformis	7	7	2	down	0.5714285714285714	-0.12031825530127173	0.15681570860353142	0.875390092349036	0.9530755490262378	0.0014350648485400043	False
CRC	s__GGB4617_SGB6392	1	7	2	up	1.0	3.0732970381508946	0.007638211609829388	0.9939056481441565	0.9990053854502869	0.0013281885259142359	False
CRC	s__Phocaeicola_massiliensis	7	7	2	up	0.5714285714285714	0.1393574050432676	0.1132456126265198	0.909835834584176	0.9625525117982667	0.0013199589672543437	False
CRC	s__Lachnospiraceae_bacterium_oral_taxon_500	1	7	2	up	1.0	0.4364979013638447	0.04166925522363428	0.966762363441823	0.9933421470914384	0.0012663403012388866	False
CRC	s__Phocaeicola_vulgatus	7	7	2	up	0.5714285714285714	0.015864440140910575	0.7876083221603977	0.4309258452974166	0.7251286213538728	0.0012653926430510614	False
CRC	s__TM7_phylum_sp_oral_taxon_351	2	7	2	up	0.5	0.05247654475140023	-0.34757010765562363	0.7281630588116594	0.8957980890424738	0.001253923582493459	False
CRC	s__GGB3057_SGB71294	1	7	2	up	1.0	0.02504499503907208	0.3545947069526716	0.722893242057679	0.8955938672519779	0.001199376987337752	False
CRC	s__GGB4566_SGB6305	6	7	2	down	0.5	-0.13323667840939543	0.132737787629345	0.8944007570707257	0.9594806519443633	0.0011967170859475034	False
CRC	s__GGB9365_SGB14341	7	7	2	down	0.5714285714285714	-0.11555210180303463	-0.12123891895411795	0.9035017985969531	0.95963475898566	0.001181538716988522	False
CRC	s__GGB13493_SGB15238	7	7	2	down	0.5714285714285714	-0.24273801949633336	0.06853112251257681	0.9453628461227737	0.980760551142219	0.0011702761918632348	False
CRC	s__Bacteroides_clarus	7	7	2	down	0.5714285714285714	-0.1661624452392379	-0.09343391136151839	0.9255588509711447	0.9727750644281422	0.001138219433462437	False
CRC	s__GGB42389_SGB59559	7	7	2	down	0.5714285714285714	-0.014104471595273263	0.7848185216158846	0.4325599790597757	0.7255990462933817	0.0011227425099691966	False
CRC	s__Massiliimalia_massiliensis	7	7	2	down	0.5714285714285714	-0.3221853930608731	-0.05501150802922041	0.9561292955958113	0.9862001142634588	0.0011110704095894392	False
CRC	s__Leptotrichia_hongkongensis	1	7	2	up	1.0	2.5365985737879626	0.023714948921908622	0.981079981844193	0.9990053854502869	0.0010962432458473512	False
CRC	s__GGB9537_SGB14940	7	7	2	up	0.5714285714285714	0.011368860424477944	0.8057851222476088	0.4203667579866651	0.7157566207906263	0.0009435155384182639	False
CRC	s__Bacteroides_bouchesdurhonensis	2	7	2	down	0.5	-0.21915810091139293	0.06880258379817557	0.9451467613903147	0.980760551142219	0.0009245196518756835	False
CRC	s__GGB3109_SGB4119	7	7	2	up	0.5714285714285714	0.042461650968913	0.2693879372385639	0.787631167865766	0.9165266377699393	0.00091850394398463	False
CRC	s__Megasphaera_hominis	1	7	2	up	1.0	2.1087813006851133	0.01551317388144504	0.9876227745204873	0.9990053854502869	0.0009113532120271894	False
CRC	s__GGB9359_SGB14334	6	7	2	down	0.6666666666666666	-0.006524128918605302	1.0139217592226473	0.31062008766876326	0.6240327509781042	0.0008907289554364409	True
CRC	s__Lactonifactor_longoviformis	6	7	2	down	0.5	-0.028299348803019722	-0.43955658154577637	0.66025829322155	0.8667503036755833	0.0008787796431708282	False
CRC	s__GGB9636_SGB15107	7	7	2	down	0.5714285714285714	-0.21679327161158135	0.059251059103955755	0.9527521417606856	0.9839267110888741	0.0008717875977845721	False
CRC	s__Lachnospiraceae_bacterium	7	7	2	up	0.5714285714285714	0.03155393570533286	-0.3118435254849168	0.7551594437153	0.9020050000605053	0.0008076194690576755	False
CRC	s__Mediterraneibacter_massiliensis	7	7	2	up	0.5714285714285714	0.15168421215894082	0.07352924085669488	0.9413849762077509	0.9791622373889034	0.0007926881697133684	False
CRC	s__Megasphaera_SGB5863	1	7	2	up	1.0	1.7390313059251434	0.004795873407970716	0.9961734613208753	0.9990053854502869	0.0007515581468575308	False
CRC	s__GGB3616_SGB4890	2	7	2	up	0.5	0.5168847609837864	0.04200586018930218	0.9664940264866756	0.9933421470914384	0.0007497768052089596	False
CRC	s__GGB1420_SGB1957	6	7	2	down	0.5	-0.005769782929284973	1.1678703756413418	0.24285905530375673	0.5612835492737344	0.0007235818026259368	False
CRC	s__GGB3433_SGB4573	7	7	2	up	0.5714285714285714	0.008141833062561336	-0.8362049071298201	0.403039638284838	0.6996343237122921	0.0007217334543396772	False
CRC	s__GGB9699_SGB15216	7	7	2	up	0.5714285714285714	0.006100053868276495	-1.016428159960975	0.30942554153208035	0.6240327509781042	0.0007138548536605677	False
CRC	s__Bianquea_SGB71281	5	7	2	down	0.6	-0.06177880990479453	0.12379252709845387	0.9014795488128455	0.95963475898566	0.0006632831197846315	True
CRC	s__GGB9646_SGB15123	7	7	2	up	0.5714285714285714	0.06541881835024649	-0.11731173365463518	0.9066130271230167	0.9623032593042852	0.0006238354687762688	False
CRC	s__Streptococcus_mutans	7	7	2	down	0.5714285714285714	-0.022703958868457042	0.3382056344571254	0.7352082301045106	0.8963503103199101	0.0006165386761225262	False
CRC	s__Blautia_obeum	7	7	2	up	0.5714285714285714	0.12704708315529958	-0.06979449449031841	0.9443572292536572	0.980760551142219	0.0006125129346066926	False
CRC	s__GGB9621_SGB15073	7	7	2	down	0.5714285714285714	-0.10307297485302798	-0.08272638915065798	0.9340691012804105	0.977012910539579	0.0005948604860786616	False
CRC	s__Alistipes_sp_AF17_16	7	7	2	down	0.5714285714285714	-0.00798182922936783	0.7328689147744702	0.4636383840669488	0.753353774717479	0.0005610132726513305	False
CRC	s__GGB34228_SGB72916	7	7	2	down	0.5714285714285714	-0.04002912182823191	0.19666127364108843	0.8440926173598742	0.9452660878726954	0.0005591707477674381	False
CRC	s__GGB45599_SGB63311	1	7	2	down	1.0	-0.018385523103614524	-0.22533065679347905	0.8217220521686643	0.9343048731297537	0.000542582268414225	False
CRC	s__GGB9788_SGB15411	7	7	2	up	0.7142857142857143	0.013571272087888395	0.3682686104845795	0.7126729555634537	0.8913331448101292	0.0004842999919784936	True
CRC	s__GGB3152_SGB4165	1	7	2	up	1.0	1.0629251593806452	0.012586712730856596	0.989957521405332	0.9990053854502869	0.0004593649696302534	False
CRC	s__GGB4936_SGB6889	1	7	2	up	1.0	0.006588921148485652	0.4872850677641318	0.6260563281306077	0.8533942936253555	0.00045364897013707583	False
CRC	s__GGB34540_SGB54300	4	7	2	down	0.5	-0.03615507938933642	0.19371595837275013	0.846398295564712	0.9465595119843192	0.00043118684937868025	False
CRC	s__Alistipes_montrealensis	1	7	2	up	1.0	0.19938339270619967	0.0364892424867367	0.9708922562505156	0.9950407243587872	0.0004304975313330943	False
CRC	s__Clostridium_celatum	3	7	2	up	0.6666666666666666	1.4884971359234742	0.017623875127637145	0.9859389100359495	0.9990053854502869	0.0004288564349075008	True
CRC	s__Yeguia_hominis	6	7	2	up	0.6666666666666666	0.2824159225330933	0.037370706309894655	0.9701894293270598	0.994954954006755	0.00041356634361757475	True
CRC	s__Enterococcus_avium	2	7	2	up	0.5	0.2662779017910877	-0.040679930472014444	0.9675510615126914	0.993517288083639	0.0003760604700659448	False
CRC	s__GGB9696_SGB15212	4	7	2	down	0.5	-1.7255581443180996	0.004132811723694338	0.9967025027199105	0.9990053854502869	0.00037286772147805545	False
CRC	s__Clostridium_SGB47280	3	7	2	down	0.6666666666666666	-1.263568192973836	-0.01775040732901805	0.9858379677364658	0.9990053854502869	0.0003640513222520111	True
CRC	s__Actinomyces_naeslundii	4	7	2	up	0.5	0.4894953974813745	-0.03379955842420641	0.9730369880721725	0.9966032121300071	0.0003616679324673262	False
CRC	s__Dorea_longicatena	7	7	2	up	0.5714285714285714	0.03522343716109236	0.12879575516607839	0.8975192644417219	0.95963475898566	0.00036016527697767866	False
CRC	s__GGB3000_SGB3991	7	7	2	up	0.5714285714285714	0.08175419073610218	0.062201072071390626	0.9504027087555202	0.9834495511720033	0.00033859846046166794	False
CRC	s__Selenomonas_SGB69112	1	7	2	down	1.0	-0.7654243280872141	-0.0014324980067065808	0.9988570323479725	0.9990053854502869	0.00033079386645708806	False
CRC	s__Olsenella_timonensis	4	7	2	up	0.5	0.03932665250144435	0.11322627281962075	0.9098511669033287	0.9625525117982667	0.0003259308083025984	False
CRC	s__GGB9547_SGB14953	6	7	2	up	0.6666666666666666	0.9951342156746095	0.012903970916448494	0.9897044065576173	0.9990053854502869	0.0002867118126659438	True
CRC	s__GGB9185_SGB14124	5	7	2	up	0.6	0.1642478401213191	-0.03965612057674042	0.9683672848439879	0.9937204513054206	0.0002696067923463161	True
CRC	s__GGB6606_SGB9340	6	7	2	down	0.5	-0.024678621943141806	0.17252717497136827	0.8630230991269833	0.951932278483157	0.0002639865613285876	False
CRC	s__Paratractidigestivibacter_faecalis	7	7	2	down	0.5714285714285714	-0.025623124065302694	0.12647386242643713	0.8993568376513597	0.95963475898566	0.0002620005405436977	False
CRC	s__Clostridium_fessum	7	7	2	up	0.5714285714285714	0.02579463518442435	-0.11497252428164498	0.9084669000462715	0.9625525117982667	0.0002443204220698868	False
CRC	s__Blautia_caecimuris	7	7	2	up	0.5714285714285714	0.0076360870707230695	-0.3794179789042059	0.7043775016825262	0.8864014449520905	0.00022851337306163468	False
CRC	s__Lactococcus_lactis	6	7	2	up	0.6666666666666666	0.7042546580521961	-0.02780577859749258	0.9778170570917012	0.9990053854502869	0.0002029054236183585	True
CRC	s__Gemmiger_SGB15301	2	7	2	up	0.5	0.03989406286230725	0.05211305284640567	0.9584386124319264	0.9873146475500678	0.0001105947171196586	False
CRC	s__Clostridiaceae_unclassified_SGB15090	7	7	2	up	0.8571428571428571	0.2857138163945157	-0.00828206491175376	0.9933919438193891	0.9990053854502869	0.00010583751621595416	True
CRC	s__Diplocloster_modestus	4	7	2	up	0.5	0.44365368725429044	0.014043284590578067	0.9887954483255416	0.9990053854502869	9.586703295774299e-05	False
CRC	s__Actinomyces_massiliensis	1	7	2	down	1.0	-0.2173163461556161	-0.019958661500784177	0.9840763493340994	0.9990053854502869	9.391772870453138e-05	False
CRC	s__GGB1495_SGB2071	7	7	2	up	0.7142857142857143	0.02486604553655185	0.04955392768502041	0.960477861873924	0.9881484788933393	9.196517872468706e-05	True
CRC	s__Parabacteroides_sp_AGMB00274	5	7	2	up	0.6	0.0025267342245104485	-0.3846535898069505	0.700494084298761	0.8842843625044061	8.096877608960419e-05	True
CRC	s__GGB9411_SGB14764	2	7	2	up	0.5	0.325940433982852	-0.027214060671484554	0.9782890010659588	0.9990053854502869	7.04309312073523e-05	False
CRC	s__Catonella_massiliensis	1	7	2	up	1.0	0.15825656512021447	0.002840211910840318	0.9977338418137081	0.9990053854502869	6.839382960188428e-05	False
CRC	s__Clostridiales_bacterium_CHKCI006	2	7	2	up	0.5	0.31207840034403395	0.020558950806756286	0.9835974860494705	0.9990053854502869	6.743554973326074e-05	False
CRC	s__GGB9818_SGB15459	6	7	2	up	0.5	0.2674280312755378	0.009731132907099385	0.992235801832888	0.9990053854502869	5.778726205744698e-05	False
CRC	s__GGB9591_SGB15013	1	7	2	down	1.0	-0.11689391868291286	-0.021736846224672632	0.9826578716726413	0.9990053854502869	5.0518111206461804e-05	False
CRC	s__GGB1689_SGB2321	3	7	2	up	0.6666666666666666	0.165330644797088	-0.026114006243328724	0.9791664055061416	0.9990053854502869	4.763402575487571e-05	True
CRC	s__Holdemanella_porci	7	7	2	up	0.5714285714285714	0.17626986151602006	0.01824099897659685	0.985446595616276	0.9990053854502869	4.353065493298949e-05	False
CRC	s__Alistipes_dispar	7	7	2	up	0.5714285714285714	0.14873096509697253	0.023387982401522206	0.9813407910397979	0.9990053854502869	3.6729797503689545e-05	False
CRC	s__Acidaminococcus_fermentans	2	7	2	up	0.5	0.16966792744293077	-0.025154722788316392	0.9799315514970843	0.9990053854502869	3.666274226798076e-05	False
CRC	s__Sutterella_sp_AM11_39	6	7	2	up	0.5	0.003806289684602551	0.13820544026542872	0.8900780556501879	0.9584170057824437	3.510443712518608e-05	False
CRC	s__GGB74463_SGB54347	7	7	2	up	0.5714285714285714	0.042789386702577814	-0.024630451563959155	0.9803497298276144	0.9990053854502869	1.0567036311961244e-05	False
CRC	s__Anaeroglobus_geminatus	2	7	2	down	0.5	-0.02030067468241173	-0.007126310324227739	0.9943140751428006	0.9990053854502869	4.3866770518413245e-06	False
CRC	s__Paraprevotella_clara	7	7	2	down	0.5714285714285714	-0.007116349172502654	-0.01546230375725126	0.9876633581394939	0.9990053854502869	1.75741523563133e-06	False
IBD	s__Oscillospiraceae_bacterium	6	7	2	down	1.0	-4.495499271771462	-11.45551296948713	2.206530465023885e-30	2.7080146616202226e-28	123.92899730310728	True
IBD	s__GGB9707_SGB15229	6	7	2	down	1.0	-3.439879146086784	-12.229240452175352	2.1695779770420317e-34	3.6611628362584284e-32	108.13735127459893	True
IBD	s__GGB9758_SGB15368	7	7	2	down	1.0	-4.81135781675411	-9.891008070729203	4.5541855103693554e-23	2.195768013928082e-21	99.39501949455155	True
IBD	s__GGB3653_SGB4964	6	7	2	down	1.0	-3.295089481111881	-11.276159397662996	1.7209639728462723e-29	1.6595009738160485e-27	88.2425704054857	True
IBD	s__Alistipes_sp_AF17_16	6	7	2	down	0.8333333333333334	-3.328363667226856	-12.262037670035388	1.4481198823565493e-34	2.792802630259059e-32	87.51921100522053	True
IBD	s__Clostridium_sp_AM49_4BH	6	7	2	down	0.8333333333333334	-2.309037526832368	-14.213316623541413	7.575115935094148e-46	1.02264065123771e-42	80.79760436159091	True
IBD	s__Wujia_chipingensis	5	7	2	down	1.0	-3.1036620250506934	-11.077803052920755	1.6076902847164158e-28	1.3564886777294758e-26	80.28423760316109	True
IBD	s__GGB2998_SGB3989	2	7	2	down	1.0	-4.943133410095207	-8.540394613759137	1.3376423698816442e-17	3.4727253833465764e-16	76.41752843844165	True
IBD	s__Clostridiaceae_bacterium_Marseille_Q4145	5	7	2	down	1.0	-2.6384430582822267	-11.560052461213683	6.566865842730011e-31	8.865268887685515e-29	74.01441754228983	True
IBD	s__GGB13404_SGB14252	6	7	2	down	1.0	-3.262304168398396	-10.086621984975494	6.331080654475241e-24	3.1655403272376203e-22	70.13807859580092	True
IBD	s__Dysgonomonas_mossii	1	7	2	down	1.0	-9.155452680080879	-5.924098269436748	3.140156459607599e-09	3.5925518817544566e-08	68.15865510985381	False
IBD	s__GGB9747_SGB15356	5	7	2	down	1.0	-4.347764041186254	-8.537184509962893	1.3753184640026443e-17	3.5031696724595656e-16	67.1970359516296	True
IBD	s__GGB3480_SGB4648	5	7	2	down	1.0	-3.5043517335329257	-9.421017520773198	4.467375263138651e-21	1.6752657236769941e-19	65.79741482469211	True
IBD	s__Alistipes_shahii	7	7	2	down	0.8571428571428571	-2.0072632177474445	-13.296772351243101	2.4167784036406774e-40	1.0875502816383048e-37	63.59620768005392	True
IBD	s__Oscillibacter_sp_MSJ_31	7	7	2	down	0.8571428571428571	-2.065905902540073	-12.729769795993096	4.040286516962577e-37	1.090877359579896e-34	60.139507862563235	True
IBD	s__GGB9715_SGB15267	5	7	2	down	1.0	-3.7282621315023166	-8.615960473873805	6.935768392040623e-18	1.872657465850968e-16	58.636397968898464	True
IBD	s__GGB9365_SGB14341	6	7	2	down	0.8333333333333334	-4.42871202120218	-8.356578639756727	6.456339935612771e-17	1.584737984195862e-15	54.62093856481205	True
IBD	s__Jutongia_huaianensis	2	7	2	down	1.0	-5.520836315863102	-6.780970879874997	1.1937093869076351e-11	1.7516387742666385e-10	53.86434564517094	True
IBD	s__GGB3142_SGB4155	2	7	2	down	1.0	-5.791264734895379	-6.485113745703805	8.866486781235775e-11	1.1509381879488745e-09	51.76781431873739	True
IBD	s__Coprococcus_eutactus	6	7	2	down	1.0	-3.976733661569396	-7.616233584050364	2.6118485518049786e-14	4.639467822285159e-13	49.047171206504835	True
IBD	s__Faecalimonas_umbilicata	5	7	2	up	1.0	5.249664716418229	6.521239330651353	6.972881921964604e-11	9.228814308482563e-10	47.4299547463129	True
IBD	s__GGB3061_SGB4063	4	7	2	down	1.0	-4.935511794597414	-6.716493522630073	1.8614957962817023e-11	2.645283499979261e-10	47.270001306382795	True
IBD	s__GGB3619_SGB4894	5	7	2	down	0.8	-4.834072790369164	-7.4575081268664425	8.817412633211479e-14	1.5260906480558327e-12	45.69714624125349	True
IBD	s__GGB9760_SGB15373	6	7	2	down	1.0	-1.881036154206754	-10.570914524653393	4.065109553580263e-26	2.38604256405798e-24	44.43444137715874	True
IBD	s__GGB33586_SGB53517	6	7	2	down	1.0	-2.5676219906538025	-8.993009767410728	2.4055086520988093e-19	7.38053790984862e-18	43.98827395382433	True
IBD	s__GGB3478_SGB4643	5	7	2	down	1.0	-4.249748099788816	-6.954532507447851	3.53733070071868e-12	5.426586870420702e-11	43.6256753963244	True
IBD	s__Oscillospiraceae_bacterium_Marseille_Q3528	6	7	2	down	0.8333333333333334	-2.7781782924054954	-9.335958060550443	1.0008196891569348e-20	3.5555436325312155e-19	42.712393692099916	True
IBD	s__Bacteroides_caecigallinarum	1	7	2	down	1.0	-12.505243746862748	-3.97082548758619	7.162403063386902e-05	0.0004073509534404771	42.393167251399056	False
IBD	s__GGB9616_SGB15051	5	7	2	down	1.0	-3.226563878209972	-7.731710211728762	1.0611127656135765e-14	1.962331826819628e-13	41.00068141251741	True
IBD	s__Enterocloster_aldenensis	5	7	2	up	1.0	3.031958915284714	7.911851767107385	2.5358823394623365e-15	5.0344722915796386e-14	40.319129262137785	True
IBD	s__Ruminococcus_lactaris	6	7	2	down	1.0	-2.426412249209813	-8.84150566496732	9.443721733451612e-19	2.771527030469495e-17	40.17478914426891	True
IBD	s__GGB9760_SGB15374	6	7	2	down	0.8333333333333334	-3.3725491291310936	-8.203393096943753	2.336954727200912e-16	5.258148136202052e-15	40.13099403925674	True
IBD	s__Pseudoruminococcus_massiliensis	5	7	2	down	0.8	-4.464168666805338	-7.215861396659999	5.35936242244762e-13	8.823340573541813e-12	39.47884688081464	True
IBD	s__GGB4651_SGB6438	3	7	2	down	1.0	-3.7094277280340533	-6.768889728944683	1.2977440202145019e-11	1.8838219648275028e-10	36.074036810915224	True
IBD	s__GGB9635_SGB15103	2	7	2	down	1.0	-5.467478788878994	-5.553136849134307	2.805882356868419e-08	2.764920570636763e-07	35.85746094932893	True
IBD	s__GGB9699_SGB15216	6	7	2	down	0.8333333333333334	-1.203784856932143	-13.02955589000637	8.308986142391151e-39	2.8042828230570135e-36	35.664311444897244	True
IBD	s__Gemmiger_formicilis	7	7	2	down	0.8571428571428571	-0.9911185670856221	-14.00937029630447	1.3661087739313645e-44	9.22123422403671e-42	34.86065097718962	True
IBD	s__GGB9712_SGB15244	5	7	2	down	1.0	-4.347673620371987	-6.113144405012493	9.768689910177845e-10	1.1568185419947448e-08	34.50633234329549	True
IBD	s__GGB9602_SGB15031	6	7	2	down	1.0	-4.440604324641592	-6.031255079514741	1.62691152135145e-09	1.89338840846936e-08	34.29372272422082	True
IBD	s__GGB9534_SGB14937	6	7	2	down	0.6666666666666666	-2.5136398738020493	-9.831381602615314	8.247936974075358e-23	3.711571638333911e-21	34.23651602272349	True
IBD	s__Ligaoa_zhengdingensis	3	7	2	down	1.0	-4.064759667818269	-6.217599463040032	5.048181680271356e-10	6.2523351085929636e-09	33.3471165908619	True
IBD	s__Clostridiaceae_bacterium_AF18_31LB	6	7	2	down	0.8333333333333334	-1.2304456454234376	-12.289952986177902	1.0256566471015057e-34	2.3077274559783877e-32	32.43948487169802	True
IBD	s__GGB3058_SGB4060	3	7	2	down	1.0	-5.46851095732291	-5.275190621433822	1.326181649256819e-07	1.234720845859797e-06	32.31032086483772	True
IBD	s__Eubacterium_siraeum	6	7	2	down	1.0	-1.5992235094326142	-9.733581458529613	2.1682163586909573e-22	9.442232529783201e-21	32.02433132812991	True
IBD	s__GGB32900_SGB53446	3	7	2	down	1.0	-2.4649137611624004	-7.73266254913044	1.053202090191729e-14	1.962331826819628e-13	31.322220059941056	True
IBD	s__GGB9253_SGB14198	2	7	2	down	1.0	-3.282500931245072	-6.579023841878566	4.735468428677609e-11	6.392882378714772e-10	30.180309098393977	True
IBD	s__GGB52130_SGB14966	4	7	2	down	1.0	-2.7435968155076282	-7.181113497831725	6.914591841818333e-13	1.1112736888636607e-11	30.053850533459805	True
IBD	s__GGB13489_SGB15224	5	7	2	down	1.0	-3.1437624424467008	-6.705905139091712	2.001617263415721e-11	2.814774276678358e-10	30.024680598113896	True
IBD	s__GGB9759_SGB15370	6	7	2	down	1.0	-3.31133936414799	-6.533536260499232	6.423463276539133e-11	8.585817250819632e-10	30.021325738499716	True
IBD	s__GGB9737_SGB15309	4	7	2	down	1.0	-4.283737194489097	-5.7241912611457515	1.0392761648342861e-08	1.0961115800986611e-07	29.815433018067864	True
IBD	s__Faecalicatena_fissicatena	6	7	2	down	1.0	-1.230261261046221	-10.665245910044359	1.4800700542121457e-26	9.514736062792365e-25	29.5528479121927	True
IBD	s__Fusobacterium_nucleatum	6	7	2	up	1.0	8.589257584003922	3.977350028617024	6.968754650966245e-05	0.00039863638893239113	29.198520298461595	True
IBD	s__Enterocloster_clostridioformis	5	7	2	up	1.0	3.609897403555436	6.130078706087704	8.783560956610309e-10	1.0493634771171608e-08	28.803638715386434	True
IBD	s__Roseburia_sp_AF02_12	6	7	2	down	0.6666666666666666	-2.639082733168489	-8.735266467691917	2.4308241611292445e-18	6.982154505371234e-17	28.424698977610106	True
IBD	s__Clostridium_symbiosum	6	7	2	up	1.0	2.311412071778899	7.583811620983286	3.355482518401251e-14	5.882988830963233e-13	28.26949877034305	True
IBD	s__Prevotella_sp_885	1	7	2	up	1.0	10.480626892041514	3.5188406567955406	0.00043343695291929804	0.002053122408565096	28.16757727029721	False
IBD	s__Enterocloster_bolteae	6	7	2	up	0.8333333333333334	2.524228185704134	7.928714429124603	2.2142606562158016e-15	4.461569978942287e-14	28.08311618167181	True
IBD	s__Lachnospira_sp_NSJ_43	6	7	2	down	0.8333333333333334	-1.4137001644325717	-10.575421879488182	3.87429874512538e-26	2.3774105935996648e-24	27.83092115507961	True
IBD	s__GGB4605_SGB6376	4	7	2	down	1.0	-6.956463377194237	-4.33334636191536	1.4685978148299067e-05	0.00010063995177768397	27.806581183465102	True
IBD	s__GGB9715_SGB15260	6	7	2	down	1.0	-1.9397835250588755	-8.178727808464775	2.8685626275358005e-16	6.146919916148144e-15	27.566927943696534	True
IBD	s__Victivallis_lenta	5	7	2	down	1.0	-2.711717870588476	-6.9160612601643665	4.643736516119299e-12	6.965604774178949e-11	27.54303005539422	True
IBD	s__GGB9708_SGB15233	4	7	2	down	1.0	-2.92735449301374	-6.617109962583092	3.662890360126859e-11	5.04581835323598e-10	27.21581491719346	True
IBD	s__Clostridiaceae_bacterium_Marseille_Q4143	6	7	2	down	0.8333333333333334	-1.17937175739285	-11.430840596959293	2.9325607441379073e-30	3.2991308371551457e-28	27.009186192884	True
IBD	s__Gemmiger_SGB15295	5	7	2	down	0.8	-2.533599532096183	-7.8095920771001275	5.737337112268603e-15	1.1225224784873355e-13	26.247695816740254	True
IBD	s__Dysgonomonas_gadei	1	7	2	down	1.0	-3.5641802930363	-5.86503091807646	4.490490154006271e-09	4.968985006482349e-08	26.031818778107663	False
IBD	s__Lawsonibacter_SGB15145	6	7	2	down	0.8333333333333334	-2.0869000426809143	-8.307438610760645	9.778994461639174e-17	2.3160776356513833e-15	25.45191446096073	True
IBD	s__GGB9635_SGB15106	6	7	2	down	1.0	-3.230620257803492	-6.070262811226453	1.2770109455045668e-09	1.4990998055923178e-08	25.27692033262997	True
IBD	s__GGB4552_SGB6276	6	7	2	down	1.0	-4.443133912214274	-5.163049731173561	2.429585579283366e-07	2.157855613179305e-06	25.174697301586825	True
IBD	s__GGB9290_SGB14247	2	7	2	down	1.0	-10.775545888331331	-3.268515157178275	0.0010811338662008365	0.004723400386314335	25.06117454980215	True
IBD	s__Ruminococcus_bicirculans	6	7	2	down	0.8333333333333334	-1.7172987109400182	-9.080759416229771	1.0781990742241883e-19	3.465639881434891e-18	24.98700616981121	True
IBD	s__GGB9708_SGB15234	6	7	2	down	0.8333333333333334	-2.6003075654642345	-7.293596305201293	3.017888161991671e-13	5.0298136033194516e-12	24.482866746293862	True
IBD	s__GGB4683_SGB6473	4	7	2	down	1.0	-4.387797048540876	-5.110325942448487	3.2160348512309126e-07	2.783107082795982e-06	24.376275235353283	True
IBD	s__Enterococcus_faecium	4	7	2	up	1.0	8.08069661902861	3.730381717491365	0.0001911898859510881	0.0009703246091502592	24.34780923926097	True
IBD	s__GGB9198_SGB14137	3	7	2	down	1.0	-2.205996171324047	-7.190841380689329	6.439325713146821e-13	1.0473602063552058e-11	24.221626032863004	True
IBD	s__Alistipes_communis	6	7	2	down	1.0	-1.3741125900804165	-9.03826464343462	1.5917861673949578e-19	4.997468199960914e-18	23.77386539514911	True
IBD	s__Erysipelatoclostridium_ramosum	6	7	2	up	0.8333333333333334	2.1263397444018826	7.943740435926447	1.9617388420138148e-15	4.0126476313918935e-14	23.738047543469584	True
IBD	s__Clostridiaceae_unclassified_SGB15090	6	7	2	down	1.0	-6.653034642820472	-4.074554560159647	4.6102504233147986e-05	0.000277849913905133	23.659453493082204	True
IBD	s__Fusicatenibacter_sp_CLA_AA_H277	6	7	2	down	0.8333333333333334	-1.7426113804389083	-8.718560187957333	2.8176175831773866e-18	7.9245494526864e-17	23.381525111443437	True
IBD	s__GGB9627_SGB15081	6	7	2	down	1.0	-3.3234329050417237	-5.732837398819959	9.87643062501312e-09	1.049856798721867e-07	23.193805981962456	True
IBD	s__GGB4237_SGB5728	1	7	2	down	1.0	-13.852834846004011	-2.7271997065156883	0.0063874367470915325	0.022224328888076208	22.901109609246586	False
IBD	s__GGB9734_SGB15304	1	7	2	down	1.0	-6.84758476270318	-3.923912793573555	8.712228344151791e-05	0.00046672651843670306	22.808877025946025	False
IBD	s__Ruminococcus_bromii	6	7	2	down	1.0	-1.3262305894951592	-8.989046838601137	2.4938374361721484e-19	7.481512308516445e-18	22.713039140673743	True
IBD	s__GGB6007_SGB8633	1	7	2	down	1.0	-11.63631668371592	-2.9610865679247556	0.0030655576071477193	0.011768119611161683	22.449863463626894	False
IBD	s__Clostridiaceae_unclassified_SGB4771	5	7	2	down	0.8	-1.5077205865572587	-9.326470543224477	1.0945507938775314e-20	3.788829671114532e-19	22.219573698699403	True
IBD	s__Roseburia_lenta	5	7	2	down	0.6	-2.5515595319114914	-8.18000726140592	2.8382676908827535e-16	6.146919916148144e-15	21.75665176601227	True
IBD	s__GGB9502_SGB14899	6	7	2	down	0.8333333333333334	-1.3194655603764756	-9.613054646251491	7.042800024497024e-22	2.971181260334682e-20	21.471081237699167	True
IBD	s__Lawsonibacter_asaccharolyticus	6	7	2	down	1.0	-0.9464990852792297	-10.281394642254327	8.54815952377529e-25	4.616006142838657e-23	21.140751442174786	True
IBD	s__Veillonellaceae_bacterium	4	7	2	up	1.0	5.419773175490192	4.274675134141632	1.914161919685142e-05	0.00012717369160644367	21.11328313397719	True
IBD	s__GGB9690_SGB15196	3	7	2	down	1.0	-4.440509552280956	-4.654109579376401	3.2538373586429805e-06	2.5101031052388707e-05	20.427713566952583	True
IBD	s__GGB4599_SGB6362	4	7	2	down	1.0	-5.143970392380109	-4.278914416540612	1.878070531076278e-05	0.00012551461470064235	20.068201026591264	True
IBD	s__GGB2982_SGB3964	6	7	2	down	1.0	-2.031574468549108	-6.818538971533325	9.197102855972696e-12	1.364405368743202e-10	20.041597079479338	True
IBD	s__Escherichia_coli	7	7	2	up	0.8571428571428571	2.51095936020719	6.606409057188414	3.937539632721215e-11	5.36937222643802e-10	19.9515302805173	True
IBD	s__GGB1543_SGB2126	1	7	2	down	1.0	-9.296927612050814	-3.1129136856594237	0.0018525018759515141	0.007601451466670347	19.701151591032847	False
IBD	s__Ruminococcus_callidus	6	7	2	down	1.0	-2.372720675566499	-6.178384035060505	6.476103041391864e-10	7.876341536827944e-09	19.227758312231742	True
IBD	s__Lachnospiraceae_bacterium_OM04_12BH	6	7	2	down	0.6666666666666666	-1.892435494993366	-8.438578723968117	3.212195793673005e-17	8.030489484182512e-16	19.044534674483863	True
IBD	s__GGB33469_SGB15237	3	7	2	down	1.0	-2.458490153190358	-6.021228149926595	1.7309855910046744e-09	1.997291066543855e-08	18.929289101571257	True
IBD	s__Oscillospiraceae_unclassified_SGB15252	2	7	2	down	1.0	-4.7531981012294064	-4.312183812582784	1.6164995642476623e-05	0.0001096620307404193	18.82239695204653	True
IBD	s__GGB28319_SGB40892	1	7	2	down	1.0	-4.080061648024584	-4.633702301025279	3.59183417190743e-06	2.7241438944241742e-05	18.624542829117555	False
IBD	s__Clostridiales_bacterium_KLE1615	6	7	2	down	1.0	-1.185022124734124	-8.610237163430918	7.290958074200309e-18	1.9299594902294934e-16	18.62197306903122	True
IBD	s__GGB4583_SGB6334	2	7	2	down	1.0	-4.383217097078601	-4.447364757138781	8.693015525526658e-06	6.176616294453152e-05	18.450053835975226	True
IBD	s__Ruminococcus_SGB4421	5	7	2	down	1.0	-2.82072939415298	-5.541230856828681	3.003529374930366e-08	2.9382352580840533e-07	18.424760223747988	True
IBD	s__GGB2998_SGB3988	6	7	2	down	0.6666666666666666	-1.0200818763064423	-11.34579247784803	7.781802564201311e-30	8.081102662824438e-28	18.424398799767143	True
IBD	s__Eubacterium_ventriosum	6	7	2	down	0.8333333333333334	-0.9856096437290772	-10.119725902908824	4.5167873396112195e-24	2.3452549647981334e-22	17.765457720776322	True
IBD	s__Clostridium_sp_AF36_4	7	7	2	down	0.8571428571428571	-1.0082844075025796	-9.856955553213421	6.395930871405759e-23	2.9774160953095773e-21	17.73960646802978	True
IBD	s__Bifidobacterium_dentium	6	7	2	up	1.0	6.249298007278564	3.592635190914346	0.00032735072531902794	0.0015726814205718426	17.51902733642811	True
IBD	s__GGB3678_SGB4992	1	7	2	down	1.0	-3.663030776364702	-4.714761647580557	2.419938588438409e-06	1.9330870381016876e-05	17.266606161719228	False
IBD	s__GGB9512_SGB14909	6	7	2	down	1.0	-1.331289479162634	-7.788187704095733	6.797714577075542e-15	1.3109878112931402e-13	17.150205378382957	True
IBD	s__GGB9667_SGB15164	4	7	2	down	1.0	-1.1583134501583539	-8.330158801210871	8.073398747391247e-17	1.94626576946039e-15	17.039715018671785	True
IBD	s__GGB4585_SGB6340	5	7	2	down	1.0	-3.4120820716418936	-4.843992793088258	1.2725555000945675e-06	1.0539570092807766e-05	16.982536762433284	True
IBD	s__Vescimonas_coprocola	6	7	2	down	0.8333333333333334	-0.7881079694368921	-11.068475833950787	1.7840913843164955e-28	1.4167784522513347e-26	16.976304115203156	True
IBD	s__GGB9531_SGB14932	5	7	2	down	0.8	-1.4434444868551943	-8.29116402475403	1.121455084379738e-16	2.6102833860562864e-15	16.840161438749565	True
IBD	s__Butyricicoccus_SGB14985	2	7	2	up	1.0	5.493287453611633	3.6300848629786326	0.00028332805235467556	0.0013858437343435216	15.701385179857617	True
IBD	s__GGB9444_SGB14834	1	7	2	down	1.0	-9.20014508564686	-2.7779995556147856	0.0054694693034800235	0.01969008949252808	15.693168731858455	False
IBD	s__Rikenellaceae_bacterium	3	7	2	down	1.0	-2.167455568694819	-5.830041396398526	5.541362741230914e-09	6.081983496472954e-08	15.640261333762131	True
IBD	s__Butyrivibrio_crossotus	1	7	2	down	1.0	-5.077884273696246	-3.746910624338076	0.0001790258365397753	0.0009189539137973257	15.420043003380394	False
IBD	s__Candidatus_Cibionibacter_quicibialis	7	7	2	down	1.0	-0.8139239660864255	-9.446421454014246	3.5061267999749595e-21	1.3523631942760557e-19	15.357855342339873	True
IBD	s__Alistipes_SGB2313	3	7	2	down	1.0	-2.911068779645289	-4.97107031157344	6.658429487007031e-07	5.653383526704083e-06	15.276391039071969	True
IBD	s__Streptococcus_mitis	5	7	2	up	1.0	4.505850234767548	3.969193820524591	7.21162058313141e-05	0.0004073509534404771	15.274973161572946	True
IBD	s__GGB9618_SGB15065	2	7	2	down	1.0	-4.293285260893431	-4.062872574613816	4.847249315624625e-05	0.00028954807858819665	15.1908424219474	True
IBD	s__Barnesiella_intestinihominis	7	7	2	down	0.8571428571428571	-0.7237337115215946	-10.731605598322203	7.232837920693231e-27	4.882165596467932e-25	15.081403459939194	True
IBD	s__GGB2653_SGB3574	5	7	2	down	1.0	-0.9389141567421168	-8.68297788678291	3.8553936650278845e-18	1.0622002954668661e-16	14.998020931120736	True
IBD	s__Granulicatella_SGB8255	5	7	2	up	1.0	5.176804588624435	3.637531568053964	0.00027526346363421184	0.0013512933669315853	14.853548403897886	True
IBD	s__Lachnospiraceae_bacterium_CLA_AA_H244	7	7	2	down	0.7142857142857143	-0.6972289878714759	-11.88655214736115	1.3902817018229402e-32	2.0854225527344103e-30	14.781655914747523	True
IBD	s__GGB47687_SGB2286	4	7	2	down	1.0	-4.3026070111445085	-3.9956030097631103	6.45297907989317e-05	0.00037388505398522657	14.74616106006433	True
IBD	s__Adlercreutzia_equolifaciens	6	7	2	down	0.8333333333333334	-1.8806798895737855	-6.634865965842118	3.247975384426693e-11	4.520378112346429e-10	14.64552074504012	True
IBD	s__GGB3730_SGB5060	4	7	2	down	0.75	-1.4229196003480569	-7.966139451310783	1.6370819544276035e-15	3.4000932899650225e-14	14.373454260735368	True
IBD	s__Jilunia_laotingensis	3	7	2	down	0.6666666666666666	-6.026743406127953	-4.0752487416186725	4.5965188087181766e-05	0.000277849913905133	14.288162018004572	True
IBD	s__Candidatus_Gastranaerophilales_bacterium	4	7	2	down	1.0	-2.5123222792718325	-5.170751257588331	2.33154749778384e-07	2.084496107290188e-06	14.272500134040802	True
IBD	s__Oscillibacter_sp_ER4	7	7	2	down	0.8571428571428571	-0.912652199400715	-9.266467964344754	1.924120816751917e-20	6.493907756537719e-19	14.227591110355693	True
IBD	s__GGB4605_SGB6378	1	7	2	down	1.0	-3.7015986342439713	-4.2157735119209345	2.489234915574944e-05	0.00015926384530929737	14.058237795714732	False
IBD	s__GGB3004_SGB3995	1	7	2	down	1.0	-6.54264660837226	-3.12455220534877	0.0017807591947985061	0.007351758143663557	13.959448304983251	False
IBD	s__Peptostreptococcus_stomatis	3	7	2	up	1.0	10.568345529351262	2.4007064433001424	0.01636345772792382	0.048127816846834766	13.924892632409476	True
IBD	s__Lachnospiraceae_bacterium_AM48_27BH	7	7	2	down	0.7142857142857143	-0.7429327029677782	-11.134673445045244	8.505617002740793e-29	7.655055302466715e-27	13.8589063258325	True
IBD	s__GGB9766_SGB15383	5	7	2	down	1.0	-3.829417078854795	-4.099176660408122	4.14622474892149e-05	0.0002532761724454304	13.772137278214672	True
IBD	s__GGB2983_SGB3965	5	7	2	down	0.8	-6.774247091906478	-3.4178763261599343	0.0006311177763488369	0.002923912280074538	13.732946964406265	True
IBD	s__Christensenella_minuta	5	7	2	down	1.0	-2.366649986969449	-5.224321462937421	1.7479488611648684e-07	1.5837120554178337e-06	13.727336192112121	True
IBD	s__Klebsiella_pneumoniae	5	7	2	up	1.0	4.508544593792534	3.7304483661675207	0.00019113931380660782	0.0009703246091502592	13.58461886291654	True
IBD	s__GGB2652_SGB3573	2	7	2	down	1.0	-1.93262229313547	-5.674201698428376	1.3933688479248377e-08	1.4250363217413113e-07	13.231068622811446	True
IBD	s__GGB1458_SGB2021	1	7	2	down	1.0	-7.888449896452701	-2.7502885492690834	0.005954280670129434	0.021053037127108397	13.226447536712536	False
IBD	s__Veillonella_parvula	5	7	2	up	1.0	2.8345633255180935	4.688454184441697	2.752765271682096e-06	2.1860194804534294e-05	13.210045777039067	True
IBD	s__Akkermansia_sp_KLE1798	3	7	2	down	1.0	-1.2926978040658432	-6.919064185519838	4.546368548008416e-12	6.896177011024002e-11	13.135608607020483	True
IBD	s__GGB4566_SGB6305	4	7	2	down	1.0	-2.9898240073327185	-4.532752754902794	5.821994698895087e-06	4.248482618112631e-05	13.070811402401832	True
IBD	s__Phascolarctobacterium_succinatutens	5	7	2	down	0.8	-2.7415352330492735	-5.242303393064802	1.5858433102894986e-07	1.4615384265532842e-06	12.797902658692408	True
IBD	s__Enterocloster_lavalensis	5	7	2	up	1.0	1.8287286068055923	5.69868351620917	1.2073612081616685e-08	1.262988638308449e-07	12.61566818420741	True
IBD	s__Lachnospiraceae_bacterium_CLA_AA_H215	5	7	2	down	0.8	-2.2880336758110453	-5.682752161493743	1.3254427791922366e-08	1.3659143144347478e-07	12.565105841647688	True
IBD	s__Bifidobacterium_breve	5	7	2	up	1.0	3.80884351179471	3.8975531115383233	9.716951608046534e-05	0.0005184934652514949	12.51302871513092	True
IBD	s__GGB74220_SGB4052	1	7	2	down	1.0	-3.7156457603672224	-3.9470201173721797	7.912991033726363e-05	0.00043903080026733735	12.475299258414802	False
IBD	s__GGB9819_SGB15460	3	7	2	down	0.6666666666666666	-4.205195053624794	-4.57198429039469	4.831271677283692e-06	3.583635584798343e-05	12.463290264247298	True
IBD	s__Alistipes_putredinis	7	7	2	down	0.7142857142857143	-0.7122116697952404	-10.747420764687373	6.094191906286515e-27	4.330083722887787e-25	12.394265469146045	True
IBD	s__GGB74708_SGB54312	1	7	2	down	1.0	-6.369703028864715	-2.960798294767737	0.003068428224539935	0.011768119611161683	12.289022994877662	False
IBD	s__Desulfovibrio_piger	4	7	2	down	1.0	-2.410326673616396	-4.900233514700993	9.572281382363014e-07	8.026447121857186e-06	12.281763286906402	True
IBD	s__GGB4578_SGB6328	3	7	2	down	1.0	-4.5103946872514085	-3.5397587317252976	0.0004004929833932636	0.0019037518576792457	12.27003106913832	True
IBD	s__Dialister_pneumosintes	5	7	2	up	1.0	9.508093272269319	2.3624830721547747	0.01815297045713776	0.05225268681692105	12.188342742780861	True
IBD	s__GGB9559_SGB14969	3	7	2	down	1.0	-3.643734391664251	-3.933372558493136	8.376225768261842e-05	0.00045691127053313897	12.170685486170408	True
IBD	s__Brotolimicola_acetigignens	6	7	2	down	0.6666666666666666	-0.7355459220239565	-10.846696527110344	2.0676373035148244e-27	1.5507279776361182e-25	12.165666900395077	True
IBD	s__Roseburia_inulinivorans	7	7	2	down	0.8571428571428571	-0.7404996548010337	-9.507935019559152	1.944846958314027e-21	7.722186452129225e-20	12.130818619347398	True
IBD	s__GGB9614_SGB15049	6	7	2	down	0.6666666666666666	-0.7878112242432583	-10.451143066380428	1.4476973771512242e-25	8.143297746475635e-24	12.126620447429213	True
IBD	s__Desulfovibrio_fairfieldensis	2	7	2	down	1.0	-1.5146851014242517	-6.136314510693758	8.445787237405238e-10	1.01801899736581e-08	12.105733091731922	True
IBD	s__GGB2970_SGB3952	5	7	2	down	1.0	-3.0761018752597415	-4.2493874150868605	2.1435591150297174e-05	0.00013979733358889462	11.85683809877	True
IBD	s__GGB9597_SGB15022	2	7	2	down	1.0	-5.6379673255295195	-3.090981133296025	0.001994963093758876	0.008112048724621936	11.788253637859304	True
IBD	s__Actinomyces_oris	2	7	2	up	1.0	4.121266435228129	3.6118976154891227	0.0003039645807273469	0.0014760869927407134	11.666843888937542	True
IBD	s__Bacteroides_fragilis	7	7	2	up	1.0	1.6099518711991037	5.807018271014913	6.359519906096364e-09	6.868281498584073e-08	11.532329826752438	True
IBD	s__Alistipes_finegoldii	7	7	2	down	0.7142857142857143	-0.8464501518247511	-9.393830456018819	5.785699982167976e-21	2.1109986421423694e-19	11.291350004841771	True
IBD	s__Blautia_luti	6	7	2	down	0.8333333333333334	-2.6487481330496823	-4.900826183585648	9.543446414147185e-07	8.026447121857186e-06	11.247195222139153	True
IBD	s__Clostridium_paraputrificum	5	7	2	up	1.0	5.695851441514893	2.9955677887585757	0.002739344055823527	0.010775407622782434	11.206965300194412	True
IBD	s__GGB9347_SGB14313	4	7	2	down	0.75	-3.2885840759577887	-4.573071715171213	4.80625540939844e-06	3.583635584798343e-05	10.964984868996272	True
IBD	s__Blautia_producta	6	7	2	up	0.8333333333333334	2.12959533777742	5.369518991218539	7.894692350917818e-08	7.558747995559613e-07	10.863687186987432	True
IBD	s__GGB9767_SGB15385	4	7	2	down	0.75	-3.64992718725096	-4.308350360368524	1.64476697156137e-05	0.0001108615496734486	10.827196170103083	True
IBD	s__GGB9620_SGB15070	2	7	2	up	1.0	5.386225204215134	3.012670019661593	0.0025896033094018915	0.010252095213174644	10.71421114331463	True
IBD	s__GGB47150_SGB65079	1	7	2	down	1.0	-4.9252380811499705	-3.1482319346979946	0.0016426130496028722	0.0068867317297014825	10.648299888122832	False
IBD	s__Faecalicatena_SGB4872	1	7	2	down	1.0	-2.567210610484328	-4.407379510830768	1.046287694373871e-05	7.318592680853501e-05	10.616885404749347	False
IBD	s__Blautia_marasmi	2	7	2	up	1.0	10.305142830290027	2.083950659295809	0.03716465559793955	0.09556625725184456	10.508106970478252	True
IBD	s__Lactococcus_lactis	5	7	2	up	1.0	5.7456707840947425	2.8736610398460263	0.004057441651522113	0.015028296709660325	10.474876323419846	True
IBD	s__Agathobaculum_butyriciproducens	6	7	2	down	0.8333333333333334	-0.870186325714722	-8.200173004303993	2.400413236193722e-16	5.312389948953318e-15	10.35138124352994	True
IBD	s__Schaalia_SGB17158	3	7	2	up	1.0	4.794309395063198	3.143060895488623	0.0016719105390609924	0.0069448591622533525	10.347733233313145	True
IBD	s__GGB3288_SGB4342	1	7	2	down	1.0	-8.150349146057906	-2.3373727024214994	0.019419813239325404	0.05542652827291606	10.23913956065632	False
IBD	s__GGB9724_SGB15278	3	7	2	up	1.0	6.983374435261907	2.5504139112358524	0.010759509338786685	0.034584137160385775	10.203569389497813	True
IBD	s__Butyricimonas_faecihominis	5	7	2	down	0.8	-1.2041476014113817	-7.053958965521417	1.738976807004827e-12	2.7297891737866474e-11	10.176367837899946	True
IBD	s__GGB9775_SGB15395	3	7	2	down	1.0	-1.7196207978464952	-5.240401131217306	1.602279163925082e-07	1.4615384265532842e-06	10.034313673685915	True
IBD	s__GGB6649_SGB9391	6	7	2	down	0.8333333333333334	-2.4254790312999135	-4.821974100388741	1.4214440536343537e-06	1.1629996802462893e-05	9.973611019299918	True
IBD	s__GGB3612_SGB4882	6	7	2	down	0.6666666666666666	-1.2625898786598775	-7.438537114142021	1.018063744694105e-13	1.739729183970939e-12	9.898299232074635	True
IBD	s__Fusobacterium_mortiferum	3	7	2	down	0.6666666666666666	-4.660508439968997	-3.835879279071622	0.00012511585750257318	0.0006572233759862793	9.887383608590914	True
IBD	s__Alistipes_ihumii	6	7	2	down	1.0	-1.2155686132501173	-6.1870499686080125	6.130053845119906e-10	7.523247900828976e-09	9.874786655804957	True
IBD	s__Terrisporobacter_mayombei	2	7	2	up	1.0	8.011277115132769	2.306869385153552	0.021062102706106724	0.059217798866888036	9.834225112611016	True
IBD	s__GGB3340_SGB4419	2	7	2	down	1.0	-5.916757869427307	-2.734800884021927	0.006241802060696277	0.021932586961845718	9.815369625549858	True
IBD	s__Actinomyces_graevenitzii	2	7	2	up	1.0	5.005988029861241	2.9851625056692046	0.0028342770734371848	0.010995040371092528	9.805745230271318	True
IBD	s__Lactobacillus_gasseri	4	7	2	up	1.0	6.093113254824966	2.670474130644081	0.007574420790496768	0.025627739516718387	9.695908356491636	True
IBD	s__GGB3345_SGB4425	4	7	2	down	0.75	-2.916410007930471	-4.548762034913139	5.396242112085466e-06	3.9591993757148796e-05	9.629386438645845	True
IBD	s__Veillonella_atypica	6	7	2	up	0.8333333333333334	3.2665475866352645	4.041633861578814	5.3080066224420614e-05	0.00031155691044768626	9.545022484324269	True
IBD	s__GGB3152_SGB4165	1	7	2	down	1.0	-5.438184629416001	-2.814925619252265	0.0048788524634354475	0.01765804510894867	9.53344968792558	False
IBD	s__Bacteroidales_bacterium	4	7	2	down	0.75	-3.780646244347029	-3.9486286565768034	7.860016917013631e-05	0.00043847201809786785	9.52172235545333	True
IBD	s__Clostridiaceae_bacterium_Marseille_Q4149	7	7	2	down	0.8571428571428571	-1.2685748230100338	-6.393354877907288	1.622850186672478e-10	2.0865216685789e-09	9.438824193629324	True
IBD	s__Actinomyces_sp_ph3	2	7	2	up	1.0	6.820931267837127	2.454694385604805	0.014100440716721322	0.04296974033312366	9.32310307815264	True
IBD	s__Clostridium_butyricum	4	7	2	up	1.0	11.040290046788238	1.8759311567066639	0.0606647337073343	0.14342800438686745	9.311005743385422	True
IBD	s__Oscillospiraceae_bacterium_CLA_AA_H250	6	7	2	down	0.8333333333333334	-0.9662717479398597	-7.337686569797223	2.173173487235417e-13	3.667230259709766e-12	9.208297446790576	True
IBD	s__Proteus_mirabilis	5	7	2	up	1.0	5.815185914694382	2.6511484554421676	0.008021857323191505	0.027062886168123485	9.116035990300027	True
IBD	s__Mediterraneibacter_butyricigenes	5	7	2	down	0.8	-1.3235264420080917	-6.340905162636829	2.2841912397588958e-10	2.8819235267986073e-09	9.042668877892408	True
IBD	s__Paraprevotella_clara	6	7	2	down	0.6666666666666666	-2.4055100750188334	-5.131271769371809	2.877910309152484e-07	2.53933262572278e-06	8.973002261728562	True
IBD	s__GGB2958_SGB3940	1	7	2	down	1.0	-7.013028306827161	-2.3595119304815166	0.0182989924562145	0.05256093577848846	8.972025973168885	False
IBD	s__Alistipes_senegalensis	5	7	2	down	0.8	-1.0571926063611456	-7.061415991752487	1.6481437496636423e-12	2.6176400729951968e-11	8.949845904990335	True
IBD	s__GGB51647_SGB4348	6	7	2	down	0.8333333333333334	-1.6064862753972893	-5.579882333071058	2.4068134686202646e-08	2.4068134686202646e-07	8.860518245052866	True
IBD	s__Bacteroides_ilei	1	7	2	up	1.0	16.078911999926913	1.4705137957149796	0.14142265208698906	0.281179057904912	8.859754311931573	False
IBD	s__GGB34228_SGB72916	5	7	2	down	1.0	-2.073338433329693	-4.466865083147424	7.93741519282958e-06	5.669582280592557e-05	8.804325787425615	True
IBD	s__Lactiplantibacillus_plantarum	2	7	2	up	1.0	8.145511190453888	2.1508173270379047	0.03149062092319568	0.08319439969924494	8.796385655175841	True
IBD	s__GGB4591_SGB6350	2	7	2	down	0.5	-4.022310457038934	-4.512457291311992	6.408084108676623e-06	4.6015497588901275e-05	8.72257305035415	False
IBD	s__GGB1153_SGB1481	1	7	2	down	1.0	-2.5993788460777125	-3.9379920470693746	8.216631718405915e-05	0.00045091271625398313	8.697281220414117	False
IBD	s__Streptococcus_parasanguinis	6	7	2	up	1.0	2.7214063586902637	3.8337305811365994	0.00012621437790318976	0.0006604240704236673	8.654554199184233	True
IBD	s__Rothia_mucilaginosa	4	7	2	up	1.0	4.26031261088727	3.000978901444745	0.0026911321069838677	0.010622889895988951	8.408823200671153	True
IBD	s__GGB3267_SGB4317	1	7	2	down	1.0	-2.43031973170878	-3.9699008968255742	7.190253221366384e-05	0.0004073509534404771	8.238859869209106	False
IBD	s__Faecalibacterium_sp_HTFF	6	7	2	down	0.6666666666666666	-1.6566853207360899	-5.9211456066153225	3.197066339797256e-09	3.62692399892966e-08	8.217668947214959	True
IBD	s__GGB3352_SGB62935	2	7	2	down	1.0	-2.1714789300211153	-4.188772488073436	2.8046740365562225e-05	0.00017576981390189907	8.154024348993515	True
IBD	s__GGB3451_SGB4605	1	7	2	down	1.0	-3.2378965812258955	-3.393174258405637	0.0006908767305374406	0.003172393150427023	8.090250479130727	False
IBD	s__Peptoniphilus_harei	2	7	2	up	1.0	10.763325064444066	1.7519234122658234	0.07978697817135957	0.17745044568589033	8.082427330638998	True
IBD	s__Lacticaseibacillus_paracasei	3	7	2	up	1.0	6.544182713259906	2.311813546270768	0.02078796058965421	0.05871076735571795	8.057735971826688	True
IBD	s__Clostridium_sp_AF27_2AA	7	7	2	down	0.8571428571428571	-1.6788114337321842	-5.118979760983359	3.071929220151621e-07	2.675551256261089e-06	8.018847693353246	True
IBD	s__Fusobacterium_varium	1	7	2	up	1.0	5.0057138406857815	2.67705799923006	0.007427177677466328	0.02525614575460842	7.997293243862643	False
IBD	s__GGB3321_SGB4395	3	7	2	down	1.0	-4.7350931569494	-2.7276002948091156	0.006379686013399634	0.022224328888076208	7.827920321202122	True
IBD	s__GGB9532_SGB14933	2	7	2	down	1.0	-2.555716605235395	-3.75132705474449	0.0001759010678230449	0.0009063604639737047	7.77627647898844	True
IBD	s__GGB9781_SGB66170	3	7	2	down	1.0	-1.7560360108433253	-4.55274322565971	5.295088686681666e-06	3.906212965584836e-05	7.74103535397495	True
IBD	s__GGB9765_SGB15382	4	7	2	down	1.0	-2.6134167454914037	-3.69105735803182	0.00022332376583779944	0.0011043482926045027	7.727596126816008	True
IBD	s__Cuneatibacter_sp_NSJ_177	4	7	2	down	1.0	-2.2548471372952608	-3.990151154928281	6.603120073276071e-05	0.0003809492349966965	7.709622018561026	True
IBD	s__Limosilactobacillus_mucosae	2	7	2	up	1.0	10.154503916643113	1.7609273011277415	0.0782507083975049	0.1746090187382341	7.696436950648895	True
IBD	s__Clostridium_sp_AT4	6	7	2	up	0.8333333333333334	1.335572545498564	5.697438083854537	1.216211281334062e-08	1.262988638308449e-07	7.677984587781943	True
IBD	s__GGB13493_SGB15238	2	7	2	down	1.0	-4.00982889538399	-2.9336977229582617	0.003349502380255266	0.01273754426294256	7.59828208959701	True
IBD	s__GGB6470_SGB9153	2	7	2	down	1.0	-6.0300853742026135	-2.326114449061032	0.02001244593033508	0.05687747790726812	7.5078161035353705	True
IBD	s__GGB58158_SGB79798	5	7	2	down	1.0	-1.2606600692780272	-5.276968605159305	1.3133837661613933e-07	1.2312972807763064e-06	7.4500434902176345	True
IBD	s__Lancefieldella_parvula	2	7	2	up	1.0	6.264505651323747	2.260004332862757	0.023820981924204013	0.06562923591362331	7.410300348256332	True
IBD	s__Anaerotignum_sp_MSJ_24	6	7	2	down	0.6666666666666666	-2.3264387279393186	-4.741452875547623	2.121910171412686e-06	1.7153166056330097e-05	7.391337335484446	True
IBD	s__Porphyromonas_asaccharolytica	1	7	2	up	1.0	10.896400743811878	1.6544606520398226	0.09803395179847417	0.21107788664743243	7.361142659917552	False
IBD	s__Streptococcus_anginosus	4	7	2	up	1.0	5.255841420966564	2.4868819329983003	0.012886815925164625	0.03990183830039506	7.352959441587782	True
IBD	s__GGB33539_SGB53381	2	7	2	down	1.0	-2.96322485610502	-3.376997533385877	0.0007328170726031974	0.0033212495959573348	7.344940962772308	True
IBD	s__Lacticaseibacillus_rhamnosus	4	7	2	up	1.0	5.391731969972524	2.41767767110673	0.015619906381654478	0.046652375254941474	7.177075902786026	True
IBD	s__Odoribacter_laneus	3	7	2	down	0.6666666666666666	-1.8440466636602306	-5.240694473912646	1.5997339364862019e-07	1.4615384265532842e-06	7.173574807986052	True
IBD	s__Eisenbergiella_sp_OF01_20	4	7	2	up	1.0	5.3673374520074315	2.404733379068735	0.016184268677321055	0.04780910878420881	7.0875119537973434	True
IBD	s__Christensenella_intestinihominis	1	7	2	down	1.0	-7.1098985165084825	-2.0579417233969544	0.03959572791904484	0.10123907706573965	7.071873518591939	False
IBD	s__GGB3118_SGB4130	3	7	2	down	0.6666666666666666	-2.1584166461123493	-4.810931758548282	1.502283068968233e-06	1.2217362307874183e-05	7.069566431909358	True
IBD	s__GGB9501_SGB14898	5	7	2	down	0.8	-1.88879502739236	-4.676527723239418	2.9177317047226668e-06	2.2900801170788373e-05	7.0114327754155585	True
IBD	s__Granulicatella_adiacens	3	7	2	up	1.0	6.243379955045232	2.1925059019181203	0.028342997406640355	0.07576840890884055	6.9957811149119244	True
IBD	s__GGB9063_SGB13982	5	7	2	down	0.8	-2.493565092199628	-4.030483093613745	5.566233269976514e-05	0.00032529934694667937	6.95747910828899	True
IBD	s__Phascolarctobacterium_SGB5790	1	7	2	down	1.0	-8.422101524117771	-1.8478841838138265	0.06461909902846695	0.1496325620727794	6.948013837997222	False
IBD	s__GGB51959_SGB72479	3	7	2	down	1.0	-1.8395251319219812	-4.19008919557839	2.7884482096712136e-05	0.00017576981390189907	6.907519344952376	True
IBD	s__GGB49418_SGB69331	1	7	2	down	1.0	-3.3274662622464244	-3.0679483731042105	0.0021553385077567573	0.008711697561292283	6.854238470396661	False
IBD	s__Streptococcus_oralis	3	7	2	up	1.0	4.119402223092157	2.7328142635769987	0.006279573301652163	0.021962238231166893	6.831301108144769	True
IBD	s__GGB52930_SGB73859	1	7	2	down	1.0	-1.7138590624908838	-4.307566432363114	1.6506052951380125e-05	0.0001108615496734486	6.778688021435634	False
IBD	s__GGB3033_SGB4029	3	7	2	down	1.0	-1.416842133538833	-4.730514526360614	2.239515002594985e-06	1.7996102699423986e-05	6.722663069865062	True
IBD	s__GGB9530_SGB14930	1	7	2	up	1.0	7.9131883190737184	1.8851551653070322	0.05940889195796748	0.14144974275706543	6.72144505007967	False
IBD	s__Clostridium_fessum	6	7	2	down	0.6666666666666666	-0.5214738101640995	-9.551486684353453	1.2784826314780202e-21	5.23015621968281e-20	6.703193083562465	True
IBD	s__GGB9052_SGB13957	2	7	2	down	1.0	-8.769571021485886	-1.7663200866552151	0.07734216353848643	0.17344172886537654	6.67229659453616	True
IBD	s__Gemella_sanguinis	3	7	2	up	1.0	5.190644166885471	2.3645181143489666	0.01805354444773089	0.052077532060762176	6.661411141488968	True
IBD	s__Faecalicatena_orotica	1	7	2	up	1.0	7.1060118293365235	1.9825523030091363	0.0474174596320729	0.11692739615006102	6.623397950849998	False
IBD	s__Limosilactobacillus_fermentum	3	7	2	up	1.0	6.972088125750285	1.994166091237957	0.046133906482280565	0.11469755755263124	6.55687120537484	True
IBD	s__Pseudomonas_aeruginosa	1	7	2	up	1.0	5.548789977365303	2.2438693246846926	0.024840810347385098	0.06774766458377754	6.487121831473382	False
IBD	s__Jutongia_hominis	4	7	2	down	0.5	-2.169742312762387	-5.2942181587557045	1.1952667492864933e-07	1.1283986793963399e-06	6.452311810157344	False
IBD	s__Enterococcus_casseliflavus	2	7	2	up	1.0	6.917515194770737	1.9832755316629356	0.04733666097551613	0.11692739615006102	6.447703306215312	True
IBD	s__Scardovia_wiggsiae	2	7	2	up	1.0	4.550703372711033	2.4898529366749993	0.012779596286913362	0.039752200431642945	6.37389183185271	True
IBD	s__Clostridiaceae_bacterium	6	7	2	down	0.6666666666666666	-0.5376612142866244	-9.136397976829095	6.456708784249435e-20	2.1259894777406677e-18	6.334523301744811	True
IBD	s__GGB3632_SGB4921	1	7	2	down	1.0	-7.145337913788513	-1.9193603459874813	0.05493874573300749	0.13244161917778594	6.273431758847646	False
IBD	s__Streptococcus_salivarius	6	7	2	up	1.0	1.7654367591171136	4.069663000915368	4.708119027305026e-05	0.00028248714163830156	6.265537381038376	True
IBD	s__GGB9640_SGB15115	3	7	2	down	1.0	-1.403099560793852	-4.582004834678291	4.605392449326542e-06	3.454044336994907e-05	6.260170152716555	True
IBD	s__Citrobacter_portucalensis	3	7	2	up	1.0	10.13087584133394	1.5677066701186764	0.11694960431832349	0.2417794269980654	6.2465020721397915	True
IBD	s__GGB9288_SGB14243	2	7	2	down	1.0	-4.142137262960681	-2.579088795734906	0.00990613193239328	0.03214730314598781	6.183612205892762	True
IBD	s__GGB9211_SGB14151	3	7	2	down	0.6666666666666666	-3.0450690647111585	-3.716206433972149	0.00020223636877197743	0.001014940884171634	6.0770631159556	True
IBD	s__Oscillibacter_valericigenes	6	7	2	down	0.8333333333333334	-0.5699217006120064	-7.734183329129393	1.0406897696923949e-14	1.962331826819628e-13	6.0351039472360215	True
IBD	s__GGB4684_SGB6478	4	7	2	down	1.0	-2.527997051397175	-3.2998406134065776	0.0009673975379897677	0.00426793031466074	5.990803628009777	True
IBD	s__Simiaoa_sunii	6	7	2	down	0.5	-1.8024561390313205	-5.59121677114912	2.2548386495911693e-08	2.2716658036925962e-07	5.9874488744434124	False
IBD	s__GGB4596_SGB6358	5	7	2	down	0.8	-5.193540302284046	-2.498777199510582	0.01246226345909346	0.039034931948436595	5.852274717385966	True
IBD	s__Bacteroides_SGB63885	1	7	2	down	1.0	-2.4332317283171325	-3.3268138314034497	0.0008784504044792553	0.003937899054385691	5.85127852440638	False
IBD	s__Gemmiger_sp_An87	2	7	2	up	1.0	7.592593996393769	1.7797472450028098	0.07511733476165357	0.169688754351981	5.848931539498406	True
IBD	s__Candidatus_Methanomassiliicoccus_intestinalis	1	7	2	down	1.0	-0.815469233407411	-5.8082706568012945	6.312141816599083e-09	6.868281498584073e-08	5.841329999647051	False
IBD	s__Clostridium_neonatale	3	7	2	up	1.0	6.776965696174906	1.897955592702117	0.05770193209214713	0.13787187314052854	5.83174382449845	True
IBD	s__Eubacterium_sp_AF34_35BH	6	7	2	down	0.8333333333333334	-2.9374382049418797	-3.3050838819933794	0.000949479786852708	0.00420261545000379	5.817303471028301	True
IBD	s__GGB9547_SGB14954	4	7	2	down	0.75	-2.0128737187924277	-4.2365671447438755	2.2696307137419275e-05	0.00014660294083978958	5.787802977306684	True
IBD	s__Veillonella_rogosae	6	7	2	up	0.8333333333333334	3.7742850838848776	2.888183373772046	0.0038747391007520633	0.014449993884020126	5.787653359056958	True
IBD	s__Evtepia_gabavorous	6	7	2	down	0.6666666666666666	-0.6842477138762394	-7.723309108133274	1.1334785006134145e-14	2.0678323997677157e-13	5.786219755463652	True
IBD	s__Flavonifractor_plautii	7	7	2	up	1.0	1.4573842680877036	4.313660521563065	1.6057345349564296e-05	0.00010948190011066565	5.77220018508913	True
IBD	s__Eggerthella_lenta	6	7	2	up	1.0	1.6552969357190574	4.0269426187423	5.650681551239336e-05	0.00032881121095573723	5.765487592533566	True
IBD	s__GGB36331_SGB15121	5	7	2	down	0.8	-1.7028766770318462	-4.439657400835498	9.0102196470172e-06	6.368479855221582e-05	5.7161676871524865	True
IBD	s__Dysosmobacter_SGB15077	3	7	2	down	1.0	-1.5697136043650444	-4.121923263902653	3.757223664531789e-05	0.00023055690668717795	5.70939664089985	True
IBD	s__GGB34797_SGB14323	1	7	2	up	1.0	10.564210673264787	1.4481828448625267	0.14756592105715005	0.2899767007673254	5.679709431566595	False
IBD	s__Butyricimonas_synergistica	3	7	2	down	0.6666666666666666	-1.5141430879143845	-5.120854696853915	3.041539444261907e-07	2.6662845777620616e-06	5.626650095619313	True
IBD	s__GGB1123_SGB1437	1	7	2	up	1.0	8.979902704935299	1.5762110298160574	0.1149771774351618	0.23893051980790583	5.5830602900729795	False
IBD	s__Blautia_sp_Marseille_P3201T	1	7	2	up	1.0	10.331574925171257	1.4483277154963854	0.1475254199976633	0.2899767007673254	5.554635870139972	False
IBD	s__Hydrogeniiclostridium_mannosilyticum	5	7	2	down	1.0	-2.786420054978424	-2.9948572048088846	0.00274573349795345	0.010775407622782434	5.482466175347377	True
IBD	s__Streptococcus_constellatus	2	7	2	up	1.0	5.681969398657562	2.0203936831513833	0.04334256813648704	0.10936909716683646	5.460971317913046	True
IBD	s__Enterococcus_gallinarum	3	7	2	up	1.0	6.504031093281859	1.8687029779106925	0.06166414948860025	0.14477669879932234	5.458841949454406	True
IBD	s__GGB9620_SGB15068	3	7	2	up	0.6666666666666666	3.3852684916239197	3.326030589640702	0.0008809226032773916	0.003937899054385691	5.42711670076961	True
IBD	s__GGB9237_SGB14179	4	7	2	up	1.0	2.635665187612549	3.0465901158564748	0.002314530882354723	0.009244428080410877	5.3612591446897655	True
IBD	s__Clostridium_scindens	6	7	2	up	1.0	1.7787791187872681	3.727521134245768	0.000193372349908454	0.0009771241196277506	5.354214560241824	True
IBD	s__Clostridium_sp_1001270J_160509_D11	5	7	2	up	1.0	1.5765100620085462	3.946352544533601	7.935075204831875e-05	0.00043903080026733735	5.293140432610812	True
IBD	s__GGB79118_SGB105839	2	7	2	up	1.0	7.975098684301296	1.6144884452766268	0.10642152113500447	0.22308859244139137	5.195957322321375	True
IBD	s__GGB1456_SGB2019	2	7	2	down	1.0	-3.321314743137873	-2.644620551582913	0.00817825693058907	0.027396146045397626	5.188924987637441	True
IBD	s__Amedibacillus_dolichus	4	7	2	down	0.75	-2.970945280352919	-3.261035545511309	0.0011100612380027617	0.0048341376493668655	5.159821125372375	True
IBD	s__GGB4571_SGB6317	5	7	2	down	0.8	-2.7889866695292227	-3.2480584338974507	0.0011619540528285106	0.005011622911560669	5.131783696799068	True
IBD	s__Diplocloster_modestus	3	7	2	down	1.0	-1.3658973766435805	-4.162418940483342	3.1489394038383976e-05	0.00019590176014662843	5.064695106711284	True
IBD	s__Drancourtella_massiliensis	3	7	2	up	1.0	9.713510722885571	1.4150797110511655	0.15704512615472166	0.30244068517671074	5.044806857324518	True
IBD	s__Bifidobacterium_catenulatum	3	7	2	up	1.0	2.9468472009429654	2.7727078963355187	0.0055591996886985885	0.01995989249931674	5.009174056507283	True
IBD	s__Clostridium_sp_AF20_17LB	6	7	2	up	0.8333333333333334	1.5545322542861388	4.252407451829229	2.114846255140392e-05	0.0001385942934193946	4.998151083922949	True
IBD	s__Bacteroides_congonensis	2	7	2	up	1.0	3.2953489848342628	2.6045269529592807	0.009200118442864294	0.03051636338542211	4.993993372279236	True
IBD	s__Gordonibacter_urolithinfaciens	3	7	2	down	0.6666666666666666	-1.7225380595382351	-4.517474092796227	6.258168202761767e-06	4.5179289164322914e-05	4.989688177021476	True
IBD	s__Roseburia_sp_AM59_24XD	4	7	2	down	0.5	-2.789592824296176	-4.075653070396956	4.588538658379944e-05	0.000277849913905133	4.9601606811332655	False
IBD	s__Anaerotruncus_rubiinfantis	5	7	2	down	1.0	-0.8492210241274597	-5.2226915689790605	1.7634097263304797e-07	1.5870687536974317e-06	4.924976023890877	True
IBD	s__Lactobacillus_acidophilus	3	7	2	up	1.0	12.04825855359011	1.234261534031673	0.21710546454656254	0.3902042343228848	4.924219923732753	True
IBD	s__Haemophilus_parainfluenzae	6	7	2	up	0.8333333333333334	1.718419045948777	3.9816487031421017	6.843888214328309e-05	0.00039315953571673266	4.87663150873917	True
IBD	s__Lentihominibacter_hominis	5	7	2	down	0.8	-1.5615503105926198	-4.273795182322938	1.9217357842751486e-05	0.00012717369160644367	4.866543712137559	True
IBD	s__Dorea_phocaeensis	3	7	2	up	1.0	3.612799169314963	2.434152847026075	0.014926690471423159	0.04518168640453198	4.859350590628904	True
IBD	s__GGB3548_SGB4744	3	7	2	up	1.0	2.936961877117636	2.722494460577736	0.006479111964177257	0.022427695260613584	4.843682620590148	True
IBD	s__GGB9616_SGB15052	3	7	2	down	0.6666666666666666	-1.5497755564018563	-4.6495660695728285	3.3263411738152434e-06	2.551454877642374e-05	4.745631899964036	True
IBD	s__Parabacteroides_goldsteinii	5	7	2	down	0.6	-0.6278092267084591	-7.681961610340049	1.5667079235397385e-14	2.820074262371529e-13	4.727305333598529	True
IBD	s__Eubacteriales_Family_XIII_Incertae_Sedis_unclassified_SGB3978	2	7	2	up	1.0	5.607994369452574	1.8558351025292374	0.06347706551042168	0.14781543813784187	4.656206714676471	True
IBD	s__Klebsiella_oxytoca	4	7	2	up	1.0	12.905858053461364	1.1425845418749099	0.253211126623906	0.4376888872500296	4.631066861170384	True
IBD	s__Youxingia_wuxianensis	4	7	2	down	0.5	-1.6827368470071191	-5.007548205988986	5.512774746618215e-07	4.710282220211766e-06	4.481930107425458	False
IBD	s__GGB45503_SGB63175	3	7	2	down	1.0	-1.7944942830537536	-3.3768781887186323	0.0007331350959965079	0.0033212495959573348	4.448010261491648	True
IBD	s__GGB35551_SGB53794	1	7	2	down	1.0	-3.1238239412609676	-2.512091196860978	0.012001806881970821	0.03776584183311406	4.444891678985216	False
IBD	s__GGB9209_SGB14148	2	7	2	down	0.5	-1.9508871514884814	-4.627968989309434	3.6926929341827578e-06	2.7849918777355995e-05	4.443317231019662	False
IBD	s__Latilactobacillus_sakei	1	7	2	up	1.0	10.854111520107734	1.2336530775919505	0.21733220560682098	0.3902042343228848	4.43616245152752	False
IBD	s__Qiania_dongpingensis	1	7	2	down	1.0	-1.9187658325529806	-3.256140524143004	0.0011293784049581743	0.004892281370684421	4.433286530872479	False
IBD	s__Bifidobacterium_pullorum	2	7	2	up	1.0	1.8175299806835459	3.3072165960127338	0.0009422800357016025	0.004184467263806458	4.322740287504464	True
IBD	s__Lactobacillus_delbrueckii	1	7	2	up	1.0	4.832898119644536	1.9338730214873263	0.053128741901036385	0.12853727879282997	4.305971580449032	False
IBD	s__GGB9590_SGB15012	5	7	2	down	1.0	-5.598036799407103	-1.772785715626314	0.0762642212655032	0.17130898287592233	4.289326992156044	True
IBD	s__Limosilactobacillus_reuteri	2	7	2	up	1.0	6.477593520913773	1.6329877463009237	0.1024715738646842	0.21785295231074595	4.287108149442169	True
IBD	s__Clostridium_sp_Marseille_P299	1	7	2	up	1.0	12.444286806731549	1.1131839607895215	0.2656294297614349	0.4527774370933549	4.282268531322244	False
IBD	s__Oscillibacter_sp_PC13	2	7	2	down	1.0	-2.8431487331871077	-2.5866148615191182	0.009692386025361497	0.0316116605470765	4.265157220891103	True
IBD	s__Enterocloster_asparagiformis	5	7	2	up	0.8	2.004745599969927	3.4934727462025945	0.00047678164769840783	0.002250542742632345	4.246392363520423	True
IBD	s__GGB9104_SGB14036	1	7	2	down	1.0	-2.2842620765388815	-2.8998774632070856	0.0037330856684586852	0.014002825757955762	4.234529209367493	False
IBD	s__GGB2996_SGB3983	1	7	2	down	1.0	-4.292813997889402	-2.0463051118048505	0.04072636109016119	0.10354159599193523	4.227928737112683	False
IBD	s__Candidatus_Nanosynbacter_sp_HMT_352	2	7	2	up	1.0	9.099592551803871	1.3223522082134422	0.18605089529619045	0.345722661712063	4.197388639005888	True
IBD	s__GGB40351_SGB14301	1	7	2	down	1.0	-4.454223316759996	-1.9904297270460034	0.04654361794870043	0.1155034636594588	4.175411173385357	False
IBD	s__GGB9551_SGB14958	2	7	2	up	1.0	2.876556308034557	2.5302704497816277	0.011397463648086113	0.03637488398325355	4.139935187634556	True
IBD	s__Blautia_stercoris	5	7	2	down	0.8	-1.1159922379282603	-4.664429355433435	3.0947462304312816e-06	2.4010962132656497e-05	4.124341656233231	True
IBD	s__Sutterella_sp_AM11_39	3	7	2	down	0.6666666666666666	-2.2027839693937596	-3.595770843784679	0.00032343242272398235	0.0015594063238477721	4.122202850031094	True
IBD	s__GGB3817_SGB5182	5	7	2	up	0.8	1.3603446478728882	4.20944143929418	2.5600278237439804e-05	0.00016302063971954594	4.122124412791337	True
IBD	s__Bacteroides_intestinalis	6	7	2	down	0.8333333333333334	-2.4393203749303654	-3.037416587074058	0.002386154344390219	0.009502384557306183	4.1105951125902775	True
IBD	s__GGB9621_SGB15073	4	7	2	up	0.75	1.754784452413375	3.7938883578333567	0.00014830637662627423	0.0007700523401748854	4.097614400217257	True
IBD	s__Enterococcus_faecalis	4	7	2	up	1.0	8.183293828690157	1.379427497603348	0.1677629859969504	0.318537315184083	4.065785126011877	True
IBD	s__GGB9580_SGB14996	2	7	2	up	1.0	2.27773640911905	2.837902127635267	0.0045411104700524745	0.01656891657992119	4.055978636415403	True
IBD	s__Faecalibacterium_sp_CLA_AA_H233	7	7	2	down	0.5714285714285714	-0.6876795973935126	6.969599353166089	3.1784484289648927e-12	4.932075148393799e-11	4.0502246836832265	False
IBD	s__GGB9115_SGB14048	3	7	2	up	1.0	4.48749110618265	1.947933318626872	0.05142294242428349	0.1253086142107991	4.047802567046712	True
IBD	s__Bacteroides_eggerthii	5	7	2	down	0.6	-1.4713571870076345	4.6435637815973845	3.424502080427097e-06	2.6119083664274464e-05	4.045975127077144	True
IBD	s__GGB9291_SGB14248	2	7	2	up	1.0	4.887769274132559	1.8509738196861065	0.06417331958155674	0.14885563820464193	4.043332402602519	True
IBD	s__Roseburia_sp_BX1005	4	7	2	down	0.75	-2.9936427198677578	-2.8504330823488546	0.0043659736344345765	0.015981904861593326	4.033270755233723	True
IBD	s__GGB9059_SGB13976	2	7	2	up	0.5	6.997676818009665	-2.2235521368081925	0.02617859187894388	0.07096606232243824	4.019987911800675	False
IBD	s__Alloscardovia_omnicolens	1	7	2	up	1.0	5.20227764206736	1.7786843353235335	0.07529152878284194	0.169688754351981	4.007558654178975	False
IBD	s__GGB3321_SGB4394	6	7	2	down	1.0	-3.775124225402865	-2.1225237224361875	0.03379378276008849	0.08841396652348732	3.9770145665068473	True
IBD	s__Ruminococcus_gnavus	7	7	2	up	0.8571428571428571	1.2329312097508638	4.18980916061109	2.791891599179728e-05	0.00017576981390189907	3.9683360362455753	True
IBD	s__GGB9781_SGB15402	3	7	2	down	1.0	-1.1866000811042958	-3.9303444581779696	8.482425272022776e-05	0.0004598905267964156	3.9600944840335996	True
IBD	s__Lachnospiraceae_bacterium_EP_SM_12S_S03	1	7	2	up	1.0	7.530766231361188	1.4240636328956784	0.15442805264254228	0.2982516038160688	3.9567941996085874	False
IBD	s__Christensenella_sp_Marseille_P3954	2	7	2	down	1.0	-2.328821953646607	-2.768046304568203	0.005639344272541991	0.020193938376476626	3.946838479741507	True
IBD	s__GGB79394_SGB105952	1	7	2	down	1.0	-2.867116551823476	-2.4501038936916517	0.014281500043144888	0.04332589900729348	3.9086035689830494	False
IBD	s__Clostridium_sp_AM29_11AC	5	7	2	up	0.8	2.586151979759459	2.9277955927442036	0.0034137439364843513	0.012909115726201329	3.9084070173318484	True
IBD	s__Prevotella_buccae	2	7	2	up	1.0	12.00997152006596	1.0755198646181152	0.28214204344463467	0.4743359385432837	3.890197546722618	True
IBD	s__GGB9529_SGB14929	2	7	2	down	1.0	-2.420416957653322	-2.6713509215208124	0.007554662157812392	0.025625110334288263	3.8516924184835437	True
IBD	s__GGB3534_SGB4722	4	7	2	up	0.75	1.1684560176019982	4.527328722475845	5.9733981472267215e-06	4.335530913309717e-05	3.823443145558939	True
IBD	s__GGB9537_SGB14940	3	7	2	down	1.0	-3.174455595649039	-2.278834893324801	0.022676881834395785	0.06286199276475218	3.8144634790986895	True
IBD	s__GGB9715_SGB15265	6	7	2	down	1.0	-1.11762965705437	-3.9406738866482476	8.125302631735336e-05	0.00044772075725888584	3.742933641415862	True
IBD	s__GGB3175_SGB4191	4	7	2	down	0.5	-0.5454303171067874	-8.0286800543769	9.852693161656673e-16	2.0783024637869544e-14	3.7313682269470654	False
IBD	s__GGB4456_SGB6141	6	7	2	up	0.8333333333333334	5.731160133131386	1.793070030079773	0.07296172706856523	0.1667642231938063	3.715210778524541	True
IBD	s__GGB29535_SGB42321	2	7	2	down	1.0	-1.3068118162816704	-3.6103499531668484	0.0003057841562569902	0.0014796007560822105	3.6980885475254373	True
IBD	s__GGB9365_SGB14342	1	7	2	down	1.0	-4.105518921223432	-1.9403504874238908	0.05233710950452927	0.12707751408473833	3.678262861222618	False
IBD	s__Lawsonibacter_faecis	3	7	2	down	0.6666666666666666	-1.5593786664842406	-4.051768398759032	5.0831969807347494e-05	0.0003009787685961365	3.6608640354098925	True
IBD	s__Solobacterium_SGB6829	3	7	2	up	1.0	3.380073067357207	2.1437305946115655	0.03205447929958704	0.0843538928936501	3.629843127666618	True
IBD	s__GGB1332_SGB1789	1	7	2	down	1.0	-2.627802222277685	-2.459833076350475	0.013900164944867711	0.042538852316536625	3.6032798044642176	False
IBD	s__GGB4239_SGB5731	2	7	2	up	0.5	5.808952580076125	-2.3050621962530013	0.02116309032703612	0.059274215646262986	3.564182142616218	False
IBD	s__Christensenellaceae_bacterium	2	7	2	down	1.0	-3.3293991984309397	-2.1361927945988115	0.03266370252036662	0.0856232978689222	3.5538275023506305	True
IBD	s__GGB3497_SGB4672	2	7	2	down	1.0	-1.3554282905344208	-3.459568245897968	0.0005410421522771521	0.002518644501979846	3.522531943189007	True
IBD	s__Erysipelatoclostridium_sp_An15	2	7	2	up	1.0	7.7136838730224575	1.3134931689756297	0.18901682122850705	0.3495516556965541	3.521209033111419	True
IBD	s__Firmicutes_unclassified_SGB47660	2	7	2	up	1.0	4.649631122137198	1.7594468219759807	0.07850164508310456	0.1748799024128567	3.520980118008983	True
IBD	s__Collinsella_intestinalis	4	7	2	up	0.75	2.7612328123089855	2.7608533799763566	0.005765055147527465	0.020589482669740946	3.492313169180835	True
IBD	s__Tyzzerella_nexilis	7	7	2	up	0.7142857142857143	2.2406180743757305	3.154122403426974	0.0016098155055507596	0.006791409164042267	3.4698213159065414	True
IBD	s__Blautia_SGB59878	1	7	2	up	1.0	3.038532045004438	2.1979124745203036	0.02795534377087119	0.07488038510054784	3.420268692438166	False
IBD	s__Rubneribacter_badeniensis	1	7	2	up	1.0	6.0952412897114465	1.4843828037528082	0.13770739417114716	0.27500737001634423	3.417331572075534	False
IBD	s__Slackia_isoflavoniconvertens	5	7	2	down	1.0	-3.0368227687167235	-2.1907563177163887	0.02846943123955378	0.07595599243754467	3.3995346772530075	True
IBD	s__GGB58067_SGB79698	1	7	2	down	1.0	-1.2143055147870663	-3.5865012932970006	0.0003351444029935713	0.0016044146951819903	3.3935994269084513	False
IBD	s__Lacrimispora_amygdalina	7	7	2	up	0.8571428571428571	1.0480819594673896	4.188154775628718	2.8123170224303852e-05	0.00017576981390189907	3.373376694336213	True
IBD	s__Oxalobacter_formigenes	4	7	2	down	0.75	-1.934638833072438	-3.255818362648758	0.0011306605834470662	0.004892281370684421	3.352470687897008	True
IBD	s__GGB4571_SGB6321	2	7	2	up	1.0	8.922192595959613	1.1712402240737596	0.2415022311478161	0.4212248217694467	3.3501588087943293	True
IBD	s__Citrobacter_freundii	4	7	2	up	0.75	2.8955028368444626	2.626535942054595	0.008625888221150374	0.02875296073716791	3.3471667404421916	True
IBD	s__Kineothrix_SGB4886	5	7	2	down	0.8	-3.1341057705408977	-2.4084120563654214	0.016022085931087313	0.04749826898373041	3.3179454383145344	True
IBD	s__Intestinibacter_bartlettii	6	7	2	up	0.8333333333333334	1.2476174270992095	3.841301182326191	0.00012238384046540894	0.0006462503508076485	3.3161662979555127	True
IBD	s__GGB51269_SGB5062	2	7	2	down	1.0	-0.9432487442511253	-4.04587736912296	5.212751759152579e-05	0.0003073019596006979	3.313099592052119	True
IBD	s__Actinomyces_sp_ICM47	4	7	2	up	0.75	2.288336656886544	2.9461166429954577	0.0032179102734470172	0.012271691720772523	3.2799225241360195	True
IBD	s__Lachnospiraceae_bacterium	6	7	2	down	0.5	-0.9778558807345992	-5.607531998820595	2.0523207763507893e-08	2.0831827429124552e-07	3.2666608664059544	False
IBD	s__Dielma_fastidiosa	6	7	2	up	0.8333333333333334	1.163630933513887	3.926098348807428	8.633486672100561e-05	0.0004662082802934303	3.2304528205211858	True
IBD	s__Desulfovibrio_desulfuricans	4	7	2	down	0.5	-4.7736795962438245	-2.426036963378214	0.01526471546914345	0.045896137824818835	3.194125965336877	False
IBD	s__GGB3167_SGB4181	4	7	2	down	0.75	-1.2593942509863403	-3.957345160808701	7.57873823451733e-05	0.0004245351293194355	3.1850896383685368	True
IBD	s__Sgatella_sinensis	3	7	2	up	1.0	6.756955453925526	1.3370644793537008	0.18120159050810825	0.3392817575394537	3.1719817277866906	True
IBD	s__Clostridium_sp_Marseille_P3244	4	7	2	down	1.0	-2.259676357302203	-2.491144628289157	0.012733227576677917	0.03969943932682491	3.1662938231648314	True
IBD	s__GGB9476_SGB14870	2	7	2	down	1.0	-1.4482822873830832	-3.144543144982137	0.001663463803604122	0.006931099181683842	3.1271280539749204	True
IBD	s__Blautia_SGB4815	6	7	2	down	0.6666666666666666	-1.4841118364996355	-3.8098736955976262	0.00013903780379890054	0.0007247144213456206	3.1065756420181847	True
IBD	s__GGB4564_SGB6302	1	7	2	down	1.0	-1.672757065023019	-2.900405941461854	0.0037267966849955816	0.014002825757955762	3.100930810333507	False
IBD	s__Acidaminococcus_intestini	6	7	2	up	0.8333333333333334	1.7139123711337847	3.14057907851369	0.0016861417958909956	0.006982489032063939	3.0793145697198727	True
IBD	s__GGB9529_SGB53518	3	7	2	down	1.0	-2.5237358117467203	-2.295183787401333	0.021722593911376126	0.06058987971148299	3.0729004964979305	True
IBD	s__GGB45620_SGB63333	2	7	2	down	1.0	-1.0274245808557838	-3.6975172000220806	0.0002177184717440324	0.0010845754127470249	3.0460470037875167	True
IBD	s__Dakarella_massiliensis	2	7	2	up	1.0	7.4515031658853115	1.2302064993003328	0.21861978670582738	0.39142800007011536	3.0353557396510373	True
IBD	s__Weissella_confusa	2	7	2	up	1.0	7.9555414116347825	1.1760273412016558	0.23958395055953174	0.4195049717968455	3.0013305263999377	True
IBD	s__GGB9618_SGB15064	1	7	2	down	1.0	-3.620119287958906	-1.853035660492259	0.06387724755517259	0.14842389707312045	2.9992549635680565	False
IBD	s__GGB79097_SGB105802	2	7	2	down	1.0	-1.2656850942355324	-3.2941171820886423	0.0009873132900247654	0.0043300303749501945	2.9914581836387457	True
IBD	s__Hungatella_hathewayi	6	7	2	up	0.6666666666666666	1.1957138137681902	4.160696931358375	3.172778945265978e-05	0.00019647943009674636	2.9547546393554915	True
IBD	s__Enterobacter_hormaechei	3	7	2	up	1.0	7.813353293865457	1.1769269429072036	0.23922466714110313	0.41941987096167427	2.948376660848948	True
IBD	s__Blautia_SGB101324	1	7	2	down	1.0	-1.4723868136380276	-3.0178076449617266	0.0025461046035802452	0.010109532984803915	2.937807627456727	False
IBD	s__Jingyaoa_shaoxingensis	4	7	2	down	0.75	-4.448882698965623	1.9134015781936085	0.0556966625185189	0.13402940178253211	2.912238350495845	True
IBD	s__Prevotella_corporis	3	7	2	down	0.6666666666666666	-2.654517706573318	-2.713025116742715	0.006667205292664408	0.022961038635451406	2.9005180043826426	True
IBD	s__Alistipes_SGB2300	1	7	2	down	1.0	-4.97610568679383	-1.5180180907284957	0.1290098381639672	0.26189967146068527	2.8954219662078766	False
IBD	s__Peptostreptococcus_SGB749	3	7	2	up	1.0	7.822905701722233	1.15743047379572	0.24709652965705475	0.42821606551607694	2.8814659552014055	True
IBD	s__Anaeroglobus_geminatus	2	7	2	up	1.0	10.353660338002502	0.987778131573761	0.32326131982846107	0.5270564997203169	2.8797963513466356	True
IBD	s__GGB2848_SGB3813	6	7	2	down	0.8333333333333334	-2.2431659068680494	-2.621433657578322	0.008756080258567278	0.02911504519474341	2.871032776174191	True
IBD	s__Enterocloster_citroniae	5	7	2	up	0.8	2.273341514738824	2.6454284542756064	0.008158753836556627	0.027396146045397626	2.8413323044758254	True
IBD	s__Segatella_copri	7	7	2	down	0.8571428571428571	-0.36863191211941543	-6.498659729710894	8.103872301936199e-11	1.0621580201566863e-09	2.8354569077136675	True
IBD	s__GGB3733_SGB5066	1	7	2	up	1.0	3.3240039716643364	1.8788092065815516	0.060270549498091956	0.14274603828495463	2.810232409536802	False
IBD	s__GGB3123_SGB4135	1	7	2	up	1.0	4.959685700016476	1.4864118188371833	0.13717022555472444	0.2745733690966669	2.7840778435027027	False
IBD	s__Eubacteriaceae_bacterium	5	7	2	down	0.6	-0.6237645045696876	-5.914599274554315	3.3268453422081548e-09	3.7427010099841744e-08	2.7795500971101035	True
IBD	s__Lactonifactor_longoviformis	3	7	2	up	1.0	2.102714915650344	2.397456250585092	0.016509352359035185	0.04834625961973427	2.766409796058911	True
IBD	s__Faecalicatena_contorta	6	7	2	up	0.8333333333333334	2.204479862056902	2.5723671354907403	0.010100571700763715	0.032699692556429294	2.7288821389245363	True
IBD	s__Lacrimispora_sp_210928_DFI_3_58	2	7	2	down	1.0	-1.325695098420311	-3.060614329181171	0.0022088341227810525	0.008901271838072898	2.718401347483429	True
IBD	s__Streptococcus_australis	6	7	2	up	0.8333333333333334	1.4697164756221914	3.1691126083947347	0.0015290514097000222	0.006491255984575566	2.679380416623451	True
IBD	s__GGB9495_SGB14892	3	7	2	down	0.6666666666666666	-0.4620519931405519	-6.368348754511025	1.9107405916803558e-10	2.4334903761966795e-09	2.6533398443317298	True
IBD	s__Bifidobacterium_adolescentis	6	7	2	down	0.6666666666666666	-0.8577585446199273	4.665957160126232	3.071837020221038e-06	2.3970982527736423e-05	2.642075969036191	True
IBD	s__GGB9636_SGB15107	3	7	2	down	0.6666666666666666	-2.7451026866923462	-2.5197912041954984	0.01174244655656288	0.037124831033629714	2.6176119087407024	True
IBD	s__Emergencia_timonensis	3	7	2	up	1.0	0.8813429986276646	3.6931178150661865	0.00022152133069639734	0.0010994624869122662	2.6077349245185673	True
IBD	s__Lactococcus_cremoris	2	7	2	up	1.0	5.642290949182217	1.3214163499134821	0.18636257738652418	0.345722661712063	2.6026316885329526	True
IBD	s__Clostridium_sp_AF32_12BH	4	7	2	down	0.75	-1.943420419641822	-2.8326299649633953	0.004616679455540409	0.016799237910996096	2.586756350978708	True
IBD	s__GGB3538_SGB4728	3	7	2	up	1.0	3.340996659309209	1.7839562374934625	0.07443077654509923	0.16916085578431644	2.5782475443742814	True
IBD	s__Blautia_argi	2	7	2	up	1.0	3.0084578025560185	1.873516780935082	0.06099705768567492	0.14396158719521177	2.5323795053556464	True
IBD	s__Mogibacterium_diversum	3	7	2	up	0.6666666666666666	2.879527383132275	2.398837500224644	0.016447211811742496	0.048268991186635586	2.52694226623945	True
IBD	s__Odoribacter_splanchnicus	7	7	2	down	0.8571428571428571	-0.19881622964923548	-8.244156846965822	1.6632886226965234e-16	3.80582989939035e-15	2.457292018934403	True
IBD	s__Anaerostipes_hadrus	7	7	2	up	0.7142857142857143	1.3002422722864937	3.4805717583417213	0.0005003447754106167	0.002345366134737266	2.4424023429258486	True
IBD	s__GGB9359_SGB14334	5	7	2	down	1.0	-1.4555532865914804	-2.7501263038630803	0.005957229764855857	0.021053037127108397	2.440504716984882	True
IBD	s__Candidatus_Borkfalkia_ceftriaxoniphila	5	7	2	down	0.8	-0.47741072226129244	-5.471178748510809	4.470521144515491e-08	4.341873054025836e-07	2.4299529285194947	True
IBD	s__Christensenella_timonensis	1	7	2	down	1.0	-0.9556734263308326	-3.41230195617647	0.0006441671497091788	0.0029680056385917794	2.4154982996072607	False
IBD	s__Varibaculum_cambriense	1	7	2	up	1.0	6.610629857303845	1.1520768420487641	0.2492894983691103	0.43146259333115244	2.413255715547188	False
IBD	s__Roseburia_faecis	6	7	2	down	0.6666666666666666	-0.592150117262443	-5.3620906448380605	8.226423845472235e-08	7.820895909427829e-07	2.4107392507979073	True
IBD	s__Ligilactobacillus_salivarius	2	7	2	up	1.0	7.620910462523023	1.0582315921402174	0.2899498715906945	0.4851677725497768	2.3937893628669755	True
IBD	s__Butyricimonas_faecalis	2	7	2	down	1.0	-1.8233381760659775	-2.3778125368245377	0.017415677286581645	0.05056164373523703	2.363372317832424	True
IBD	s__GGB781_SGB1024	2	7	2	up	0.5	6.700109977137325	1.6926834706016525	0.09051573321455669	0.1970907094187928	2.362907173667702	False
IBD	s__GGB9309_SGB14270	1	7	2	up	1.0	3.0747780799439397	1.773104608719316	0.07621137445833709	0.17130898287592233	2.3559560406230475	False
IBD	s__Enterococcus_avium	4	7	2	up	0.75	8.333774434906951	1.1721420645081506	0.24114002403118828	0.42113717004153195	2.3474769103101147	True
IBD	s__GGB4588_SGB6347	1	7	2	down	1.0	-2.435026342113994	-2.010169640576064	0.044413237423091036	0.11123909187601651	2.3223882699761287	False
IBD	s__Ellagibacter_isourolithinifaciens	1	7	2	down	1.0	-2.4328004114185338	-2.0038907414356615	0.045081765553708915	0.1127044138842723	2.306438508163637	False
IBD	s__GGB45432_SGB63101	3	7	2	down	1.0	-0.9188826861281185	-3.388322087829251	0.0007032163327635332	0.003218108641460237	2.2902225622750754	True
IBD	s__Monoglobus_pectinilyticus	5	7	2	down	0.8	-2.146567676819068	-2.4167517049997715	0.015659695084692	0.046667965484181465	2.285632861144307	True
IBD	s__Mesosutterella_multiformis	5	7	2	down	0.8	-1.302951344638133	-3.172140007196966	0.001513200362598756	0.006444228673527826	2.2836349325885776	True
IBD	s__GGB4597_SGB6359	1	7	2	up	1.0	6.5692281326902116	1.1171218565300096	0.26394222646409826	0.4504702980107872	2.275145999574417	False
IBD	s__GGB45656_SGB63370	2	7	2	down	1.0	-1.293575983544173	-2.8169205349947264	0.004848652053378517	0.01759591470984139	2.2696930941583555	True
IBD	s__GGB3034_SGB4030	3	7	2	down	0.6666666666666666	-1.7166870271504757	-2.9934860333843525	0.002758101320412697	0.010792570384223597	2.2510059906898965	True
IBD	s__GGB9691_SGB15198	2	7	2	up	0.5	2.984617884230688	-2.5941985858123684	0.009481170613167719	0.03129481742732621	2.2452199579494683	False
IBD	s__Finegoldia_magna	1	7	2	up	1.0	5.410776862297475	1.2373273562663247	0.21596557576490982	0.3898720017548032	2.2134295180488404	False
IBD	s__Cuneatibacter_caecimuris	2	7	2	up	1.0	4.153263077568193	1.4292080148031896	0.1529444547746858	0.29708635100118824	2.1892568215968398	True
IBD	s__Streptococcus_sanguinis	3	7	2	up	0.6666666666666666	2.352667906208367	2.4606314040342987	0.013869277289907864	0.042538852316536625	2.150674476484227	True
IBD	s__Ligilactobacillus_ruminis	4	7	2	up	0.5	2.6017489387819883	-2.7260575688938014	0.006409581797764423	0.02224404994082769	2.150067290997319	False
IBD	s__Holdemanella_biformis	4	7	2	up	1.0	3.2127438482591493	1.6401659908725184	0.10097065845977299	0.21568099512767963	2.1402917886653365	True
IBD	s__Bariatricus_massiliensis	1	7	2	up	1.0	3.302952015730362	1.6066384727410705	0.10813369776690097	0.22597599378531938	2.1335012117805765	False
IBD	s__GGB3649_SGB4958	2	7	2	down	1.0	-1.628551663603056	-2.3886210393188927	0.016911736553391194	0.04931067893537389	2.1286131379189057	True
IBD	s__Lactobacillus_amylovorus	1	7	2	up	1.0	9.850236129535949	0.8368743822090708	0.4026631814866869	0.6094117657029454	2.1186790667010773	False
IBD	s__Bradyrhizobium_SGB11337	1	7	2	up	1.0	3.385352566086701	1.5730217144134842	0.11571379030816308	0.23959143698776098	2.100708452996924	False
IBD	s__Aggregatibacter_segnis	4	7	2	up	0.75	7.997762526335983	1.121477215381247	0.26208478473162644	0.4478664042882224	2.0925236743081297	True
IBD	s__GGB9104_SGB14037	1	7	2	up	1.0	1.5763793892395461	2.4019899508789595	0.01630615637138313	0.048063998037919706	2.077951951571813	False
IBD	s__GGB9065_SGB13984	1	7	2	up	1.0	6.293047358857728	1.0840352746967752	0.27834915890752787	0.4708914342420585	2.058324955644475	False
IBD	s__Victivallis_vadensis	3	7	2	down	0.6666666666666666	-1.5956238549537718	-2.9630941845723315	0.0030456336316704415	0.011747444007871703	2.0530962522407923	True
IBD	s__GGB9480_SGB14874	6	7	2	down	0.6666666666666666	-0.5596475112971071	-5.079962280377219	3.775098163859652e-07	3.246103516694605e-06	2.0478015951683695	True
IBD	s__Rothia_SGB49305	1	7	2	up	1.0	3.109090284626391	1.6187311958997799	0.10550511167710061	0.2215115097419686	2.035222012984441	False
IBD	s__Bifidobacterium_animalis	4	7	2	up	0.75	3.3681945413595464	1.8108792095564403	0.07015955150376615	0.16135501623523732	2.0012570666036558	True
IBD	s__Haemophilus_sputorum	5	7	2	up	0.8	6.491482220933947	1.1895163324121343	0.23423654794834337	0.41281898137110123	1.9954314794955632	True
IBD	s__GGB36599_SGB9269	3	7	2	up	0.6666666666666666	1.6265893276645575	2.882145359803678	0.003949774762102595	0.01468924498302618	1.9876927288730286	True
IBD	s__Blautia_caecimuris	6	7	2	up	0.8333333333333334	1.982627463629809	2.2795595776589677	0.02263382267892493	0.06286199276475218	1.9852905547645916	True
IBD	s__Porphyromonas_sp_HMSC065F10	2	7	2	up	1.0	2.3711961957752754	1.8606516211317645	0.06279338994394641	0.14666276197980563	1.9768191777672928	True
IBD	s__Merdimonas_faecis	4	7	2	up	1.0	2.7010882526920716	1.7150153177082565	0.08634241859170201	0.18953213837202879	1.9510423348041408	True
IBD	s__GGB9062_SGB13981	5	7	2	up	0.6	0.6490854851088885	-4.8545803845978295	1.2064192599478778e-06	1.0053493832898982e-05	1.9463540905116812	True
IBD	s__Sutterella_parvirubra	1	7	2	up	1.0	2.868806165202319	1.6294551709950738	0.10321669754594036	0.21802477023031228	1.8976985317039603	False
IBD	s__Lentihominibacter_faecis	6	7	2	down	0.6666666666666666	-0.731521167671157	-4.26241132474363	2.0223275832579714e-05	0.00013317767011698835	1.890040305513723	True
IBD	s__Senegalimassilia_SGB14826	2	7	2	down	1.0	-1.017771272427899	-2.8997934046442877	0.0037340868687882034	0.014002825757955762	1.8867284213207487	True
IBD	s__Murimonas_intestini	2	7	2	up	1.0	5.874596508299032	1.0698661345670168	0.28467956851865106	0.4774129409940111	1.886367087645886	True
IBD	s__Blautia_SGB4833	2	7	2	up	1.0	7.965052033417383	0.8961604541160827	0.3701670731750206	0.580401334246548	1.8819155709900002	True
IBD	s__Schaalia_SGB17168	3	7	2	up	0.6666666666666666	4.266908949199268	1.629006625380492	0.10331161640224971	0.21802477023031228	1.8816902412875023	True
IBD	s__Escherichia_marmotae	5	7	2	up	0.8	2.2880151020513595	2.090952960963877	0.03653228085851889	0.09429938653728585	1.8770713586303363	True
IBD	s__Butyricimonas_paravirosa	5	7	2	down	0.6	-0.42149105993359093	-5.894805472604396	3.751230339030869e-09	4.18525698982783e-08	1.865926895847684	True
IBD	s__Schaalia_SGB17153	1	7	2	up	1.0	3.056267774806033	1.5556864940471702	0.11978265972896666	0.2457546970123176	1.862789624691989	False
IBD	s__Raoultibacter_massiliensis	1	7	2	down	1.0	-2.792543473149473	-1.6404367759516298	0.1009143840567495	0.21568099512767963	1.8603592901785198	False
IBD	s__GGB4277_SGB5832	4	7	2	up	0.75	6.283275350167633	1.1999958852123092	0.2301409385161396	0.40719563171269785	1.8387858738041023	True
IBD	s__GGB9818_SGB15459	4	7	2	down	1.0	-1.8099003457073883	-2.07814911021632	0.03769562757746086	0.09674733313606874	1.8358923201881665	True
IBD	s__Mediterraneibacter_SGB4607	1	7	2	down	1.0	-4.842786454115126	-1.1730682094399554	0.24076845376304634	0.4210329178498868	1.8193571351332654	False
IBD	s__Enteroscipio_rubneri	2	7	2	down	1.0	-6.3865757292657195	-1.000921116178633	0.31686494686593925	0.5191355318798763	1.8183810204882973	True
IBD	s__GGB9695_SGB15211	2	7	2	down	1.0	-1.3022920894520136	-2.482420687430252	0.013049311399691253	0.04022048034151414	1.8174173029033454	True
IBD	s__Massilicoli_timonensis	2	7	2	down	0.5	-1.5368315262350907	-3.2939534958039656	0.0009878884114701185	0.0043300303749501945	1.8161576157325188	False
IBD	s__Caproicibacterium_amylolyticum	2	7	2	up	1.0	3.45880762804229	1.4200855399879577	0.15558277945765117	0.30005250323975585	1.8082741248099083	True
IBD	s__Anaerotruncus_massiliensis	4	7	2	down	0.75	-0.9932859135903566	-3.324168896804947	0.0008868246986039642	0.003951199152195881	1.7903514827515612	True
IBD	s__GGB4750_SGB6579	2	7	2	down	0.5	-2.5740349121964883	2.463870564778866	0.01374457359890678	0.04226691197841492	1.7683613161725673	False
IBD	s__Streptococcus_gordonii	5	7	2	up	0.8	1.8714402575893478	2.2449567910114077	0.024770906572090468	0.067693773020895	1.7508465624416623	True
IBD	s__Streptococcus_thermophilus	6	7	2	up	0.6666666666666666	1.776085862320246	2.55837754660674	0.010516184981655479	0.03388269624161073	1.7405902389115204	True
IBD	s__Senegalimassilia_anaerobia	6	7	2	down	0.6666666666666666	-1.8225667968076622	-2.5200976691739325	0.011732227521412893	0.037124831033629714	1.737921344409733	True
IBD	s__Parabacteroides_gordonii	1	7	2	up	1.0	2.2129646739620252	1.8015260798416988	0.07162000048962977	0.16415450027334497	1.736617846300541	False
IBD	s__GGB9061_SGB13979	4	7	2	down	0.75	-2.7233802982591304	-1.8716550832511443	0.06125433744654112	0.1440650793603319	1.7186734473401515	True
IBD	s__GGB9469_SGB14862	3	7	2	down	0.6666666666666666	-2.340996448881208	-2.1653881968373385	0.030357969187913756	0.08051720707992843	1.707540442200954	True
IBD	s__Megasphaera_micronuciformis	4	7	2	up	0.75	3.90815908057526	1.5167408007713425	0.12933213869490448	0.26215974059777936	1.704252429103788	True
IBD	s__GGB1246_SGB1667	1	7	2	up	1.0	1.4514803733215726	2.251104289421863	0.02437893281510952	0.06702965234296915	1.7036504610912895	False
IBD	s__Schaalia_SGB17157	2	7	2	up	1.0	3.4709177814718295	1.3683684581862658	0.1711967721391312	0.3236913758933153	1.70029457615	True
IBD	s__Clostridium_sp_C5_48	2	7	2	down	0.5	-2.9786020994969094	-2.2069287261800343	0.027319039152944095	0.07346753557066639	1.6887252039963867	False
IBD	s__GGB4745_SGB6570	2	7	2	down	1.0	-0.7689158401756275	-3.1178511202760535	0.0018217480348997799	0.007498048314374094	1.6339859636772336	True
IBD	s__Faecalibacterium_prausnitzii	7	7	2	down	0.5714285714285714	-0.2942225543657115	-6.755018618824765	1.4281691490577662e-11	2.0510939906680685e-10	1.6288184883520962	False
IBD	s__Solobacterium_moorei	4	7	2	up	0.75	6.433897691842105	1.1026792839831445	0.27016646615244344	0.45993030177275995	1.627653759478163	True
IBD	s__Alistipes_timonensis	3	7	2	down	0.6666666666666666	-1.5052409271753702	-2.694464848781975	0.00705017626488715	0.024095539133158615	1.6237167867919662	True
IBD	s__Haemophilus_pittmaniae	4	7	2	up	1.0	4.581215914021962	1.131333173877069	0.25791488662878537	0.44298358390440234	1.6199746057222015	True
IBD	s__Methanosphaera_stadtmanae	1	7	2	down	1.0	-1.9506938217821794	-1.855632962952447	0.06350589194070244	0.14781543813784187	1.6196224662305991	False
IBD	s__Yeguia_hominis	2	7	2	down	1.0	-2.0888063331970153	-1.7792973653627815	0.07519102268538687	0.169688754351981	1.6091055636509533	True
IBD	s__Clostridium_methylpentosum	2	7	2	up	0.5	2.0658468290879695	2.6394779175646286	0.008303383257290678	0.02774645395381786	1.608047437853746	False
IBD	s__Segatella_brunsvicensis	4	7	2	up	0.5	1.5523360131163593	-3.0768075524303518	0.002092303359133726	0.008482310915406998	1.6078210138644682	False
IBD	s__Clostridium_SGB6176	1	7	2	down	1.0	-2.6225778405775646	-1.5530622730886197	0.12040825807462592	0.24644882580489616	1.5952439377648795	False
IBD	s__Phocaeicola_plebeius	5	7	2	down	0.8	-1.4590043735217841	-2.450260424675044	0.014275292493020328	0.04332589900729348	1.5911929908485223	True
IBD	s__TM7_phylum_sp_oral_taxon_352	4	7	2	up	0.75	2.2836623282940542	1.9687051390174195	0.04898696083692211	0.12002249932821206	1.5769898725913922	True
IBD	s__Pseudoflavonifractor_gallinarum	5	7	2	up	0.6	1.7527304369135068	2.58471511309123	0.00974594881153141	0.031703688904981694	1.576290287395352	True
IBD	s__Bacteroides_nordii	5	7	2	up	0.8	0.23837670206705527	6.239236883274658	4.3971069277575623e-10	5.496383659696952e-09	1.5751785556601716	True
IBD	s__GGB9092_SGB14022	1	7	2	down	1.0	-1.315247091780455	-2.246134202672108	0.02469541316025565	0.06762435652402662	1.5387034353956028	False
IBD	s__Parabacteroides_sp_AGMB00274	3	7	2	down	0.6666666666666666	-0.7080363913315009	-3.8821248573658877	0.00010354768416685556	0.0005503518646663583	1.5384967862082393	True
IBD	s__GGB1096_SGB1408	1	7	2	down	1.0	-5.470141030519303	-0.9921675262360077	0.3211158107479726	0.5243580181869003	1.5336748548473305	False
IBD	s__Fusobacterium_periodonticum	2	7	2	up	1.0	8.028423128965716	0.7769139319460917	0.4372095510067062	0.6450632719771076	1.5285931768654344	True
IBD	s__GGB9225_SGB14166	2	7	2	up	1.0	3.694721919911522	1.2460429852943398	0.21274861457391747	0.3860357925736406	1.5272961650002266	True
IBD	s__GGB9176_SGB14114	4	7	2	down	0.75	-1.4274960532290264	-2.5143220028812285	0.011926148798650681	0.03761752541630472	1.525218625463618	True
IBD	s__GGB4584_SGB6338	3	7	2	down	0.6666666666666666	-1.0798433111484094	-3.1034644656254455	0.0019126920239336995	0.00782464918881968	1.516485242630743	True
IBD	s__Klebsiella_quasipneumoniae	4	7	2	up	1.0	7.327132661323457	0.81111477775581	0.4172997601492584	0.6238700733128447	1.501372322038482	True
IBD	s__Prevotella_buccalis	3	7	2	down	0.6666666666666666	-1.4896002452416828	2.5865488578688387	0.009694242567770127	0.0316116605470765	1.4897518768710871	True
IBD	s__Clostridium_sp_NSJ_6	1	7	2	up	1.0	6.892109444362659	0.8370885145864552	0.40254281584982843	0.6094117657029454	1.482418067258239	False
IBD	s__Sutterella_SGB9298	1	7	2	up	1.0	3.1867393833111914	1.3234901561596881	0.18567242774738324	0.345722661712063	1.4699541333124213	False
IBD	s__GGB9770_SGB15389	3	7	2	down	0.6666666666666666	-3.9523866969894783	-1.479318891868299	0.13905510603912452	0.277288616178461	1.467831995240799	True
IBD	s__GGB9730_SGB15291	6	7	2	down	0.5	-1.1878889610202172	3.359032174512289	0.0007821596027274441	0.003531489845090467	1.4563768345904473	False
IBD	s__Streptococcus_intermedius	1	7	2	up	1.0	5.14967205221956	0.9957605240802769	0.31936651494722645	0.5225997517318252	1.4513361989842564	False
IBD	s__Clostridium_tertium	1	7	2	up	1.0	5.981464247546811	0.9070435643587456	0.3643837601808546	0.5746706498179366	1.439026548712034	False
IBD	s__Bacteroides_ovatus	7	7	2	up	0.8571428571428571	1.0411927407075443	2.6881230984625897	0.007185490205917298	0.024495989338354424	1.43765366424275	True
IBD	s__Fumia_xinanensis	3	7	2	down	0.6666666666666666	-2.7262360845573648	-1.8078714979237283	0.07062650269318581	0.16215268475476333	1.4359555393892292	True
IBD	s__Anaerofustis_stercorihominis	4	7	2	up	1.0	1.9848061048294143	1.7105550957283804	0.08716327441505495	0.1910234098381886	1.4269037188300295	True
IBD	s__Ruminococcus_sp_AF13_28	5	7	2	up	0.8	2.6827258682301567	1.6287786257673433	0.10335989107214805	0.21802477023031228	1.4196860011964074	True
IBD	s__Parabacteroides_sp_N37	1	7	2	down	1.0	-3.0266419456325298	-1.3322659269330137	0.18277281946484736	0.34161684668162706	1.4118095824048904	False
IBD	s__GGB1420_SGB1957	3	7	2	up	0.6666666666666666	2.7731901313017424	1.763603991766597	0.07779867518965672	0.17388776739410028	1.4045856162739754	True
IBD	s__GGB3000_SGB3991	2	7	2	down	0.5	-2.1324534663941277	-2.3729598493623074	0.017646182012633085	0.051011446931594574	1.3779193078487741	False
IBD	s__Faecalibacterium_SGB15346	6	7	2	down	0.6666666666666666	-0.5605585081688582	-4.148329252826942	3.3491049749254516e-05	0.00020645167653650042	1.377173261449479	True
IBD	s__Megasphaera_massiliensis	3	7	2	up	0.6666666666666666	0.6200931242046266	-3.9245704284866196	8.688463843072099e-05	0.00046672651843670306	1.3769943033203245	True
IBD	s__Eubacterium_limosum	1	7	2	up	1.0	1.9678907747053256	1.6828702015797068	0.09240022126411647	0.2005471040298348	1.3731619190219446	False
IBD	s__Roseburia_SGB4949	2	7	2	up	1.0	2.5357434202752414	1.4464826229122167	0.14804188249520286	0.29048915896587774	1.3613647495977783	True
IBD	s__Collinsella_stercoris	3	7	2	up	0.6666666666666666	4.970855494999313	1.2364084884583777	0.2163067624550723	0.3898720017548032	1.3556449240223545	True
IBD	s__bacterium_210917_SL_2_15	4	7	2	up	1.0	1.3150176580846547	2.0929218338161366	0.03635613283977874	0.0940244814821864	1.3502062851714856	True
IBD	s__Prevotella_disiens	2	7	2	up	1.0	4.1255898495468175	1.0799125939924454	0.2801811045214472	0.47162654751116423	1.346599774613728	True
IBD	s__Prevotella_stercorea	2	7	2	up	0.5	2.8778921690130557	1.979887820928978	0.04771613522831914	0.11728643503836089	1.3393022540460988	False
IBD	s__GGB2977_SGB3959	2	7	2	down	0.5	-1.5988226945853994	-2.734113451852018	0.006254848874304149	0.021932586961845718	1.3261515900592584	False
IBD	s__GGB3001_SGB3992	3	7	2	down	0.6666666666666666	-2.133926553225908	-1.9792900214928366	0.04778336242303592	0.11728643503836089	1.3241045760165475	True
IBD	s__GGB3256_SGB4303	6	7	2	up	0.6666666666666666	1.4174949446190317	2.4857804541128488	0.012926768635154028	0.0399339534495605	1.3217268057247056	True
IBD	s__GGB3606_SGB4870	2	7	2	down	0.5	-3.9848748348994625	-1.6345679107067077	0.10213965916758133	0.2174898105303388	1.3201114972456525	False
IBD	s__Faecalicoccus_pleomorphus	3	7	2	down	0.6666666666666666	-1.9947607858953755	-2.0525366010940607	0.04011754177290581	0.10218619130834498	1.3173503792768506	True
IBD	s__Pseudomonas_guguanensis	1	7	2	up	1.0	5.640742578985014	0.8841705817775394	0.3766041363076622	0.5856555618101584	1.3106701297898082	False
IBD	s__GGB9719_SGB53514	2	7	2	down	1.0	-0.8933630126626151	-2.5447527795701377	0.0109355129688017	0.03498327608502914	1.3008611906785048	True
IBD	s__GGB9110_SGB14043	2	7	2	up	1.0	3.648182722692776	1.1375432323015235	0.25531126243748226	0.44075473694450257	1.2980343991986532	True
IBD	s__GGB9464_SGB14857	2	7	2	up	0.5	7.683133789873906	-1.0950829305737457	0.27348030609332497	0.4638171020426994	1.2817512485847946	False
IBD	s__Holdemanella_porci	6	7	2	down	0.5	-1.8668287704123707	-2.459126963834753	0.013927535351043843	0.042538852316536625	1.2799110887784382	False
IBD	s__Eubacterium_sulci	3	7	2	up	0.6666666666666666	1.917663828221284	2.0537974527258775	0.03999529959889319	0.10206739973252515	1.2670809682002055	True
IBD	s__GGB3002_SGB3993	3	7	2	down	0.6666666666666666	-1.9882110213517845	-2.01131840396721	0.044291835783542184	0.11114122362041254	1.2646676633525291	True
IBD	s__Anaerostipes_butyraticus	3	7	2	up	1.0	5.431627195632574	0.8858483199684882	0.37569926782668195	0.5856555618101584	1.2620805544277456	True
IBD	s__Zhenhengia_yiwuensis	3	7	2	up	1.0	4.780157117485855	0.9574142247916525	0.33835822146586403	0.5450878269438143	1.259731615318891	True
IBD	s__Bacteroides_propionicigenes	3	7	2	up	0.6666666666666666	0.613181254124171	-3.738622223131052	0.0001850315304369756	0.0009461839624618069	1.2361833898374062	True
IBD	s__Roseburia_hominis	6	7	2	down	0.5	-0.5280784727850701	-4.682348799400184	2.8360636726960135e-06	2.238997636338958e-05	1.227768287453372	False
IBD	s__Megasphaera_sp_NM10	1	7	2	up	1.0	2.956233582864848	1.2378491746536708	0.2157719909170931	0.3898720017548032	1.2093299799803485	False
IBD	s__GGB9695_SGB15210	2	7	2	down	0.5	-1.6165097067111427	-2.569541582997678	0.01018331694590316	0.0328887030549504	1.1986041634756355	False
IBD	s__Parvimonas_micra	4	7	2	up	0.75	6.43777981018194	0.9215268654195667	0.35677542165030307	0.5686503178605775	1.1836890499546266	True
IBD	s__Peptococcus_niger	1	7	2	up	1.0	4.363505779204611	0.9719471893166993	0.3310768219274516	0.5359157189473137	1.182089007385183	False
IBD	s__Clostridium_innocuum	6	7	2	up	0.6666666666666666	0.6775666312814522	3.4634876495111384	0.0005332210727493407	0.0024908250803169895	1.1761006311002353	True
IBD	s__GGB9453_SGB14845	3	7	2	down	0.6666666666666666	-0.9752964901935783	2.860488825956093	0.004229884589962219	0.01555952097125067	1.175559825766774	True
IBD	s__Cloacibacillus_porcorum	2	7	2	up	1.0	2.529012547764434	1.3281345529151507	0.1841336604758005	0.34334315143968325	1.1741487295923747	True
IBD	s__Mediterraneibacter_glycyrrhizinilyticus	6	7	2	up	0.6666666666666666	0.4240261356164804	4.412780646344639	1.020513788008436e-05	7.175487571934316e-05	1.1714848728347005	True
IBD	s__GGB45491_SGB63163	3	7	2	down	0.6666666666666666	-0.7790086143410382	-3.2142221276138314	0.001307984452427263	0.005587908261951915	1.1699414843441558	True
IBD	s__Turicibacter_bilis	6	7	2	up	0.6666666666666666	1.22517975510917	2.522746815073533	0.011644220401663795	0.036987523628814405	1.1695931408410698	True
IBD	s__Lactobacillus_helveticus	1	7	2	up	1.0	6.071090647601393	0.7816146826315872	0.4344410553963233	0.6430870885800838	1.1640114833873685	False
IBD	s__Segatella_sinensis	4	7	2	up	0.5	10.470126281250781	-0.8468522334969731	0.3970774897004625	0.6036651025851626	1.1475464123936683	False
IBD	s__GGB9574_SGB14987	3	7	2	up	0.6666666666666666	1.2874882461784465	2.4238570685027487	0.015356648237480367	0.04605978401199789	1.1473048976076203	True
IBD	s__Eubacterium_callanderi	2	7	2	up	1.0	3.783368928812811	1.0367172553510449	0.2998676478410398	0.49793520859213247	1.1457068831934958	True
IBD	s__Vescimonas_fastidiosa	4	7	2	down	0.75	-2.630573393713873	-1.5116912660649302	0.13061242153795638	0.2635676667806295	1.1425393121949552	True
IBD	s__Blautia_sp_OF03_15BH	6	7	2	down	0.8333333333333334	-2.0788437719531223	-1.6193342014979673	0.10537537566460049	0.2215115097419686	1.134015692402399	True
IBD	s__Clostridium_sp_AM42_4	3	7	2	up	1.0	1.1763545665749893	2.0131613257606578	0.044097660366052796	0.11086004002638972	1.123683254319078	True
IBD	s__Clostridium_saccharogumia	3	7	2	down	1.0	-5.102368446008526	-0.8477157945959597	0.3965962679465017	0.6036132601215076	1.11864952508569	True
IBD	s__Limosilactobacillus_portuensis	1	7	2	up	1.0	3.334948206764686	1.095736328272898	0.2731941797421431	0.4638171020426994	1.1127162808540425	False
IBD	s__GGB3585_SGB4803	2	7	2	up	1.0	1.9119624792008794	1.5187477272522976	0.12882600808543418	0.26189967146068527	1.112504136625437	True
IBD	s__Kluyvera_ascorbata	2	7	2	up	1.0	11.98931391913121	0.5304686208365764	0.5957870597121008	0.8083543021219457	1.1077915768050084	True
IBD	s__GGB9697_SGB15213	2	7	2	down	1.0	-0.9991921614542897	-2.17754845429571	0.029439670669265033	0.07823534528249566	1.1057030446801785	True
IBD	s__Clostridium_SGB4750	7	7	2	up	0.7142857142857143	0.5583233151968555	3.5692019208777803	0.00035807037085905017	0.0017081095429672005	1.1036792846454524	True
IBD	s__Intestinimonas_gabonensis	4	7	2	down	1.0	-2.0822265215198597	-1.4343252780607527	0.15147945995827192	0.29551628749084835	1.1023694037222758	True
IBD	s__Oxalobacter_SGB9385	1	7	2	up	1.0	2.7428747112740193	1.218875825842908	0.22289132621637975	0.3964470229145094	1.1021277607769708	False
IBD	s__GGB9296_SGB14253	4	7	2	down	0.5	-1.9156874066215825	-2.222035262659692	0.026280922619755148	0.07110069245825541	1.0997254221606447	False
IBD	s__Prevotella_timonensis	4	7	2	down	0.75	-1.0408874896031188	-2.493437301917592	0.012651292547980688	0.03953528921243965	1.0952856332639638	True
IBD	s__GGB3490_SGB4664	3	7	2	down	0.6666666666666666	-2.1941646938385078	-1.74331333481992	0.08127889732826638	0.1801748955552703	1.0887528896598002	True
IBD	s__GGB3491_SGB4665	3	7	2	down	0.6666666666666666	-1.3342835160320714	-2.301480883092974	0.021364464729033302	0.05971434241034153	1.088705384499339	True
IBD	s__GGB9249_SGB14193	2	7	2	down	1.0	-1.6911868486574644	-1.5890703762759915	0.11204450495792959	0.23342605199568664	1.068577552306225	True
IBD	s__Streptococcus_sp_F0442	3	7	2	up	1.0	3.267626674548501	1.0822902854499084	0.2791235612320233	0.4712425682729332	1.0677149413561837	True
IBD	s__GGB9787_SGB15410	2	7	2	down	1.0	-1.7431615178721527	-1.5587823091968762	0.11904791270685541	0.24461899871271658	1.0659603787689405	True
IBD	s__Coprococcus_SGB106014	2	7	2	up	1.0	2.013325757197149	1.4309972523846366	0.15243100259879755	0.2965156390610615	1.062940157026961	True
IBD	s__GGB9611_SGB15045	3	7	2	down	0.6666666666666666	-1.6259523360615378	-2.025998912055431	0.04276489613192192	0.10831634104708178	1.0463610510570969	True
IBD	s__Fusobacterium_ulcerans	4	7	2	up	0.75	5.786237935022245	0.9091603515335355	0.36326548946635495	0.574248724566252	1.045428368450088	True
IBD	s__Anaerostipes_caccae	4	7	2	up	0.75	1.8591434372165354	1.744298967991276	0.08110697152088149	0.18008949268616778	1.0381154266289987	True
IBD	s__Lachnospira_pectinoschiza	6	7	2	down	0.6666666666666666	-0.3883892288632493	-4.338482156846834	1.4347013041109406e-05	9.881871227294744e-05	1.0370408789253125	True
IBD	s__Hydrogenoanaerobacterium_SGB53821	3	7	2	down	0.6666666666666666	-0.4028816777915109	-4.247908408367971	2.1577557058696897e-05	0.00014004664437135007	1.035064078304292	True
IBD	s__GGB74463_SGB54347	4	7	2	down	0.75	-0.9003959914689759	2.5971293475307484	0.009400651657795576	0.031105097397117715	1.0177863126318796	True
IBD	s__Phocaeicola_massiliensis	7	7	2	down	0.5714285714285714	-0.27927903988232583	-5.468261311129341	4.544715395439533e-08	4.382404131316692e-07	1.014706542532058	False
IBD	s__GGB74802_SGB47402	3	7	2	up	1.0	2.1071437889704794	1.3567249472131526	0.1748686226228442	0.3301715252319436	1.0140848290962736	True
IBD	s__Streptococcus_gallolyticus	3	7	2	up	1.0	7.586283421436709	0.6411511098270677	0.5214245104140275	0.7355518171984714	1.0119095175423698	True
IBD	s__Ruminococcus_gauvreauii	2	7	2	up	1.0	2.489515242062888	1.2224056970452633	0.22155424592303707	0.39458869656477574	1.0054040737052439	True
IBD	s__Leuconostoc_gelidum	1	7	2	up	1.0	4.1334891343289435	0.9138653371887123	0.36078760939963694	0.5716705078515374	1.003835247384195	False
IBD	s__Megasphaera_hominis	1	7	2	down	1.0	-2.1174374870869577	-1.3457084207748233	0.17839656959838512	0.3358931226747837	1.0032395270772116	False
IBD	s__Actinomyces_SGB17132	2	7	2	up	1.0	10.391043182755045	0.5418042312484355	0.5879533762159521	0.8015029509008327	0.9985259891253172	True
IBD	s__Frisingicoccus_SGB4674	3	7	2	down	1.0	-0.5075129649402798	-2.9920357246749685	0.0027712383144281308	0.010812635041843863	0.9978052311137802	True
IBD	s__GGB6518_SGB9205	2	7	2	down	1.0	-0.793824735349516	-2.335381153473382	0.019523518079643816	0.055604956555947584	0.9961599391743186	True
IBD	s__Roseburia_SGB4939	1	7	2	down	1.0	-1.4978819734634945	-1.6381172096054557	0.10139724563423086	0.2162500499308241	0.9961570949991889	False
IBD	s__GGB45656_SGB72339	1	7	2	up	1.0	4.647409755114444	0.8314024763944933	0.4057463005767299	0.6122089376644797	0.9903645729490324	False
IBD	s__Porphyromonas_uenonis	1	7	2	down	1.0	-2.2488014941389136	-1.2811575920863396	0.2001383182812484	0.3666034324012013	0.9800355016425583	False
IBD	s__Enterobacter_kobei	1	7	2	down	1.0	-1.6905815622553884	-1.5122380838834415	0.13047330586516728	0.2635676667806295	0.979029084160622	False
IBD	s__Mogibacterium_kristiansenii	3	7	2	up	1.0	6.531185760617715	0.6809234684273741	0.49591991743477215	0.7092146389400684	0.9745986176256415	True
IBD	s__GGB9424_SGB14794	1	7	2	down	1.0	-1.8762644474740298	-1.4119920247593987	0.15795230946463168	0.30289150252450675	0.973242592265233	False
IBD	s__GGB3032_SGB4027	3	7	2	up	1.0	6.75612481526166	0.6653363044291577	0.5058354150008197	0.71773145090773	0.973138858948068	True
IBD	s__GGB38744_SGB14842	4	7	2	down	0.75	-1.5262640072027698	-1.8830119099031724	0.059698753948772894	0.14188964406838628	0.9707603430208035	True
IBD	s__Coprococcus_comes	7	7	2	down	0.7142857142857143	-0.405742761218531	-3.932873850222065	8.393629266090257e-05	0.00045691127053313897	0.9680350283289615	True
IBD	s__Negativibacillus_massiliensis	5	7	2	up	0.8	1.1082063443955776	2.1607792897696863	0.03071239260523981	0.0812975098373995	0.9662874511437161	True
IBD	s__GGB3109_SGB4119	5	7	2	up	0.6	0.5347916699813812	-3.7267336765173678	0.00019397723263721273	0.0009771241196277506	0.9658498851940243	True
IBD	s__GGB33469_SGB15236	6	7	2	down	0.8333333333333334	-2.4458514709458865	1.3429751113207522	0.17928003304269158	0.33661758638057526	0.9637942909666003	True
IBD	s__Eubacterium_sp_AF16_48	6	7	2	down	0.5	-2.031894947726691	2.0007728038452908	0.04541687950797252	0.11333232409568003	0.9607268732434034	False
IBD	s__Morganella_morganii	4	7	2	up	0.75	7.4191726281795285	0.7337273287677695	0.46311493901693523	0.6722636211536157	0.9596350509368132	True
IBD	s__Fenollaria_massiliensis	1	7	2	up	1.0	1.262964757509536	1.7637293352629593	0.07777755970717803	0.17388776739410028	0.9595134384598528	False
IBD	s__Ruminococcus_bovis	3	7	2	up	0.6666666666666666	3.0851712463430303	1.3317121349814163	0.18295480011171583	0.34161684668162706	0.9594074681198863	True
IBD	s__Clostridium_hylemonae	1	7	2	up	1.0	1.4051545293470964	1.659960714987934	0.09692235586453593	0.20935228866739763	0.9542717575320071	False
IBD	s__Clostridia_bacterium_UC5_1_1E11	2	7	2	down	0.5	-1.1309060473219201	-2.7546437777127815	0.005875606790885058	0.020873866230775865	0.9501856234171496	False
IBD	s__Bacteroides_thetaiotaomicron	7	7	2	up	0.7142857142857143	0.7233430841273866	2.873212575785661	0.004063206147426681	0.015028296709660325	0.9419426544105951	True
IBD	s__Clostridiales_bacterium	7	7	2	up	0.7142857142857143	0.18727761075454144	5.752829678030528	8.776189496900729e-09	9.403060175250781e-08	0.9399638233963666	True
IBD	s__GGB9299_SGB14259	2	7	2	down	0.5	-1.1949262504817082	-2.650440878252779	0.008038679521050012	0.027062886168123485	0.936598662961062	False
IBD	s__GGB9302_SGB14263	3	7	2	down	0.6666666666666666	-0.9307486316927095	-2.5905243373686586	0.009582984527409473	0.031491153616253834	0.9318726220766671	True
IBD	s__Ruminococcus_torques	7	7	2	up	0.8571428571428571	0.7455227238794634	2.5466676202055702	0.010875696623715287	0.034874561619989634	0.9313652926285616	True
IBD	s__Mediterraneibacter_SGB48424	4	7	2	down	0.75	-0.46623293744665545	-3.490820367688582	0.00048153989891967634	0.0022650831482284427	0.9248601648756263	True
IBD	s__bacterium_210917_DFI_7_65	6	7	2	down	0.6666666666666666	-0.43490624757697244	-3.840971758127813	0.0001225482146716726	0.0006462503508076485	0.9247844152599308	True
IBD	s__Alistipes_provencensis	2	7	2	up	0.5	2.934573876321422	1.565860797797399	0.1173812091667767	0.24230066112408033	0.9033284552445492	False
IBD	s__Veillonella_tobetsuensis	1	7	2	up	1.0	4.003705152254874	0.8635520981768402	0.3878339881463154	0.5963278861019656	0.8988913868234046	False
IBD	s__Blautia_sp_An249	1	7	2	up	1.0	6.227056879192028	0.663208712986778	0.5071968919747959	0.71773145090773	0.896932959606217	False
IBD	s__Dysgonomonas_capnocytophagoides	2	7	2	up	0.5	5.824496231576806	-1.044635434616009	0.2961914959426004	0.4930437971917516	0.894393625506727	False
IBD	s__Bifidobacterium_pseudolongum	2	7	2	up	1.0	1.6715455586028092	1.4411052025598208	0.14955496398579146	0.2926075382330703	0.8921280847478947	True
IBD	s__Sutterella_SGB9281	2	7	2	up	1.0	3.8371345885452732	0.8848131799421562	0.37625739975046346	0.5856555618101584	0.8915878749592833	True
IBD	s__GGB38987_SGB63305	1	7	2	up	1.0	3.783550959587461	0.8942512545675986	0.37118747441862043	0.5813260910268417	0.8913296336513491	False
IBD	s__GGB9545_SGB14951	1	7	2	down	1.0	-1.768650198587583	-1.3841322363146815	0.16631796778795516	0.31623838945597105	0.8842992954682113	False
IBD	s__Duodenibacillus_massiliensis	3	7	2	down	0.6666666666666666	-2.4370456445754898	-1.4527851537185352	0.14628341527275893	0.28871726698570843	0.8765683434740363	True
IBD	s__Bacteroides_mediterraneensis	1	7	2	up	1.0	3.5544874284827137	0.9197890543992121	0.3576830043167989	0.5694245941364133	0.8692988782035661	False
IBD	s__Lachnoclostridium_SGB4602	1	7	2	up	1.0	5.6017363695316815	0.6914186990783197	0.48930245637377334	0.7027216128772277	0.8582794998292435	False
IBD	s__GGB3510_SGB4687	3	7	2	down	1.0	-0.37216949941242367	-3.243130580834357	0.0011822401367289727	0.005082879568739214	0.8537159600483986	True
IBD	s__GGB6123_SGB8767	1	7	2	up	1.0	1.9360365426028878	1.2843564613029106	0.19901725958276584	0.3650452451586058	0.8473127895797328	False
IBD	s__GGB9547_SGB14953	2	7	2	up	1.0	2.263416343458571	1.1678341014273965	0.24287368972467438	0.42292586480142375	0.845919613672765	True
IBD	s__Coprobacter_secundus	5	7	2	up	1.0	1.3574555244712667	1.5744748845855563	0.11537770342860734	0.23926251863075254	0.8431500104816885	True
IBD	s__Eubacteriaceae_bacterium_Marseille_Q4139	3	7	2	up	0.6666666666666666	2.4656822031049894	1.3922192597352603	0.16385601229503832	0.3133224031137418	0.8284832765612238	True
IBD	s__GGB9345_SGB14311	4	7	2	down	0.5	-1.8183264997357969	-1.9577996599420593	0.05025352535358162	0.12290264352778114	0.8277374761399803	False
IBD	s__Clostridium_sp_AM33_3	7	7	2	down	0.7142857142857143	-0.1746861977006673	-5.569197509221616	2.5591526039434502e-08	2.540335305385042e-07	0.8229103620977507	True
IBD	s__Klebsiella_michiganensis	4	7	2	up	1.0	4.2575180850646035	0.7837870604401325	0.43316506765727625	0.6419021309959637	0.8197049915869012	True
IBD	s__Lachnospiraceae_bacterium_2_1_46FAA	3	7	2	down	0.6666666666666666	-0.9868464030896517	-2.313006722149228	0.02072226955696478	0.058647932708390894	0.8103635896211712	True
IBD	s__Lachnospiraceae_bacterium_oral_taxon_096	2	7	2	up	1.0	9.250321902823732	0.5199071310002096	0.603128304958979	0.817493184432351	0.8095498713587416	True
IBD	s__GGB3609_SGB4877	2	7	2	up	1.0	0.537324821468956	2.5895325536071634	0.00961063354807154	0.031491153616253834	0.8069605582634914	True
IBD	s__GGB34900_SGB14891	3	7	2	up	0.6666666666666666	1.0125873894814719	2.27124803390964	0.02313196711771289	0.06399212214941066	0.8059341585362307	True
IBD	s__GGB4586_SGB6344	1	7	2	down	1.0	-0.5614535811608453	-2.511288921839121	0.012029119991288181	0.03776584183311406	0.7988927666745885	False
IBD	s__Blautia_glucerasea	6	7	2	down	0.6666666666666666	-0.7264198475421153	2.7158111354970393	0.006611362151427758	0.02282695371976336	0.7949706559017371	True
IBD	s__Cutibacterium_acnes	1	7	2	up	1.0	2.2250253995895206	1.128257288294308	0.2592112759803843	0.4446445013640645	0.7831801798858214	False
IBD	s__Blautia_sp_MCC283	5	7	2	up	0.6	1.0576978699513002	2.3109281269675463	0.02083682515695564	0.058725916413131754	0.7813236571819012	True
IBD	s__GGB9342_SGB14306	6	7	2	down	0.5	-2.6950889440527166	1.505281747622157	0.13225165577186876	0.2664772168537654	0.7739485790849301	False
IBD	s__GGB51441_SGB71759	6	7	2	down	0.6666666666666666	-0.9061748993571652	-2.3526107468970383	0.018642137550295153	0.05343287832887146	0.7685519610328183	True
IBD	s__GGB9774_SGB15394	1	7	2	down	1.0	-1.539232230835311	-1.3774956331486288	0.1683590639773016	0.31922013535022076	0.7633202286073733	False
IBD	s__GGB1661_SGB2275	2	7	2	down	1.0	-0.3007318048414501	-3.4173103508758187	0.0006324313968753815	0.002923912280074538	0.7620651177848314	True
IBD	s__Blautia_hansenii	6	7	2	up	0.6666666666666666	2.6639837662442805	-1.2664766615310952	0.2053424798789083	0.37461128086017054	0.7573157930494917	True
IBD	s__Luxibacter_massiliensis	2	7	2	up	0.5	0.8259137154935458	-2.87083161380566	0.0040939353916361184	0.015100581362592241	0.7519970529355516	False
IBD	s__Parasutterella_SGB9260	7	7	2	up	0.5714285714285714	0.45437097006256055	3.6442284979367647	0.00026819507656468346	0.0013213990998624913	0.747496326391007	False
IBD	s__Parabacteroides_johnsonii	5	7	2	down	0.6	-0.3010122399357773	-4.385147477739513	1.1590722412724187e-05	8.065708895452397e-05	0.7392904180924013	True
IBD	s__Hafnia_paralvei	1	7	2	down	1.0	-3.1039114270268047	-0.8987965777910428	0.36876102327864824	0.5788690481699711	0.736929630794922	False
IBD	s__Sutterella_seckii	3	7	2	down	0.6666666666666666	-1.0488543503520305	-2.1032927587474397	0.035440186052576206	0.09200817532880361	0.7245301127833785	True
IBD	s__GGB3109_SGB4121	6	7	2	down	0.8333333333333334	-0.605525302451624	-2.525249519553355	0.011561616749654587	0.03681175144347569	0.7236095581940543	True
IBD	s__Lachnoclostridium_sp_An131	3	7	2	down	0.6666666666666666	-1.8534392893950697	-1.5141255954700783	0.12999398807686433	0.2631062727192906	0.7165010749896485	True
IBD	s__Gehongia_tenuis	2	7	2	up	1.0	4.920428326676321	0.6646011517223426	0.5063056324154862	0.71773145090773	0.7087287666061421	True
IBD	s__GGB9524_SGB14924	4	7	2	down	0.5	-0.6161860523089693	-3.2368355284054418	0.0012086304892110647	0.005179844953761705	0.7042030661263954	False
IBD	s__Amedibacterium_intestinale	3	7	2	up	0.6666666666666666	6.764899906302748	-0.6951750214965888	0.4869456240722385	0.7000815681549755	0.6983692841012351	True
IBD	s__GGB3550_SGB4747	3	7	2	up	0.6666666666666666	1.8910911340029022	1.4638395537144793	0.14323779232182834	0.28312008731254507	0.6909155876580697	True
IBD	s__GGB3602_SGB4865	1	7	2	up	1.0	1.6855131652860644	1.229314899187297	0.21895376323010496	0.39150672895449234	0.6864433881578609	False
IBD	s__Bilophila_SGB15451	4	7	2	up	0.75	1.3048767560874666	1.6835426476465267	0.09227009065154121	0.2005471040298348	0.6828912052084686	True
IBD	s__Holdemania_filiformis	5	7	2	down	0.6	-0.32263290192900845	-4.054791240755334	5.017909598805655e-05	0.0002984219364928473	0.6824013520683163	True
IBD	s__Lachnoclostridium_edouardi	3	7	2	up	0.6666666666666666	1.0601316698462266	2.0157968411509626	0.04382122402049654	0.11037062020087748	0.6764675569243828	True
IBD	s__GGB3537_SGB4727	3	7	2	up	0.6666666666666666	0.33630348357693673	-3.710230765346654	0.00020707040977247052	0.0010353520488623525	0.669224191917287	True
IBD	s__Intestinimonas_sp_MSJ_38	6	7	2	down	0.8333333333333334	-0.36159846600066853	3.164992885849506	0.0015508674300515597	0.006563232070751115	0.6577723909498416	True
IBD	s__GGB38239_SGB47716	3	7	2	down	0.6666666666666666	-4.809085332531847	0.8112832415513838	0.4172030316967551	0.6238700733128447	0.6569398013583845	True
IBD	s__GGB3005_SGB3996	4	7	2	down	0.75	-0.7429580250070235	-2.249918492939383	0.024454119795998205	0.0670997189524341	0.653772953003775	True
IBD	s__Klebsiella_variicola	3	7	2	up	0.6666666666666666	6.009699529923797	-0.7122213904599584	0.4763276931344872	0.6877458670925751	0.6513392910918907	True
IBD	s__Parabacteroides_merdae	7	7	2	down	0.7142857142857143	-0.6745789658485541	-2.4329777364750944	0.014975221648806072	0.04522717947625995	0.6478851512478171	True
IBD	s__Clostridia_bacterium	5	7	2	up	0.8	1.1793417679870717	1.6488726904709452	0.09917371903496396	0.21310673150439768	0.6334507221504772	True
IBD	s__Bacteroides_xylanisolvens	7	7	2	up	0.8571428571428571	0.4404841979545515	2.7487170514241352	0.005982900819199198	0.021088553801354874	0.6327693445781214	True
IBD	s__GGB28640_SGB4673	2	7	2	up	0.5	5.277518072086593	-0.9028155594216569	0.3666237918240467	0.5768556165063672	0.6304862817039177	False
IBD	s__GGB29535_SGB36365	1	7	2	up	1.0	5.649398248680622	0.5855907327806222	0.5581505774753277	0.7749872552157994	0.6254191158854563	False
IBD	s__Anaerobutyricum_hallii	6	7	2	down	0.6666666666666666	-0.5558919939271019	-2.7574375406961176	0.005825634161641327	0.020750939625899186	0.6236968209982696	True
IBD	s__Paraeggerthella_hongkongensis	2	7	2	up	1.0	10.157776359035706	0.44365203663403086	0.6572941775099622	0.8682457335014178	0.6232541590828908	True
IBD	s__Lentihominibacter_SGB71368	3	7	2	down	0.6666666666666666	-1.2088369564924673	-1.7787148932905548	0.07528651621700856	0.169688754351981	0.6208158989578759	True
IBD	s__Dorea_longicatena	7	7	2	up	0.5714285714285714	0.8080499269534666	-2.4292494224442294	0.015130119562901594	0.04559299421856507	0.6192441603685647	False
IBD	s__GGB42689_SGB59892	1	7	2	up	1.0	1.8505788728083357	1.0970094002177853	0.27263728288602873	0.4635520552848096	0.6179110411795511	False
IBD	s__Porphyromonas_bennonis	2	7	2	up	0.5	2.91530599059331	1.2508005027406839	0.21100727143223363	0.3833914083896573	0.6069049372597307	False
IBD	s__GGB3278_SGB4328	5	7	2	up	0.6	0.531666745825124	-2.93098996324754	0.0033788369788447866	0.012813005397304669	0.6036594179784448	True
IBD	s__Acidaminococcus_SGB5735	3	7	2	up	0.6666666666666666	3.885846362326991	0.8883213579500963	0.3743679142064549	0.5850503294707253	0.6031008980730765	True
IBD	s__GGB3363_SGB4448	4	7	2	down	0.75	-3.040427162504039	0.9556765662710829	0.33923566525729587	0.5458499977322401	0.5995570810467779	True
IBD	s__Bacteroides_gallinarum	1	7	2	up	1.0	2.58225724317559	0.8816373284538497	0.3779729620730965	0.5864041516099133	0.5985748818708746	False
IBD	s__Porphyromonas_SGB1980	1	7	2	up	1.0	4.143801581969666	0.6656289132081148	0.5056483209220342	0.71773145090773	0.5968649859866427	False
IBD	s__GGB70869_SGB2145	1	7	2	up	1.0	2.2939679131763984	0.9480572460583991	0.3431003119711512	0.5501014503100405	0.5954159115041804	False
IBD	s__Ligilactobacillus_animalis	1	7	2	up	1.0	2.0531803820468726	1.012038490858381	0.31151964997837756	0.5134939285357871	0.5943232167666701	False
IBD	s__Streptococcus_lutetiensis	2	7	2	up	1.0	2.4276655657774784	0.9150184268781513	0.36018195655056495	0.5713814821894978	0.5901019881659035	True
IBD	s__Anaerostipes_rhamnosivorans	1	7	2	up	1.0	2.747876079370693	0.8313221189075539	0.4057916824282657	0.6122089376644797	0.5855733114274969	False
IBD	s__Sutterella_wadsworthensis	7	7	2	up	0.7142857142857143	0.6571598951992602	2.3174862743978544	0.02047725748195709	0.05807625546353377	0.5801789613803742	True
IBD	s__GGB3496_SGB4671	2	7	2	up	0.5	1.271803471730273	1.9357675079143724	0.052896182101254	0.12820439108921525	0.56728609424395	False
IBD	s__Clostridium_leptum	6	7	2	down	0.6666666666666666	-0.5654484514889122	-2.5895965383127812	0.009608847633838364	0.031491153616253834	0.5661312981786155	True
IBD	s__Longicatena_caecimuris	5	7	2	up	0.8	1.4067898188634214	1.3864390525635113	0.16561287860293972	0.3153418704005199	0.5640871095518515	True
IBD	s__GGB1266_SGB1699	4	7	2	up	0.75	0.6715441738462663	2.184000275555815	0.028962227812103326	0.07711835807956507	0.5604920347255278	True
IBD	s__Cloacibacillus_evryensis	3	7	2	up	0.6666666666666666	3.7832521797831764	0.8555180234019051	0.39226443091885255	0.6004047412023253	0.5588011947861116	True
IBD	s__GGB33512_SGB15201	3	7	2	down	0.6666666666666666	-1.1642472781313118	-1.7096329778537092	0.08733376344775277	0.1910868406069145	0.5578834053685008	True
IBD	s__GGB9480_SGB14873	1	7	2	down	1.0	-1.0572291180005258	-1.4261523684567587	0.15382436519373227	0.2975113080394535	0.5566274542417955	False
IBD	s__Parabacteroides_massiliensis	1	7	2	up	1.0	0.8414572533311109	1.6273536915395255	0.10366200071710123	0.21832090634646906	0.5561230320227762	False
IBD	s__Schaalia_odontolytica	3	7	2	up	0.6666666666666666	1.1408450762837843	1.72746831422696	0.08408359100265098	0.18578207504677385	0.555968936617412	True
IBD	s__GGB12785_SGB19823	2	7	2	up	1.0	2.341712568185983	0.8995283556161656	0.36837129919044087	0.5788690481699711	0.5559686282524268	True
IBD	s__GGB12798_SGB135773	1	7	2	down	1.0	-1.2417233090628272	-1.2917925319157826	0.19642900232064842	0.36127950018102906	0.549036256543522	False
IBD	s__GGB4774_SGB6609	2	7	2	up	0.5	0.5377421847131622	-3.047530046023368	0.0023073045836753438	0.00924291153697838	0.5469352109564487	False
IBD	s__Clostridium_sp_AF12_28	6	7	2	down	0.6666666666666666	-1.8974516055847475	-1.274209979870734	0.2025890092806597	0.37008817662908067	0.54607998069645	True
IBD	s__GGB74701_SGB54318	2	7	2	up	1.0	2.468684162694106	0.8511513032735811	0.39468530966416804	0.6027434027676773	0.5427835001277442	True
IBD	s__GGB3722_SGB5050	3	7	2	up	0.6666666666666666	1.1465296666578177	1.6948069033036823	0.09011205749691671	0.19652871990442256	0.5400720157336683	True
IBD	s__Holdemania_sp_1001095H_141210_F2	5	7	2	up	0.6	1.0735121481321428	1.8637669409623538	0.062354440149805485	0.14601047089232672	0.5382263552796447	True
IBD	s__Butyricicoccus_SGB14990	3	7	2	down	0.6666666666666666	-1.0114677930237963	-1.8161203879465062	0.0693519068776225	0.1597697513392327	0.5370930668436488	True
IBD	s__Mediterraneibacter_massiliensis	3	7	2	down	1.0	-2.2914011934642065	-0.8834583910258208	0.37698865423187233	0.5856555618101584	0.5324247752108299	True
IBD	s__Lachnoclostridium_pacaense	4	7	2	up	1.0	0.9660851328027446	1.4666999878271585	0.14245768619709925	0.2824051047960117	0.5305038723940747	True
IBD	s__Alistipes_onderdonkii	7	7	2	down	0.7142857142857143	-0.21857313536079342	-3.963021168773185	7.400721664569886e-05	0.0004162905936320561	0.5277922035899462	True
IBD	s__GGB3441_SGB4591	1	7	2	down	1.0	-1.7604701562845548	-1.0295428654103154	0.30322464765751644	0.5016584244333911	0.527422581721222	False
IBD	s__Dysosmobacter_welbionis	7	7	2	down	0.7142857142857143	-0.749560636400957	-2.0404073114324768	0.04130977429285514	0.10482743476570384	0.5244381525923119	True
IBD	s__Clostridium_transplantifaecale	2	7	2	up	1.0	2.616033446552751	0.8019345711039453	0.4225908069554448	0.630384076673868	0.524239409160345	True
IBD	s__Turicibacter_sanguinis	5	7	2	up	0.8	2.457698577940944	0.9621719334914769	0.33596324505277053	0.541876201698017	0.5231947200305764	True
IBD	s__Coprococcus_sp_AF21_14LB	1	7	2	up	1.0	1.8318685398536765	1.001533864468545	0.31656877656340776	0.5191355318798763	0.5215682278118876	False
IBD	s__Catenibacillus_scindens	4	7	2	down	0.75	-0.7841502970182563	-1.9269577201362025	0.05398489922643256	0.13037498024272623	0.5203655154438209	True
IBD	s__GGB3344_SGB4424	1	7	2	up	1.0	2.342149580859386	0.8561780628592002	0.3918992947596077	0.6004047412023253	0.5189170277146412	False
IBD	s__Lachnoclostridium_sp_An14	1	7	2	up	1.0	2.2432033588158693	0.8780460385324423	0.37991873497987483	0.5881769406225127	0.5170404418978971	False
IBD	s__GGB1627_SGB2227	1	7	2	down	1.0	-2.0178925696945007	-0.9402736350391687	0.34707721966342553	0.5551590598881806	0.5157381656090767	False
IBD	s__Romboutsia_timonensis	6	7	2	up	0.6666666666666666	1.1404936299333628	1.6569650380299668	0.0975265437751888	0.21032082124042314	0.5148323060284988	True
IBD	s__GGB1495_SGB2071	4	7	2	down	0.75	-1.4276167698874767	-1.3539320382944076	0.175758060987514	0.3313874054932177	0.5135822789467532	True
IBD	s__GGB9361_SGB14336	1	7	2	up	1.0	0.7695230562220415	1.6416642534926211	0.10065960367636684	0.21568099512767963	0.5126471191636183	False
IBD	s__GGB9509_SGB14906	6	7	2	up	0.6666666666666666	0.4146970493433888	2.8895194665071475	0.003858311174710899	0.014428587495456271	0.5089096342907261	True
IBD	s__GGB3600_SGB4859	1	7	2	down	1.0	-1.2457081439981041	-1.2311623337838329	0.218262155836201	0.39130665388960345	0.5076046016021514	False
IBD	s__GGB9782_SGB15403	3	7	2	up	0.6666666666666666	0.5658954309276	-2.423130930806116	0.015387379695860036	0.04605978401199789	0.5042800207024362	True
IBD	s__Anaerotignum_lactatifermentans	4	7	2	up	0.75	0.8983662017475073	-1.7341397529900267	0.08289328955756996	0.18345236213560565	0.49621932627605403	True
IBD	s__Sanguibacteroides_justesenii	5	7	2	down	0.6	-0.9685613563560154	-1.8816235299941593	0.05988714910758248	0.14208726062431695	0.49248140504235277	True
IBD	s__GGB3816_SGB5181	2	7	2	up	1.0	2.828430996636383	0.7337908318153562	0.4630762291180853	0.6722636211536157	0.4877923113635068	True
IBD	s__GGB74505_SGB47518	3	7	2	up	0.6666666666666666	2.2089548681557787	1.0819947623614328	0.2792548552728493	0.4712425682729332	0.48119208065841657	True
IBD	s__GGB4617_SGB6392	1	7	2	up	1.0	3.054674888491923	0.7006776765805881	0.48350419048783866	0.6958749010219426	0.4810160729533423	False
IBD	s__Eubacterium_ramulus	6	7	2	down	0.5	-0.5913734253331621	-2.6987296541787025	0.006960469439008377	0.023849324219952558	0.4797587648242362	False
IBD	s__Bacteroides_salyersiae	6	7	2	down	0.5	-0.3108966285039317	-3.7694777990699184	0.00016358945852817925	0.0008461523716974789	0.4776229393015396	False
IBD	s__GGB9575_SGB14988	2	7	2	up	1.0	0.8380298637387992	1.4963673652298806	0.13455794904338986	0.2703173083460957	0.4761066764252012	True
IBD	s__Collinsella_bouchesdurhonensis	2	7	2	up	1.0	0.7756720695468928	1.5628623336379808	0.11808497883377345	0.2433812540848766	0.47603993617816975	True
IBD	s__Clostridium_perfringens	4	7	2	up	0.75	4.220518125524278	0.6843712115097584	0.4937407900260399	0.7075903041774457	0.47549874483416243	True
IBD	s__Streptococcus_vestibularis	3	7	2	up	0.6666666666666666	1.1434501542718365	-1.5759357081238408	0.11504062064825096	0.23893051980790583	0.47394360197127244	True
IBD	s__Turicimonas_muris	2	7	2	up	0.5	0.9764710862929927	2.02465789730201	0.04290250469997828	0.10846138828646194	0.47101295671933635	False
IBD	s__Eggerthella_sinensis	3	7	2	up	0.6666666666666666	7.010973902166408	0.5563845296305857	0.5779480123826792	0.7937231095794679	0.46894523081268813	True
IBD	s__GGB3257_SGB4304	2	7	2	up	0.5	3.407370650434952	-0.9789918576164189	0.3275840026964124	0.5315365428367269	0.46760518313125665	False
IBD	s__Zhenpiania_hominis	4	7	2	up	0.75	0.7202767466288341	1.905314838952354	0.05673915770905027	0.13629512972814567	0.4675602650696842	True
IBD	s__GGB3444_SGB4594	4	7	2	up	0.75	1.0399616623493022	1.5406248128820155	0.12340812537276001	0.25204382640427536	0.46683146039441414	True
IBD	s__GGB1455_SGB2018	1	7	2	up	1.0	1.2107229061081122	1.1920423501592552	0.23324463994211808	0.41160818813314953	0.4667530450807726	False
IBD	s__Leuconostoc_lactis	1	7	2	up	1.0	2.0229043979937122	0.876904403085779	0.3805385644357073	0.588325368592783	0.466041619597069	False
IBD	s__GGB4593_SGB6353	2	7	2	up	1.0	6.189136022172719	0.4798957366049807	0.631301532944438	0.8413199106367141	0.46442554419864446	True
IBD	s__Flavonifractor_sp_An10	3	7	2	down	0.6666666666666666	-2.6728146650597284	-0.9466300854001772	0.3438273078609657	0.5506131264677386	0.4617794088084878	True
IBD	s__Streptococcus_mutans	2	7	2	up	0.5	1.8682458056051698	1.374405128491736	0.16931594489762347	0.3205841873938172	0.46151080226562546	False
IBD	s__Frisingicoccus_caecimuris	2	7	2	up	1.0	5.95958071727226	0.4870505269067781	0.626222524862533	0.838466417597613	0.4559933086631741	True
IBD	s__Parabacteroides_distasonis	7	7	2	up	0.7142857142857143	0.6154758503299516	2.095564277053759	0.036120860936208296	0.09359532104391785	0.45226302428140736	True
IBD	s__Enterobacter_asburiae	1	7	2	up	1.0	2.79492449505431	0.7095273535793534	0.4779972831209037	0.6894191583474573	0.45142684731790683	False
IBD	s__Anaerotignum_faecicola	7	7	2	up	0.5714285714285714	1.0002720019190954	-1.7915882503392706	0.07319894663383816	0.16692327357378636	0.444396904981118	False
IBD	s__Fournierella_massiliensis	4	7	2	up	0.5	0.21796341491558463	4.373692840305259	1.2216223325409843e-05	8.457385379129891e-05	0.443856761647986	False
IBD	s__GGB9348_SGB14315	2	7	2	up	1.0	6.686733219888208	0.45752741442472666	0.6472920022914375	0.8583931268108453	0.44342247837712523	True
IBD	s__GGB58233_SGB79883	5	7	2	down	0.6	-1.4386726684002373	-1.400420648713096	0.16138739022351378	0.30903968340672855	0.4402215356828413	True
IBD	s__GGB3740_SGB5077	6	7	2	down	0.6666666666666666	-0.5794303258063839	-2.207953945440308	0.027247483753105258	0.07342136340657106	0.4381179135063088	True
IBD	s__Phocaeicola_sartorii	6	7	2	up	0.6666666666666666	1.7318805826087886	1.1807748366866027	0.2376921828996188	0.41781829025323614	0.43760298674670806	True
IBD	s__GGB9474_SGB14868	3	7	2	down	0.6666666666666666	-0.7489721220159552	-1.892918113426184	0.058368760030407585	0.13921877392411705	0.4275643148748951	True
IBD	s__GGB33544_SGB53490	1	7	2	up	1.0	4.211570690845775	0.5612419341464518	0.5746326196029533	0.7915857514938642	0.42748298166561166	False
IBD	s__GGB1215_SGB1581	3	7	2	up	0.6666666666666666	1.8014033423110216	1.1264090921020786	0.2599924000805217	0.4448539164875847	0.4224682121216812	True
IBD	s__Akkermansia_sp_BIOML_A66	1	7	2	up	1.0	0.5447960425943166	1.7790953489054349	0.07522413111690246	0.169688754351981	0.4196819634550834	False
IBD	s__Wansuia_hejianensis	5	7	2	up	0.6	1.2184440891407209	-1.4949284713592264	0.13493311082791426	0.27066820151216087	0.414926096108248	True
IBD	s__Clostridium_sp_chh4_2	3	7	2	up	0.6666666666666666	5.13697668839631	0.6125710449859492	0.5401600086024224	0.7580208020927964	0.4120501741816474	True
IBD	s__Citrobacter_amalonaticus	1	7	2	down	1.0	-0.531064966282138	-1.7874896493944012	0.07385838355682135	0.16814303170608572	0.41121482282658445	False
IBD	s__GGB9608_SGB15041	3	7	2	down	0.6666666666666666	-0.5893934041460372	-2.104813232756879	0.035307568838812996	0.09184049697957138	0.4074538586723032	True
IBD	s__GGB4604_SGB6371	2	7	2	down	0.5	-1.7187447935940272	-1.344440099232224	0.17880611427775628	0.336195340215837	0.40683403430948023	False
IBD	s__Yanshouia_hominis	3	7	2	down	0.6666666666666666	-1.673467745665144	-1.1339146763813006	0.2568303402197334	0.44209646945357256	0.3954771925135064	True
IBD	s__Eubacterium_sp_c_25	3	7	2	up	1.0	1.8373747814153707	0.8377059591724347	0.4021958657720186	0.6094117657029454	0.3951994080016644	True
IBD	s__Collinsella_SGB14745	1	7	2	up	1.0	4.919057750009967	0.49718896752360364	0.6190558006222218	0.8315741221004236	0.3940117740433385	False
IBD	s__Megasphaera_elsdenii	2	7	2	up	1.0	2.717194459811327	0.670708077956733	0.5024065157983506	0.7162078102721999	0.3938870828957789	True
IBD	s__GGB52106_SGB72838	2	7	2	down	1.0	-0.718554810725368	-1.4644676795267892	0.14306620775534476	0.28312008731254507	0.39378910174412207	True
IBD	s__GGB9583_SGB15004	1	7	2	down	1.0	-1.4215408042155249	-0.9810975106330806	0.3265446579226946	0.5304877114267602	0.3913852555626535	False
IBD	s__Blautia_massiliensis	6	7	2	down	0.6666666666666666	-0.5739331014784904	-2.0712175905875503	0.03833846645324784	0.0982104928119252	0.38562263188012663	True
IBD	s__GGB4964_SGB6927	1	7	2	up	1.0	3.298203399555287	0.6035529957615544	0.5461408714103688	0.765425460334802	0.3829118365106926	False
IBD	s__Clostridium_SGB6179	6	7	2	up	0.6666666666666666	0.7903424530364894	1.7219469095772835	0.08507913623047654	0.1876745652142865	0.38283902931819763	True
IBD	s__Christensenella_sp_NSJ_35	1	7	2	down	1.0	-0.8628821423662563	-1.2933932939646429	0.19587506830459145	0.3607521721844454	0.3820764857238335	False
IBD	s__GGB9350_SGB14317	3	7	2	up	0.6666666666666666	2.149953363572088	0.9634850718268796	0.3353041521457645	0.5414600543023709	0.38187984410066167	True
IBD	s__GGB3493_SGB4668	1	7	2	down	1.0	-1.3588489379742457	-0.9841408156345345	0.32504628092530086	0.528689734035128	0.37612819368823164	False
IBD	s__GGB9293_SGB14250	4	7	2	down	0.75	-0.5985439902500377	-1.8634003785553832	0.06240595681842409	0.14601047089232672	0.37511470050355455	True
IBD	s__Clostridium_sp_AM22_11AC	7	7	2	down	0.7142857142857143	-0.26302967974308117	-2.98923919209928	0.002796730975129792	0.010880653649640401	0.3688700072963718	True
IBD	s__GGB6574_SGB9290	1	7	2	down	1.0	-2.023704476259169	-0.757886275859291	0.4485190669514173	0.6574383717528918	0.36860755403850093	False
IBD	s__Anaerosacchariphilus_sp_NSJ_68	4	7	2	down	0.5	-0.7040633235366439	2.1137058269701194	0.03454040052035661	0.09019253520789444	0.36781303184273306	False
IBD	s__GGB9694_SGB15207	1	7	2	down	1.0	-0.3906398478810425	-1.98782430981859	0.04683112415332864	0.11600370203118104	0.3654545745533769	False
IBD	s__Enterococcus_durans	1	7	2	up	1.0	3.7754570487618406	0.5403491881197416	0.588956242439723	0.8015029509008327	0.3628020707556652	False
IBD	s__GGB3277_SGB4327	5	7	2	down	0.8	-1.9941824302584052	-0.8617461399441926	0.38882722927991065	0.5967818900043091	0.3576516166180719	True
IBD	s__Ruthenibacterium_lactatiformans	7	7	2	up	0.5714285714285714	0.5724938100862991	-2.1493313706102426	0.0316081414519211	0.08334177921893259	0.35302822040139326	False
IBD	s__Lactobacillus_crispatus	2	7	2	up	0.5	2.2593471982642206	-1.0519227518270622	0.2928349924452741	0.4884773256760233	0.3515042560606902	False
IBD	s__Coprobacter_fastidiosus	6	7	2	down	0.6666666666666666	-0.7395573901283613	-1.700705480833592	0.08899830542776527	0.1944137739926911	0.3506847871084114	True
IBD	s__Candidatus_Stoquefichus_sp_SB1	1	7	2	down	1.0	-0.3067140317869651	-2.2113258419511306	0.027013281075368527	0.07293585890349503	0.3487519190960792	False
IBD	s__Desulfovibrio_legallii	2	7	2	up	0.5	6.891215675034452	-0.5582500523264298	0.5766736467068315	0.7927794532120392	0.3474813297579917	False
IBD	s__Eubacterium_rectale	7	7	2	down	0.7142857142857143	-0.9165704670030433	-1.4352259033837813	0.15122273443516684	0.2954423899963462	0.3466778469640727	True
IBD	s__GGB3475_SGB4638	4	7	2	down	0.75	-1.5557436693190632	-1.0246278939159044	0.3055387977001901	0.5048682703736311	0.34633412036504785	True
IBD	s__Bacteroides_caccae	7	7	2	up	0.5714285714285714	0.24543573615667907	3.335163280803298	0.0008524932709567326	0.003836219719305297	0.3388551026456624	False
IBD	s__Lachnospira_eligens	7	7	2	down	0.5714285714285714	-0.3436981707356297	2.7921390567563837	0.005236084859272945	0.018900306310209825	0.33849971770122456	False
IBD	s__Phascolarctobacterium_sp_ET69	4	7	2	up	0.75	7.281146260918184	-0.4409093388048887	0.6592786325492309	0.8684400892227936	0.33453301149713377	True
IBD	s__Coprobacillus_cateniformis	5	7	2	up	0.6	0.5446840249706508	2.085171763279462	0.037053712019850145	0.09546280768472842	0.333400807343938	True
IBD	s__Ezakiella_coagulans	1	7	2	down	1.0	-2.305292635526298	-0.6649264140032234	0.506097560227659	0.71773145090773	0.33204979277615104	False
IBD	s__Campylobacter_hominis	2	7	2	down	0.5	-0.9830519680001	-1.6482959706067193	0.09929195119723419	0.21310673150439768	0.33001193756156433	False
IBD	s__Bifidobacterium_angulatum	1	7	2	up	1.0	1.8613625442957282	0.7441966465309733	0.45675751652710384	0.6651808493113163	0.32957334106711805	False
IBD	s__GGB58071_SGB79702	2	7	2	down	0.5	-1.6074281452153065	-1.2335833229462099	0.21735821052652549	0.3902042343228848	0.32848438898580107	False
IBD	s__GGB9832_SGB15478	1	7	2	down	1.0	-1.4406086400626523	-0.8684867026911214	0.3851279486554572	0.5928423382951736	0.3271057336519778	False
IBD	s__GGB3138_SGB4151	1	7	2	up	1.0	2.914713784619155	0.5813981965812368	0.5609721126306835	0.7764273200604208	0.3203246885115923	False
IBD	s__Limosilactobacillus_oris	1	7	2	up	1.0	2.521605810016679	0.622866964766463	0.5333719484407426	0.7505348777510086	0.31426551575835193	False
IBD	s__Parasutterella_excrementihominis	7	7	2	up	0.5714285714285714	0.581922900796714	1.9969490019078735	0.04583072326162701	0.1141540155040525	0.31340997659472536	False
IBD	s__Alistipes_SGB2302	2	7	2	up	1.0	0.7750805091588354	1.223198254125302	0.22125482485021597	0.3945759756245595	0.31303126994023184	True
IBD	s__GGB5980_SGB8599	4	7	2	down	0.75	-1.3352219146261066	-1.0513749951877867	0.293086395405614	0.4884773256760233	0.31159632269256027	True
IBD	s__GGB33406_SGB48103	1	7	2	down	1.0	-1.8826618517216314	-0.7187124396921547	0.4723181170390386	0.6841517789728564	0.31035217382208485	False
IBD	s__GGB3627_SGB4906	3	7	2	up	0.6666666666666666	0.7770318385334959	-1.5390209391543324	0.1237991844383606	0.25236299081781055	0.3097633975854256	True
IBD	s__Veillonella_dispar	7	7	2	up	0.7142857142857143	1.7714392068954365	0.9164759452226402	0.35941731842524993	0.5708392704401029	0.3080863756255255	True
IBD	s__GGB33512_SGB15203	3	7	2	down	1.0	-2.058042874456308	-0.6785634495711286	0.4974145083684264	0.7105921548120376	0.30537156117510805	True
IBD	s__GGB3569_SGB4776	2	7	2	down	0.5	-5.458482813952665	0.5854339038015013	0.558255997458933	0.7749872552157994	0.3021418693907367	False
IBD	s__Clostridiales_bacterium_Marseille_P2846	2	7	2	up	1.0	2.71246610463367	0.5852544143676551	0.5583766616124839	0.7749872552157994	0.30028475217257816	True
IBD	s__Porphyromonas_SGB1983	1	7	2	up	1.0	1.597513730384633	0.7680473904430964	0.44245903062427494	0.6506750450356985	0.29815333166661656	False
IBD	s__GGB3449_SGB4601	1	7	2	up	1.0	3.176048483101562	0.5350224810878748	0.5926343118881785	0.8056961944099104	0.29800446117311274	False
IBD	s__GGB9739_SGB15313	2	7	2	down	0.5	-0.28152837325217095	-3.100558000542933	0.0019315638044269104	0.007877979262768365	0.2961094549920696	False
IBD	s__GGB45596_SGB63306	2	7	2	down	0.5	-1.4900595158047145	-1.2046646699557788	0.2283327802125339	0.4050581514939826	0.29241123400485663	False
IBD	s__Bianquea_renquensis	4	7	2	down	0.75	-0.9152796128241718	-1.2646600733643398	0.20599320835698487	0.37529127028600484	0.29217890175130906	True
IBD	s__GGB9185_SGB14124	2	7	2	down	0.5	-1.012185166895299	-1.4974060450452182	0.13428763630567256	0.270176317455526	0.287639097443776	False
IBD	s__GGB9524_SGB14923	2	7	2	down	0.5	-1.619071879050039	1.1333414057704778	0.2570709100155959	0.44209646945357256	0.28696669066205005	False
IBD	s__GGB32387_SGB47381	2	7	2	up	1.0	0.5534996920650559	1.3879405745918976	0.1651551412735508	0.3149144642927875	0.2777502366078111	True
IBD	s__Bacteroides_faecalis	1	7	2	up	1.0	2.843233834988445	0.5450889954602068	0.5856923108752694	0.8002880766008237	0.27509326146317065	False
IBD	s__Pediococcus_acidilactici	2	7	2	up	0.5	3.083595176237901	-0.7479990064021348	0.4544607568589366	0.6632670505508804	0.27492035909021145	False
IBD	s__Clostridium_culturomicium	1	7	2	up	1.0	2.8150869771413354	0.5407410628675292	0.5886860710878519	0.8015029509008327	0.27051542938334405	False
IBD	s__Phocaeicola_coprocola	5	7	2	down	0.6	-1.2050832482378315	-1.1597448519648461	0.2461527031555678	0.42712872655529116	0.267124454609421	True
IBD	s__Eubacterium_maltosivorans	2	7	2	up	1.0	5.63786993668376	0.4027324194966388	0.6871450816773137	0.8980114813788708	0.2633906317925236	True
IBD	s__GGB79417_SGB106068	1	7	2	down	1.0	-1.2305368074380718	-0.8311801773400305	0.4058718512664514	0.6122089376644797	0.262227805167238	False
IBD	s__Blautia_schinkii	3	7	2	up	1.0	0.7389525639516475	1.1348867338585273	0.2564227790160779	0.44209646945357256	0.2619460872334593	True
IBD	s__Oscillospiraceae_unclassified_SGB15256	3	7	2	down	0.6666666666666666	-0.15691372942186546	-3.383722322849985	0.0007151028550267472	0.003261448832047665	0.2601200140655353	True
IBD	s__Gemella_morbillorum	5	7	2	up	1.0	11.624903821491234	0.3277027689785434	0.7431364095651012	0.9500323417735669	0.2587890734592022	True
IBD	s__Limosilactobacillus_vaginalis	1	7	2	up	1.0	2.006956954152781	0.6314054748537885	0.5277754371769914	0.743733653641898	0.2580596758618912	False
IBD	s__Clostridium_SGB48024	4	7	2	up	0.75	1.1434815597921155	1.0304648767850655	0.3027918318620788	0.5015570221028299	0.25700864507989146	True
IBD	s__GGB1549_SGB2133	2	7	2	up	0.5	2.474921562447971	-0.817397347210131	0.4137013912074451	0.6212423560957184	0.2558313325304065	False
IBD	s__Bilophila_wadsworthia	7	7	2	up	0.5714285714285714	0.15754336549165432	-3.6156478032526884	0.00029959747578677155	0.0014601321022098975	0.2552749737140065	False
IBD	s__Anaerovorax_odorimutans	2	7	2	up	0.5	0.24942954605922402	3.0476336498956296	0.002306509330060464	0.00924291153697838	0.25369369424762883	False
IBD	s__Eisenbergiella_tayi	5	7	2	up	0.8	1.1184325583059458	0.9919583611415892	0.3212178378078271	0.5243580181869003	0.25086181609523267	True
IBD	s__GGB9454_SGB14846	3	7	2	down	0.6666666666666666	-1.7053424492582863	-0.8485409556854847	0.3961367737111039	0.6036132601215076	0.24925424877455188	True
IBD	s__GGB4711_SGB6524	1	7	2	up	1.0	3.3208235922681353	0.48148405983210996	0.6301725060988912	0.8413199106367141	0.24919072686423277	False
IBD	s__Coprococcus_catus	6	7	2	down	0.5	-0.7248422112189951	-1.6706867197991577	0.0947835733363005	0.2053897656565099	0.24913595154463053	False
IBD	s__GGB3550_SGB4746	4	7	2	up	0.5	0.2772142102041982	2.8502573110461125	0.004368387328835509	0.015981904861593326	0.2489898476153041	False
IBD	s__Lachnospiraceae_unclassified_SGB47637	2	7	2	up	0.5	0.5753087491889733	-1.8725760818215902	0.06112694673370897	0.14401636665009968	0.24208651294711547	False
IBD	s__Blautia_SGB4793	1	7	2	up	1.0	0.7391571150308471	1.080683162855853	0.2798380752015879	0.47162654751116423	0.24126218087675583	False
IBD	s__Oribacterium_sinus	2	7	2	up	1.0	10.765835705461411	0.3281484384616841	0.7427994312277992	0.9500323417735669	0.23966483422251308	True
IBD	s__GGB3052_SGB4053	1	7	2	down	1.0	-5.809725073505968	-0.3856512946039165	0.6997549387552684	0.9102303203085214	0.2373197281335964	False
IBD	s__GGB3593_SGB4817	3	7	2	down	0.6666666666666666	-1.712347817101192	0.8125072890167898	0.416500605802928	0.6238700733128447	0.2339133862344438	True
IBD	s__Vescimonas_SGB15087	4	7	2	down	0.75	-0.2531446014696321	2.3062067533715496	0.021099082411091218	0.059217798866888036	0.23306031246180142	True
IBD	s__Porphyromonas_somerae	2	7	2	down	0.5	-0.3931654835845905	-2.260507772658422	0.02378975458049073	0.06562923591362331	0.2325382465984061	False
IBD	s__GGB9719_SGB15272	6	7	2	down	0.6666666666666666	-0.6585877202055508	1.4314646953434662	0.15229707826936573	0.2965156390610615	0.2318019764822281	True
IBD	s__GGB48165_SGB66168	1	7	2	up	1.0	0.6507125755210083	1.1264511773240067	0.2599745950170924	0.4448539164875847	0.22890934966800258	False
IBD	s__Eubacteriales_unclassified_SGB15150	3	7	2	up	0.6666666666666666	4.566804906757944	-0.4807300821739936	0.6307083481081044	0.8413199106367141	0.2284584737376137	True
IBD	s__Pseudoflavonifractor_capillosus	6	7	2	up	0.6666666666666666	0.5217504308782007	1.6123833554639122	0.10687854456222537	0.22369927931628567	0.22620852201235914	True
IBD	s__GGB2734_SGB3677	1	7	2	up	1.0	1.7881787436655923	0.6223396878777754	0.533718529595937	0.7505348777510086	0.22285914511851163	False
IBD	s__Eisenbergiella_massiliensis	6	7	2	up	0.6666666666666666	0.08762672437449505	4.223925268514867	2.400836888942505e-05	0.00015433951428916104	0.22266084269901026	True
IBD	s__GGB4604_SGB6370	1	7	2	down	1.0	-0.18156577774503088	-2.2914938475829945	0.021934867302657646	0.061055816203273855	0.22047041413560436	False
IBD	s__Dialister_succinatiphilus	1	7	2	up	1.0	2.291264900522219	0.5410758979841312	0.5884552700864706	0.8015029509008327	0.2201788127431752	False
IBD	s__GGB42389_SGB59559	2	7	2	up	0.5	0.5943397416394566	-1.7209789478031463	0.08525464412300184	0.18775492588263046	0.21586676769997473	False
IBD	s__GGB9559_SGB14968	1	7	2	down	1.0	-0.1888710215987443	-2.205109284342427	0.027446426739966494	0.07366337196611286	0.21394334847562144	False
IBD	s__GGB9525_SGB14925	2	7	2	down	0.5	-1.850657363726925	-0.875637784236432	0.38122697776224457	0.588325368592783	0.21317946512102523	False
IBD	s__GGB3680_SGB4995	2	7	2	up	1.0	7.400559447788881	0.34465562502838537	0.7303532823159762	0.9366847293878561	0.21022443555385018	True
IBD	s__Massiliimalia_massiliensis	3	7	2	down	0.6666666666666666	-0.3635978446738217	1.9029200903532404	0.057050973048060186	0.13655818016822918	0.20959774208941956	True
IBD	s__GGB3281_SGB4335	3	7	2	down	0.6666666666666666	-1.0414071567976093	-1.0336773755335398	0.30128701330433494	0.4996774790673859	0.20919108258206823	True
IBD	s__Methylobacterium_sp_Leaf111	1	7	2	down	1.0	-0.9045813895128991	-0.8754630655404767	0.381321998161989	0.588325368592783	0.20839965360897347	False
IBD	s__GGB42639_SGB59836	2	7	2	up	1.0	1.7686297294509157	0.5927712049554963	0.5533342809297865	0.7732932497465961	0.19747773349605774	True
IBD	s__GGB87445_SGB53522	1	7	2	up	1.0	0.09980120907996172	2.9744761992652773	0.002934892226902638	0.011352734975124816	0.19410332168407599	False
IBD	s__Clostridium_sp_MCC353	1	7	2	up	1.0	1.1777950533232575	0.714440140966064	0.47495505798613513	0.686498210151266	0.19240529566390477	False
IBD	s__GGB9619_SGB15067	6	7	2	down	0.6666666666666666	-0.7107554629667283	-1.226486316477317	0.22001572151498794	0.3928852169910499	0.19225191917204737	True
IBD	s__GGB3057_SGB71294	2	7	2	up	0.5	2.0019470269070836	0.7807918915129992	0.4349249038338566	0.6430981601048263	0.191909377585971	False
IBD	s__GGB28474_SGB41058	1	7	2	down	1.0	-0.6649729124591965	-1.008926517266262	0.31300987678980685	0.515321138617365	0.19146035902431444	False
IBD	s__GGB9297_SGB14255	2	7	2	up	0.5	1.727563480708205	0.8478791557610872	0.39650527410265035	0.6036132601215076	0.18937656969494218	False
IBD	s__Bacteroides_stercoris	7	7	2	down	0.5714285714285714	-0.15281662571489188	-3.1495352510789596	0.0016353037847975731	0.006877445823915028	0.1888440465847637	False
IBD	s__GGB9301_SGB14262	4	7	2	up	0.75	0.5705333210227546	1.2802476145851125	0.20045806493193852	0.3666915821925705	0.1864356235933672	True
IBD	s__Pseudoflavonifractor_phocaeensis	4	7	2	down	0.75	-0.5660659729405405	1.2844509331566945	0.1989842213927535	0.3650452451586058	0.18580548251438495	True
IBD	s__Gemmiger_SGB72777	2	7	2	down	0.5	-0.9157896942609727	-1.2131008213466812	0.22509127602507584	0.3998331876761215	0.18229762798474472	False
IBD	s__Collinsella_aerofaciens	7	7	2	down	0.7142857142857143	-0.24453903669515148	-2.109135849321622	0.034932857243505464	0.09104123026782311	0.18179064863675468	True
IBD	s__Campylobacter_concisus	4	7	2	up	0.75	1.2325259397984971	0.7915184543793848	0.42864151150609864	0.638000044689342	0.18042265417070302	True
IBD	s__Roseburia_intestinalis	6	7	2	down	0.6666666666666666	-0.8355693892113061	-1.0729220930461896	0.28330607251642126	0.47570049489697597	0.17974010937306828	True
IBD	s__GGB9186_SGB14125	3	7	2	up	0.6666666666666666	1.1574823173895337	-0.8869897054128478	0.37508444299034616	0.5853919052450489	0.17945087856327507	True
IBD	s__Clostridium_SGB4909	4	7	2	up	0.75	0.6176977565608577	1.1846659481639332	0.23614955100641621	0.4156478407544484	0.1766342891526198	True
IBD	s__GGB9091_SGB14020	2	7	2	down	0.5	-0.265658018430946	-2.3898653122571187	0.016854552554046238	0.04925031590468057	0.1736860142629709	False
IBD	s__GGB3433_SGB4573	5	7	2	down	0.6	-0.2294177004822454	2.339503130905102	0.019309409726566168	0.055228184599288827	0.1731423505361564	True
IBD	s__Parabacteroides_sp_TM07_1AC	1	7	2	down	1.0	-0.5425053082994653	-1.058072231760157	0.2900225129241999	0.4851677725497768	0.17040528722813425	False
IBD	s__GGB45540_SGB63220	1	7	2	down	1.0	-0.6741326058803673	-0.9264501667076094	0.354212083408466	0.565232047992233	0.1670320079080188	False
IBD	s__Lachnospira_SGB5083	2	7	2	up	0.5	0.8802912656790415	1.1672633051501982	0.2431040526562258	0.42292586480142375	0.16449815994631972	False
IBD	s__Merdibacter_massiliensis	3	7	2	up	0.6666666666666666	3.652227918420604	-0.46266795816133166	0.6436023888353228	0.8560156825370703	0.16439476191024704	True
IBD	s__Blautia_obeum	6	7	2	down	0.5	-0.1516055576586261	-3.1457252654225347	0.0016567555431612068	0.006924520072036004	0.16370446355900492	False
IBD	s__GGB9453_SGB14844	4	7	2	down	0.5	-1.2334727836787216	0.9530393615341185	0.34057012777769136	0.5473448482141468	0.1614239450504672	False
IBD	s__Porphyromonas_SGB1977	3	7	2	up	0.6666666666666666	1.337243579027885	0.7530218237561727	0.4514367998279992	0.660281343193715	0.1607108015646382	True
IBD	s__Clostridium_SGB4751	3	7	2	down	0.6666666666666666	-1.2659051985765166	-0.773259521918772	0.4393688062619525	0.6470609231027836	0.15955032556519505	True
IBD	s__Anaerobutyricum_soehngenii	6	7	2	up	0.6666666666666666	0.5096446204491872	1.337302555943679	0.18112389703926157	0.3392817575394537	0.1594982074153366	True
IBD	s__Bittarella_massiliensis	3	7	2	up	1.0	0.34663592979627644	1.3115013271729006	0.1896884456397313	0.35031381889690466	0.15790747799942975	True
IBD	s__Blautia_SGB71764	1	7	2	up	1.0	0.8823520906446622	0.745577782436383	0.4559225082059455	0.6646818424168751	0.15651707117985067	False
IBD	s__GGB9580_SGB14998	2	7	2	up	0.5	5.147513129712119	-0.4370954261600509	0.662042144219446	0.8701035403074898	0.15552970086797474	False
IBD	s__GGB45497_SGB63169	3	7	2	up	0.6666666666666666	1.420163677648384	0.7162540365098171	0.47383450240332714	0.6856126240562612	0.15519661754953526	True
IBD	s__GGB9602_SGB15028	4	7	2	down	0.5	-0.5476840240575356	-1.4859714056615208	0.13728668454833345	0.2745733690966669	0.15371890970973429	False
IBD	s__GGB6002_SGB8625	1	7	2	up	1.0	4.159195209650759	0.374090330363347	0.7083371125417253	0.9185869546340145	0.1533899819276535	False
IBD	s__Blautia_faecis	6	7	2	down	0.5	-0.20740449113413856	-2.488129672551237	0.012841690074848368	0.03985352092194321	0.14513474638566712	False
IBD	s__GGB3304_SGB4367	6	7	2	down	0.6666666666666666	-2.475216752294662	-0.515956558450699	0.6058847504696321	0.8195835802945924	0.14258362493945193	True
IBD	s__GGB4745_SGB6571	5	7	2	up	0.6	0.17939593344778085	2.4079162791257454	0.016043859745615605	0.04749826898373041	0.1424391746674799	True
IBD	s__Massilioclostridium_coli	4	7	2	up	0.75	0.5723171521644947	1.0861581961438749	0.2774090086807762	0.4698897888570237	0.14079173316390522	True
IBD	s__Bacteroides_uniformis	7	7	2	down	0.5714285714285714	-0.2967792074705237	-1.84653449837245	0.06481463502606828	0.14982835151574003	0.13980946225720672	False
IBD	s__Intestinimonas_timonensis	1	7	2	up	1.0	1.3934636321695761	0.5548048095304223	0.5790281770903274	0.794398413690998	0.1392928984429779	False
IBD	s__GGB3446_SGB4597	2	7	2	down	1.0	-0.4425675152447999	-1.0543820063009404	0.2917080570006366	0.4873835110777963	0.1381382302033211	True
IBD	s__Blautia_faecicola	5	7	2	up	0.6	1.4864375359807562	0.6875838727190289	0.4917148669101886	0.7054357814333205	0.13515509011616886	True
IBD	s__GGB45613_SGB63326	4	7	2	down	0.75	-2.080197504202862	-0.5171500657955724	0.605051406453446	0.8192772304033623	0.13506064274548074	True
IBD	s__Lachnotalea_sp_AF33_28	5	7	2	down	0.6	-0.3606538018359366	1.5384514574155879	0.12393826882385807	0.25236299081781055	0.1293970302396897	True
IBD	s__GGB9210_SGB14149	2	7	2	up	0.5	1.3503282959666094	0.77884688004407	0.4360699183583131	0.6440857656277054	0.1289943631272231	False
IBD	s__GGB3588_SGB4808	2	7	2	down	0.5	-0.21886836588195963	-2.2310036066386103	0.025680890111907318	0.06989758397394129	0.12645533888352442	False
IBD	s__GGB6601_SGB9333	4	7	2	up	0.75	0.6223307375576456	-0.9702001345811854	0.3319467436664508	0.5366803640116271	0.12615466818042467	True
IBD	s__Firmicutes_unclassified_SGB47659	2	7	2	up	0.5	0.49975808240038433	-1.3903777682068728	0.1644141937722955	0.31394506590183724	0.12572572455138734	False
IBD	s__Enorma_massiliensis	3	7	2	down	0.6666666666666666	-0.9684121548524656	0.7844892115335141	0.4327531098457521	0.6419021309959637	0.12429969157080678	True
IBD	s__Allisonella_histaminiformans	5	7	2	up	0.6	0.7199005116917485	1.0074192612187938	0.31373333910016454	0.5158830789101366	0.12416068701038513	True
IBD	s__GGB9623_SGB15075	3	7	2	up	0.6666666666666666	1.6598334853737633	0.5873603708327129	0.5569617032732668	0.7749872552157994	0.12250173030162681	True
IBD	s__GGB3363_SGB4447	5	7	2	down	0.6	-1.5124911097410465	-0.6454475843161286	0.5186371753318931	0.7331520279560794	0.12233568944038374	True
IBD	s__Enterocloster_hominis	6	7	2	up	0.5	0.29845131225079363	1.8344532340565058	0.06658674370144044	0.1536617162340933	0.12138527019514771	False
IBD	s__GGB36267_SGB14177	4	7	2	down	0.5	-1.8369544431270892	-0.6215015992106483	0.5342696426064587	0.7505348777510086	0.11446900883570545	False
IBD	s__Parabacteroides_bouchesdurhonensis	1	7	2	down	1.0	-0.5766323920542956	-0.7944556854406504	0.42693019734764526	0.6361542675709946	0.11327225726241003	False
IBD	s__Bacteroides_sp_AF16_49	1	7	2	down	1.0	-0.24496759591245437	-1.3212016195388947	0.1864341464639866	0.345722661712063	0.11299673014520739	False
IBD	s__GGB9491_SGB14888	5	7	2	up	0.6	0.235423389904044	1.792795239146065	0.07300567104262186	0.1667642231938063	0.109881105512138	True
IBD	s__GGB74700_SGB54319	1	7	2	up	1.0	3.5952374951464394	0.3535279803926042	0.7236926559599046	0.932625410933178	0.1089096509210925	False
IBD	s__Lachnospiraceae_bacterium_NSJ_143	1	7	2	up	1.0	1.3266844251281071	0.5042496616638458	0.6140859462329377	0.8290160274144658	0.10804129654747242	False
IBD	s__Methanobrevibacter_smithii	6	7	2	down	0.6666666666666666	-0.12229168370968335	-2.4100562811022943	0.01595005981215491	0.04742859195244301	0.10793951282580712	True
IBD	s__Schaalia_turicensis	1	7	2	up	1.0	3.77365521626595	0.34437217478522564	0.7305664118942445	0.9366847293878561	0.10719656309920948	False
IBD	s__GGB9499_SGB72735	3	7	2	up	1.0	1.3064111663590996	0.4971819691077269	0.6190607353414265	0.8315741221004236	0.10464227245271371	True
IBD	s__GGB3677_SGB4990	3	7	2	up	0.6666666666666666	5.306524697413465	-0.3462642770184757	0.7291441127455374	0.9366847293878561	0.10049340793189318	True
IBD	s__Solobacterium_SGB6833	1	7	2	up	1.0	2.4258225480220084	0.38668282895512984	0.6989910297003773	0.9102303203085214	0.09909170232895699	False
IBD	s__Colidextribacter_sp_210702_DFI_3_9	5	7	2	up	0.8	0.2614727086999955	1.314028801304365	0.1888365121168828	0.3495516556965541	0.09548745620821264	True
IBD	s__GGB9561_SGB14972	3	7	2	up	0.6666666666666666	0.23307070602068308	-1.5589717717593918	0.11900306146480519	0.24461899871271658	0.0950166830105425	True
IBD	s__Tyzzerella_SGB4587	6	7	2	up	0.6666666666666666	0.20408435215603923	-1.6657550998861024	0.09576220246878772	0.20717784187958882	0.0930157558221971	True
IBD	s__GGB3576_SGB4784	2	7	2	down	1.0	-1.1384866520054449	-0.5011205272326351	0.6162863010264461	0.8295693067550083	0.0923851461178237	True
IBD	s__Butyricicoccus_intestinisimiae	3	7	2	up	0.6666666666666666	0.2275961407929911	1.5527365248125788	0.12048609261572701	0.24644882580489616	0.09229376232832617	True
IBD	s__Proteus_vulgaris	1	7	2	down	1.0	-2.4771539964085876	-0.3747501185684872	0.7078463147263221	0.9185869546340145	0.0913567619667059	False
IBD	s__Catenibacterium_tridentinum	5	7	2	up	0.6	0.4030496940972916	-1.1775017202056108	0.23899531133868834	0.41941987096167427	0.09125472251498772	True
IBD	s__Lachnospiraceae_bacterium_OF09_6	5	7	2	down	0.6	-0.16552341749860902	-1.9510376087086532	0.05105257212411853	0.12463105310589515	0.0898170188144115	True
IBD	s__GGB9642_SGB15119	5	7	2	up	0.8	0.4621463662547028	-0.9076668971918413	0.364054238383114	0.5746706498179366	0.0889469016826864	True
IBD	s__Paraprevotella_xylaniphila	1	7	2	up	1.0	1.4437502593474145	0.4382574403160848	0.661199673934445	0.8699995709663749	0.08731940392386438	False
IBD	s__GGB9634_SGB15093	6	7	2	down	0.8333333333333334	-5.0552820069896525	0.3204789987318292	0.7486052481118168	0.9534123442933516	0.08728462277932413	True
IBD	s__GGB33512_SGB15202	2	7	2	down	0.5	-0.13237660021954975	-2.379645241305044	0.01732931235158085	0.05041933550567704	0.08587289133980675	False
IBD	s__GGB4604_SGB6369	2	7	2	up	1.0	0.3267163860662699	0.9511568032000114	0.34152478295184285	0.5482264649048607	0.08528604649718334	True
IBD	s__Alistipes_dispar	5	7	2	up	0.6	1.0458304093570345	-0.6434132970819473	0.5199559575571427	0.7342474296047518	0.0841836367651327	True
IBD	s__GGB9619_SGB15066	4	7	2	down	0.5	-0.7820871868653119	-0.8289340240677441	0.4071417412671372	0.6134390074895483	0.08299063885687245	False
IBD	s__Prevotella_bergensis	1	7	2	up	1.0	2.474765068151739	0.3618354096098344	0.7174750294549499	0.9268816169992176	0.08160718765126938	False
IBD	s__GGB27106_SGB6188	2	7	2	up	0.5	1.574951205278132	0.5630885958890877	0.5733745566448429	0.7906595009913565	0.08033078467296852	False
IBD	s__Bifidobacterium_pseudocatenulatum	6	7	2	up	0.6666666666666666	0.5675185676265928	0.8269768203298625	0.40825019975099	0.6144233775516572	0.08003232673927964	True
IBD	s__GGB3818_SGB5183	4	7	2	up	0.75	0.9499713865197081	0.5841209317489694	0.5591389530223619	0.7749872552157994	0.07887524987449664	True
IBD	s__Slackia_SGB14778	1	7	2	down	1.0	-1.181723640470822	-0.4576273152200927	0.6472202156955463	0.8583931268108453	0.07836454785662457	False
IBD	s__Anaeromassilibacillus_senegalensis	5	7	2	up	0.6	0.4547418657486808	1.0039837574652908	0.31538644264608073	0.5179704350026874	0.07795049416163881	True
IBD	s__GGB9412_SGB14770	2	7	2	down	1.0	-0.2717737885797812	-0.9861816541355208	0.324043980216538	0.5276952633200559	0.0754489706248816	True
IBD	s__GGB9184_SGB14123	2	7	2	up	0.5	1.3311341960524457	0.5738326935807262	0.5660810227240146	0.7821999802225381	0.07100416184226226	False
IBD	s__GGB3819_SGB5184	4	7	2	up	0.5	0.31338659620958703	-1.3057166970680056	0.19164891768881365	0.3534508727867464	0.07077380949506445	False
IBD	s__TM7_phylum_sp_oral_taxon_348	1	7	2	up	1.0	0.23139555574113135	1.0405408351625656	0.298088702549707	0.4955908232045621	0.07054712361042835	False
IBD	s__Megamonas_funiformis	5	7	2	down	0.8	-0.16126253468174334	-1.427829440871143	0.1533409566271636	0.297428579664757	0.06793891284718205	True
IBD	s__Sellimonas_intestinalis	6	7	2	down	0.6666666666666666	-0.18413467724911617	1.4734228659062463	0.14063704839037466	0.280029521131277	0.06785929773788081	True
IBD	s__GGB9646_SGB15123	4	7	2	down	0.75	-1.7275191392505538	-0.41380421500243525	0.679017496845139	0.8882496325009086	0.06668003211251831	True
IBD	s__Segatella_hominis	2	7	2	up	0.5	0.24507008871585878	1.4505696061651652	0.14689974378500356	0.2895104439558464	0.06596499680460406	False
IBD	s__Gordonibacter_pamelaeae	3	7	2	down	0.6666666666666666	-0.9940993825669536	-0.5484415366910209	0.5833887622244129	0.7987574330658798	0.06467285006363457	True
IBD	s__Solobacterium_SGB6828	1	7	2	up	1.0	0.31976460623819697	0.8055356055889158	0.42051066826189887	0.6279750023822604	0.0646108828919311	False
IBD	s__Collinsella_tanakaei	4	7	2	up	0.5	0.8954562672602087	0.6655136497793537	0.5057220160193858	0.71773145090773	0.06448987503835413	False
IBD	s__Prevotella_pectinovora	1	7	2	up	1.0	0.6644641117850768	0.5454493043540988	0.5854445383414917	0.8002880766008237	0.06428933047532069	False
IBD	s__Massiliimalia_timonensis	3	7	2	down	0.6666666666666666	-0.5084214808566851	-0.7612127711790884	0.44652999135539373	0.6552342264454146	0.06223195018428635	True
IBD	s__Hydrogenoanaerobacterium_saccharovorans	6	7	2	down	0.6666666666666666	-0.048503545608224195	-2.9498246992822725	0.0031795427782941067	0.01215972450622392	0.061925325956892346	True
IBD	s__Eubacterium_SGB4961	3	7	2	down	0.6666666666666666	-0.17238368998196454	-1.4449335939627932	0.14847653910574088	0.29091919853809894	0.06162459692229908	True
IBD	s__GGB87445_SGB15180	3	7	2	down	0.6666666666666666	-0.4376356070731474	-0.8147961649655248	0.4151889965086988	0.6227834947630481	0.060003607083266415	True
IBD	s__Congzhengia_minquanensis	3	7	2	down	0.6666666666666666	-0.11831152715962383	1.7182172266848748	0.08575700052724482	0.18855366565436565	0.05714959603611565	True
IBD	s__Anaerotruncus_colihominis	5	7	2	up	0.6	0.8492075045194365	-0.5845174580578336	0.558872223112225	0.7749872552157994	0.05640713399561214	True
IBD	s__Oribacterium_parvum	1	7	2	up	1.0	1.6278507844064125	0.3621447999735097	0.717243826939119	0.9268816169992176	0.0536795698876314	False
IBD	s__GGB4769_SGB6602	3	7	2	down	0.6666666666666666	-0.3306589366399237	0.9168097053763966	0.35924236597143566	0.5708392704401029	0.053673915968236625	True
IBD	s__Alistipes_indistinctus	6	7	2	up	0.5	0.12005236709314375	-1.903326722187797	0.05699792609074726	0.13655818016822918	0.051903577215479973	False
IBD	s__GGB9743_SGB15349	3	7	2	up	0.6666666666666666	0.4327499063722876	0.7514421376566172	0.45238661134422	0.6609544646262954	0.05188049933817122	True
IBD	s__Butyricimonas_virosa	5	7	2	down	0.6	-0.36939608446726024	-0.8809603681499903	0.37833927114980337	0.5864041516099133	0.05137626428379474	True
IBD	s__Schaalia_SGB17154	1	7	2	down	1.0	-0.27988633581031575	-0.7558610373036814	0.44973251654490987	0.6585020578477531	0.0507833782269724	False
IBD	s__Luoshenia_tenuis	2	7	2	up	0.5	0.48818345099717486	-0.8197764580044847	0.41234355404373846	0.6198928707784488	0.050693789290645025	False
IBD	s__GGB9452_SGB14843	2	7	2	down	0.5	-0.5456751694167153	-0.7644575840677572	0.44459460418040686	0.6531041519516314	0.05047974291898161	False
IBD	s__GGB51139_SGB71360	3	7	2	up	0.6666666666666666	0.44485748497936944	0.725799703349376	0.4679615688158425	0.6785694069832302	0.04994436462587684	True
IBD	s__GGB6007_SGB8634	1	7	2	up	1.0	2.4053337518646796	0.3205304258981549	0.748566269480831	0.9534123442933516	0.049836661669818025	False
IBD	s__Clostridium_sp_D5	3	7	2	up	1.0	5.142119074192722	0.2872268717069571	0.7739386121394034	0.9783012766214056	0.04899092112478958	True
IBD	s__Leuconostoc_mesenteroides	1	7	2	down	1.0	-1.3711912966067847	-0.36924114963478477	0.7119479865858092	0.9215050641331183	0.04868040880600473	False
IBD	s__GGB43675_SGB61016	2	7	2	up	0.5	0.2552036918612211	-1.166011888547813	0.24360963883200404	0.4232599902486557	0.047645608291555466	False
IBD	s__GGB3828_SGB5197	5	7	2	up	0.6	0.11818978068272532	-1.6316709519143988	0.10274882252178512	0.21802477023031228	0.04690910999521013	True
IBD	s__Klebsiella_grimontii	2	7	2	up	1.0	0.6899583823926708	0.4416005061474987	0.6587783176758315	0.8684400892227936	0.04226694482770529	True
IBD	s__Streptococcus_rubneri	3	7	2	up	0.6666666666666666	1.1740215514159638	-0.4191196038939047	0.6751287242053335	0.884019183004074	0.04190342046935884	True
IBD	s__Phocaeicola_coprophilus	3	7	2	down	0.6666666666666666	-1.4917733579145638	0.38641317168129574	0.6991906966572735	0.9102303203085214	0.04062467021623145	True
IBD	s__Dialister_hominis	5	7	2	up	0.6	0.2774688895177225	0.9116271927707552	0.36196500264199005	0.572863720476772	0.04027993906868369	True
IBD	s__Bacteroides_finegoldii	6	7	2	down	0.6666666666666666	-0.036763918737989065	-2.700314861046434	0.006927388101902484	0.023796371342413115	0.03979055154638733	True
IBD	s__GGB4567_SGB6308	3	7	2	down	0.6666666666666666	-0.3021268765952818	-0.7882093122708689	0.43057428298586475	0.6401710154525523	0.03901545492111927	True
IBD	s__GGB9261_SGB14209	2	7	2	down	0.5	-0.30824118717145166	0.9354159667483637	0.34957397154781444	0.5584909604610053	0.03899002141161145	False
IBD	s__Blautia_sp_An46	2	7	2	down	0.5	-0.4406371939245016	0.7413860293551856	0.45845941284193537	0.6669398785954879	0.03875697449796733	False
IBD	s__Mediterraneibacter_SGB4598	3	7	2	up	0.6666666666666666	0.8905092702721749	0.453030596084137	0.6505267101079854	0.8609912339664512	0.03858948913912166	True
IBD	s__GGB39037_SGB4393	3	7	2	down	0.6666666666666666	-0.26268646795587686	0.8521081523076217	0.39415406765950367	0.6026138067274405	0.03852050516997554	True
IBD	s__Clostridium_celatum	2	7	2	up	1.0	0.6282209800535941	0.4407815124407402	0.6593711788543433	0.8684400892227936	0.03848490312046141	True
IBD	s__GGB3433_SGB4574	4	7	2	down	0.5	-0.1452312830236979	1.4269124680764016	0.1536051265562876	0.2975113080394535	0.03823188274394011	False
IBD	s__GGB41458_SGB58520	2	7	2	down	0.5	-2.478363012495342	0.35312643938947363	0.7239936523392374	0.932625410933178	0.037538222566798854	False
IBD	s__Gardnerella_vaginalis	1	7	2	down	1.0	-5.14946405054442	-0.28080318772116364	0.7788613585133841	0.9835947932582495	0.03699261120082904	False
IBD	s__Segatella_sinica	1	7	2	down	1.0	-0.16491250713682035	-0.8614079842745844	0.3890133801509571	0.5967818900043091	0.036970805606273166	False
IBD	s__Prevotella_bivia	3	7	2	up	1.0	2.4214712435868466	0.3032823960580288	0.76167466072193	0.9655030910559677	0.03691855327215453	True
IBD	s__GGB3678_SGB4991	2	7	2	down	0.5	-0.6524718185197552	-0.588848677579145	0.5559627885007328	0.7749872552157994	0.03611608970690841	False
IBD	s__GGB9563_SGB14975	4	7	2	up	0.5	0.062300019511562284	2.2252662523898743	0.026063369553245546	0.0707958730319547	0.03582226383494559	False
IBD	s__Enterobacter_ludwigii	1	7	2	up	1.0	0.4603404076416613	0.49076121643969894	0.6235953437465191	0.8368327177512931	0.035612554695128265	False
IBD	s__GGB9523_SGB14922	2	7	2	up	0.5	0.35877115297953205	-0.7858714319540951	0.43194281269472	0.6414992267743367	0.03458623207099987	False
IBD	s__Eubacteriales_bacterium	4	7	2	up	0.75	0.43469737138471043	0.5700847362694238	0.5686202272222967	0.7849052216258696	0.034292009052580466	True
IBD	s__Clostridium_spiroforme	6	7	2	up	0.5	0.7368984556988405	0.531224031099281	0.5952635420776824	0.8083543021219457	0.034044062391309395	False
IBD	s__Massilistercora_timonensis	4	7	2	down	0.5	-2.21774702812593	-0.3545523045026141	0.722925013047599	0.932625410933178	0.03359083440114258	False
IBD	s__GGB2987_SGB3969	3	7	2	up	0.6666666666666666	0.33063539003489195	0.6809155895920161	0.4959249030810553	0.7092146389400684	0.032892117488493494	True
IBD	s__GGB3626_SGB4905	3	7	2	up	0.6666666666666666	0.32264248408113355	0.673796509645794	0.5004406941996089	0.7141595530332685	0.031447909158971096	True
IBD	s__GGB2980_SGB3962	3	7	2	up	0.6666666666666666	1.6439767536369365	0.3443087708310664	0.7306140889225278	0.9366847293878561	0.03113314946302108	True
IBD	s__Dorea_sp_AF36_15AT	6	7	2	up	0.6666666666666666	0.5646718786686822	-0.5010452602038187	0.616339270129832	0.8295693067550083	0.030547741558228196	True
IBD	s__Bifidobacterium_bifidum	6	7	2	down	0.6666666666666666	-0.08739417536289788	1.4125287477733923	0.15779433220144312	0.30289150252450675	0.03022165803744691	True
IBD	s__GGB9634_SGB15097	1	7	2	up	1.0	0.11915122754279987	0.9043856414000915	0.36579094918258137	0.5762167810927478	0.02852648366357162	False
IBD	s__Guopingia_tenuis	5	7	2	down	0.8	-1.6061138095924647	-0.32464773650451134	0.7454476939353536	0.9519482510254066	0.027479527599710448	True
IBD	s__Faecalitalea_cylindroides	3	7	2	up	0.6666666666666666	0.18454442449742076	-0.8436125135233697	0.39888596938317733	0.6057323494570185	0.02678591357979987	True
IBD	s__GGB58485_SGB80143	4	7	2	down	0.5	-0.6967544025308919	-0.4844119235710598	0.6280935579879351	0.8395309933502103	0.026463870071351574	False
IBD	s__Bacteroides_faecis	6	7	2	up	0.5	0.1255474044305773	1.2580966017731945	0.2083568221640424	0.3790858624278399	0.026444201191937234	False
IBD	s__Fusicatenibacter_saccharivorans	6	7	2	down	0.5	-0.08131356052855532	1.6039426831425612	0.10872668723112906	0.2268640305440869	0.026192494665256572	False
IBD	s__GGB9239_SGB14181	1	7	2	up	1.0	0.06336690200989413	1.2444056643522343	0.2133502992489711	0.38660792481357176	0.026153373808820577	False
IBD	s__Bianquea_SGB71281	3	7	2	down	0.6666666666666666	-0.5887462610009587	-0.4562104108897838	0.6482386796856334	0.8588049240192396	0.025946233832967527	True
IBD	s__Dialister_invisus	7	7	2	up	0.5714285714285714	0.10959324292741943	1.2370060972980153	0.21608481900573417	0.3898720017548032	0.025618388216992208	False
IBD	s__Ruminococcus_sp_AF41_9	5	7	2	up	0.6	0.3842326078610986	0.5808698174093728	0.5613281958362746	0.7764273200604208	0.02533611178125026	True
IBD	s__Phocea_massiliensis	6	7	2	up	0.6666666666666666	0.5762977736900379	0.4497486339328216	0.6528916993145862	0.8632750186823618	0.024531392755377	True
IBD	s__Intestinimonas_butyriciproducens	6	7	2	down	0.5	-0.04402715037410907	2.1423902800490113	0.03216208939972992	0.08447241379306497	0.02362684215148866	False
IBD	s__Lachnoclostridium_sp_An118	2	7	2	up	0.5	0.2410219409289112	-0.7730004347916686	0.43952212332240936	0.6470609231027836	0.022783180675854497	False
IBD	s__GGB4723_SGB6540	2	7	2	up	0.5	0.1894302352232712	0.8696970796842575	0.38446596859892723	0.5924989242106755	0.021529923907408866	False
IBD	s__GGB34540_SGB54300	2	7	2	up	0.5	0.14698675822112434	-1.0127537672636133	0.3111777888027104	0.5134939285357871	0.021273737985211545	False
IBD	s__GGB9189_SGB14128	3	7	2	up	0.6666666666666666	0.3790595931949146	0.506278366635541	0.612661247605047	0.8279206048716852	0.020724782226471082	True
IBD	s__Eubacteriaceae_bacterium_CHKCI004	2	7	2	up	0.5	0.5723334970114224	-0.4681010346105119	0.6397123394313338	0.8516880258701189	0.01995139077059116	False
IBD	s__GGB6613_SGB9347	5	7	2	down	0.8	-0.3193659437883705	0.489550179772279	0.6244522378277462	0.837150467792907	0.01972314026735039	True
IBD	s__GGB9522_SGB14921	5	7	2	down	0.6	-0.03621833204158954	-1.9419641447528473	0.05214144106350378	0.12683053231663083	0.019487842576386805	True
IBD	s__GGB9545_SGB14952	3	7	2	down	0.6666666666666666	-0.2493413043147336	-0.6022748674196449	0.5469911874175111	0.765425460334802	0.01929853421936714	True
IBD	s__Bacteroides_bouchesdurhonensis	1	7	2	up	1.0	0.03423946756508878	1.4131469144054813	0.15761253144418663	0.30289150252450675	0.0177604538718893	False
IBD	s__GGB3124_SGB4136	2	7	2	up	0.5	0.3300260412071003	0.5599327520925895	0.5755253077929541	0.7920073043022304	0.016711002769107842	False
IBD	s__Holdemania_massiliensis	5	7	2	down	0.6	-1.7846749991114026	-0.3058246800788167	0.7597381362210958	0.9648602858875629	0.01663556495387103	True
IBD	s__Oliverpabstia_intestinalis	6	7	2	up	0.5	0.08489459951060274	1.2024269744591198	0.22919814339851474	0.4060597028713844	0.016614302160442823	False
IBD	s__GGB45495_SGB63167	1	7	2	up	1.0	0.7653879644731517	0.32385822817135107	0.7460453700628742	0.9519482510254066	0.01636909194153165	False
IBD	s__Akkermansia_muciniphila	7	7	2	up	0.7142857142857143	0.004541846833175118	-4.831685448077869	1.3538203167684324e-06	1.1144252607545023e-05	0.016068239977156094	True
IBD	s__Longibaculum_muris	4	7	2	down	0.5	-0.2829855553966029	-0.5880395284203581	0.5565057609999706	0.7749872552157994	0.015664020137528076	False
IBD	s__GGB55957_SGB77276	4	7	2	up	0.75	0.25733168941306833	-0.5025517790657161	0.6152794393016842	0.8295693067550083	0.015661333634409868	True
IBD	s__GGB79395_SGB105947	1	7	2	down	1.0	-0.09637319942883017	-0.7043151099010668	0.4812365585720696	0.6933504312404417	0.01532788848741458	False
IBD	s__Phascolarctobacterium_faecium	7	7	2	down	0.5714285714285714	-0.02689859614551722	-1.9821374278427029	0.047463861548321065	0.11692739615006102	0.014326710627547597	False
IBD	s__Phocaeicola_vulgatus	7	7	2	up	0.7142857142857143	0.080357412822759	0.8882017997510461	0.3744322108612642	0.5850503294707253	0.01336267847502185	True
IBD	s__Parabacteroides_acidifaciens	1	7	2	up	1.0	0.36088645544410874	0.373181932814449	0.7090130420212172	0.9185869546340145	0.013309393786100977	False
IBD	s__Eubacterium_hominis	2	7	2	up	0.5	0.3463412064045146	-0.48641069196702374	0.6266760113748084	0.838466417597613	0.013250032185743697	False
IBD	s__Parabacteroides_SGB1944	1	7	2	up	1.0	0.7066426310018452	0.30583065290159234	0.7597335883328249	0.9648602858875629	0.010978095351682685	False
IBD	s__GGB9641_SGB15117	3	7	2	up	0.6666666666666666	0.40289338921368256	-0.3855013862475503	0.6998659796149964	0.9102303203085214	0.010971781324735941	True
IBD	s__GGB9695_SGB15209	3	7	2	up	0.6666666666666666	2.287662063255747	-0.2789141515619536	0.7803107079671019	0.9845041642575584	0.010343957666919826	True
IBD	s__Intestinimonas_massiliensis	4	7	2	down	0.5	-0.19001483309741435	0.5501345690775483	0.5822270777161183	0.7979761978850353	0.009311682846816624	False
IBD	s__Clostridium_saudiense	6	7	2	up	0.5	0.4043267838935147	0.38789968357968324	0.6980902722974389	0.9102303203085214	0.00825811214960254	False
IBD	s__GGB6612_SGB9346	4	7	2	up	0.5	0.5086831214601157	-0.35049880500905845	0.7259643868098703	0.9342725664378693	0.007509791522029432	False
IBD	s__Mediterraneibacter_faecis	7	7	2	up	0.5714285714285714	0.01959392937789765	1.4677352289656418	0.1421761574379671	0.28226148903125825	0.0061507961140975795	False
IBD	s__Mediterraneibacter_sp_NSJ_151	5	7	2	up	0.6	0.14641522231988763	0.43473945595144636	0.66375155557225	0.8708110787391035	0.005277629313262244	True
IBD	s__GGB9790_SGB15413	3	7	2	down	0.6666666666666666	-0.45755846553273205	-0.3046280260343462	0.7606494722394895	0.9651097627098787	0.004704704965804082	True
IBD	s__Provencibacterium_massiliense	5	7	2	up	0.6	0.06419862544660045	0.6020551031270935	0.5471374586837658	0.765425460334802	0.00447196438664779	True
IBD	s__Lawsonibacter_hominis	4	7	2	down	0.75	-1.735445933084971	0.26981071539377577	0.787305878764987	0.9921453640503276	0.004457526612502628	True
IBD	s__Blautia_hydrogenotrophica	5	7	2	up	0.6	0.10833755624324246	-0.4617912004407116	0.6442310618204914	0.8560156825370703	0.004388859196668921	True
IBD	s__Lactococcus_petauri	1	7	2	up	1.0	0.07507442506658533	0.4291989668803459	0.667778434772716	0.8752435795564725	0.004344637035356352	False
IBD	s__GGB1551_SGB2136	1	7	2	up	1.0	0.029860842758494592	0.6636825533840363	0.5068935080328911	0.71773145090773	0.004301096744628996	False
IBD	s__Intestinibacillus_sp_Marseille_P6563	4	7	2	up	0.75	3.673196948198293	0.26265831397800565	0.792813949489799	0.996553847124049	0.004130225163035755	True
IBD	s__Angelakisella_massiliensis	2	7	2	up	0.5	0.1850340004447033	-0.3798283471868407	0.7040728385218078	0.9148203387915693	0.0035770947344708716	False
IBD	s__GGB9064_SGB13983	4	7	2	up	0.5	0.010527104507549833	-1.6289029804005957	0.1033335590730106	0.21802477023031228	0.0034818090900300656	False
IBD	s__GGB9085_SGB14013	2	7	2	up	0.5	0.6643322192734786	0.28952447057880343	0.7721800565386889	0.9779015725396154	0.003223624093583313	False
IBD	s__Faecalibacillus_faecis	6	7	2	down	0.5	-0.015107334981906683	-1.1987754370423216	0.2306152760263801	0.40750081496808	0.0029449598139595448	False
IBD	s__GGB4266_SGB5805	1	7	2	down	1.0	-0.27500507178824735	-0.28721851557587325	0.7739450099493786	0.9783012766214056	0.002620077751313111	False
IBD	s__Anaerofilum_hominis	5	7	2	up	0.6	0.14057454245831139	-0.3401661156448997	0.7337314340342282	0.9397888386586415	0.002274753389387888	True
IBD	s__GGB4802_SGB6641	3	7	2	up	0.6666666666666666	0.1493185902996372	-0.31652113377651636	0.751606986675209	0.9563331121692102	0.001930271968356774	True
IBD	s__Diplocloster_agilis	5	7	2	down	0.6	-0.04477284091798488	0.43637078380244915	0.6625677329156293	0.8701035403074898	0.0016233485287773632	True
IBD	s__Neglectibacter_timonensis	4	7	2	down	0.75	-0.481162619075896	0.26912055740824326	0.7878369113051491	0.9921453640503276	0.0012358755398732767	True
IBD	s__GGB9613_SGB15048	1	7	2	up	1.0	1.9581921060624103	0.25952640876837824	0.7952291085985532	0.9986598107981832	0.0011405042349016616	False
IBD	s__GGB9117_SGB14050	2	7	2	down	0.5	-0.005942121083564512	-0.975175884795674	0.32947302199599926	0.533959879585353	0.0008095883679322798	False
IBD	s__Bacteroides_cellulosilyticus	7	7	2	up	0.7142857142857143	0.0008160099895499796	-2.37557732730226	0.01752152066757494	0.05075977017430508	0.0007545063566215777	True
IBD	s__GGB9086_SGB14014	2	7	2	down	0.5	-0.15225327648376202	-0.26594448949486693	0.7902819607804982	0.9942969683631616	0.0001890897964233979	False
IBD	s__Brachyspira_aalborgi	1	7	2	down	1.0	-22.6646152735904	-0.0016625575885151982	0.9986734715797871	0.9999924602350494	7.421507096592158e-05	False
IBD	s__GGB1418_SGB1954	1	7	2	up	1.0	19.844513661169145	0.0014419137628306612	0.9988495196692918	0.9999924602350494	6.498067458325586e-05	False
IBD	s__GGB1680_SGB2312	1	7	2	down	1.0	-19.47875271819005	-0.0013209967327329811	0.9989459974086261	0.9999924602350494	6.378299379264539e-05	False
IBD	s__GGB1632_SGB2240	1	7	2	down	1.0	-18.777163702125215	-0.0016567619051004645	0.9986780958597343	0.9999924602350494	6.148564711423806e-05	False
IBD	s__GGB3662_SGB4973	1	7	2	up	1.0	17.896797524430298	3.055303932785796e-05	0.9999756222016385	0.9999924602350494	5.860289629032456e-05	False
IBD	s__Staphylococcus_epidermidis	1	7	2	up	1.0	17.273218646959588	0.0015922893205841716	0.9987295374716266	0.9999924602350494	5.656099308192268e-05	False
IBD	s__Lactobacillus_johnsonii	1	7	2	up	1.0	17.054286907224892	0.0012727966974332065	0.9989844554402761	0.9999924602350494	5.58441031455629e-05	False
IBD	s__Saccharomyces_cerevisiae	1	7	2	up	1.0	17.020324410062834	0.0018901079282834558	0.9984919129637138	0.9999924602350494	5.573289326590529e-05	False
IBD	s__Alistipes_sp_An31A	1	7	2	down	1.0	-16.678275880138234	-0.001676783598649522	0.998662120881761	0.9999924602350494	5.461285855030511e-05	False
IBD	s__Coprococcus_SGB26904	1	7	2	down	1.0	-16.25853425865882	-0.001673614624004646	0.9986646493541559	0.9999924602350494	5.323841853226765e-05	False
IBD	s__GGB3616_SGB4890	1	7	2	up	1.0	15.96560396465416	0.0004998057203401451	0.9996012127489429	0.9999924602350494	5.2279221021293083e-05	False
IBD	s__Prevotella_lascolaii	1	7	2	down	1.0	-15.932163101980619	-0.00164290876979103	0.9986891490474732	0.9999924602350494	5.216971922889467e-05	False
IBD	s__Peptostreptococcus_russellii	1	7	2	up	1.0	15.913522823710087	0.0011312693685133152	0.9990973778292789	0.9999924602350494	5.210868181184731e-05	False
IBD	s__GGB6567_SGB9277	1	7	2	down	1.0	-15.907571669614292	-0.001493504585017981	0.9988083561931306	0.9999924602350494	5.208919481336015e-05	False
IBD	s__Erysipelotrichaceae_bacterium_7770_A6	1	7	2	up	1.0	15.748511933835857	0.0017253574961671307	0.9986233645749509	0.9999924602350494	5.156835519459228e-05	False
IBD	s__Bacteroides_fluxus	1	7	2	up	1.0	15.736031296193799	0.0012144950991219096	0.9990309733494587	0.9999924602350494	5.1527487463235524e-05	False
IBD	s__Firmicutes_bacterium_AM41_11	1	7	2	up	1.0	15.587572430638744	0.001203225333763681	0.9990399653146717	0.9999924602350494	5.1041360294973945e-05	False
IBD	s__Veillonella_seminalis	2	7	2	up	1.0	15.578947245250372	0.0022265770889850368	0.9982234499851791	0.9999924602350494	5.101311720600177e-05	True
IBD	s__GGB9621_SGB15072	1	7	2	up	1.0	15.528393052507882	7.843067598193405e-05	0.9999374213746048	0.9999924602350494	5.084757797417635e-05	False
IBD	s__GGB3738_SGB5072	1	7	2	down	1.0	-15.480656975265248	-0.0017603331819050188	0.9985954580576818	0.9999924602350494	5.069126663522656e-05	False
IBD	s__GGB9266_SGB14215	1	7	2	down	1.0	-15.446570077668824	-0.0016097087878604532	0.9987156387654422	0.9999924602350494	5.0579649407508845e-05	False
IBD	s__GGB4729_SGB6550	1	7	2	up	1.0	15.43542981164749	0.0012341196140788827	0.9990153152636967	0.9999924602350494	5.0543170710501535e-05	False
IBD	s__GGB9271_SGB14223	1	7	2	down	1.0	-15.289692874053856	-0.0017975696744303858	0.9985657476822108	0.9999924602350494	5.006595646991962e-05	False
IBD	s__GGB4698_SGB6498	1	7	2	up	1.0	15.254708784196266	2.4844122223057878e-05	0.9999801772584536	0.9999924602350494	4.995140139452487e-05	False
IBD	s__GGB6610_SGB9344	1	7	2	down	1.0	-15.139442327998593	-0.0017302853035857948	0.9986194327593619	0.9999924602350494	4.957396246059915e-05	False
IBD	s__Parafannyhessea_umbonata	1	7	2	up	1.0	15.09741009890391	0.0016831472908940262	0.9986570433971345	0.9999924602350494	4.94363283191208e-05	False
IBD	s__Parvimonas_parva	2	7	2	up	1.0	15.087385325063249	0.00132962747485663	0.9989391110787852	0.9999924602350494	4.940350229083745e-05	True
IBD	s__GGB9095_SGB14026	1	7	2	down	1.0	-14.702649390094097	-0.001614203697184065	0.9987120523513502	0.9999924602350494	4.814368806623215e-05	False
IBD	s__Neisseria_subflava	1	7	2	up	1.0	14.649994887460874	0.0015461749574541821	0.9987663313646937	0.9999924602350494	4.797127138929198e-05	False
IBD	s__Anaeromassilibacillus_sp_An172	1	7	2	up	1.0	14.578451302499998	2.501215910688243e-05	0.9999800431844184	0.9999924602350494	4.773700258874389e-05	False
IBD	s__Methanomassiliicoccus_SGB58821	1	7	2	up	1.0	14.556426600917623	0.0017524570473833262	0.9986017422941222	0.9999924602350494	4.766488290918137e-05	False
IBD	s__GGB6132_SGB8779	1	7	2	down	1.0	-14.539455997139152	-0.001692092101635447	0.9986499064809078	0.9999924602350494	4.7609312825659085e-05	False
IBD	s__Leuconostoc_citreum	1	7	2	up	1.0	14.539017129849311	0.0016805838450294356	0.9986590887281195	0.9999924602350494	4.760787575881869e-05	False
IBD	s__Mitsuokella_jalaludinii	2	7	2	up	1.0	14.510042623621088	0.0015589180572719455	0.9987561638543463	0.9999924602350494	4.751299900887289e-05	True
IBD	s__GGB4723_SGB6541	1	7	2	up	1.0	14.477547476165997	3.085584663648887e-05	0.9999753805963622	0.9999924602350494	4.740659395212181e-05	False
IBD	s__GGB6609_SGB9343	1	7	2	down	1.0	-14.397887841302074	-0.0016159892794552961	0.9987106276646821	0.9999924602350494	4.714574922199157e-05	False
IBD	s__Anaerococcus_obesiensis	2	7	2	up	1.0	14.381227641571236	0.0011004317377378522	0.9991219826834473	0.9999924602350494	4.709119555362327e-05	True
IBD	s__Clostridiaceae_bacterium_CLA_AA_H274	1	7	2	up	1.0	14.37025598749147	3.080414412668389e-05	0.9999754218489965	0.9999924602350494	4.7055268974843344e-05	False
IBD	s__GGB6611_SGB9345	1	7	2	down	1.0	-14.352500009298533	-0.0016288506980210369	0.9987003657508845	0.9999924602350494	4.699712719013837e-05	False
IBD	s__GGB3169_SGB4183	1	7	2	down	1.0	-14.291167835419566	-0.0015327018345125238	0.9987770813487366	0.9999924602350494	4.6796295559776405e-05	False
IBD	s__Intestinimonas_SGB15130	1	7	2	up	1.0	14.271327461949955	0.0013407947176574304	0.9989302009161102	0.9999924602350494	4.673132844221173e-05	False
IBD	s__Dialister_micraerophilus	1	7	2	up	1.0	14.2575842555088	9.449694004768174e-06	0.9999924602350494	0.9999924602350494	4.668632644111806e-05	False
IBD	s__GGB3451_SGB4604	1	7	2	up	1.0	14.077316479990355	2.4864004347291662e-05	0.9999801613948136	0.9999924602350494	4.609604129436071e-05	False
IBD	s__GGB1530_SGB2113	1	7	2	down	1.0	-14.033143330643231	-0.0018000429614916035	0.9985637742878429	0.9999924602350494	4.59513967295176e-05	False
IBD	s__GGB33896_SGB14872	1	7	2	up	1.0	14.023824274177754	0.0012175535041927654	0.9990285330970762	0.9999924602350494	4.5920881566186025e-05	False
IBD	s__Veillonella_ratti	1	7	2	up	1.0	13.981195698464003	0.0013692842982855286	0.998907469540453	0.9999924602350494	4.578129469327499e-05	False
IBD	s__GGB6544_SGB9242	1	7	2	down	1.0	-13.92781583243459	-0.0016196631942187398	0.9987076963086509	0.9999924602350494	4.5606502820670805e-05	False
IBD	s__Ruminococcus_champanellensis	1	7	2	down	1.0	-13.880583062035155	-0.0016013154430928993	0.9987223356770145	0.9999924602350494	4.545183955527686e-05	False
IBD	s__GGB9282_SGB14235	1	7	2	up	1.0	13.833120712701652	3.071219612812931e-05	0.9999754952128849	0.9999924602350494	4.529642453580817e-05	False
IBD	s__GGB3328_SGB4406	1	7	2	down	1.0	-13.746199368151263	-0.0007163794037157474	0.9994284119829878	0.9999924602350494	4.501180140515317e-05	False
IBD	s__Bifidobacterium_scardovii	1	7	2	up	1.0	13.689909448112997	0.0011482798850265328	0.9990838054095977	0.9999924602350494	4.4827480587884595e-05	False
IBD	s__GGB9711_SGB15240	1	7	2	down	1.0	-13.300781565328647	-0.0007262229986908456	0.9994205579325776	0.9999924602350494	4.355328497119084e-05	False
IBD	s__Methanomassiliicoccaceae_archaeon_DOK	1	7	2	down	1.0	-13.24705344032214	-0.0016851963507981008	0.9986554084861915	0.9999924602350494	4.337735272781982e-05	False
IBD	s__GGB6012_SGB8640	2	7	2	down	1.0	-13.197728015296253	-0.10134019636233318	0.9192804083386301	0.9999924602350494	4.321583708440248e-05	True
IBD	s__GGB3504_SGB4680	1	7	2	up	1.0	13.140343552578129	0.0015069604303077102	0.9987976199940034	0.9999924602350494	4.302793219735463e-05	False
IBD	s__Proteus_penneri	1	7	2	up	1.0	12.988597938426564	0.0010781460112496055	0.999139764109989	0.9999924602350494	4.25310426015207e-05	False
IBD	s__Collinsella_phocaeensis	1	7	2	up	1.0	12.938674687379846	0.0012029948335792633	0.999040149227077	0.9999924602350494	4.236756938238343e-05	False
IBD	s__GGB9593_SGB15015	1	7	2	down	1.0	-12.923953300106225	-0.0012762492006760725	0.9989817007434799	0.9999924602350494	4.231936433729265e-05	False
IBD	s__GGB6519_SGB9208	1	7	2	down	1.0	-12.912101525791513	-0.0017955210837964951	0.9985673822184112	0.9999924602350494	4.2280555813026045e-05	False
IBD	s__GGB9450_SGB14840	2	7	2	up	1.0	12.845171498717557	0.0017657210793145925	0.9985911591442046	0.9999924602350494	4.2061394064675845e-05	True
IBD	s__GGB4626_SGB6403	1	7	2	up	1.0	12.832362660948748	2.5027026689973883e-05	0.9999800313218034	0.9999924602350494	4.20194516450703e-05	False
IBD	s__GGB9060_SGB13977	2	7	2	down	1.0	-12.831805503567269	-0.0019520080537197878	0.9984425239004586	0.9999924602350494	4.201762723842997e-05	True
IBD	s__GGB81342_SGB47944	1	7	2	up	1.0	12.74294574404186	0.0014369291152567173	0.9988534968385119	0.9999924602350494	4.172665678604919e-05	False
IBD	s__Peptoniphilus_lacrimalis	1	7	2	up	1.0	12.706272979927535	0.0013202712945966256	0.9989465762240102	0.9999924602350494	4.160657216257744e-05	False
IBD	s__GGB13818_SGB6606	1	7	2	down	1.0	-12.70211362258638	-0.0015214062485123382	0.9987860939119031	0.9999924602350494	4.1592952385823225e-05	False
IBD	s__GGB1425_SGB1964	1	7	2	down	1.0	-12.650827369676119	-0.0012648950470357033	0.998990760040058	0.9999924602350494	4.1425016029817824e-05	False
IBD	s__Erysipelatoclostridium_SGB66626	1	7	2	up	1.0	12.649780113853343	0.0005235670462818193	0.9995822539563122	0.9999924602350494	4.142158680041028e-05	False
IBD	s__GGB9817_SGB57321	1	7	2	down	1.0	-12.645904980352606	-0.0012930961780076064	0.9989682588114632	0.9999924602350494	4.140889771196612e-05	False
IBD	s__GGB5973_SGB8589	1	7	2	down	1.0	-12.605044079753982	-0.0016263927403474092	0.9987023269147657	0.9999924602350494	4.12750990747048e-05	False
IBD	s__Eubacterium_sp_An11	1	7	2	up	1.0	12.538706230581335	0.0011753356483036332	0.9990622180483681	0.9999924602350494	4.105787640735993e-05	False
IBD	s__GGB25063_SGB36986	1	7	2	up	1.0	12.522644445215574	0.0012045713279338918	0.9990388913674826	0.9999924602350494	4.10052822412393e-05	False
IBD	s__GGB9513_SGB14911	1	7	2	up	1.0	12.493720999680828	0.0013524289065412441	0.9989209181848389	0.9999924602350494	4.0910572689057255e-05	False
IBD	s__Clostridioides_difficile	4	7	2	up	1.0	12.481399076535357	0.0025312552120020284	0.9979803527036238	0.9999924602350494	4.0870224666836763e-05	True
IBD	s__GGB1331_SGB1787	1	7	2	down	1.0	-12.37947527672783	-0.0014811060532194465	0.9988182487792876	0.9999924602350494	4.0536476136604874e-05	False
IBD	s__GGB9258_SGB14205	1	7	2	down	1.0	-12.362974313103994	-0.001698200917555591	0.9986450323580033	0.9999924602350494	4.048244388538126e-05	False
IBD	s__GGB9813_SGB15447	2	7	2	up	1.0	12.333297325877039	0.0017737741682183094	0.9985847337189638	0.9999924602350494	4.0385266867968154e-05	True
IBD	s__Slackia_exigua	1	7	2	up	1.0	12.32246527486917	0.0014757681016110656	0.9988225078438075	0.9999924602350494	4.034979741814289e-05	False
IBD	s__Marvinbryantia_formatexigens	1	7	2	up	1.0	12.274863460442731	3.075028553428901e-05	0.9999754648219358	0.9999924602350494	4.0193925721530356e-05	False
IBD	s__GGB4250_SGB5751	1	7	2	up	1.0	12.208844329933935	0.0015206263531021718	0.9987867161776901	0.9999924602350494	3.99777466954726e-05	False
IBD	s__GGB3616_SGB4888	1	7	2	down	1.0	-12.141963775984163	-0.001509137338074307	0.9987958830748812	0.9999924602350494	3.975874694640532e-05	False
IBD	s__GGB9090_SGB14019	1	7	2	up	1.0	12.03543022917173	0.0014432929910043032	0.9988484192055713	0.9999924602350494	3.9409903842673104e-05	False
IBD	s__Schaalia_meyeri	1	7	2	up	1.0	11.976048791855975	0.0011867832685075082	0.99905308417532	0.9999924602350494	3.921545988096234e-05	False
IBD	s__GGB4571_SGB6320	1	7	2	up	1.0	11.93367348034092	0.0016018357785413091	0.9987219205099263	0.9999924602350494	3.907670231930377e-05	False
IBD	s__GGB6001_SGB8624	1	7	2	down	1.0	-11.918172919390289	-0.0016468790043589233	0.9986859812628942	0.9999924602350494	3.902594587728717e-05	False
IBD	s__GGB3474_SGB4637	1	7	2	down	1.0	-11.877292845451505	-0.0018375278240433325	0.9985338657442193	0.9999924602350494	3.8892084457102634e-05	False
IBD	s__GGB9267_SGB14218	1	7	2	down	1.0	-11.82106279980201	-0.0016403965653924474	0.9986911534938754	0.9999924602350494	3.870795969796071e-05	False
IBD	s__Olsenella_SGB74421	1	7	2	up	1.0	11.79563384655552	6.174754807732517e-05	0.999950732584753	0.9999924602350494	3.8624692828128745e-05	False
IBD	s__GGB4632_SGB6411	1	7	2	up	1.0	11.676504886402101	0.0014897589140963918	0.998811344802804	0.9999924602350494	3.8234606161085946e-05	False
IBD	s__Enterococcus_raffinosus	2	7	2	up	1.0	11.650317175888224	0.0015870398640100653	0.9987337259266875	0.9999924602350494	3.814885474767073e-05	True
IBD	s__Gemmiger_sp_An50	1	7	2	up	1.0	11.540492408363699	0.0012291612575272284	0.9990192714568356	0.9999924602350494	3.778923457246546e-05	False
IBD	s__GGB2999_SGB3990	1	7	2	up	1.0	11.492020069036615	3.0689535951447634e-05	0.99997551329309	0.9999924602350494	3.763051235019878e-05	False
IBD	s__GGB9082_SGB14007	1	7	2	down	1.0	-11.426038352285211	-0.0017973665104515262	0.998565909783351	0.9999924602350494	3.741445583514005e-05	False
IBD	s__Clostridium_SGB6177	1	7	2	up	1.0	11.318723864291865	0.0013739375202838583	0.9989037568099549	0.9999924602350494	3.706305554680698e-05	False
IBD	s__GGB9271_SGB14222	2	7	2	up	1.0	11.317647238938132	0.001347725250836373	0.9989246711556848	0.9999924602350494	3.705953014714471e-05	True
IBD	s__Actinomyces_naeslundii	1	7	2	up	1.0	11.268192404384271	0.0011953253968138373	0.9990462685478624	0.9999924602350494	3.689759075343704e-05	False
IBD	s__GGB4659_SGB6447	1	7	2	up	1.0	11.225585269596463	0.0010615548872786314	0.9991530019040757	0.9999924602350494	3.6758074088637693e-05	False
IBD	s__GGB4724_SGB6543	1	7	2	down	1.0	-11.200696622302157	-0.0016238941566207627	0.9987043204935124	0.9999924602350494	3.6676576445598285e-05	False
IBD	s__GGB3600_SGB47662	1	7	2	up	1.0	11.18610082231027	0.0014132700838624694	0.9988723739952156	0.9999924602350494	3.662878263488822e-05	False
IBD	s__GGB4586_SGB6343	1	7	2	down	1.0	-11.146890466488669	-0.0017915028862687968	0.9985705882710244	0.9999924602350494	3.6500388691078814e-05	False
IBD	s__Citrobacter_braakii	2	7	2	up	1.0	11.146316356533859	0.0016141958075678528	0.9987120586463449	0.9999924602350494	3.64985087733955e-05	True
IBD	s__GGB3883_SGB5265	1	7	2	up	1.0	11.083150720038367	0.001186048888483584	0.9990536701253905	0.9999924602350494	3.6291673486825115e-05	False
IBD	s__GGB4562_SGB6298	1	7	2	up	1.0	11.058442796651113	2.9419974091457747e-05	0.9999765262568966	0.9999924602350494	3.62107676225309e-05	False
IBD	s__GGB3602_SGB66069	1	7	2	up	1.0	10.99411225271015	0.001540844990991384	0.9987705840575781	0.9999924602350494	3.600011785741364e-05	False
IBD	s__Latilactobacillus_curvatus	1	7	2	up	1.0	10.936631324418247	0.001204144669197753	0.999039231791654	0.9999924602350494	3.5811897094745704e-05	False
IBD	s__GGB41473_SGB58537	1	7	2	up	1.0	10.884767984325727	0.0015241440886447203	0.9987839094340643	0.9999924602350494	3.564207107215351e-05	False
IBD	s__Haemophilus_haemolyticus	2	7	2	up	1.0	10.854089957354773	0.1060195443572421	0.9155668454246194	0.9999924602350494	3.5541616159451034e-05	True
IBD	s__Leuconostoc_carnosum	1	7	2	up	1.0	10.84271654539612	0.0010918836416003845	0.9991288030732821	0.9999924602350494	3.550437402825017e-05	False
IBD	s__Qingrenia_yutianensis	1	7	2	up	1.0	10.801708338957202	2.436183488814504e-05	0.9999805620680718	0.9999924602350494	3.537009303939104e-05	False
IBD	s__GGB3287_SGB4341	1	7	2	up	1.0	10.61102482229652	2.4885512072916313e-05	0.9999801442341314	0.9999924602350494	3.4745701645574e-05	False
IBD	s__Streptococcus_infantis	2	7	2	up	1.0	10.597167063606046	0.0014825883248637166	0.9988170660989262	0.9999924602350494	3.470032454421016e-05	True
IBD	s__GGB9370_SGB14351	1	7	2	up	1.0	10.590201732454378	0.0017209864964864857	0.9986268521229336	0.9999924602350494	3.4677516632428644e-05	False
IBD	s__GGB9536_SGB14939	1	7	2	down	1.0	-10.355403538441943	-0.001388077479181626	0.9988924747658185	0.9999924602350494	3.390867213977105e-05	False
IBD	s__GGB3132_SGB4145	1	7	2	up	1.0	10.339638939791119	0.0014536028479423435	0.9988401931385256	0.9999924602350494	3.385705110877197e-05	False
IBD	s__Actinomyces_dentalis	1	7	2	up	1.0	10.28472147822197	0.0013607743296464416	0.9989142595067171	0.9999924602350494	3.367722439393813e-05	False
IBD	s__Dysosmobacter_SGB15074	1	7	2	up	1.0	10.269516297601402	2.4970530846800016e-05	0.9999800763989644	0.9999924602350494	3.3627435172052685e-05	False
IBD	s__Streptococcus_cristatus	2	7	2	up	1.0	10.252530401799868	0.0019244768922428743	0.9984644905478793	0.9999924602350494	3.357181501494375e-05	True
IBD	s__Dysosmobacter_sp_Marseille_Q4140	1	7	2	up	1.0	10.18616521923697	0.0016256940932103613	0.9987028843537928	0.9999924602350494	3.3354502844667875e-05	False
IBD	s__Acidaminococcus_massiliensis	1	7	2	up	1.0	10.141889875177066	0.0012500932738674629	0.9990025701370038	0.9999924602350494	3.320952364419253e-05	False
IBD	s__Anaerofilum_sp_An201	1	7	2	up	1.0	10.03753210913034	0.0017200784682017902	0.9986275766236103	0.9999924602350494	3.286780511425007e-05	False
IBD	s__GGB9457_SGB14849	1	7	2	up	1.0	9.979772763042481	0.0013341464110719389	0.9989355054925457	0.9999924602350494	3.2678672675110425e-05	False
IBD	s__GGB9637_SGB15111	1	7	2	down	1.0	-9.959919640558608	-0.001275719650662839	0.9989821232629157	0.9999924602350494	3.2613663811017656e-05	False
IBD	s__Clostridium_cuniculi	1	7	2	up	1.0	9.943246448564915	0.0015166107357090517	0.9987899201731156	0.9999924602350494	3.255906759960602e-05	False
IBD	s__Lactobacillus_apis	1	7	2	up	1.0	9.856091565800835	0.0011613267206527268	0.9990733955478255	0.9999924602350494	3.2273679750252154e-05	False
IBD	s__Bilophila_SGB69261	1	7	2	up	1.0	9.826668232004206	0.0010658842084799117	0.9991495476074848	0.9999924602350494	3.2177333318626844e-05	False
IBD	s__Clostridiales_bacterium_CHKCI006	2	7	2	up	1.0	9.733218986834824	0.0020756956064187097	0.9983438357119796	0.9999924602350494	3.1871334638382814e-05	True
IBD	s__GGB34228_SGB53814	1	7	2	up	1.0	9.630514627511397	0.0014600919036190764	0.9988350156266813	0.9999924602350494	3.15350301733086e-05	False
IBD	s__GGB9253_SGB14199	1	7	2	up	1.0	9.409390929847413	2.384091374100761e-05	0.9999809777030124	0.9999924602350494	3.081096269118805e-05	False
IBD	s__GGB33665_SGB47358	1	7	2	down	1.0	-9.38423187517518	-0.0017565843465637547	0.998598449190897	0.9999924602350494	3.0728579601715934e-05	False
IBD	s__Robinsoniella_peoriensis	1	7	2	up	1.0	9.376623008775372	0.001337361159836523	0.9989329404964279	0.9999924602350494	3.07036644397767e-05	False
IBD	s__GGB52384_SGB61014	1	7	2	down	1.0	-9.297723946091278	-0.0016885504482213346	0.9986527323074497	0.9999924602350494	3.044531019614355e-05	False
IBD	s__GGB9088_SGB14016	1	7	2	down	1.0	-9.271635453226684	-0.00167110707552266	0.9986666500855773	0.9999924602350494	3.035988366999396e-05	False
IBD	s__Abiotrophia_defectiva	1	7	2	up	1.0	9.253157674666898	0.0011983109329373506	0.9990438864363897	0.9999924602350494	3.0299378356731263e-05	False
IBD	s__GGB71580_SGB98325	1	7	2	up	1.0	9.200489972090175	2.508670353867161e-05	0.9999799837065672	0.9999924602350494	3.012691845669942e-05	False
IBD	s__GGB77016_SGB104875	1	7	2	up	1.0	9.031640449103744	0.0011606744116387832	0.9990739160147658	0.9999924602350494	2.957402227118147e-05	False
IBD	s__GGB34231_SGB47113	1	7	2	up	1.0	9.020570244760137	0.001100904377541509	0.9991216055716736	0.9999924602350494	2.9537772990483317e-05	False
IBD	s__GGB45599_SGB63311	1	7	2	up	1.0	8.84757942368494	2.505562742086951e-05	0.9999800085017218	0.9999924602350494	2.8971316163064378e-05	False
IBD	s__GGB79087_SGB105683	1	7	2	up	1.0	8.778077141792142	2.408117186518199e-05	0.9999807860047646	0.9999924602350494	2.8743731590341546e-05	False
IBD	s__Corynebacterium_durum	1	7	2	up	1.0	8.754106761487469	0.0016227093412406262	0.9987052658381661	0.9999924602350494	2.8665240803980642e-05	False
IBD	s__GGB51884_SGB49168	5	7	2	down	1.0	-8.628247435902262	-0.19739598819874446	0.8435176688136949	0.9999924602350494	2.8253115618210856e-05	True
IBD	s__Peptostreptococcus_anaerobius	3	7	2	up	1.0	8.611045424568998	0.050092210732482885	0.9600489068824097	0.9999924602350494	2.8196787792812364e-05	True
IBD	s__Actinomyces_sp_oral_taxon_448	1	7	2	up	1.0	8.608336258973809	0.0016293700065207633	0.9986999514032001	0.9999924602350494	2.8187916655381692e-05	False
IBD	s__Dellaglioa_algida	1	7	2	up	1.0	8.58664570080356	0.001558354225745427	0.9987566137262698	0.9999924602350494	2.8116891125300392e-05	False
IBD	s__GGB9770_SGB73065	1	7	2	up	1.0	8.462083052324537	0.0011416591276644892	0.9990890880062151	0.9999924602350494	2.7709011896600413e-05	False
IBD	s__Clostridium_disporicum	1	7	2	up	1.0	8.460357798092646	0.0012174398015414875	0.9990286238185989	0.9999924602350494	2.7703362567736524e-05	False
IBD	s__GGB9604_SGB15036	1	7	2	up	1.0	8.235216467752187	3.080973864458609e-05	0.999975417385217	0.9999924602350494	2.696613938495217e-05	False
IBD	s__GGB4266_SGB5809	3	7	2	down	1.0	-8.20183203129006	-0.14048044563994747	0.8882804013960898	0.9999924602350494	2.6856822359655868e-05	True
IBD	s__Bacteroides_cutis	2	7	2	up	1.0	8.059314758354727	0.0316983392084745	0.9747126193422647	0.9999924602350494	2.639015088091738e-05	True
IBD	s__Erysipelotrichaceae_bacterium_LH1062	1	7	2	up	1.0	8.048066170925916	0.0014010666900850946	0.9988821108850597	0.9999924602350494	2.6353317486473292e-05	False
IBD	s__GGB79342_SGB106059	1	7	2	up	1.0	7.970148161090392	0.0016612601223761874	0.998674506806558	0.9999924602350494	2.609817569122716e-05	False
IBD	s__GGB1387_SGB1894	1	7	2	down	1.0	-7.894237541778662	-0.1368414435303263	0.891156124553921	0.9999924602350494	2.5849607077496857e-05	False
IBD	s__GGB9343_SGB14307	2	7	2	up	1.0	7.855508158263401	0.10377958421929079	0.9173442684050064	0.9999924602350494	2.5722788073011005e-05	True
IBD	s__Staphylococcus_aureus	1	7	2	up	1.0	7.748175720483836	0.0010818943017178746	0.9991367734086392	0.9999924602350494	2.537132900827066e-05	False
IBD	s__Parabacteroides_faecis	2	7	2	up	1.0	7.5958016666690185	0.026573487329185314	0.9787999198362884	0.9999924602350494	2.4872381592630705e-05	True
IBD	s__Candidatus_Nanosynsacchari_sp_TM7_ANC_38_39_G1_1	2	7	2	up	1.0	7.377169662963481	0.06357078619724647	0.9493119939128396	0.9999924602350494	2.4156473139098078e-05	True
IBD	s__Traorella_massiliensis	2	7	2	up	1.0	6.706140272268104	0.14874647669827207	0.881753686051021	0.9999924602350494	2.1959193668455318e-05	True
IBD	s__Gemella_haemolysans	1	7	2	up	1.0	6.6538265530660485	0.0015602309134910319	0.9987551163479125	0.9999924602350494	2.1787892883676684e-05	False
IBD	s__Actinobaculum_sp_oral_taxon_183	2	7	2	up	1.0	6.529603533542739	0.0017724247396509604	0.9985858104054911	0.9999924602350494	2.1381125766819154e-05	True
IBD	s__Prevotella_marseillensis	2	7	2	up	0.5	12.943396901100867	0.0012155952942435792	0.9990300955214052	0.9999924602350494	2.1191516113547473e-05	False
IBD	s__GGB1662_SGB2276	2	7	2	up	1.0	6.466182617628241	0.2117860462950436	0.8322739550440079	0.9999924602350494	2.117345457017622e-05	True
IBD	s__Alistipes_montrealensis	1	7	2	down	1.0	-6.460176585289154	-0.001759655387596886	0.9985959988584581	0.9999924602350494	2.115378787339411e-05	False
IBD	s__GGB9603_SGB15035	1	7	2	down	1.0	-6.4176408915910725	-0.0007871660642551979	0.9993719324154045	0.9999924602350494	2.101450514177562e-05	False
IBD	s__GGB4554_SGB6285	1	7	2	down	1.0	-6.136782705691911	-0.1356208569437516	0.8921210163379298	0.9999924602350494	2.0094837636007086e-05	False
IBD	s__Klebsiella_aerogenes	1	7	2	up	1.0	5.513246632367846	0.18043883200732977	0.8568080710579524	0.9999924602350494	1.8053074589383493e-05	False
IBD	s__Tractidigestivibacter_sp_KD21	1	7	2	up	1.0	5.015554537086902	0.0009258744290431967	0.999261259193371	0.9999924602350494	1.642338647314651e-05	False
IBD	s__Clostridium_sp_AM58_1XD	1	7	2	up	1.0	4.888169358041033	0.0010977612834785853	0.9991241133963842	0.9999924602350494	1.6006264894475294e-05	False
IBD	s__GGB9083_SGB14011	1	7	2	down	1.0	-4.657700692628808	-0.0008959808837610538	0.9992851107817226	0.9999924602350494	1.5251597402769843e-05	False
IBD	s__GGB9595_SGB15018	2	7	2	down	0.5	-9.025691549134926	-0.001722622364114843	0.9986255468913441	0.9999924602350494	1.4777271326906017e-05	False
IBD	s__GGB6554_SGB9256	1	7	2	up	1.0	4.385459086012447	0.19366286628495952	0.8464398697223803	0.9999924602350494	1.4360144805361202e-05	False
IBD	s__Pyramidobacter_piscolens	1	7	2	up	1.0	4.367909902428927	0.24781108354943032	0.8042805789359572	0.9999924602350494	1.4302680167672755e-05	False
IBD	s__Prevotella_dentalis	1	7	2	down	1.0	-4.151492485108188	-0.0008736729262523435	0.9993029099496338	0.9999924602350494	1.3594023356567054e-05	False
IBD	s__GGB9715_SGB15266	3	7	2	up	1.0	4.109292072525988	0.17905363985490327	0.8578955836725621	0.9999924602350494	1.3455838499830107e-05	True
IBD	s__Clostridium_cadaveris	3	7	2	up	0.6666666666666666	6.014411942117925	0.16438845337413438	0.8694253527942842	0.9999924602350494	1.3129423809300431e-05	True
IBD	s__GGB10692_SGB17347	2	7	2	up	1.0	3.9744941578053896	0.23214442175329586	0.8164258435580198	0.9999924602350494	1.3014443987446545e-05	True
IBD	s__Streptococcus_infantarius	2	7	2	up	0.5	7.559314245610412	-0.07258780657405285	0.9421341300667467	0.9999924602350494	1.2376451936631657e-05	False
IBD	s__Sutterella_faecalis	1	7	2	down	1.0	-3.6694878642174706	-0.012500989724436187	0.9900259130877737	0.9999924602350494	1.2015703728658369e-05	False
IBD	s__GGB4598_SGB6360	2	7	2	down	0.5	-7.034696208207885	-0.0012023315720379444	0.9990406784328378	0.9999924602350494	1.1517523505554361e-05	False
IBD	s__Marvinbryantia_SGB4691	2	7	2	up	1.0	3.5113570317323712	0.16141648027359162	0.8717653874937712	0.9999924602350494	1.1497905795046113e-05	True
IBD	s__Clostridium_SGB26969	1	7	2	up	1.0	3.430051887970367	0.22387999692008892	0.8228506808344809	0.9999924602350494	1.1231672861402508e-05	False
IBD	s__Phocaeicola_faecalis	3	7	2	up	0.6666666666666666	5.07006103379027	-0.02358655105328029	0.9811823998729646	0.9999924602350494	1.1067911658244566e-05	True
IBD	s__GGB9364_SGB14339	1	7	2	down	1.0	-3.310755506987047	-0.0009421033556199765	0.999248310389065	0.9999924602350494	1.084103797641634e-05	False
IBD	s__Fusobacterium_SGB6028	1	7	2	up	1.0	3.3084064711943113	0.03344267227735316	0.9733215811226775	0.9999924602350494	1.0833346080659235e-05	False
IBD	s__GGB12785_SGB19827	1	7	2	up	1.0	3.26395123234884	0.041342245362443714	0.9670230549132409	0.9999924602350494	1.0687777816389247e-05	False
IBD	s__GGB3600_SGB4861	2	7	2	down	1.0	-3.2532379644613028	-0.019291379604845314	0.9846086607292414	0.9999924602350494	1.0652697320781762e-05	True
IBD	s__bacterium_210820_DFI_6_37	1	7	2	up	1.0	3.2199561109538317	0.24425787444449176	0.8070311067869893	0.9999924602350494	1.0543716202412083e-05	False
IBD	s__Lancefieldella_rimae	1	7	2	down	1.0	-3.208675900172403	-0.17150432693593398	0.863827228447549	0.9999924602350494	1.0506779257595298e-05	False
IBD	s__Bacteroides_stercorirosoris	2	7	2	up	0.5	6.404618098468977	-0.17613401082476127	0.8601886618189744	0.9999924602350494	1.0485931063682324e-05	False
IBD	s__Lachnoclostridium_sp_An181	2	7	2	up	0.5	6.1937389006858385	-0.18562388695221463	0.8527397200324275	0.9999924602350494	1.0140670082196601e-05	False
IBD	s__GGB9480_SGB14875	2	7	2	up	0.5	5.913870648580288	-0.10962398011158775	0.9127075918951577	0.9999924602350494	9.682457093791626e-06	False
IBD	s__GGB3130_SGB4143	1	7	2	down	1.0	-2.9522547592310033	-0.0008623417852134579	0.999311950888719	0.9999924602350494	9.667130627234326e-06	False
IBD	s__GGB3724_SGB5054	2	7	2	down	1.0	-2.8971834352060934	-0.17971872151665488	0.8573733951059613	0.9999924602350494	9.486800091226577e-06	True
IBD	s__GGB3306_SGB4373	1	7	2	up	1.0	2.648993324809133	0.0008837294777994285	0.9992948859855172	0.9999924602350494	8.674103893483775e-06	False
IBD	s__GGB31234_SGB14869	1	7	2	up	1.0	2.60607321575903	0.000644869554511343	0.9994854685743855	0.9999924602350494	8.53356239738655e-06	False
IBD	s__GGB9089_SGB14018	2	7	2	up	1.0	2.5943293829646183	0.23744090947989105	0.8123147558082738	0.9999924602350494	8.495107326619706e-06	True
IBD	s__Bifidobacterium_ruminantium	1	7	2	down	1.0	-2.5812558431288433	-0.0009676757472331813	0.9992279065819168	0.9999924602350494	8.4522981425689e-06	False
IBD	s__GGB32024_SGB48242	1	7	2	down	1.0	-2.5798465117322253	-0.0007847288154638277	0.9993738770579853	0.9999924602350494	8.447683300077556e-06	False
IBD	s__Slackia_piriformis	2	7	2	up	1.0	2.5542531227088863	0.01817577168411077	0.9854986308391527	0.9999924602350494	8.363877986830575e-06	True
IBD	s__GGB6565_SGB9274	1	7	2	down	1.0	-2.510605949601776	-0.08521990806422382	0.932086563807106	0.9999924602350494	8.220955726271379e-06	False
IBD	s__GGB4768_SGB6601	2	7	2	up	1.0	2.3646840658184933	0.043447163177196865	0.9653450823935297	0.9999924602350494	7.743135881119348e-06	True
IBD	s__Propionibacterium_freudenreichii	1	7	2	up	1.0	2.3393838513718883	0.18287450966919	0.8548964839307256	0.9999924602350494	7.660290565284859e-06	False
IBD	s__Neobittarella_massiliensis	4	7	2	up	0.75	3.117721801294835	-0.2269907828828581	0.8204309093143578	0.9999924602350494	7.656713182929406e-06	True
IBD	s__Pseudoflavonifractor_sp_AF19_9AC	2	7	2	up	1.0	2.259186250360293	0.04780061866092541	0.9618751435015148	0.9999924602350494	7.39768427003009e-06	True
IBD	s__Bacteroides_oleiciplenus	1	7	2	up	1.0	2.200815144591179	0.18943780106619187	0.8497496998356204	0.9999924602350494	7.206548629529634e-06	False
IBD	s__Solobacterium_SGB6834	1	7	2	up	1.0	2.1224744082644023	0.09929063820358751	0.9209075113179395	0.9999924602350494	6.950022620337277e-06	False
IBD	s__GGB1146_SGB1472	1	7	2	down	1.0	-1.9956638484385976	-0.13336755943240433	0.8939027000048566	0.9999924602350494	6.534782626933698e-06	False
IBD	s__GGB4682_SGB6472	1	7	2	up	1.0	1.7666243188682218	0.04896149746835554	0.9609499796877179	0.9999924602350494	5.784794827190474e-06	False
IBD	s__GGB1550_SGB2135	2	7	2	down	0.5	-3.4389734994644967	0.13936179868295545	0.88916425796392	0.9999924602350494	5.630443297444294e-06	False
IBD	s__Adlercreutzia_caecimuris	1	7	2	up	1.0	1.6980815694039204	0.11806031110061153	0.9060198706143242	0.9999924602350494	5.560352234440181e-06	False
IBD	s__GGB25053_SGB36975	1	7	2	up	1.0	1.6881973755051043	0.018415666642323393	0.9853072543889589	0.9999924602350494	5.527986533863021e-06	False
IBD	s__GGB3583_SGB4799	3	7	2	up	0.6666666666666666	2.5289242964944925	0.022214829383126633	0.9822765883729242	0.9999924602350494	5.520625988019846e-06	True
IBD	s__GGB9091_SGB106149	1	7	2	up	1.0	1.6628400570571091	0.012553530796003923	0.9899839946672716	0.9999924602350494	5.44495423150948e-06	False
IBD	s__GGB9770_SGB15390	3	7	2	up	0.6666666666666666	2.395298003503051	0.14734794992685551	0.8828573869158723	0.9999924602350494	5.228920622701525e-06	True
IBD	s__GGB3600_SGB4860	2	7	2	up	0.5	3.1472525691890665	0.08503034569026989	0.9322372656934509	0.9999924602350494	5.152824567073363e-06	False
IBD	s__Bacteroides_clarus	4	7	2	up	0.5	3.0519341821692647	0.17632632139371143	0.8600375845045307	0.9999924602350494	4.99676498318811e-06	False
IBD	s__Mediterraneibacter_SGB4586	1	7	2	up	1.0	1.502539136252341	0.11933811943001774	0.9050074843358383	0.9999924602350494	4.920050363968832e-06	False
IBD	s__Acidaminococcus_provencensis	1	7	2	up	1.0	1.4630017092655418	0.015220635232620525	0.9878561590334493	0.9999924602350494	4.790585428684695e-06	False
IBD	s__GGB3304_SGB4365	1	7	2	down	1.0	-1.4192599731771833	-0.09261610346062	0.9262085500257584	0.9999924602350494	4.647353522526869e-06	False
IBD	s__Methylobacterium_fujisawaense	1	7	2	down	1.0	-1.3739270935574033	-0.18599707761551268	0.8524470530672921	0.9999924602350494	4.498911431740891e-06	False
IBD	s__bacterium_OL_1	3	7	2	up	0.6666666666666666	2.0152413648767427	-0.05513276045766033	0.9560326967556295	0.9999924602350494	4.399259347736414e-06	True
IBD	s__Roseburia_sp_AM23_20	3	7	2	up	0.6666666666666666	1.806194683218162	0.06480040468842592	0.9483329192345777	0.9999924602350494	3.942911743708329e-06	True
IBD	s__GGB9559_SGB69175	1	7	2	up	1.0	1.1812594635900933	0.2433222105625607	0.8077557997980183	0.9999924602350494	3.868023077438167e-06	False
IBD	s__GGB6606_SGB9340	4	7	2	down	0.75	-1.498699674350748	-0.127524378450886	0.8985253794835131	0.9999924602350494	3.680608561382096e-06	True
IBD	s__GGB3680_SGB4994	1	7	2	down	1.0	-1.0994320336484136	-0.14249999730382643	0.8866850815004859	0.9999924602350494	3.6000799225787508e-06	False
IBD	s__GGB9289_SGB14244	1	7	2	down	1.0	-1.0824496536741173	-0.0008808550035353526	0.9992971794832602	0.9999924602350494	3.5444712780132615e-06	False
IBD	s__Paratractidigestivibacter_faecalis	1	7	2	up	1.0	1.0798888264919635	0.12969957576421604	0.8968041182242963	0.9999924602350494	3.536085873330198e-06	False
IBD	s__GGB4603_SGB6367	5	7	2	down	0.6	-1.796646985325693	-0.10364618012437965	0.9174501385499211	0.9999924602350494	3.5298622608086126e-06	True
IBD	s__Raoultella_ornithinolytica	2	7	2	down	0.5	-2.125301602623989	-0.25246489003386313	0.8006817489860454	0.9999924602350494	3.479640120927135e-06	False
IBD	s__Peptoniphilus_senegalensis	1	7	2	up	1.0	1.0179620050184077	0.10136250189520325	0.9192627022714779	0.9999924602350494	3.3333070749753364e-06	False
IBD	s__Enterobacter_roggenkampii	4	7	2	up	0.75	1.217007717445634	0.069332484078176	0.9447249693861137	0.9999924602350494	2.988810300528673e-06	True
IBD	s__GGB3637_SGB4930	2	7	2	up	0.5	1.777424160053994	-0.2293201293090867	0.8186201093779928	0.9999924602350494	2.910079403127102e-06	False
IBD	s__GGB9719_SGB15273	4	7	2	down	0.75	-1.0953732186336833	-0.241564385327311	0.8091177212473272	0.9999924602350494	2.6900920280498125e-06	True
IBD	s__Clostridium_sp_NSJ_42	6	7	2	down	0.8333333333333334	-0.9696105550109112	-0.01629940607083218	0.9869955313659563	0.9999924602350494	2.6458172530468434e-06	True
IBD	s__Raoultibacter_timonensis	3	7	2	down	0.6666666666666666	-1.1280780465236677	0.08260539958240172	0.9341653077061265	0.9999924602350494	2.4625873494061647e-06	True
IBD	s__Fenollaria_timonensis	4	7	2	up	0.5	1.4881318391116913	-0.14181961828829356	0.887222487543839	0.9999924602350494	2.4364369020420174e-06	False
IBD	s__GGB1239_SGB1657	1	7	2	up	1.0	0.739930548972064	0.0010217476120838577	0.9991847634971279	0.9999924602350494	2.422895669700723e-06	False
IBD	s__GGB35068_SGB47850	4	7	2	down	0.75	-0.9292904849765309	-0.17928136044355378	0.8577167819426594	0.9999924602350494	2.2822147582685453e-06	True
IBD	s__Streptococcus_agalactiae	1	7	2	down	1.0	-0.6454046368267878	-0.1245931078197057	0.900845685041914	0.9999924602350494	2.113371453503038e-06	False
IBD	s__Lachnoclostridium_sp_An138	4	7	2	down	0.5	-1.2814036479725583	-0.1383470908288225	0.8899661102014991	0.9999924602350494	2.0979721367935024e-06	False
IBD	s__GGB6006_SGB8630	2	7	2	up	0.5	1.2719784677253476	-0.21503273641775317	0.8297417955398907	0.9999924602350494	2.0825408044618123e-06	False
IBD	s__GGB9238_SGB14180	3	7	2	down	0.6666666666666666	-0.927477726446881	0.004748687692704694	0.9962111096458566	0.9999924602350494	2.0246781001035646e-06	True
IBD	s__Faecalibacillus_SGB6753	3	7	2	up	0.6666666666666666	0.892136202789927	0.16968923407891645	0.8652545412404433	0.9999924602350494	1.947527774082636e-06	True
IBD	s__GGB3351_SGB4434	1	7	2	up	1.0	0.5876596114527397	0.17555992160444914	0.8606396911516629	0.9999924602350494	1.924285907406979e-06	False
IBD	s__Massilimicrobiota_timonensis	5	7	2	down	0.6	-0.9743649979287773	-0.22257448571395702	0.8238666957931542	0.9999924602350494	1.914329449543016e-06	True
IBD	s__GGB3352_SGB4436	1	7	2	down	1.0	-0.5543163055804774	-0.0567088628074601	0.9547771138797676	0.9999924602350494	1.8151035638429197e-06	False
IBD	s__GGB9240_SGB14182	4	7	2	down	0.5	-1.0602161456335808	-0.1782843469160212	0.8584996712303662	0.9999924602350494	1.7358339318271466e-06	False
IBD	s__Flavonifractor_sp_An100	3	7	2	up	0.6666666666666666	0.7563610341336684	0.04420424890703893	0.9647415952278996	0.9999924602350494	1.6511314265721394e-06	True
IBD	s__Mitsuokella_multacida	1	7	2	up	1.0	0.5017379548250338	0.14038813940791087	0.8883533284303305	0.9999924602350494	1.642936245515075e-06	False
IBD	s__Christensenella_hongkongensis	3	7	2	up	0.6666666666666666	0.7260616865763829	-0.2306824713899835	0.8175614920893259	0.9999924602350494	1.5849881395719469e-06	True
IBD	s__GGB3737_SGB5071	2	7	2	up	0.5	0.8742037147455173	0.174711252002212	0.8613065259461868	0.9999924602350494	1.4312859482797003e-06	False
IBD	s__GGB3486_SGB4658	5	7	2	down	0.6	-0.7075277989062825	0.14356643071463604	0.8858428503941845	0.9999924602350494	1.3900759004026236e-06	True
IBD	s__GGB9730_SGB15290	1	7	2	down	1.0	-0.36909966807964156	-0.026040967539659395	0.9792246621484723	0.9999924602350494	1.2086134147596892e-06	False
IBD	s__GGB42378_SGB59548	2	7	2	up	0.5	0.729202357752008	-0.010981740951807446	0.9912380145580834	0.9999924602350494	1.1938831538901648e-06	False
IBD	s__GGB9109_SGB14042	4	7	2	down	0.5	-0.6914031041461032	0.07250699540406037	0.9421984385968103	0.9999924602350494	1.1319965024963972e-06	False
IBD	s__GGB74511_SGB47635	3	7	2	down	0.6666666666666666	-0.4882956498263114	0.0894510121047123	0.9287234841213949	0.9999924602350494	1.0659463622556264e-06	True
IBD	s__Clostridium_SGB6173	6	7	2	up	0.6666666666666666	0.39613438839487825	0.2559070559620987	0.7980226061342881	0.9999924602350494	8.647589025707615e-07	True
IBD	s__GGB9469_SGB14863	2	7	2	up	0.5	0.5139799245656089	0.1318704149235497	0.8950867897013951	0.9999924602350494	8.415112305291066e-07	False
IBD	s__Faecalibacillus_intestinalis	7	7	2	up	0.5714285714285714	0.440096872033575	0.2445796990067995	0.8067818845712532	0.9999924602350494	8.234817690315345e-07	False
IBD	s__Bifidobacterium_longum	7	7	2	up	0.5714285714285714	0.4367527347836286	0.0339422114740113	0.972923232677187	0.9999924602350494	8.172244283561841e-07	False
IBD	s__GGB9694_SGB15204	4	7	2	down	0.75	-0.32580849215422886	0.23436612498545148	0.8147007546931648	0.9999924602350494	8.001426477345039e-07	True
IBD	s__Clostridiaceae_bacterium_Marseille_Q3526	3	7	2	down	0.6666666666666666	-0.3409868477669435	-0.15645079225970693	0.8756777036119133	0.9999924602350494	7.443721648625693e-07	True
IBD	s__GGB3511_SGB4688	3	7	2	up	0.6666666666666666	0.31307232187691875	0.09864949597795535	0.9214165695457416	0.9999924602350494	6.834349287083121e-07	True
IBD	s__Lachnoclostridium_phocaeense	2	7	2	down	0.5	-0.40172076356746517	0.14193450446452074	0.8871317395866278	0.9999924602350494	6.577154435836296e-07	False
IBD	s__GGB9784_SGB15407	1	7	2	down	1.0	-0.18297301303344107	-0.0008225696077516631	0.9993436844838021	0.9999924602350494	5.991434217261327e-07	False
IBD	s__Clostridia_bacterium_UC5_1_1D1	5	7	2	down	0.6	-0.3008298858340598	-0.12907888092559575	0.8972952327759462	0.9999924602350494	5.910387903701148e-07	True
IBD	s__GGB4699_SGB6502	1	7	2	down	1.0	-0.17796981830221312	-0.0008716334853735023	0.9993045371874041	0.9999924602350494	5.827605073217981e-07	False
IBD	s__Blautia_wexlerae	7	7	2	up	0.5714285714285714	0.29965013618354275	-0.06982906784104054	0.9443297108506845	0.9999924602350494	5.606866122332697e-07	False
IBD	s__Megasphaera_sp_AM44_1BH	2	7	2	down	1.0	-0.12806111137282503	-0.1097841298363307	0.9125805775144751	0.9999924602350494	4.193349127608384e-07	True
IBD	s__Actinomyces_bouchesdurhonensis	3	7	2	up	0.6666666666666666	0.1332041268153194	0.18317549507074524	0.8546603211463107	0.9999924602350494	2.9078377918527984e-07	True
IBD	s__Dorea_formicigenerans	7	7	2	down	0.5714285714285714	-0.11314167616450335	0.008372617894891791	0.9933196954972927	0.9999924602350494	2.1170363517609884e-07	False
IBD	s__Phocaeicola_dorei	7	7	2	down	0.5714285714285714	-0.07390324142169072	-0.19964696565250156	0.8417566938682954	0.9999924602350494	1.3828312776205233e-07	False
IBD	s__GGB6608_SGB9342	2	7	2	down	0.5	-0.05246643776852659	0.04868782730705556	0.9611680767733934	0.9999924602350494	8.590043014887397e-08	False
IBD	s__Clostridium_SGB47280	1	7	2	down	1.0	-0.024987369476952903	-0.1702902872972653	0.8647818493160525	0.9999924602350494	8.18209079041646e-08	False
IBD	s__GGB34797_SGB14322	4	7	2	up	0.5	0.038055736980499015	0.016248283971817445	0.9870363154985193	0.9999924602350494	6.230657760070528e-08	False
IBD	s__GGB9788_SGB15411	2	7	2	up	0.5	0.034857913192477524	0.06310367555958271	0.9496839474613901	0.9999924602350494	5.707095554183299e-08	False
IBD	s__GGB3740_SGB5076	6	7	2	down	0.5	-0.006902969826242578	0.21241225936206287	0.8317854224058452	0.9999924602350494	1.1301855102018062e-08	False
IBD	s__Firmicutes_bacterium	4	7	2	down	0.5	-0.0038736490219981293	-0.1447422558519347	0.8849143750943342	0.9999924602350494	6.342113766202977e-09	False
IBS	s__GGB3345_SGB4425	1	1	1	down	1.0	-4.618619498469265	-5.664743092587811	1.4724497856710927e-08	3.4234457516852905e-06	25.243233677682422	True
IBS	s__Prevotella_SGB1671	1	1	1	down	1.0	-8.001485619103091	-3.980337615063784	6.88174609991425e-05	0.0012168312352086993	23.32248744367971	True
IBS	s__GGB1239_SGB1657	1	1	1	down	1.0	-9.307374701575764	-3.6485691030062997	0.0002637049754180956	0.003144174706908063	23.291643113046717	True
IBS	s__Segatella_brunsvicensis	1	1	1	down	1.0	-7.998662657843495	-3.6630987796089705	0.00024918239066046543	0.0030492055699241163	20.12314186149435	True
IBS	s__GGB3433_SGB4573	1	1	1	up	1.0	7.598479758702328	3.599066468560698	0.0003193615614192913	0.0036220274648773284	18.548255800229825	True
IBS	s__Streptococcus_parasanguinis	1	1	1	up	1.0	5.663057890669871	4.246158918844963	2.1746641450898113e-05	0.0005322204355088223	18.540333103694334	True
IBS	s__GGB1631_SGB2239	1	1	1	down	1.0	-8.139211026862071	-3.3686463675014178	0.0007553827776719875	0.006754865223412966	17.665207784124032	True
IBS	s__GGB1146_SGB1472	1	1	1	down	1.0	-8.348875083669828	-3.2461865905238327	0.001169621522960657	0.009888618330485554	16.73836231159861	True
IBS	s__Dorea_phocaeensis	1	1	1	up	1.0	6.546630416268395	3.47485035371243	0.000511138407119422	0.005166942593707201	14.970614230649444	True
IBS	s__Escherichia_coli	1	1	1	up	1.0	4.980527948779149	3.8579152872805493	0.00011435826713614963	0.0018336756627003303	13.630098671506804	True
IBS	s__Prevotella_dentalis	1	1	1	down	1.0	-3.6894342170527614	-4.317076112325535	1.581096502310906e-05	0.00043247639622033605	12.411395394063236	True
IBS	s__Ruminococcus_SGB4421	1	1	1	down	1.0	-4.541025017504698	-3.5900917885322645	0.000330561537691882	0.003659788453017265	11.064407339407435	True
IBS	s__Wujia_chipingensis	1	1	1	down	1.0	-2.0046168212332978	-5.480335779676403	4.245193878101266e-08	4.9350378832927215e-06	10.637919147473283	True
IBS	s__GGB9642_SGB15119	1	1	1	down	1.0	-4.0323311507010855	-3.7435053846910074	0.00018147071164439235	0.0024818788504306598	10.505107429013812	True
IBS	s__Parabacteroides_sp_AGMB00274	1	1	1	down	1.0	-4.823892062883136	-3.3705632458662698	0.0007501468436546604	0.006754865223412966	10.469694831326969	True
IBS	s__Segatella_sinensis	1	1	1	down	1.0	-7.582708518312254	-2.583687540244136	0.009775030697064153	0.04248027359004515	10.402055807044507	True
IBS	s__Holdemanella_porci	1	1	1	down	1.0	-2.9580927557045813	-4.373721667136763	1.2214609491014916e-05	0.00035498708833262097	10.204791243594897	True
IBS	s__Bifidobacterium_catenulatum	1	1	1	up	1.0	6.4307691458696095	2.801204290394866	0.005091227768451257	0.027520012397315424	10.034259477739981	True
IBS	s__Oscillibacter_sp_ER4	1	1	1	down	1.0	-1.6521164536131845	-5.806194376469479	6.3908764873714066e-09	2.971757566627704e-06	9.13122553847543	True
IBS	s__Streptococcus_salivarius	1	1	1	up	1.0	1.8402976455925064	5.224642957927668	1.744914733645573e-07	1.1591219302074164e-05	9.083471554596997	True
IBS	s__GGB36599_SGB9269	1	1	1	down	1.0	-5.065872598220861	-2.9162905914494317	0.003542204174054682	0.020686690760644836	8.532494696786467	True
IBS	s__GGB3493_SGB4668	1	1	1	up	1.0	9.074144586913759	2.1159970732948743	0.03434505648771749	0.1185440219314648	8.403749890133442	True
IBS	s__GGB3277_SGB4327	1	1	1	down	1.0	-2.053526067929851	-4.732576682916734	2.216875112527734e-06	8.59039106104497e-05	8.349610430453046	True
IBS	s__GGB4684_SGB6478	1	1	1	down	1.0	-4.86611029942054	-2.941015240258088	0.0032713843806628806	0.02028258316010986	8.237724914405005	True
IBS	s__GGB9790_SGB15413	1	1	1	down	1.0	-3.154853920518866	-3.7189109576010115	0.0002000835623696233	0.0025844126806076344	8.163620320544792	True
IBS	s__GGB1458_SGB2021	1	1	1	down	1.0	-5.305453431828557	-2.718587534359625	0.006556130588698653	0.031428873440668796	7.972351999982698	True
IBS	s__Blautia_hydrogenotrophica	1	1	1	up	1.0	2.652074517487116	4.032329505860436	5.5226679102799497e-05	0.0011110161878539078	7.834969679716332	True
IBS	s__Parasutterella_excrementihominis	1	1	1	up	1.0	3.0120413768007976	3.6943765273525657	0.00022042697051634456	0.0027702308456783844	7.703247746883007	True
IBS	s__GGB13489_SGB15224	1	1	1	down	1.0	-2.879842502967176	-3.7909458334471484	0.00015007468415086724	0.0022511202622630087	7.624674763110002	True
IBS	s__GGB9730_SGB15291	1	1	1	down	1.0	-2.122808188323431	-4.41610265022516	1.0049637472550315e-05	0.0003115387616490598	7.443601249151985	True
IBS	s__GGB9708_SGB15233	1	1	1	down	1.0	-2.2122516992095846	-4.291328567127331	1.77607290944699e-05	0.0004588188349404724	7.385289844274453	True
IBS	s__Coprococcus_SGB106014	1	1	1	up	1.0	5.761814136067558	2.469677193709797	0.013523502454869074	0.05535440160059403	7.241723649890458	True
IBS	s__Clostridia_bacterium_UC5_1_1E11	1	1	1	up	1.0	4.893907671681476	2.6451071926475986	0.008166504229743854	0.03722965163559698	6.993937421325904	True
IBS	s__GGB4585_SGB6340	1	1	1	down	1.0	-2.9657845810533576	-3.536468154530193	0.00040551538759316775	0.004385224540251698	6.993344255357842	True
IBS	s__GGB3175_SGB4191	1	1	1	down	1.0	-1.7671801238156555	-4.63797804979605	3.5183414054049775e-06	0.00011685919667952247	6.949147969392513	True
IBS	s__Monoglobus_pectinilyticus	1	1	1	up	1.0	2.4824344145998993	3.755682335626636	0.00017286984949434545	0.0024358933337839585	6.487449455360721	True
IBS	s__GGB1380_SGB1883	1	1	1	down	1.0	-5.230809833239208	-2.4063734424339014	0.016111785410322342	0.06191719186611479	6.319805585856636	True
IBS	s__GGB1123_SGB1437	1	1	1	down	1.0	-2.7998250849211637	-3.3992846422223124	0.0006756236320185587	0.0062832997777725955	6.164689084424045	True
IBS	s__GGB9064_SGB13983	1	1	1	down	1.0	-3.9751756806258265	-2.782847368792181	0.005388414872642761	0.028284940138805538	6.1553398575282054	True
IBS	s__Sutterella_wadsworthensis	1	1	1	down	1.0	-1.4200533963545356	-4.7834757194374395	1.7228971206225948e-06	8.011471610895066e-05	5.8169472635562895	True
IBS	s__Colidextribacter_sp_210702_DFI_3_9	1	1	1	down	1.0	-3.0660626349858884	-3.0990787436394887	0.0019412341844772495	0.01440651520132362	5.645973623005968	True
IBS	s__Faecalibacterium_SGB15346	1	1	1	down	1.0	-1.1339947686015337	-5.2393292910122815	1.6116124656833956e-07	1.1591219302074164e-05	5.597251753445257	True
IBS	s__GGB3002_SGB3993	1	1	1	up	1.0	7.243551780433886	1.9161278281499972	0.05534882695817947	0.16924446866234547	5.588295284839907	True
IBS	s__GGB4567_SGB6307	1	1	1	down	1.0	-2.9104224518741124	-3.1739054289292827	0.0015040268696614142	0.012058146455044095	5.584284153360129	True
IBS	s__Faecalicatena_fissicatena	1	1	1	down	1.0	-1.0250135972701448	-5.562976948441415	2.6521093483135708e-08	4.110769489886035e-06	5.520802033293082	True
IBS	s__Pseudoflavonifractor_phocaeensis	1	1	1	up	1.0	3.9446568807744926	2.6009834430878866	0.009295694024193514	0.04077828038915079	5.481381170454845	True
IBS	s__Longibaculum_muris	1	1	1	up	1.0	4.2470872432837705	2.4684290142305585	0.013570756521435957	0.05535440160059403	5.337942426901556	True
IBS	s__Oscillibacter_sp_MSJ_31	1	1	1	down	1.0	-1.3170513054421655	-4.688511607557479	2.7519930820082164e-06	9.843667562567851e-05	5.277217884964367	True
IBS	s__Lentihominibacter_hominis	1	1	1	up	1.0	6.779911244847748	1.9056112985937177	0.05670065513890383	0.16924446866234547	5.230603326887	True
IBS	s__GGB9715_SGB15265	1	1	1	down	1.0	-1.2668475172277902	-4.79281840632558	1.6445447138780358e-06	8.011471610895066e-05	5.189371905027616	True
IBS	s__Butyricimonas_paravirosa	1	1	1	down	1.0	-3.393322696193967	-2.69835947793569	0.006968214973792376	0.03306346900830056	5.024328619508904	True
IBS	s__Faecalibacterium_sp_CLA_AA_H233	1	1	1	down	1.0	-1.0167563027878477	-5.252866365194164	1.4975019128717049e-07	1.1591219302074164e-05	5.018577824326394	True
IBS	s__GGB2980_SGB3962	1	1	1	up	1.0	3.1577356931468894	2.8109660770914258	0.004939299325872826	0.02702087278271605	4.952278868216123	True
IBS	s__GGB9719_SGB53514	1	1	1	up	1.0	7.22574909727471	1.733788100246873	0.08295568781641226	0.21078904281219507	4.885704474341467	True
IBS	s__Alistipes_senegalensis	1	1	1	down	1.0	-2.8706213309958164	-2.9490927133999243	0.0031870834911170536	0.02028258316010986	4.859608065395197	True
IBS	s__Jutongia_hominis	1	1	1	down	1.0	-3.856177188709295	-2.4617109605608154	0.013827605153623287	0.055429624107196804	4.844353699325777	True
IBS	s__Blautia_caecimuris	1	1	1	up	1.0	1.1596775500465732	4.740162882530062	2.135464796541194e-06	8.59039106104497e-05	4.715233918404717	True
IBS	s__Ruminococcus_sp_AF41_9	1	1	1	down	1.0	-3.2300249541971344	-2.6365018056740173	0.008376575437273437	0.037816578430409205	4.5941218828677455	True
IBS	s__GGB4563_SGB6300	1	1	1	up	1.0	9.286800982260338	1.3910970250914971	0.1641960068824032	0.3208031226904096	4.585463974828488	True
IBS	s__GGB3511_SGB4688	1	1	1	up	1.0	3.3305921976518715	2.5156521446549713	0.011881238377637701	0.04977275536577956	4.339789332472919	True
IBS	s__Anaerostipes_caccae	1	1	1	down	1.0	-3.49340860030103	-2.4141083513912696	0.01577377082774151	0.06163700365462019	4.227578047689326	True
IBS	s__GGB9707_SGB15229	1	1	1	down	1.0	-2.4205967224396776	-2.9493412260376166	0.003184521558249283	0.02028258316010986	4.097771875525083	True
IBS	s__Segatella_copri	1	1	1	down	1.0	-1.2956449029640247	-4.1574023700742	3.2188676313004566e-05	0.0007127492612165297	4.077476425709154	True
IBS	s__Coprococcus_eutactus	1	1	1	down	1.0	-1.4515979291664676	-3.895371536952798	9.804831806488887e-05	0.0016283024250061903	4.047439598842183	True
IBS	s__Gemmiger_SGB15295	1	1	1	up	1.0	4.225530256883305	2.0752546704397483	0.03796293818068213	0.12885230842348314	3.760332320124015	True
IBS	s__GGB9712_SGB15244	1	1	1	down	1.0	-1.2741838945427475	-3.996818143779583	6.4199582055055e-05	0.001194112226224023	3.7243820007158086	True
IBS	s__GGB9635_SGB15106	1	1	1	down	1.0	-2.052287124351136	-3.0628519606661824	0.00219238489254866	0.015683984231309643	3.7034416017909813	True
IBS	s__GGB1266_SGB1699	1	1	1	down	1.0	-2.4227349261881512	-2.7430398769208884	0.006087329264323503	0.030402712179899795	3.675501288826282	True
IBS	s__GGB9169_SGB14107	1	1	1	up	1.0	8.767378152972691	1.214086269893894	0.2247147824678164	0.3827559481594675	3.656680996728357	True
IBS	s__GGB9350_SGB14317	1	1	1	up	1.0	4.69995237736905	1.9107962441789905	0.05603077056797921	0.16924446866234547	3.6259451862233156	True
IBS	s__GGB9747_SGB15356	1	1	1	down	1.0	-1.2386144887748218	-3.9740702224442233	7.065471688308576e-05	0.0012168312352086993	3.6102759208918798	True
IBS	s__Lactococcus_lactis	1	1	1	up	1.0	4.6428210128366665	1.9185413056646987	0.05504240983703039	0.16924446866234547	3.5818691659627597	True
IBS	s__Clostridiaceae_bacterium_Marseille_Q4143	1	1	1	down	1.0	-1.5844244488977095	-3.4110809562599127	0.0006470587654270408	0.006140455631093347	3.5044290491500267	True
IBS	s__Megamonas_funiformis	1	1	1	up	1.0	9.008804269796412	1.1354578165960596	0.2561835467983343	0.411462079624328	3.474427193316877	True
IBS	s__Lawsonibacter_asaccharolyticus	1	1	1	down	1.0	-1.1716770439630295	-4.023486917004385	5.7342770986008144e-05	0.0011110161878539078	3.4614616042418924	True
IBS	s__Gordonibacter_pamelaeae	1	1	1	up	1.0	1.8223782833114248	3.148754140293107	0.0016396808117149764	0.0129229080923299	3.441816055128679	True
IBS	s__GGB4651_SGB6438	1	1	1	down	1.0	-2.0940462176176435	-2.860555656624843	0.004228993155189002	0.02341049782336769	3.4145294628426446	True
IBS	s__Phocaeicola_coprocola	1	1	1	down	1.0	-1.8267823758235888	-3.129954670180846	0.0017483327959215466	0.013549579168391985	3.4125650128311644	True
IBS	s__Bacteroides_fragilis	1	1	1	up	1.0	2.207112363974069	2.7684298971626196	0.00563271020160107	0.028782530151038436	3.40087550540309	True
IBS	s__Phocaeicola_coprophilus	1	1	1	down	1.0	-3.668566023669799	-2.1151635971890994	0.03441600636719946	0.1185440219314648	3.3975336212763563	True
IBS	s__Phocaeicola_plebeius	1	1	1	up	1.0	6.122343964700612	1.5191776667384953	0.1287177812568843	0.27969050600210843	3.3876292930533323	True
IBS	s__Phocaeicola_massiliensis	1	1	1	down	1.0	-1.2538534920635076	-3.8227551993711115	0.00013196878143499545	0.0020455161122424296	3.371859168758408	True
IBS	s__Clostridium_innocuum	1	1	1	up	1.0	2.7580421537989297	2.426387260330053	0.015249987662798477	0.06009529036611264	3.3680095487212536	True
IBS	s__Alistipes_SGB2313	1	1	1	down	1.0	-2.5544112788010365	-2.4951469100192454	0.012590499090789147	0.052273054260865655	3.274045449273525	True
IBS	s__Veillonella_dispar	1	1	1	up	1.0	3.9719100942513728	1.9733483049857448	0.04845589298060303	0.15432870024644116	3.2234167499267214	True
IBS	s__Barnesiella_intestinihominis	1	1	1	down	1.0	-1.069883849707974	-4.06708322359258	4.7605245311376426e-05	0.0010062017758995473	3.206778825931627	True
IBS	s__GGB9453_SGB14845	1	1	1	up	1.0	6.855162070855821	1.3357517011813407	0.18163044441810072	0.34078557838408174	3.2049170924644517	True
IBS	s__Phascolarctobacterium_succinatutens	1	1	1	down	1.0	-2.1275744779847656	-2.7218743568898223	0.006491281691184242	0.031428873440668796	3.1970448638596403	True
IBS	s__GGB9412_SGB14770	1	1	1	down	1.0	-1.6717818317631368	-3.106270775135364	0.0018946313733647704	0.01440651520132362	3.078487705323317	True
IBS	s__GGB3496_SGB4671	1	1	1	up	1.0	3.610763237412237	2.024584594200109	0.04291003749365762	0.14151182577695598	3.066286376140684	True
IBS	s__GGB51269_SGB5062	1	1	1	up	1.0	4.631462277596832	1.7052961625775667	0.08813920293032294	0.21811071841769303	3.06289248962586	True
IBS	s__GGB9781_SGB66170	1	1	1	up	1.0	3.9326549090202225	1.840089404749739	0.06575511256250113	0.18498942335632976	2.882058346720733	True
IBS	s__GGB2998_SGB3988	1	1	1	down	1.0	-2.25855357770688	-2.4640715064558756	0.013736870314952332	0.055429624107196804	2.837326150708325	True
IBS	s__GGB9770_SGB15389	1	1	1	up	1.0	5.710304847416987	1.3994963931814768	0.16166417918228493	0.3185332344057733	2.8371378310488984	True
IBS	s__Dorea_sp_AF36_15AT	1	1	1	up	1.0	1.6420459283154185	2.9671762930535728	0.0030054857578219163	0.019683815174467482	2.8011509134276054	True
IBS	s__Roseburia_sp_AF02_12	1	1	1	down	1.0	-1.029931103467865	-3.723940246329687	0.00019613736753843622	0.0025844126806076344	2.6650890015372126	True
IBS	s__Collinsella_stercoris	1	1	1	up	1.0	5.298921447652426	1.3948875073169267	0.16304976492197965	0.319907766619074	2.6228347887785803	True
IBS	s__Bifidobacterium_adolescentis	1	1	1	down	1.0	-0.5650221159389107	-5.05963907296269	4.200508154249438e-07	2.4415453646574857e-05	2.60607139524281	True
IBS	s__Massilimicrobiota_timonensis	1	1	1	down	1.0	-3.195925133813019	-1.9757033845598566	0.048188381373420776	0.15432870024644116	2.593663593431958	True
IBS	s__GGB33469_SGB15236	1	1	1	down	1.0	-1.3026935789397807	-3.2175790135095723	0.001292774137668207	0.010734642393137789	2.565280373525342	True
IBS	s__Clostridium_sp_AF27_2AA	1	1	1	up	1.0	2.6845398721952907	2.1172233551144872	0.03424089614953395	0.1185440219314648	2.486206985125091	True
IBS	s__GGB1495_SGB2071	1	1	1	down	1.0	-0.7815509324924913	-4.161647730659662	3.15959493351673e-05	0.0007127492612165297	2.459590197467573	True
IBS	s__Evtepia_gabavorous	1	1	1	up	1.0	1.0549145422038335	3.501449987432121	0.0004627338119672687	0.004890255058290453	2.4375577912919413	True
IBS	s__Clostridium_sp_1001270J_160509_D11	1	1	1	down	1.0	-1.440701529460128	-2.9089002253225917	0.0036270259436523376	0.020713629858476475	2.4257722514994557	True
IBS	s__Slackia_isoflavoniconvertens	1	1	1	down	1.0	-2.1817636975950148	-2.3148692593926086	0.02062008815230989	0.07732533057116209	2.425419172199819	True
IBS	s__GGB3606_SGB4870	1	1	1	up	1.0	3.0401463024150615	1.8995054796790298	0.057498046834577425	0.16924446866234547	2.345428839606075	True
IBS	s__Enterocloster_bolteae	1	1	1	up	1.0	1.3764284948181997	2.9148144634223945	0.0035590005609711546	0.020686690760644836	2.318330870907946	True
IBS	s__GGB32387_SGB47381	1	1	1	up	1.0	4.1464542221718705	1.4767085033981113	0.1397537917867032	0.2864021101881982	2.2516232722927714	True
IBS	s__GGB9583_SGB15004	1	1	1	down	1.0	-3.574827259316407	-1.6422068312822098	0.10054714745847945	0.23613345236461084	2.2408535965281313	True
IBS	s__Kineothrix_SGB4886	1	1	1	down	1.0	-0.8534719650437648	-3.7619189174426095	0.00016861471498302006	0.0024358933337839585	2.2304139042808133	True
IBS	s__Acidaminococcus_intestini	1	1	1	up	1.0	4.776557256095782	1.3193167474446552	0.18706324119092177	0.3418919603832495	2.2264064120341907	True
IBS	s__GGB3446_SGB4597	1	1	1	down	1.0	-3.024336445039326	-1.8464384299332985	0.06482857155484247	0.18428341662888598	2.2214166868471095	True
IBS	s__Prevotella_stercorea	1	1	1	down	1.0	-1.073224170106287	-3.2820178206719977	0.001030670911541452	0.008875221738273613	2.202063662125889	True
IBS	s__Eubacterium_siraeum	1	1	1	down	1.0	-0.9434890438010826	-3.4748566422745464	0.0005111264252700034	0.005166942593707201	2.157539009761514	True
IBS	s__GGB4197_SGB5684	1	1	1	down	1.0	-2.1903905936250267	-2.1499155046823835	0.031561898975948154	0.11203269483828925	2.082306245902745	True
IBS	s__Megasphaera_massiliensis	1	1	1	up	1.0	4.213159831072896	1.37248461121423	0.16991262624977788	0.3264850049840773	2.048171871707105	True
IBS	s__GGB3600_SGB4860	1	1	1	up	1.0	3.690564840425502	1.5096338845818729	0.13113687017403	0.28100757894435	2.0345418436560494	True
IBS	s__Massilistercora_timonensis	1	1	1	up	1.0	2.7339503978457556	1.819137832107842	0.06889040451268165	0.18951855094152772	1.9748643480435963	True
IBS	s__Clostridium_symbiosum	1	1	1	up	1.0	2.018668429299426	2.1682188179659887	0.030142041708523845	0.10865154569351619	1.9459238773987653	True
IBS	s__Roseburia_sp_BX1005	1	1	1	down	1.0	-1.9174797056926896	-2.2215305651559767	0.02631504686985351	0.09711505392445938	1.9418574772226609	True
IBS	s__Senegalimassilia_anaerobia	1	1	1	up	1.0	2.6593651799139972	1.8075082333567432	0.07068307212345881	0.18998629212374768	1.9181408884498266	True
IBS	s__Bacteroides_salyersiae	1	1	1	up	1.0	2.864794573360429	1.7033170444263848	0.08850875258142751	0.21811071841769303	1.8945545180213608	True
IBS	s__GGB9719_SGB15272	1	1	1	up	1.0	2.11117476791461	2.070004358503127	0.038451936303671205	0.12956630711019645	1.8736843255237918	True
IBS	s__Faecalibacterium_sp_HTFF	1	1	1	down	1.0	-1.0112035455168493	-3.0974625679757235	0.0019518504466309418	0.01440651520132362	1.8620717268890767	True
IBS	s__Firmicutes_unclassified_SGB47659	1	1	1	up	1.0	3.3537068999990596	1.4775654201703934	0.13952413575383257	0.2864021101881982	1.8211426196649152	True
IBS	s__Lachnospira_pectinoschiza	1	1	1	down	1.0	-0.802174943329571	-3.443996037604753	0.0005731841023670641	0.005670863991503932	1.801966300494125	True
IBS	s__GGB74511_SGB47635	1	1	1	up	1.0	2.6820624306985787	1.690876490219133	0.09086039430366159	0.2214604708885666	1.7559564142159525	True
IBS	s__GGB9634_SGB15093	1	1	1	down	1.0	-3.3907501803434954	-1.4315184119000344	0.15228169399437239	0.30622509614415033	1.742707319029076	True
IBS	s__GGB3510_SGB4687	1	1	1	up	1.0	2.827685843873405	1.6115606612394167	0.10705757689302899	0.245230410124426	1.726092041481322	True
IBS	s__GGB3109_SGB4119	1	1	1	up	1.0	2.5760644359509977	1.7220924931081962	0.0850527647605633	0.2137812735873618	1.7260413298251422	True
IBS	s__Streptococcus_vestibularis	1	1	1	up	1.0	3.7148759218772787	1.2910161682473142	0.19669807112408577	0.35058485188960525	1.6910369772467355	True
IBS	s__GGB9364_SGB14339	1	1	1	down	1.0	-2.0407616887163	-1.979198456528532	0.047793666642646795	0.15432870024644116	1.6561868858858773	True
IBS	s__GGB45497_SGB63169	1	1	1	up	1.0	2.453840481942183	1.7119563279303647	0.08690471693679662	0.21726179234199156	1.6269370763179252	True
IBS	s__Neglectibacter_timonensis	1	1	1	up	1.0	2.1055015340568164	1.8994394349289503	0.05750672268527007	0.16924446866234547	1.6243639379752055	True
IBS	s__Blautia_producta	1	1	1	up	1.0	2.2628376348065413	1.7755952787959641	0.07579964873749998	0.20026611740305392	1.5803488823046536	True
IBS	s__GGB3004_SGB3995	1	1	1	down	1.0	-1.7125580134441902	-2.0976820787404526	0.03593323903079562	0.1228599716861762	1.5594374977758847	True
IBS	s__GGB33586_SGB53517	1	1	1	up	1.0	3.4512351944265407	1.2746398996652524	0.20243672822626768	0.3538837542301296	1.556988085473267	True
IBS	s__GGB3256_SGB4303	1	1	1	down	1.0	-1.2734090422306965	-2.398343885194347	0.016469395249478564	0.06277269500825845	1.5309295665424916	True
IBS	s__GGB9694_SGB15204	1	1	1	up	1.0	1.8844908082661307	1.9643909362716956	0.04948477313864636	0.1544323457011447	1.528815276912306	True
IBS	s__GGB9760_SGB15373	1	1	1	down	1.0	-0.6736038952691259	-3.425503340734385	0.0006136613873029484	0.005944844689497314	1.4993476207280705	True
IBS	s__Ruminococcus_torques	1	1	1	up	1.0	0.8596029571253911	2.9924560191079954	0.002767425389761664	0.018924305974105497	1.4810787363839812	True
IBS	s__Brotolimicola_acetigignens	1	1	1	down	1.0	-0.8512020401913566	-2.9706920483178463	0.0029712956188894498	0.019683815174467482	1.4520576625037336	True
IBS	s__Tyzzerella_nexilis	1	1	1	up	1.0	1.6351350678466086	2.027317019068703	0.04263000209978646	0.14151182577695598	1.3885685801102858	True
IBS	s__Hungatella_hathewayi	1	1	1	up	1.0	2.1168103276075105	1.6903266267997912	0.09096548374132521	0.2214604708885666	1.3858837251125549	True
IBS	s__GGB3363_SGB4448	1	1	1	up	1.0	3.465893160482741	1.162341579283955	0.24509674347886867	0.4004789692520545	1.3774162494081048	True
IBS	s__GGB3497_SGB4672	1	1	1	up	1.0	1.9183686189874691	1.8011068149826743	0.07168604580044194	0.19157477757014654	1.3767396268031378	True
IBS	s__Mediterraneibacter_sp_NSJ_151	1	1	1	down	1.0	-1.8632554492475202	-1.8452953857392913	0.06499458134868237	0.18428341662888598	1.3685867369704718	True
IBS	s__GGB9480_SGB14874	1	1	1	up	1.0	0.7882586006361942	2.9309661258344484	0.003379096257689416	0.020406230647085435	1.3323440170480643	True
IBS	s__GGB2653_SGB3574	1	1	1	up	1.0	1.8565255190670076	1.7465869580547495	0.08070901110817565	0.20734635450442912	1.2685705629767678	True
IBS	s__Ruthenibacterium_lactatiformans	1	1	1	up	1.0	0.8778249078755471	2.657349943721016	0.007875764307216947	0.036523277636836854	1.2618120814813294	True
IBS	s__Lachnotalea_sp_AF33_28	1	1	1	up	1.0	2.7109656058553337	1.2814198923300049	0.20004622075858458	0.3523541388361433	1.2281233271802727	True
IBS	s__Bacteroides_thetaiotaomicron	1	1	1	up	1.0	0.9198332208749763	2.5213768467013375	0.01168965864250264	0.04941537517057935	1.2014290342632068	True
IBS	s__Streptococcus_thermophilus	1	1	1	up	1.0	1.2456754051795884	2.155902922055142	0.031091246264906853	0.11121099625524375	1.188190311316012	True
IBS	s__GGB9491_SGB14888	1	1	1	up	1.0	2.1031691951904246	1.5351734277507836	0.12474123358113025	0.2762127315010741	1.175159053167496	True
IBS	s__Sellimonas_intestinalis	1	1	1	up	1.0	1.9115029936552879	1.6153958748227244	0.10622499301206681	0.24452783044856963	1.1692122959391662	True
IBS	s__Akkermansia_sp_KLE1798	1	1	1	down	1.0	-1.5401616849291107	-1.877844433653953	0.06040244971303034	0.1744542802270752	1.167932899517186	True
IBS	s__GGB9469_SGB14862	1	1	1	up	1.0	0.6963508695214392	2.8978182213382824	0.0037576831415621257	0.021052080250920344	1.1675749729216574	True
IBS	s__Longicatena_caecimuris	1	1	1	up	1.0	1.5494265187432514	1.8376450200454322	0.06611473030588322	0.18498942335632976	1.1355020296166731	True
IBS	s__Dialister_hominis	1	1	1	down	1.0	-3.1711159925473997	-1.0890623931111743	0.27612637239772064	0.4397217916607538	1.1315239860568562	True
IBS	s__GGB3490_SGB4664	1	1	1	up	1.0	1.4608721570588652	1.9069799367583073	0.056523185624214094	0.16924446866234547	1.1270417102695098	True
IBS	s__Phocaeicola_dorei	1	1	1	up	1.0	0.6582949305377583	2.9447162049848337	0.0032325101146277904	0.02028258316010986	1.1144121724826423	True
IBS	s__Massilioclostridium_coli	1	1	1	up	1.0	1.9876660618155	1.5310850070433104	0.12574838477939146	0.2763778723083041	1.1101049976524155	True
IBS	s__Alistipes_communis	1	1	1	down	1.0	-0.7049979474637162	-2.777700545358701	0.00547450454299462	0.028284940138805538	1.0916503606743249	True
IBS	s__GGB3433_SGB4574	1	1	1	up	1.0	1.7079020022711597	1.664768353977007	0.09595897983686438	0.2300047712584636	1.0900909200753393	True
IBS	s__Eisenbergiella_tayi	1	1	1	up	1.0	1.5072316064004645	1.8113238577867468	0.07009073471352467	0.18998629212374768	1.0871325963191496	True
IBS	s__Clostridiales_bacterium_KLE1615	1	1	1	down	1.0	-0.6432148188780623	-2.9066920383555215	0.0036527261255807977	0.020713629858476475	1.0830089560412544	True
IBS	s__Slackia_piriformis	1	1	1	down	1.0	-0.7722266169660547	-2.611372220791348	0.00901796811649276	0.04032072282854936	1.0768481563239412	True
IBS	s__GGB9343_SGB14307	1	1	1	up	1.0	1.9806834464246643	1.4764858792193167	0.13981350325316344	0.2864021101881982	1.0755582249449875	True
IBS	s__GGB9634_SGB15097	1	1	1	up	1.0	4.756086040820771	0.7949796841408463	0.4266253199418305	0.597532451123347	1.0636439662751733	True
IBS	s__Bifidobacterium_animalis	1	1	1	up	1.0	2.6648587348948687	1.157305929217622	0.24714739194679713	0.40183054984356875	1.0551695989758985	True
IBS	s__Clostridium_SGB48024	1	1	1	up	1.0	1.9310910160090742	1.4978160757488985	0.13418104294194091	0.2849193160183349	1.0529816534613896	True
IBS	s__Alistipes_putredinis	1	1	1	down	1.0	-0.5297047243045352	-3.210088308464273	0.0013269419916714974	0.01082505308995169	1.041171696429142	True
IBS	s__Lachnospira_eligens	1	1	1	down	1.0	-0.6798841432502849	-2.739892695083192	0.006145924612710926	0.030402712179899795	1.031443852052227	True
IBS	s__Anaerobutyricum_soehngenii	1	1	1	up	1.0	1.070515481225355	2.1358269379276877	0.032693522577956616	0.11517036362689262	1.0048492715287478	True
IBS	s__GGB3005_SGB3996	1	1	1	up	1.0	1.1301637723428446	1.9659694951676843	0.04930213443158355	0.1544323457011447	0.9168586193106961	True
IBS	s__Eubacterium_ramulus	1	1	1	down	1.0	-0.49296928424365705	-3.0552697941863123	0.002248581489054934	0.015842278672887036	0.8874346053474989	True
IBS	s__Candidatus_Methanomassiliicoccus_intestinalis	1	1	1	up	1.0	2.719456319179014	1.0285855962184551	0.3036744493009179	0.4742004835364694	0.8812072071848617	True
IBS	s__Fusicatenibacter_sp_CLA_AA_H277	1	1	1	down	1.0	-1.2715598353586006	-1.7541167753503346	0.07941049978524796	0.20514379111189057	0.8747589367102612	True
IBS	s__Anaerotruncus_massiliensis	1	1	1	up	1.0	2.4909011599611253	1.0781595945082019	0.2809625401776473	0.44589618151060073	0.8737240509576375	True
IBS	s__Ruminococcus_bovis	1	1	1	up	1.0	1.8984415346546526	1.3045330628932366	0.19205189409142986	0.3474868900876066	0.8715015623408033	True
IBS	s__GGB3000_SGB3991	1	1	1	up	1.0	2.8472323141728864	0.9931427343412157	0.3206404008227214	0.4969926212752181	0.8645622604131885	True
IBS	s__Parabacteroides_goldsteinii	1	1	1	up	1.0	2.071003851641319	1.2160408934490319	0.22396934453988981	0.3827559481594675	0.8637702510733294	True
IBS	s__Emergencia_timonensis	1	1	1	up	1.0	2.398325988689867	1.0893808697021437	0.2759859639383716	0.4397217916607538	0.8557755026822929	True
IBS	s__Clostridium_sp_Marseille_P3244	1	1	1	up	1.0	1.9820999789277616	1.2391074373798836	0.2153057130745175	0.37080428362833573	0.8539981966427965	True
IBS	s__GGB9775_SGB15395	1	1	1	up	1.0	1.6968625073336814	1.3794786813245352	0.16774721480833021	0.32366163853059565	0.8313078265325992	True
IBS	s__Veillonella_ratti	1	1	1	down	1.0	-1.1141839069494914	-1.832782729945547	0.06683488843841591	0.18498942335632976	0.816533131712215	True
IBS	s__Rikenellaceae_bacterium	1	1	1	up	1.0	1.8419872239461224	1.2503715466086618	0.21116385355312162	0.36502301822379757	0.8062005044047719	True
IBS	s__Bacteroides_faecis	1	1	1	down	1.0	-2.0051204118783326	-1.174915485467387	0.24002852960812981	0.39720023582839986	0.8040342411798688	True
IBS	s__Tyzzerella_SGB4587	1	1	1	up	1.0	1.1637654174489853	1.7557542670738842	0.07913037632061797	0.20514379111189057	0.8006026699174177	True
IBS	s__Alistipes_finegoldii	1	1	1	up	1.0	1.0290564409590666	1.915493989788501	0.05542953489694234	0.16924446866234547	0.7939021396077084	True
IBS	s__Lawsonibacter_faecis	1	1	1	up	1.0	1.4557235136125335	1.497790049478285	0.13418780689895773	0.2849193160183349	0.7937741616727331	True
IBS	s__GGB36331_SGB15121	1	1	1	down	1.0	-1.2159283345855725	-1.647426323986179	0.09947044831727676	0.23479065211946037	0.7652070442775052	True
IBS	s__GGB47687_SGB2286	1	1	1	up	1.0	0.7476244323788047	2.217220130982424	0.0266080525904225	0.0974231846814682	0.7561007573183091	True
IBS	s__Clostridiaceae_bacterium_AF18_31LB	1	1	1	down	1.0	-0.48346010725647587	-2.7805909236119737	0.005426006272514814	0.028284940138805538	0.7486112581701412	True
IBS	s__Streptococcus_australis	1	1	1	up	1.0	1.3754532157864672	1.4781300633551713	0.13937296867772128	0.2864021101881982	0.7469038133966331	True
IBS	s__Lawsonibacter_hominis	1	1	1	down	1.0	-1.0128383618800736	-1.8165479992266045	0.06928635195711766	0.18951855094152772	0.7316220414181356	True
IBS	s__Clostridium_leptum	1	1	1	up	1.0	0.5442624422004269	2.550539489025515	0.010755633863319378	0.04630897913373621	0.7262283130314775	True
IBS	s__Clostridiales_bacterium	1	1	1	up	1.0	0.5480295582193939	2.532378737379132	0.011329154828958176	0.04833079812353717	0.7210841580609474	True
IBS	s__Blautia_sp_OF03_15BH	1	1	1	up	1.0	2.6185689433042705	0.9217835082530681	0.35664151139077127	0.5349622670861569	0.7114045602765217	True
IBS	s__GGB33512_SGB15203	1	1	1	up	1.0	2.827797792818632	0.867676803386628	0.3855712880481307	0.562039651856993	0.7076084492466488	True
IBS	s__Firmicutes_bacterium	1	1	1	down	1.0	-0.446912167475637	-2.79756719815378	0.005148905545304176	0.027520012397315424	0.6973400149327418	True
IBS	s__GGB9211_SGB14151	1	1	1	up	1.0	2.664691900928688	0.8888111947581485	0.3741045584188992	0.5487653617185746	0.6944541744899859	True
IBS	s__Blautia_stercoris	1	1	1	up	1.0	1.5012290213175359	1.301240488055699	0.19317615052776216	0.34816631781166435	0.6878830221817381	True
IBS	s__Oscillibacter_valericigenes	1	1	1	down	1.0	-1.0942331765906677	-1.6254687835307886	0.10406271009897441	0.24114756858487466	0.6759265583270913	True
IBS	s__GGB9453_SGB14844	1	1	1	down	1.0	-1.2089534144586627	-1.5300492638199032	0.126004535331958	0.2763778723083041	0.6751965297901671	True
IBS	s__GGB3722_SGB5050	1	1	1	down	1.0	-0.986830260177208	-1.6747202493662616	0.09398913252335497	0.22762993033000034	0.6343055125103574	True
IBS	s__Blautia_argi	1	1	1	up	1.0	1.20250744086581	1.3998689461277352	0.16155256679618346	0.3185332344057733	0.5974601083060272	True
IBS	s__Romboutsia_timonensis	1	1	1	up	1.0	1.207619900074054	1.3810189032629479	0.16727314851399555	0.32366163853059565	0.591623581798347	True
IBS	s__Clostridium_sp_AM22_11AC	1	1	1	up	1.0	2.0717813923886674	0.9472105974765863	0.343531476317096	0.5220331257759793	0.5848679018326358	True
IBS	s__Bacteroides_ovatus	1	1	1	down	1.0	-0.980145809329434	-1.5794913860889044	0.11422339075284899	0.2565887763288637	0.5790332361687945	True
IBS	s__GGB51441_SGB71759	1	1	1	down	1.0	-1.7406269847871705	-1.0281139617084945	0.30389622385778037	0.4742004835364694	0.5640292999734481	True
IBS	s__Veillonella_parvula	1	1	1	down	1.0	-1.1805375161567686	-1.3333784151459058	0.1824076521532777	0.34078557838408174	0.551923473831744	True
IBS	s__GGB38744_SGB14842	1	1	1	down	1.0	-0.3172412747735125	-2.935128948067247	0.0033340910254743093	0.020399372721652025	0.5362593170595529	True
IBS	s__GGB3612_SGB4882	1	1	1	up	1.0	1.064450490084377	1.410965999176344	0.15825463977131837	0.3144803739045429	0.5347867949353311	True
IBS	s__Intestinimonas_butyriciproducens	1	1	1	up	1.0	0.9801617904343733	1.4784142377865823	0.1392969368057441	0.2864021101881982	0.5322511668290418	True
IBS	s__GGB4745_SGB6571	1	1	1	up	1.0	0.9513463082881933	1.49407003568224	0.1351573148451324	0.2856734154681208	0.5176562311427441	True
IBS	s__Blautia_luti	1	1	1	down	1.0	-0.7073171193029631	-1.7964747690958158	0.07241904192511871	0.19242773997245827	0.5062497233538367	True
IBS	s__Agathobaculum_butyriciproducens	1	1	1	down	1.0	-0.6231850041479573	-1.9691778139385725	0.04893267565552971	0.1544323457011447	0.5055661457752832	True
IBS	s__Haemophilus_parainfluenzae	1	1	1	down	1.0	-2.260451352054668	-0.7971689486438522	0.4253529171695831	0.597532451123347	0.5055239583631641	True
IBS	s__Clostridium_sp_AF20_17LB	1	1	1	up	1.0	1.067375154419641	1.333142085226253	0.18248518068308894	0.34078557838408174	0.49901794313731246	True
IBS	s__GGB9534_SGB14937	1	1	1	up	1.0	1.1748172370875551	1.223338553468298	0.22120185122468805	0.37955299195380054	0.4942780139865054	True
IBS	s__Akkermansia_muciniphila	1	1	1	down	1.0	-1.004171771901824	-1.308201213702616	0.19080507053540874	0.34657952265220726	0.46211693810779053	True
IBS	s__Allisonella_histaminiformans	1	1	1	down	1.0	-1.1166375429874011	-1.2027662314861136	0.22906679578243727	0.3859277537638889	0.46172291111000396	True
IBS	s__Catenibacterium_tridentinum	1	1	1	down	1.0	-1.0060214517874915	-1.2864450733942383	0.19828777644508855	0.35058485188960525	0.45794785900046864	True
IBS	s__GGB4552_SGB6276	1	1	1	up	1.0	0.43180334042063484	2.256334660529881	0.024049680269116448	0.08946481060111319	0.45268006172890984	True
IBS	s__Eisenbergiella_massiliensis	1	1	1	up	1.0	1.1267841468146482	1.149693649064977	0.25027007103829046	0.40548983635123714	0.44172195160885763	True
IBS	s__Anaerotignum_faecicola	1	1	1	up	1.0	0.9737189469023425	1.277714111237332	0.20135024781718458	0.3533126989999654	0.43996590177323047	True
IBS	s__Ruminococcus_bromii	1	1	1	down	1.0	-0.21178857800425455	-3.2974661838347665	0.000975614218969483	0.008559634185298296	0.4378823721887677	True
IBS	s__GGB9359_SGB14334	1	1	1	up	1.0	2.6511103359163126	0.645341252387136	0.5187060650733438	0.6891380578831569	0.42866801260667853	True
IBS	s__GGB45432_SGB63101	1	1	1	up	1.0	0.7599685456581471	1.5365406813818712	0.12440582827648196	0.2762127315010741	0.4246372182490271	True
IBS	s__Bacteroides_nordii	1	1	1	up	1.0	1.0829738110840146	1.146120859798697	0.2517451475809107	0.40646351953167875	0.4234193967534194	True
IBS	s__Blautia_SGB4815	1	1	1	down	1.0	-0.9386347167219122	-1.2641814868677967	0.20616489408778893	0.3577114766821711	0.4190695442303697	True
IBS	s__GGB3819_SGB5184	1	1	1	up	1.0	0.89184124870394	1.3408420488548378	0.17997174075408906	0.3401904855717537	0.4176294907808427	True
IBS	s__Negativibacillus_massiliensis	1	1	1	down	1.0	-1.8504176795948593	-0.791934595374595	0.4283988136368828	0.5982145595830346	0.41290779140464046	True
IBS	s__Clostridium_sp_AM49_4BH	1	1	1	down	1.0	-0.5945855941997863	-1.7581698861132233	0.07871860747001115	0.20514379111189057	0.40904017860768765	True
IBS	s__GGB9293_SGB14250	1	1	1	up	1.0	1.710091559103171	0.8403051350552689	0.40073732299900133	0.5769128643793673	0.4085233907800438	True
IBS	s__Blautia_faecis	1	1	1	up	1.0	0.5526549457880015	1.8536000584785897	0.06379639923670001	0.1831192941053426	0.4074536429362559	True
IBS	s__GGB9290_SGB14247	1	1	1	down	1.0	-0.6343715858732614	-1.6051686762170656	0.10845668890782409	0.24721745265754022	0.38501335662981534	True
IBS	s__Ellagibacter_isourolithinifaciens	1	1	1	down	1.0	-1.8361074091271328	-0.7604758786901216	0.44697018230071317	0.6204212978203929	0.3806494900752022	True
IBS	s__Anaerotignum_lactatifermentans	1	1	1	down	1.0	-0.846241229765037	-1.270131017989839	0.20403796441834565	0.3553470166836357	0.380256234021885	True
IBS	s__Enterocloster_clostridioformis	1	1	1	up	1.0	0.6535080982655896	1.5238693139523274	0.1275413603179587	0.2784353640744169	0.3628771051713582	True
IBS	s__Lentihominibacter_faecis	1	1	1	down	1.0	-0.20789597510365862	-3.0122875015646833	0.002592868997594761	0.01799528483405319	0.36274547823200676	True
IBS	s__Intestinimonas_massiliensis	1	1	1	down	1.0	-1.4621324268605327	-0.8610152500442299	0.3892296439696832	0.5655993263934459	0.3618647867046426	True
IBS	s__Bacteroidales_bacterium	1	1	1	down	1.0	-0.5438660410609475	-1.7025545951250736	0.08865145329235265	0.21811071841769303	0.359671117388972	True
IBS	s__GGB9547_SGB14953	1	1	1	up	1.0	2.2077100167812103	0.6508469386697877	0.5151452966734467	0.689129820071567	0.35698440676044807	True
IBS	s__Collinsella_tanakaei	1	1	1	up	1.0	0.7560550199460369	1.3185523200863445	0.18731882273547207	0.3418919603832495	0.3524056457420889	True
IBS	s__Oliverpabstia_intestinalis	1	1	1	down	1.0	-0.48508913072730186	-1.8086039140576693	0.07051255998767408	0.18998629212374768	0.34988398856177844	True
IBS	s__GGB4566_SGB6305	1	1	1	down	1.0	-0.6722092286324182	-1.4429872020829149	0.14902407642516122	0.30260347396375536	0.34896134884093827	True
IBS	s__Vescimonas_coprocola	1	1	1	up	1.0	0.5097562236830839	1.743833832704624	0.08118806910434326	0.20743105567867923	0.34822784342519425	True
IBS	s__GGB4599_SGB6362	1	1	1	up	1.0	4.210914977993811	0.3988376302034577	0.6900128478218974	0.8269483872092327	0.3474914223525577	True
IBS	s__Mediterraneibacter_glycyrrhizinilyticus	1	1	1	up	1.0	0.7407351800602128	1.3296569917055034	0.18363131125846943	0.3414561600035046	0.3456752183814475	True
IBS	s__Bacteroides_eggerthii	1	1	1	up	1.0	0.18879779602358496	3.06492077492649	0.002177276638703458	0.015683984231309643	0.3406938550770553	True
IBS	s__GGB9758_SGB15368	1	1	1	down	1.0	-0.2233828449852075	-2.722824899089371	0.0064726353918671195	0.031428873440668796	0.3356709645768864	True
IBS	s__Oscillospiraceae_unclassified_SGB15256	1	1	1	down	1.0	-0.8351774755056145	-1.1664201269540082	0.24344462486907248	0.4000061857389353	0.3323449227694279	True
IBS	s__Eubacterium_ventriosum	1	1	1	up	1.0	0.6802559542010336	1.3691297228517891	0.17095872880912688	0.3271432464866008	0.33010239260614316	True
IBS	s__GGB1385_SGB1890	1	1	1	down	1.0	-0.7743028830631322	-1.1840284843067241	0.23640178748907636	0.39259582565150186	0.3144090325368032	True
IBS	s__GGB9708_SGB15234	1	1	1	up	1.0	0.5943854551116836	1.4244939809849988	0.1543035262120354	0.30794480553045694	0.3040442784011108	True
IBS	s__Clostridium_spiroforme	1	1	1	up	1.0	1.3264724255977969	0.8143032124366093	0.41547126985806493	0.5926200628343564	0.30140590590385097	True
IBS	s__Anaerobutyricum_hallii	1	1	1	up	1.0	0.3005593318050581	2.20499348673539	0.027454551585716202	0.09973723818248464	0.30090276952384554	True
IBS	s__Pseudoruminococcus_massiliensis	1	1	1	up	1.0	0.6435297358666793	1.325373779249475	0.18504720929222185	0.3414561600035046	0.30031283509794543	True
IBS	s__Eubacterium_sp_AF34_35BH	1	1	1	down	1.0	-0.4601758767603587	-1.6654195700285366	0.09582907772371324	0.2300047712584636	0.29371330686837155	True
IBS	s__Paraprevotella_clara	1	1	1	up	1.0	0.602371820459384	1.3616664462594479	0.17330317504652637	0.33027039506817524	0.2898193672506031	True
IBS	s__Blautia_schinkii	1	1	1	down	1.0	-0.4867032817536837	-1.5846895955829776	0.11303687696526285	0.25515605722741375	0.2887095236362355	True
IBS	s__Lachnospiraceae_bacterium_CLA_AA_H244	1	1	1	down	1.0	-0.16792302199301695	-2.916773092645422	0.003536729607377552	0.020686690760644836	0.2828342534960267	True
IBS	s__Lachnospiraceae_bacterium_AM48_27BH	1	1	1	up	1.0	2.4679607679603697	0.5336669909094546	0.5935719507511705	0.7709803270930008	0.2787727129343412	True
IBS	s__GGB9342_SGB14306	1	1	1	up	1.0	0.9436167292036404	0.9748792757456552	0.32962014723614075	0.5075277101483624	0.27793309885821893	True
IBS	s__Bacteroides_intestinalis	1	1	1	down	1.0	-0.7755891404591359	-1.0752276078367902	0.28227283790884294	0.44645193750888423	0.27163093004601174	True
IBS	s__Clostridium_sp_AF36_4	1	1	1	down	1.0	-0.18912409403357097	-2.604907272005753	0.009189912771716905	0.04069818513188915	0.26296286031156496	True
IBS	s__Eubacterium_sp_AF16_48	1	1	1	up	1.0	0.6766072428538091	1.1344382565378313	0.2566107593356024	0.411462079624328	0.26094723931875996	True
IBS	s__Ruminococcus_gnavus	1	1	1	down	1.0	-0.23011970349842248	-2.3206076423549815	0.020308029356485017	0.07677425732329701	0.2565338500738154	True
IBS	s__GGB3167_SGB4181	1	1	1	up	1.0	0.147644560175422	2.9875002617780764	0.0028126905392252834	0.018955088416518214	0.25428441461292245	True
IBS	s__GGB4571_SGB6317	1	1	1	down	1.0	-0.8653957432300152	-0.9686374698071335	0.33272610132493663	0.5086334759487141	0.25407591509366867	True
IBS	s__Holdemania_filiformis	1	1	1	up	1.0	0.8652308953250601	0.967877245961008	0.3331056794408135	0.5086334759487141	0.2540275165631346	True
IBS	s__Roseburia_sp_AM59_24XD	1	1	1	down	1.0	-0.9679464538006266	-0.8547486601497429	0.3926903056957509	0.5688113933014981	0.23717757792413274	True
IBS	s__Veillonella_rogosae	1	1	1	down	1.0	-4.401428993327153	-0.31051098516781	0.7561724070924577	0.8834677620552585	0.23683778397137295	True
IBS	s__Coprococcus_catus	1	1	1	down	1.0	-0.16021516667961336	-2.6793371550925418	0.007376807500661906	0.03464864129098774	0.23396441744672922	True
IBS	s__Roseburia_faecis	1	1	1	down	1.0	-0.30424501425661316	-1.8911590633187563	0.05860311412601332	0.17031530042872622	0.23388723966641925	True
IBS	s__Clostridium_fessum	1	1	1	down	1.0	-0.269573673404671	-2.0456926573063776	0.04078661862540281	0.13644444360296623	0.2331931279091083	True
IBS	s__Alistipes_onderdonkii	1	1	1	up	1.0	1.475827417108256	0.6336048305094291	0.5263387475801191	0.697286374999303	0.23109807501109403	True
IBS	s__GGB9198_SGB14137	1	1	1	down	1.0	-0.2836933499735108	-1.984572695560804	0.047192032682855184	0.15345660977292072	0.23093047224513477	True
IBS	s__GGB3740_SGB5077	1	1	1	up	1.0	1.1499054712825585	0.7419049799826573	0.4581449083485173	0.6321584046945417	0.2290313685156476	True
IBS	s__Ruminococcus_callidus	1	1	1	up	1.0	0.35609585888252643	1.6582029209456988	0.09727651542608662	0.23078356976086878	0.22676010278996958	True
IBS	s__Fusobacterium_SGB6028	1	1	1	down	1.0	-0.9452866217061233	-0.8376203659639251	0.40224395098947374	0.5772945592904484	0.22554778470211137	True
IBS	s__Clostridium_scindens	1	1	1	up	1.0	0.9690668628941997	0.825224233800403	0.4092442975178927	0.5855341487563696	0.225257432712865	True
IBS	s__GGB9770_SGB15390	1	1	1	up	1.0	1.1169391912484259	0.7281706933801085	0.4665091033990809	0.6342886932180486	0.22083343208873166	True
IBS	s__GGB9176_SGB14114	1	1	1	up	1.0	0.5309693484222078	1.2082167203472667	0.22696391193565757	0.38424151931404954	0.2205623890190373	True
IBS	s__Dysosmobacter_welbionis	1	1	1	up	1.0	0.326956285493836	1.7244365651934395	0.08462906136024664	0.2137812735873618	0.21907063112733585	True
IBS	s__Alistipes_ihumii	1	1	1	up	1.0	0.6638638885345923	1.013821262573693	0.31066804757188904	0.4831459602706636	0.20972897329982584	True
IBS	s__GGB6612_SGB9346	1	1	1	down	1.0	-1.1484435195945828	-0.6921977890028022	0.4888131270209537	0.6607503025137891	0.20667691545945677	True
IBS	s__Faecalicatena_contorta	1	1	1	up	1.0	0.7896355565785028	0.8934437086136255	0.3716196046239866	0.5485813211115992	0.2059045654359929	True
IBS	s__GGB2848_SGB3813	1	1	1	up	1.0	1.9503278958214378	0.47747510579806074	0.6330238435474276	0.7934126340958324	0.19600968584007405	True
IBS	s__Gordonibacter_urolithinfaciens	1	1	1	up	1.0	0.7779870758013103	0.8525901997049544	0.3938865992324352	0.5688113933014981	0.19063150608209192	True
IBS	s__Eggerthella_lenta	1	1	1	up	1.0	0.13253465245043775	2.654907621554752	0.007933012992087145	0.036523277636836854	0.19050931931473614	True
IBS	s__Clostridiaceae_bacterium	1	1	1	up	1.0	0.1556833432333697	2.4079303571477544	0.016043241100721146	0.06191719186611479	0.18809486361728567	True
IBS	s__Bacteroides_cellulosilyticus	1	1	1	down	1.0	-0.5371549648468951	-1.0666571596033465	0.28612667899719835	0.4494895463976258	0.18654339321875824	True
IBS	s__Blautia_glucerasea	1	1	1	up	1.0	0.21339951639484772	1.998330217958331	0.045680871512592265	0.14958876938982676	0.1760761566353682	True
IBS	s__GGB9345_SGB14311	1	1	1	up	1.0	1.7288687207799138	0.472927843116544	0.6362646597198416	0.7940259491058437	0.17317266170623755	True
IBS	s__Slackia_SGB14778	1	1	1	up	1.0	2.9516460908735858	0.3256809051917249	0.7446657926930467	0.8744181656622896	0.17202438015527002	True
IBS	s__GGB3480_SGB4648	1	1	1	down	1.0	-0.27404229502420413	-1.6246461330347257	0.1042379812592684	0.24114756858487466	0.16928061520571103	True
IBS	s__Collinsella_aerofaciens	1	1	1	up	1.0	0.22634770203890203	1.8345653019320403	0.06657012379366	0.18498942335632976	0.16587961542875373	True
IBS	s__Enterocloster_hominis	1	1	1	down	1.0	-0.21464512241262368	-1.89421332719565	0.05819669985150265	0.1701978957921304	0.1650719327864449	True
IBS	s__Oscillospiraceae_bacterium_CLA_AA_H250	1	1	1	up	1.0	0.2975950473893917	1.514302912348351	0.1299490302598546	0.28100757894435	0.1640587830205186	True
IBS	s__Bianquea_renquensis	1	1	1	down	1.0	-1.1474998609201563	-0.6005133457375719	0.5481641693382411	0.7220859454455584	0.16226922671071814	True
IBS	s__GGB3304_SGB4367	1	1	1	down	1.0	-0.3411165587645293	-1.3483132657773464	0.17755764718751543	0.3369971671109987	0.16113450801991575	True
IBS	s__Methanobrevibacter_smithii	1	1	1	up	1.0	0.994726448915978	0.6539489523675596	0.5131446942279704	0.689129820071567	0.1608462291496633	True
IBS	s__Wansuia_hejianensis	1	1	1	up	1.0	0.3468198895590593	1.2988105891002757	0.19400893974530775	0.34831720842304287	0.15885220382090925	True
IBS	s__Turicibacter_sanguinis	1	1	1	up	1.0	1.2962798132046536	0.5559488676260487	0.5782458101632053	0.7552929823760968	0.15799648226040866	True
IBS	s__Coprobacillus_cateniformis	1	1	1	up	1.0	1.6009397009535173	0.4496728084335118	0.6529463807038869	0.7990001763876511	0.15601657649182157	True
IBS	s__Bifidobacterium_bifidum	1	1	1	up	1.0	1.4603720819225612	0.492303061034796	0.6225051165200125	0.7823375113021779	0.15568420101006114	True
IBS	s__Collinsella_intestinalis	1	1	1	up	1.0	1.4359896099485228	0.4974568605064407	0.618866916977763	0.7798729441589696	0.15505262408523887	True
IBS	s__Lachnospiraceae_bacterium	1	1	1	up	1.0	0.8500132961937498	0.6970754097908246	0.48575560225288117	0.6585316473690663	0.15421225897830187	True
IBS	s__GGB9509_SGB14906	1	1	1	up	1.0	0.5119136023176711	0.981165941539819	0.3265109165928488	0.5044105522115439	0.15214882958622497	True
IBS	s__GGB9580_SGB14998	1	1	1	down	1.0	-0.37109094313459967	-1.1881919904147504	0.23475777856092417	0.39126296426820695	0.15123115930176084	True
IBS	s__GGB9699_SGB15216	1	1	1	up	1.0	1.32024147186482	0.5195040761030435	0.6034092711819499	0.7759959993079502	0.14541207928765984	True
IBS	s__Ruminococcus_lactaris	1	1	1	down	1.0	-0.20833291340975343	-1.765609817983594	0.07746133173302297	0.2035001087901451	0.14404874178895558	True
IBS	s__Clostridium_sp_AM33_3	1	1	1	down	1.0	-0.5363500604082844	-0.906456376674697	0.36469434449055227	0.5417983073102454	0.14275619578677554	True
IBS	s__Bacteroides_cutis	1	1	1	down	1.0	-1.2966937488787198	-0.5086589211176598	0.61099132096724	0.7783862034240181	0.14108659524717074	True
IBS	s__Faecalibacillus_faecis	1	1	1	up	1.0	0.8641450241896548	0.6499324357448232	0.5157358653438824	0.689129820071567	0.13973134898626896	True
IBS	s__GGB36267_SGB14177	1	1	1	up	1.0	1.5180374165334405	0.4223102829204215	0.6727985535172776	0.8104956668019018	0.1385198557342558	True
IBS	s__GGB9739_SGB15313	1	1	1	up	1.0	1.3703078828092135	0.47199782371990184	0.6369283419709241	0.7940259491058437	0.13725730622048715	True
IBS	s__Clostridium_sp_AT4	1	1	1	up	1.0	0.49204164687097435	0.9300955067584559	0.35232163700292707	0.5319141597609126	0.1348973744731482	True
IBS	s__Dorea_formicigenerans	1	1	1	up	1.0	0.2597549913979509	1.4297691927928997	0.15278327377514597	0.30622509614415033	0.1335034728561707	True
IBS	s__Eubacteriaceae_bacterium	1	1	1	up	1.0	0.21346828482840038	1.6252435588439282	0.10411067242467126	0.24114756858487466	0.13186301253048524	True
IBS	s__Blautia_massiliensis	1	1	1	up	1.0	0.23946317656783356	1.481669711146569	0.13842820016469695	0.2864021101881982	0.13003420086834327	True
IBS	s__Parabacteroides_merdae	1	1	1	up	1.0	0.3063022063571874	1.2075000957958557	0.22723960819648092	0.38424151931404954	0.12723662222065427	True
IBS	s__Faecalibacterium_prausnitzii	1	1	1	down	1.0	-0.2083191537296995	-1.5861815847144514	0.11269812394817341	0.25515605722741375	0.12357369652593274	True
IBS	s__Parabacteroides_distasonis	1	1	1	down	1.0	-0.2154632805816686	-1.555626128968489	0.11979702173339486	0.26781545724052214	0.12328041022162252	True
IBS	s__GGB9640_SGB15115	1	1	1	up	1.0	0.2961087911008801	1.1895260142450548	0.23423274042258424	0.39126296426820695	0.12067358847231795	True
IBS	s__GGB9760_SGB15374	1	1	1	up	1.0	1.1090270049532138	0.49790806420917116	0.6185488431142965	0.7798729441589696	0.11974846204183423	True
IBS	s__Phocaeicola_vulgatus	1	1	1	up	1.0	0.2519533084017876	1.3269030786219047	0.18454074585299252	0.3414561600035046	0.11757780276702456	True
IBS	s__GGB3281_SGB4335	1	1	1	down	1.0	-0.9792136330482296	-0.5453874751433384	0.5854870527888548	0.7626091864056512	0.11525145436858818	True
IBS	s__GGB9621_SGB15073	1	1	1	up	1.0	0.5002668493251201	0.8110458635641873	0.41733933307278304	0.5934641892319392	0.11336321056057387	True
IBS	s__GGB9361_SGB14336	1	1	1	up	1.0	1.8886124128196429	0.3169296540138031	0.7512969803791674	0.8799826092602338	0.10486692389955646	True
IBS	s__Desulfovibrio_piger	1	1	1	up	1.0	0.3830992276586994	0.9231390282402604	0.35593475809890174	0.5349622670861569	0.10407919115198332	True
IBS	s__GGB3653_SGB4964	1	1	1	up	1.0	0.5258453345134174	0.7373696569023627	0.46089758261669533	0.6340750766768146	0.10404339879160142	True
IBS	s__GGB2982_SGB3964	1	1	1	up	1.0	1.0563789934642167	0.449778776625677	0.6528699624969926	0.7990001763876511	0.10294743389772974	True
IBS	s__Flavonifractor_plautii	1	1	1	down	1.0	-0.24430808342953458	-1.1614600708950533	0.24545485212222695	0.4004789692520545	0.09709298827051008	True
IBS	s__Bilophila_wadsworthia	1	1	1	down	1.0	-0.20643965555569996	-1.2906741213271267	0.19681670190374878	0.35058485188960525	0.09397274591565768	True
IBS	s__GGB3548_SGB4744	1	1	1	up	1.0	0.4145139079451324	0.7955277762790791	0.42630656015387136	0.597532451123347	0.09270127019125504	True
IBS	s__GGB9522_SGB14921	1	1	1	up	1.0	1.8320644393367853	0.29915685410722165	0.7648203680310683	0.8905633045208586	0.092217337023257	True
IBS	s__GGB9602_SGB15031	1	1	1	down	1.0	-0.05860613397702157	-2.7607699530347576	0.0057665279093343375	0.02914603780261377	0.08998505813636071	True
IBS	s__Mediterraneibacter_faecis	1	1	1	up	1.0	0.07213060077427189	2.4449771159091003	0.014486133319152574	0.05757309396073459	0.08942610732076267	True
IBS	s__Bacteroides_caccae	1	1	1	up	1.0	0.9591881343816732	0.41636272268229924	0.6771446017188731	0.81362335865446	0.08592080374633701	True
IBS	s__GGB9239_SGB14181	1	1	1	up	1.0	0.5174451359690102	0.645449380383793	0.5186360117461213	0.6891380578831569	0.08366765240352111	True
IBS	s__Clostridia_bacterium	1	1	1	up	1.0	0.7663342285555234	0.50267304013309	0.6151941674137884	0.7798729441589696	0.08274581671111857	True
IBS	s__GGB9715_SGB15260	1	1	1	up	1.0	0.10723978647027513	1.9017662462687892	0.057201720865391256	0.16924446866234547	0.08273394202797842	True
IBS	s__GGB3730_SGB5060	1	1	1	up	1.0	0.45761707154901665	0.6717510723598211	0.501742181728642	0.6762612014603436	0.07774251793889064	True
IBS	s__Roseburia_inulinivorans	1	1	1	up	1.0	0.15800997622588678	1.3814903319286536	0.16712824844944252	0.32366163853059565	0.07741047335249959	True
IBS	s__Phascolarctobacterium_faecium	1	1	1	up	1.0	0.289496225946771	0.9103786237112527	0.3626228670933064	0.540447542302524	0.07736683976733931	True
IBS	s__Candidatus_Gastranaerophilales_bacterium	1	1	1	down	1.0	-1.747132219232338	-0.25095103311659145	0.801851967801499	0.9077356696929163	0.07345048417694891	True
IBS	s__Faecalitalea_cylindroides	1	1	1	down	1.0	-0.13233585404160758	-1.4876281463309053	0.13684898640692209	0.2864021101881982	0.07186151655202626	True
IBS	s__Odoribacter_splanchnicus	1	1	1	down	1.0	-0.26718101271061173	-0.9152708377981764	0.36004946456035336	0.5383376238603353	0.0718570687289076	True
IBS	s__Oscillospiraceae_bacterium	1	1	1	up	1.0	0.7157699367228523	0.4665118090897252	0.6408491967559959	0.796777744629781	0.0706198696955931	True
IBS	s__Enterocloster_lavalensis	1	1	1	down	1.0	-0.7321258697074837	-0.44176011379897023	0.6586628042777651	0.8017754031129863	0.07024547935778941	True
IBS	s__Clostridiaceae_bacterium_Marseille_Q4149	1	1	1	up	1.0	0.7690749652545604	0.4264532442742504	0.6697776107558291	0.8104956668019018	0.07017755430506065	True
IBS	s__GGB3109_SGB4121	1	1	1	up	1.0	0.5702281442005445	0.5576922370769377	0.5770545595354699	0.7552929823760968	0.06950200099686597	True
IBS	s__GGB51647_SGB4348	1	1	1	up	1.0	0.30848784050346667	0.8013919049492416	0.4229048000468719	0.597532451123347	0.0689897591011927	True
IBS	s__Butyricimonas_faecihominis	1	1	1	up	1.0	2.129071670333013	0.2087811122919429	0.8346191166186263	0.9329276183357241	0.0641958752550968	True
IBS	s__GGB3001_SGB3992	1	1	1	up	1.0	1.4992360531921878	0.2537107268558501	0.7997190463290524	0.9077356696929163	0.06302878098767414	True
IBS	s__GGB9502_SGB14899	1	1	1	down	1.0	-0.6816009236024175	-0.42304555764931107	0.6722620224182552	0.8104956668019018	0.06219560899977496	True
IBS	s__Mediterraneibacter_butyricigenes	1	1	1	down	1.0	-0.211570460101625	-0.9668484362282035	0.33361980680507053	0.5086334759487141	0.062116041912192825	True
IBS	s__GGB6613_SGB9347	1	1	1	up	1.0	0.15574735315933533	1.1684385927772931	0.24262989544572	0.4000061857389353	0.06197705706316566	True
IBS	s__Gemmiger_formicilis	1	1	1	down	1.0	-0.27428337980828243	-0.8022685444221047	0.42239763392940677	0.597532451123347	0.061340324686871096	True
IBS	s__GGB33512_SGB15201	1	1	1	down	1.0	-0.5561321988062573	-0.5134423387679207	0.6076419356205411	0.7783842976957345	0.06051048312416025	True
IBS	s__Alistipes_sp_AF17_16	1	1	1	down	1.0	-0.45723780760614524	-0.5700595194604245	0.5686373297851679	0.7469388653957714	0.057938862440982355	True
IBS	s__Turicibacter_bilis	1	1	1	up	1.0	0.5793332981043591	0.44996571470737384	0.6527351623113582	0.7990001763876511	0.05645784020730105	True
IBS	s__GGB3550_SGB4746	1	1	1	down	1.0	-1.3187957224487707	-0.25962683964902344	0.7951516310366074	0.9077356696929163	0.055442961487432704	True
IBS	s__GGB9765_SGB15382	1	1	1	up	1.0	0.9220355205182859	0.3349273026148135	0.7376799258822433	0.8717050692352304	0.054981373134564845	True
IBS	s__GGB9524_SGB14924	1	1	1	up	1.0	0.15608105381082293	1.0705956948137063	0.28435126009058176	0.4482146981088831	0.05439641770654957	True
IBS	s__Clostridia_bacterium_UC5_1_1D1	1	1	1	up	1.0	0.8803044149841476	0.33288356237947697	0.739222177829373	0.8717050692352304	0.052492929431874696	True
IBS	s__GGB3033_SGB4029	1	1	1	up	1.0	1.1772978790428874	0.27079822864155295	0.7865462223328809	0.9030715886044187	0.052128184491684125	True
IBS	s__Hydrogeniiclostridium_mannosilyticum	1	1	1	up	1.0	0.8471210979240198	0.34552036552641374	0.7297032024556982	0.8691607310659029	0.051589593081668404	True
IBS	s__Dialister_invisus	1	1	1	down	1.0	-0.0937312242014632	-1.473183856131407	0.1407014669447705	0.2869569391636767	0.05081950151912726	True
IBS	s__Dorea_longicatena	1	1	1	up	1.0	0.020234568678747424	3.6018549375075755	0.0003159546646254705	0.0036220274648773284	0.049393558682693954	True
IBS	s__Clostridium_SGB4750	1	1	1	up	1.0	0.6599454469045162	0.3796688492405789	0.7041912463922495	0.8417710271783959	0.04936789643349759	True
IBS	s__Bifidobacterium_longum	1	1	1	down	1.0	-0.10833017944674148	-1.2872134659925172	0.19801989495621064	0.35058485188960525	0.049312640058147776	True
IBS	s__Enterocloster_aldenensis	1	1	1	down	1.0	-1.7593889309805268	-0.19822499956552284	0.8428690287311191	0.9398899241246292	0.04736803897125365	True
IBS	s__Intestinibacter_bartlettii	1	1	1	down	1.0	-0.4332495794991978	-0.5110467423745528	0.6093183269286329	0.7783862034240181	0.04713966433220412	True
IBS	s__Blautia_sp_MCC283	1	1	1	down	1.0	-1.0663099784217949	-0.259875053533898	0.7949601547097718	0.9077356696929163	0.044828309692672125	True
IBS	s__Faecalimonas_umbilicata	1	1	1	down	1.0	-0.47606916700480834	-0.4288210936366137	0.6680534269482918	0.8104956668019018	0.04344097952712135	True
IBS	s__Blautia_hansenii	1	1	1	up	1.0	0.8503439681575694	0.29249740892962406	0.7699063406825487	0.8905633045208586	0.04280223698117702	True
IBS	s__GGB9782_SGB15403	1	1	1	up	1.0	0.8413545174696815	0.2930269563259186	0.7695015474250997	0.8905633045208586	0.042349751148288414	True
IBS	s__Hydrogenoanaerobacterium_saccharovorans	1	1	1	down	1.0	-0.08794212684611688	-1.3180433413015331	0.1874891395650078	0.3418919603832495	0.040990802496557066	True
IBS	s__Anaeromassilibacillus_senegalensis	1	1	1	up	1.0	0.9732654706540225	0.25405210828564384	0.7994553017396879	0.9077356696929163	0.04091666289781673	True
IBS	s__Alistipes_indistinctus	1	1	1	down	1.0	-0.3703973312902638	-0.5185010704123122	0.6041087134397376	0.7759959993079502	0.04079575384754481	True
IBS	s__GGB9627_SGB15081	1	1	1	up	1.0	0.41004862093988437	0.4594478382327731	0.6459126018124187	0.7988014889435499	0.04000480857206732	True
IBS	s__GGB9690_SGB15196	1	1	1	down	1.0	-0.14407018184020018	-0.8910133428591507	0.3729220121415938	0.5487618216640542	0.037547010486385105	True
IBS	s__Roseburia_hominis	1	1	1	down	1.0	-0.23845718339994826	-0.62251129082703	0.533605721819649	0.704905285926525	0.03621430948502391	True
IBS	s__GGB9512_SGB14909	1	1	1	up	1.0	0.6025034184071708	0.33121690721174757	0.7404806502105721	0.8717050692352304	0.03592753698217046	True
IBS	s__Clostridiaceae_bacterium_Marseille_Q3526	1	1	1	down	1.0	-0.7684141461224286	-0.27774150724295954	0.78121079546951	0.8991658908250548	0.03547013229795536	True
IBS	s__Eubacterium_rectale	1	1	1	up	1.0	0.1338549079355306	0.8760831246980927	0.38098484602432603	0.5571004823940616	0.03400804334689522	True
IBS	s__Eubacterium_callanderi	1	1	1	up	1.0	0.8009778731731653	0.25034416499877554	0.8023212048253519	0.9077356696929163	0.03367358918344583	True
IBS	s__Vescimonas_SGB15087	1	1	1	up	1.0	0.7144969455215222	0.28123512191224365	0.7785300678925599	0.8983039244914153	0.03327891201036017	True
IBS	s__GGB32900_SGB53446	1	1	1	up	1.0	0.27220640754317055	0.5277295628747801	0.5976870514724116	0.7720124414851983	0.03058938577408387	True
IBS	s__Bacteroides_xylanisolvens	1	1	1	up	1.0	0.1497106616271755	0.7345242077599816	0.4626293118654229	0.6342886932180486	0.029599748568631432	True
IBS	s__Clostridium_sp_AF12_28	1	1	1	up	1.0	0.5847921238377262	0.2942150873118208	0.7685935525878667	0.8905633045208586	0.02943563076417333	True
IBS	s__GGB9524_SGB14923	1	1	1	down	1.0	-0.12244289824150298	-0.7730469463446991	0.4394945974447435	0.6118712209934303	0.026121964618480025	True
IBS	s__Clostridium_SGB6173	1	1	1	up	1.0	0.2678941309860106	0.45403097209959864	0.6498065347378802	0.7990001763876511	0.02610712018309959	True
IBS	s__Alistipes_shahii	1	1	1	up	1.0	1.192540154274797	0.175417416169225	0.8607516566363078	0.951381148200372	0.025813078370256193	True
IBS	s__GGB3478_SGB4643	1	1	1	down	1.0	-1.1890519194048912	-0.17464576514851957	0.8613579857900142	0.951381148200372	0.02573757392728379	True
IBS	s__GGB9365_SGB14341	1	1	1	up	1.0	0.22705042934913597	0.49973250528977664	0.6172634412711531	0.7798729441589696	0.024516030357298817	True
IBS	s__Clostridiaceae_unclassified_SGB15090	1	1	1	up	1.0	0.39953387498468046	0.33631059828713206	0.7366366586512205	0.8717050692352304	0.023824376145599534	True
IBS	s__bacterium_210917_DFI_7_65	1	1	1	down	1.0	-0.2212080599640459	-0.46154603443584563	0.6444069019524672	0.7988014889435499	0.02158130924370898	True
IBS	s__GGB9715_SGB15267	1	1	1	up	1.0	0.0823968791290894	0.8960062442939796	0.37024942825307927	0.5482993125403881	0.021504126915553187	True
IBS	s__GGB42389_SGB59559	1	1	1	up	1.0	0.04017758538825464	1.4388026617931375	0.15020644202924385	0.30367824149390604	0.02079536873270518	True
IBS	s__Blautia_obeum	1	1	1	up	1.0	0.17796150991736323	0.5280661141965106	0.5974534489068215	0.7720124414851983	0.0199985493689649	True
IBS	s__Bacteroides_finegoldii	1	1	1	up	1.0	0.047054533209954896	1.1952373294078673	0.23199431760556166	0.3894489447169176	0.019271159072446316	True
IBS	s__GGB9641_SGB15117	1	1	1	up	1.0	0.8719178451312235	0.16851253673309743	0.8661800818137996	0.9544401375436418	0.01765747452432135	True
IBS	s__Lacrimispora_amygdalina	1	1	1	up	1.0	0.9387333490150203	0.15793765181884184	0.8745059285300794	0.9590690018077521	0.017038147029418027	True
IBS	s__Bifidobacterium_pseudocatenulatum	1	1	1	down	1.0	-0.2713544997231039	-0.34400479606301987	0.7308426792403613	0.8691607310659029	0.016525462836306595	True
IBS	s__Amedibacillus_dolichus	1	1	1	down	1.0	-0.8988049512317503	-0.16101365712773938	0.8720826441581769	0.9586724102448044	0.016474888988154225	True
IBS	s__Coprobacter_fastidiosus	1	1	1	down	1.0	-0.08318640213921016	-0.7302829793559835	0.46521722997344095	0.6342886932180486	0.016447035641199308	True
IBS	s__Adlercreutzia_equolifaciens	1	1	1	down	1.0	-0.7557562974339742	-0.1750257256565456	0.8610594194377835	0.951381148200372	0.01635869154136885	True
IBS	s__Candidatus_Cibionibacter_quicibialis	1	1	1	down	1.0	-0.025226969158442074	-1.6587241128903587	0.09717139817139442	0.23078356976086878	0.016064410682559666	True
IBS	s__GGB9347_SGB14313	1	1	1	up	1.0	0.6964244832937767	0.1830847396723678	0.8547315293679852	0.9508377061151032	0.015247242103634899	True
IBS	s__Blautia_wexlerae	1	1	1	up	1.0	0.022312947448378282	1.5108328965898346	0.13083103098217244	0.28100757894435	0.012300725553379008	True
IBS	s__Anaerostipes_hadrus	1	1	1	up	1.0	0.36095275961012735	0.21024268071968238	0.8334782695038991	0.9329276183357241	0.010883465621094074	True
IBS	s__Roseburia_intestinalis	1	1	1	up	1.0	0.9198745054004478	0.12986207275724956	0.8966755516816007	0.9764733759530313	0.009511128435048487	True
IBS	s__GGB3637_SGB4930	1	1	1	up	1.0	0.03314412226276081	0.9390782328368216	0.34769057914174273	0.5266323104264181	0.009230389442113372	True
IBS	s__GGB4239_SGB5731	1	1	1	up	1.0	0.04005471790448203	0.748872230477251	0.4539342191813728	0.6282125354742213	0.008086783258082686	True
IBS	s__Bacteroides_stercoris	1	1	1	up	1.0	0.7139562934776938	0.13272602256364938	0.8944100619077416	0.9762926732091547	0.007439403109211484	True
IBS	s__Fusicatenibacter_saccharivorans	1	1	1	down	1.0	-0.3406219939017616	-0.15113396595006262	0.8798700392762961	0.9626813370905358	0.005626205902484702	True
IBS	s__Cuneatibacter_sp_NSJ_177	1	1	1	down	1.0	-0.02478493734175188	-0.7296011647241507	0.46563401007324445	0.6342886932180486	0.004900305065995191	True
IBS	s__Blautia_SGB4793	1	1	1	up	1.0	17.102347651120645	0.0015573971392706376	0.9987573773698647	0.9993984359691058	0.004469434357198448	True
IBS	s__GGB3278_SGB4328	1	1	1	down	1.0	-0.13586766830459834	-0.22037048876559362	0.8255826270330643	0.9272848347110504	0.004454671886697832	True
IBS	s__Blautia_faecicola	1	1	1	up	1.0	16.66484356775887	0.0018015367836453223	0.9985625823921425	0.9993984359691058	0.004355099423686346	True
IBS	s__Lactobacillus_gasseri	1	1	1	up	1.0	16.45183973332303	0.0011134318674092245	0.999111610087049	0.9993984359691058	0.004299434162094019	True
IBS	s__GGB3304_SGB4365	1	1	1	up	1.0	16.206876709579184	0.0015692593099711132	0.998747912738571	0.9993984359691058	0.0042354168600897395	True
IBS	s__Prevotella_pectinovora	1	1	1	down	1.0	-15.497360134437985	-0.0017946839384152546	0.9985680501627099	0.9993984359691058	0.004049995663969331	True
IBS	s__GGB32451_SGB47419	1	1	1	up	1.0	15.021345158529904	0.0011096843471607302	0.9991146001737493	0.9993984359691058	0.003925596503616327	True
IBS	s__Coprococcus_comes	1	1	1	up	1.0	0.039777040923997864	0.44663698180301376	0.6551371892805746	0.7995768845550321	0.003863932592739669	True
IBS	s__Collinsella_sp_AF08_23	1	1	1	up	1.0	14.607266453980431	0.0016129920052395256	0.9987130191403866	0.9993984359691058	0.0038173834309756034	True
IBS	s__Parasutterella_SGB9260	1	1	1	up	1.0	0.46717749032634354	0.11618744979075592	0.9075039830025513	0.9813705862702008	0.0038154212192217504	True
IBS	s__Bacteroides_clarus	1	1	1	up	1.0	14.579436917957246	0.0013491506247407113	0.9989235338728871	0.9993984359691058	0.0038101106116537036	True
IBS	s__Lachnospiraceae_bacterium_EP_SM_12S_S03	1	1	1	up	1.0	14.418623460226938	0.001439386188890906	0.9988515363794218	0.9993984359691058	0.003768084498763137	True
IBS	s__GGB9781_SGB15402	1	1	1	up	1.0	14.219200622183545	0.0014082957131695537	0.9988763429648414	0.9993984359691058	0.0037159684207752845	True
IBS	s__GGB9531_SGB14932	1	1	1	up	1.0	13.737069078199623	0.0013844792971243669	0.9988953456969704	0.9993984359691058	0.0035899707898459617	True
IBS	s__Clostridium_sp_AM29_11AC	1	1	1	up	1.0	13.704369113192838	0.001654176710275132	0.9986801585439457	0.9993984359691058	0.0035814251591488253	True
IBS	s__GGB45495_SGB63167	1	1	1	up	1.0	13.394163604026165	0.001321037168118266	0.9989459651458846	0.9993984359691058	0.0035003577414618203	True
IBS	s__GGB48165_SGB66168	1	1	1	up	1.0	13.236657102257057	0.0011350736793519051	0.9990943424303451	0.9993984359691058	0.003459195850425015	True
IBS	s__GGB9523_SGB14922	1	1	1	up	1.0	13.030954820178728	0.001563685746104537	0.9987523597936726	0.9993984359691058	0.003405438736745083	True
IBS	s__Faecalibacillus_intestinalis	1	1	1	up	1.0	0.6033347672651522	0.10383683697386385	0.9172988327871829	0.9873702714028705	0.0033303795785340705	True
IBS	s__GGB2999_SGB3990	1	1	1	up	1.0	12.551775947677816	0.0015738662986640424	0.9987442368979604	0.9993984359691058	0.003280212740894224	True
IBS	s__GGB3550_SGB4747	1	1	1	up	1.0	12.536384808593901	0.001602258568505914	0.9987215831727739	0.9993984359691058	0.003276190504460879	True
IBS	s__Bacteroides_uniformis	1	1	1	up	1.0	0.07778292016134562	0.24724644224058395	0.8047175050339275	0.9082369899047967	0.003251389416779444	True
IBS	s__Lentihominibacter_SGB71368	1	1	1	up	1.0	11.812022018905896	0.0012727321596029515	0.9989845069339728	0.9993984359691058	0.0030868894795167655	True
IBS	s__GGB74505_SGB47518	1	1	1	up	1.0	11.790294257466089	0.0015266613527768853	0.9987819009502145	0.9993984359691058	0.0030812112647204642	True
IBS	s__Guopingia_tenuis	1	1	1	up	1.0	10.717997347079246	0.0015276181327684383	0.9987811375511213	0.9993984359691058	0.002800983032306614	True
IBS	s__Frisingicoccus_SGB4674	1	1	1	up	1.0	0.31595518446482973	0.11648709512026553	0.9072665130728961	0.9813705862702008	0.002580394261478948	True
IBS	s__GGB9635_SGB15103	1	1	1	up	1.0	0.5780394398829792	0.09579062606458567	0.9236868624399467	0.9919500947680722	0.00202902060193058	True
IBS	s__GGB3486_SGB4658	1	1	1	up	1.0	0.198650539125684	0.12049774429367387	0.9040888664197986	0.9813705862702008	0.0016223715780067332	True
IBS	s__Erysipelatoclostridium_ramosum	1	1	1	down	1.0	-0.1136078205039725	-0.11034316418194412	0.9121372261764847	0.9840923669885508	0.0007911803967917409	True
IBS	s__Butyricimonas_virosa	1	1	1	up	1.0	0.019675019712125603	0.2214715928289614	0.8247252530621338	0.9272848347110504	0.000645081779024431	True
IBS	s__GGB3475_SGB4638	1	1	1	up	1.0	2.2043636432923157	0.0684415162876059	0.9454341740724543	0.9993984359691058	0.0005760763846035046	True
IBS	s__GGB9495_SGB14892	1	1	1	up	1.0	1.5693083595939437	0.020237495899749377	0.9838539166013363	0.9993984359691058	0.0004101144967046858	True
IBS	s__GGB9719_SGB15273	1	1	1	down	1.0	-1.3202793198856821	-0.06447592118051239	0.9485912793243708	0.9993984359691058	0.0003450346042409567	True
IBS	s__Simiaoa_sunii	1	1	1	up	1.0	1.2967134063059393	0.018062111077512082	0.9855893039972397	0.9993984359691058	0.0003388760167791254	True
IBS	s__GGB9547_SGB14954	1	1	1	up	1.0	0.7363761217841986	0.016075991714428847	0.9871737668771329	0.9993984359691058	0.00019244052370243967	True
IBS	s__Ruminococcus_bicirculans	1	1	1	down	1.0	-0.7232861158289892	-0.04767272071781647	0.961977075089098	0.9993984359691058	0.00018901965286379128	True
IBS	s__GGB3680_SGB4995	1	1	1	up	1.0	0.6899387828295085	0.02338445537768406	0.9813436044282162	0.9993984359691058	0.00018030484254246966	True
IBS	s__GGB9667_SGB15164	1	1	1	up	1.0	0.679244506034529	0.02716874757069472	0.9783251423260819	0.9993984359691058	0.00017751005851001319	True
IBS	s__GGB9184_SGB14123	1	1	1	up	1.0	0.6097532841519379	0.027284321918372982	0.978232961510919	0.9993984359691058	0.00015934960118909081	True
IBS	s__Lachnospira_sp_NSJ_43	1	1	1	up	1.0	0.582697970007217	0.0007539487758491127	0.9993984359691058	0.9993984359691058	0.00015227911279475106	True
IBS	s__GGB9759_SGB15370	1	1	1	up	1.0	0.5338968760949195	0.07516396508174497	0.9400842549186573	0.9993984359691058	0.00013952570079249894	True
IBS	s__GGB4567_SGB6308	1	1	1	up	1.0	0.14557384012356925	0.026385202874559078	0.9789500964376311	0.9993984359691058	3.804347425453962e-05	True
